,X,Y,Z,id,nugget
0,100.0,0.0,-825.0,90532938,1e-05
1,300.0,0.0,-827.235250210427,90532938,1e-05
2,900.0,0.0,-825.0,90532938,1e-05
3,100.0,0.0,-844.9999999999999,64614203,1e-05
4,300.0,0.0,-842.8745228860591,64614203,1e-05
5,900.0,0.0,-844.9999999999999,64614203,1e-05
