,X,Y,Z,id,nugget
0,100.0,0.0,-825.0,25959772,1e-05
1,300.0,0.0,-824.0272618673816,25959772,1e-05
2,900.0,0.0,-825.0,25959772,1e-05
3,100.0,0.0,-844.9999999999999,13927539,1e-05
4,300.0,0.0,-840.8064462751071,13927539,1e-05
5,900.0,0.0,-844.9999999999999,13927539,1e-05
