{"weights": [0.4454567426083894, 0.40161832382864243, 0.1529249335629681], "means": [[-2.1098400547731444, -0.5240444773553075, 0.03868923829284417, -0.029455122024602348, 0.010393034191067976, -0.0007709787098544411, -0.004330549353349585, -0.006584673996305046], [1.7777700320020282, 3.6573521489133842, -0.12526811445562, -0.036311386213505374, -0.05036933671236644, -0.0030455879586555766, 0.015992209293160156, 0.0071582014577497065], [3.99685485116208, -2.6510308420719237, -0.0073263677314945866, 0.10789791944844315, 0.018672974167918598, -0.009821734172584943, 0.0011829410529436745, 0.019647842505958482]], "cov": [[[0.026178317440033523, -0.010112233053107657, 0.00857445914218827, -0.0867722125639571, 0.026137099713356773, -0.025900914367133935, -0.012693082544882358, 0.00679066267626428], [-0.010112233053107655, 0.03839908954985996, -0.017551800580687563, 0.058498031397539146, -0.044995769275179134, 0.0010024124471895613, -0.020548516027239633, -0.0033694317747049746], [0.008574459142188264, -0.017551800580687567, 0.022112404119859014, -0.10553548385098073, 0.036181320544189745, -0.014984415521016243, 0.015271299561106668, -0.006758759236961323], [-0.08677221256395706, 0.05849803139753913, -0.10553548385098073, 0.6858625388174084, -0.18622914791131986, 0.14446249087862031, -0.004571046706950938, 0.026097444592797583], [0.02613709971335676, -0.044995769275179134, 0.036181320544189745, -0.18622914791131986, 0.08709164265667652, -0.019140705236289413, 0.008084134747549328, -0.014695191984977856], [-0.02590091436713392, 0.001002412447189554, -0.014984415521016243, 0.14446249087862031, -0.0191407052362894, 0.057042676648002034, 0.001921317259148586, -0.01540602381200994], [-0.012693082544882363, -0.020548516027239637, 0.015271299561106674, -0.004571046706950931, 0.008084134747549324, 0.0019213172591485866, 0.05361788637483629, 0.008609445001565717], [0.006790662676264278, -0.0033694317747049655, -0.006758759236961328, 0.026097444592797604, -0.014695191984977866, -0.015406023812009945, 0.008609445001565711, 0.026445186157293504]], [[0.06622694609920993, -0.002127816444841669, 0.37294286114858144, 0.0262360270870335, 0.044332366572222635, 0.003386222320892112, 0.016702293835561183, 0.018054791265750672], [-0.002127816444841674, 0.07203957939877279, 0.2952767865680957, 0.005587141527726664, -0.05949819525182987, -0.0042896323709425265, -0.009102949915716113, -0.0034404141177100086], [0.3729428611485814, 0.2952767865680957, 5.3107024427670275, 0.24819105205796027, -0.24224007162413008, -0.011581776178621371, -0.02739401941628246, -0.02874763343515476], [0.026236027087033487, 0.005587141527726667, 0.24819105205796027, 0.07614990220923828, -0.042388597093607296, -0.014540991592212574, -0.060134808993794545, 0.012164508722815106], [0.04433236657222265, -0.05949819525182988, -0.24224007162413008, -0.042388597093607275, 0.19232793273238558, 0.060665057647075304, 0.13288047436584713, -0.0030134366075328725], [0.0033862223208921197, -0.004289632370942528, -0.01158177617862137, -0.01454099159221257, 0.060665057647075304, 0.04865340642146106, 0.08210760721401761, -0.030042630706066414], [0.016702293835561204, -0.009102949915716117, -0.02739401941628244, -0.060134808993794545, 0.13288047436584716, 0.08210760721401762, 0.2235320266122824, -0.04313256776475834], [0.018054791265750665, -0.0034404141177100086, -0.028747633435154768, 0.012164508722815107, -0.0030134366075328795, -0.030042630706066418, -0.04313256776475834, 0.036262680506730205]], [[0.4863668551365576, 0.10682401825739168, -0.012972500476460393, -0.2905498852902035, -0.1359276101017071, 0.06554207533338233, -0.05378486360033077, -0.13885576188396975], [0.1068240182573916, 0.5254199962429233, 0.2005609515367817, 0.2825592496934136, 0.5693325393965456, 0.024050721226291802, -0.057198008274455106, 0.01672612561505313], [-0.012972500476460428, 0.2005609515367817, 0.11738717100325811, 0.036960398768497264, 0.1634349212016698, 0.06432456386931716, -0.004996156774082162, 0.05832321835214033], [-0.2905498852902034, 0.2825592496934136, 0.036960398768497285, 1.207985533800241, 0.6425407386349933, -0.43011214699425027, 0.07376415338506045, -0.09610903345052346], [-0.1359276101017071, 0.5693325393965458, 0.16343492120166983, 0.6425407386349933, 1.1781123876864286, -0.013416814625753441, -0.17982176972359526, 0.05824752381432034], [0.06554207533338231, 0.024050721226291788, 0.06432456386931712, -0.43011214699425027, -0.01341681462575342, 0.3556712759857222, -0.10206736815024317, 0.08142690577030988], [-0.05378486360033076, -0.05719800827445515, -0.004996156774082158, 0.07376415338506045, -0.17982176972359523, -0.10206736815024313, 0.09735713809933907, 0.023591167813676574], [-0.1388557618839697, 0.016726125615053117, 0.05832321835214031, -0.09610903345052352, 0.058247523814320315, 0.0814269057703099, 0.023591167813676567, 0.26746833852143587]]]}