{"weights": [0.1711219685182837, 0.16780991219473806, 0.3019443027001696, 0.12422501640450992, 0.15435808763464803, 0.08054071254765055], "means": [[3.805339329210724, 0.43257300488919526, -0.40210788743035775, 0.14823029851088834, -0.036663840456947705, 0.016694249979724223, 0.1040978913906269, 0.004572137845820514], [-0.6808779615709117, 1.4809941452302016, 1.0147577520761968, -0.007970069671982504, 0.0030575951844036458, 0.002019135322283154, -0.005533585930694325, -0.002453105222762411], [-3.9152925281425928, -0.4437827241900163, 0.10509718405147674, 0.02635604253083156, 0.02590808935366508, -0.00046107676270212573, 0.009434650931526196, 0.005267311332894297], [1.1025331166349084, 0.5384056341636361, -0.5449217258985634, 0.003938041290638868, 0.04870113775854983, -0.012313544129126303, -0.04409075626516666, 0.005724400112393227], [-2.6985074390193815, -0.032467569681089534, -0.20232434760507803, -0.09915935088779287, -0.10032814267798783, 0.0071697973994633854, -0.008135082459529024, -0.019827032299828868], [6.870138393056736, -0.6477813430552839, 0.3071897473914772, -0.042742284487089784, -0.0018639312258674227, -0.0008669804123950708, -0.012272875815315432, -0.0008756659566092819]], "cov": [[[1.0000001638276847e-08, -2.1307175222670272e-16, 2.5174537505945683e-16, -3.8216306967860756e-17, -6.501697578311512e-17, -2.5600444073413326e-18, 5.190225329394352e-17, 3.338415383327189e-17], [-2.1307175226966295e-16, 1.000000008684386e-08, -1.1519629153831155e-17, -1.7991205008767874e-17, 1.1279446153922159e-17, -2.5853119290186774e-18, -3.650221217007096e-17, -9.169336407639328e-18], [2.5174537509750143e-16, -1.1519629225870047e-17, 1.0000000131823073e-08, -7.298721748939893e-17, -2.4980921874526646e-18, -1.1345017258992278e-17, 4.2971498678214946e-18, 1.0666264354952162e-17], [-3.821630688613982e-17, -1.7991205597759027e-17, -7.298721790364464e-17, 1.0000000075952371e-08, -2.6729274020901916e-17, 5.113672091977937e-19, 1.7531632092274453e-17, -5.6373060519713846e-18], [-6.501697573483055e-17, 1.1279445918736137e-17, -2.498092221302134e-18, -2.672927425648454e-17, 1.0000000059512029e-08, 2.3100948644038555e-17, -1.1150429113079877e-17, -7.468233876195604e-18], [-2.560044457677014e-18, -2.585311866112051e-18, -1.1345016832302208e-17, 5.113672424380319e-19, 2.3100948282043404e-17, 1.0000000022360844e-08, 5.922272606068107e-18, -1.3515506532624128e-17], [5.190225339447751e-17, -3.6502211946452424e-17, 4.297149765179178e-18, 1.7531632363735693e-17, -1.1150428666347378e-17, 5.92227269632076e-18, 1.0000000048013644e-08, -7.344223529586387e-18], [3.338415384156591e-17, -9.16933651147245e-18, 1.0666264433220083e-17, -5.637306290370911e-18, -7.468234155337922e-18, -1.3515506855073012e-17, -7.34422396208446e-18, 1.000000002677314e-08]], [[1.000000225918301e-08, 1.48778236196543e-16, -4.523624341728535e-16, 6.530159228730045e-17, 3.212067305146362e-16, 3.913800332686867e-17, 9.796276954506564e-17, -8.098822205579317e-17], [1.48778236331998e-16, 1.0000000046959015e-08, -2.552212602356468e-17, 6.032638770628573e-18, 4.0343248733176876e-17, -1.457468730593146e-18, 1.986893127978607e-17, -3.0170390761271884e-17], [-4.523624346070323e-16, -2.552212615525311e-17, 1.0000000128642479e-08, -1.754613881126242e-17, -6.016449580889337e-17, -1.2886952849718379e-17, -2.5053125693729484e-17, 3.043431925888149e-18], [6.530159254422272e-17, 6.0326387890062695e-18, -1.7546138380715668e-17, 1.000000003958066e-08, -1.3624615839160402e-18, 6.5769953804426976e-18, -3.82371381751048e-18, 3.102886008349795e-17], [3.2120673013157997e-16, 4.0343248539876267e-17, -6.016449587716183e-17, -1.3624624075001018e-18, 1.0000000142874558e-08, -2.4523553077362712e-17, 2.5484432073663205e-17, -1.0584974431599871e-16], [3.9138003327973253e-17, -1.4574688000440687e-18, -1.2886952759010961e-17, 6.576995145255889e-18, -2.4523552681145964e-17, 1.0000000011253917e-08, 1.7221625068578005e-18, 2.7627098703360658e-17], [9.796276962102203e-17, 1.986893126957065e-17, -2.505312524565664e-17, -3.823713585356461e-18, 2.5484432140923135e-17, 1.7221627262348654e-18, 1.0000000027843017e-08, -2.540634509906278e-17], [-8.098822192875774e-17, -3.017039063642953e-17, 3.043431828373321e-18, 3.102886029479642e-17, -1.0584974439207157e-16, 2.7627098847219603e-17, -2.5406345194974422e-17, 1.0000000155032781e-08]], [[1.0000001944452773e-08, 7.785511546746892e-16, -7.190391910903851e-16, -1.8633143207208764e-15, -3.895502824089662e-16, 2.191020866206353e-17, 3.197577219533557e-17, 3.564141996239102e-17], [7.785511552362594e-16, 1.0000000448171555e-08, -2.555523263690985e-16, -8.982546110644117e-16, -1.7583640638433983e-16, 5.662498263669441e-17, 5.710339851246688e-17, -6.835086325002148e-17], [-7.190391908133874e-16, -2.555523261757345e-16, 1.000000040200018e-08, 7.143056942200812e-16, 5.816914534491488e-17, 2.6063630990502515e-17, -2.961541822549172e-17, -8.090181107920725e-17], [-1.8633143205423055e-15, -8.982546107628183e-16, 7.143056943014342e-16, 1.0000002546390669e-08, -7.649245862216495e-17, -3.6107383292870284e-17, -1.6187315375912244e-16, 4.763861334803159e-17], [-3.895502822357511e-16, -1.758364063814206e-16, 5.816914508090121e-17, -7.649245821690006e-17, 1.000000051216654e-08, -7.067728353270868e-17, 3.6197838186197607e-17, 2.6148818365939913e-17], [2.191020875938652e-17, 5.662498265158532e-17, 2.6063631250066296e-17, -3.610738328352473e-17, -7.067728365369505e-17, 1.0000000062573393e-08, 1.997068405974729e-17, 4.50195113296604e-18], [3.197577177716255e-17, 5.710339809635724e-17, -2.9615418827150677e-17, -1.6187315370048708e-16, 3.619783828348255e-17, 1.997068396540875e-17, 1.0000000116665726e-08, -4.599855039021432e-17], [3.564141961778866e-17, -6.835086317856981e-17, -8.090181094591007e-17, 4.763861331610398e-17, 2.614881830760394e-17, 4.501951265902365e-18, -4.599855041140668e-17, 1.0000000207089856e-08]], [[1.0000842263074704e-08, 4.93621665144538e-16, 6.29258378232626e-14, 7.089440363797023e-14, -1.0991660362007268e-14, -1.0363386325757934e-14, -4.2595420654727226e-14, -2.250564054402222e-14], [4.936216651248654e-16, 1.000000012667365e-08, 7.007618244803318e-17, 1.221189432600924e-16, -1.5183914573798685e-16, -6.840959319322573e-17, -1.3761385823375732e-17, -3.674059337288067e-18], [6.292583782309777e-14, 7.007618266079871e-17, 1.0000004854440928e-08, 5.400138285802808e-15, -9.566395568663636e-16, -8.027286395279474e-16, -3.2029516307132334e-15, -1.6995551570435965e-15], [7.089440363782657e-14, 1.2211894331203127e-16, 5.400138286237708e-15, 1.0000006194590046e-08, -1.1520809375129927e-15, -9.5792657214676e-16, -3.5794968333448346e-15, -1.9731987497905866e-15], [-1.099166036207482e-14, -1.5183914580316751e-16, -9.56639556903408e-16, -1.152080937602605e-15, 1.0000000557726606e-08, 2.8732740495294045e-16, 5.240675827866116e-16, 3.2302575693015205e-16], [-1.036338632573551e-14, -6.840959278907322e-17, -8.027286400620958e-16, -9.579265722791692e-16, 2.873274049406256e-16, 1.0000000330955663e-08, 4.833556470255423e-16, 2.493726457480945e-16], [-4.259542065470512e-14, -1.3761385859467356e-17, -3.2029516302152283e-15, -3.579496833381152e-15, 5.240675827699176e-16, 4.833556463901715e-16, 1.0000002271671608e-08, 1.1735888708985428e-15], [-2.2505640543990064e-14, -3.674059191263619e-18, -1.6995551570219967e-15, -1.9731987496804234e-15, 3.2302575698508837e-16, 2.4937264569439813e-16, 1.173588870783876e-15, 1.0000000684772838e-08]], [[1.000000001866686e-08, -3.658864863195591e-17, 1.2453810315647153e-17, -1.516223618278223e-17, -9.142474867799776e-18, 1.418409703178896e-18, 1.1896815614031015e-17, 1.9489465029621015e-18], [-3.6588648936933173e-17, 1.0000000113544075e-08, -2.4068390788066717e-18, 4.930272583917572e-17, 3.14688657125949e-17, -7.500777972306225e-18, -1.2884723976391201e-17, 1.3252211305353045e-17], [1.2453810414899555e-17, -2.406839032727865e-18, 1.0000000077916758e-08, 2.40860092071491e-17, 5.485883395294198e-18, 1.3575746929582494e-17, 4.740442320274587e-17, 1.937067295820966e-17], 