{"weights": [0.17222191368180606, 0.16667071082652432, 0.2694634765869767, 0.12456653056352464, 0.10588683612968215, 0.16119053221148605], "means": [[3.703323893823492, 0.4594470897244299, -0.3957504629296235, 0.13948565705226973, -0.03443013762282484, -0.09095984170921023, 0.059195631435094896, -0.012504903653987121], [1.0339801801502633, 0.5543477497294315, -0.5244602186024561, 0.0060949412920295876, 0.04871708078064252, 0.0422936693455694, -0.021963789944956142, 0.010477172933808546], [-3.925763330701386, -0.4414331171656045, 0.10388443105490873, 0.05583598133807296, 0.009693674666238222, -0.011892385188214177, 0.0037674502620795754, -0.00111604007469037], [-2.655822226897009, -0.017408195335017845, -0.21231252553652533, -0.08100725389615464, -0.10618668191359297, -0.008060377887284016, -0.023154349719320146, -0.019026002429618723], [-0.7096394467618593, 1.4408806327793644, 1.0574591252347527, -0.01099101729841027, 0.01185930277854432, 0.0037225343238938605, -0.006798763924761557, -0.0039964355067501085], [6.8530998128583205, -0.6499400615571491, 0.29840897039469183, -0.04049972137770392, -0.0019094022543545191, 0.012052098513848662, -0.005913374489436187, 0.00015846102848265952]], "cov": [[[0.22824058709445325, -0.025981936437737767, 0.04185497218075347, -0.011842762299031131, -0.007976153559969104, 0.0007088936228350554, 0.012579110360348424, 0.0007032051897471715], [-0.02598193643773777, 0.003690475939069905, -0.0035875240147727706, 0.0004560232118995227, 0.0014875276750279166, 2.1417226639932714e-05, -0.0015304445374213454, -0.00016531452300508725], [0.04185497218075348, -0.0035875240147727706, 0.010017934472281291, -0.003904966229501225, -0.0007242174315092675, 0.000491942241858592, 0.001881222858005739, 6.555869901967653e-05], [-0.011842762299031131, 0.00045602321189952257, -0.003904966229501225, 0.002486660856277175, -0.0006859259943892391, -0.00045103140251205815, -0.00023744610106857367, 0.0003968233042269866], [-0.007976153559969104, 0.0014875276750279166, -0.0007242174315092676, -0.0006859259943892391, 0.0020506396070181327, -0.00020378410833676237, -0.0006554752331094395, -0.0006130484239507156], [0.0007088936228350554, 2.1417226639932724e-05, 0.000491942241858592, -0.0004510314025120581, -0.00020378410833676237, 0.0011628000901973614, 0.00035602062419844307, -0.0005535634860121443], [0.012579110360348424, -0.0015304445374213452, 0.0018812228580057393, -0.0002374461010685737, -0.0006554752331094395, 0.0003560206241984431, 0.0011413310944371432, -9.583846317612136e-05], [0.0007032051897471715, -0.00016531452300508725, 6.555869901967653e-05, 0.00039682330422698657, -0.0006130484239507156, -0.0005535634860121443, -9.583846317612137e-05, 0.0007823836093877964]], [[0.46194277396590105, 0.00527410872704669, 0.04271393169286992, 0.042283793829478576, -0.019502543471827557, 0.030680686668096, -0.015480214630175905, -0.003831335289927881], [0.005274108727046691, 0.000913738450077424, 0.0009202740567527074, 0.00035005009346979486, -0.0009764357960747884, -0.00015420372188400242, -3.1567999514894114e-05, 2.7855602332733465e-05], [0.04271393169286992, 0.0009202740567527074, 0.006047626631274323, 0.0046765327479884175, -0.003126187723429468, 0.004059778092196939, -0.0018357286982728961, -0.00019026751377018987], [0.042283793829478576, 0.00035005009346979475, 0.0046765327479884175, 0.006302781714435325, -0.0034116243379878914, 0.003963952202867292, -0.0017342353785530997, -0.0010065290739320577], [-0.019502543471827557, -0.0009764357960747884, -0.0031261877234294677, -0.003411624337987891, 0.004107899583434077, -0.0020705544483296235, 0.0002737278172743406, 0.0007121820263087129], [0.030680686668096004, -0.00015420372188400247, 0.004059778092196939, 0.003963952202867292, -0.0020705544483296235, 0.004803290927426428, -0.0003955993600371361, -0.0005758279832285704], [-0.015480214630175909, -3.156799951489411e-05, -0.0018357286982728961, -0.0017342353785530997, 0.00027372781727434063, -0.00039559936003713634, 0.0020650263488053216, 1.5595625356236818e-05], [-0.003831335289927881, 2.7855602332733468e-05, -0.0001902675137701899, -0.0010065290739320577, 0.0007121820263087129, -0.0005758279832285703, 1.5595625356236815e-05, 0.0012099298768708604]], [[0.03744528199591132, 0.015268519164854121, -0.013075664278939268, -0.0298963593644489, -0.008496524615563076, -0.0009820436049205624, -8.461312959998429e-05, 0.000649695073088927], [0.015268519164854125, 0.0080089565730203, -0.004129967750862117, -0.012801383428668888, -0.002938308886314784, -0.0006859557120071776, 0.0011071465968717292, 0.0005478435188802298], [-0.013075664278939268, -0.004129967750862117, 0.0060353964759317915, 0.013002235253295332, 0.0011916354950402173, 0.0002869591598539307, 0.00046054634383367593, 0.0003736834607633793], [-0.0298963593644489, -0.012801383428668886, 0.013002235253295332, 0.04473533329472929, -0.004176886987578562, 0.0011375478945162207, -0.0017896061128667164, 0.001267957570438513], [-0.008496524615563076, -0.0029383088863147834, 0.0011916354950402173, -0.004176886987578561, 0.015991772330210534, -0.0004586824382397967, 0.0013592456936763664, -0.0019490994649892675], [-0.0009820436049205624, -0.0006859557120071776, 0.00028695915985393064, 0.0011375478945162207, -0.0004586824382397967, 0.0018842000296182065, 0.0011830418815557066, -0.00022873383683096654], [-8.461312959998428e-05, 0.0011071465968717292, 0.000460546343833676, -0.0017896061128667166, 0.0013592456936763666, 0.0011830418815557064, 0.002287405020745535, 0.0003719552438600744], [0.0006496950730889271, 0.0005478435188802297, 0.00037368346076337914, 0.001267957570438513, -0.0019490994649892675, -0.0002287338368309665, 0.0003719552438600744, 0.0037437443699555803]], [[0.033366807265818164, 0.010403690369466326, -0.006943950323032656, 0.0048618579980157575, -0.00293134022905345, -0.002170569653910821, -0.0013577284525163255, -0.003845223096317295], [0.010403690369466327, 0.0036031175120370467, -0.0019320243952293857, 0.001432277141664955, -0.0015203602929233985, -0.00026065099319272155, 0.00020261302678824814, -0.0011626425121514336], [-0.006943950323032656, -0.0019320243952293857, 0.0022081663077811527, -0.0013452467231194732, 0.00042051895754635936, 0.0008593675666962689, 0.00018858032153261148, 0.0010487711868455746], [0.0048618579980157575, 0.001432277141664955, -0.001345246723119473, 0.0013273613064911968, -0.0007375588434702768, -0.00037882027621174644, -7.546839145801325e-05, -0.001080183249727374], [-0.00293134022905345, -0.0015203602929233983, 0.00042051895754635936, -0.0007375588434702768, 0.0027973032588696494, -0.0013534399151221657, -0.00204866287657625, 0.0008795296291597898], [-0.002170569653910821, -0.00026065099319272155, 0.000859367566696269, -0.00037882027621174644, -0.0013534399151221659, 0.0017693109850608663, 0.0018541300864534753, 0.00017285283443484615], [-0.0013577284525163255, 0.00020261302678824825, 0.0001885803215326115, -7.546839145801322e-05, -0.0020486628765762505, 0.0018541300864534755, 0.002849923968574977, 0.0001392612760891001], [-0.0038452230963172945, -0.0011626425121514334, 0.0010487711868455746, -0.001080183249727374, 0.0008795296291597896, 0.00017285283443484612, 0.00013926127608910016, 0.0022546785028994577]], [[0.3414497408594215, 0.022510006369565676, -0.06562459642099193, 0.017588341233925137, 0.03426695281862569, -0.01495498200690405, 0.0010791386477199717, -0.005736095470778661], [0.022510006369565676, 0.0017102948877144625, -0.004007605057905582, 0.0012770775422169289, 0.0022174736162944406, -0.0006118627628081195, 0.00023833493083248904, -0.0009819777131086565], [-0.06562459642099193, -0.004007605057905582, 0.013161490895738738, -0.0032451205797881084, -0.0065531224478879765, 0.003174820343346397, -0.00018757823097869378, 0.00019812057941778053], [0.017588341233925137, 0.0012770775422169289, -0.0032451205797881084, 0.0013573954789797907, 0.001224647523592648, -0.0002614585134075608, 0.0004176549897601777, -0.0007228584842393295], [0.0342669528186257, 