{"MAP index": 26, "entropy_prior_gmm": 4.6051701859880925e-09, "entropy_MAP_gmm": 4.605170023097571e-09, "entropy_z_nk_prior": 0.15207598011431428, "entropy_MAP_z_nk": 0.05589568394053349, "entropy_mixing_prior": 85.69175851611257, "entropy_MAP_mixing": 0.9706049146243747}