,X,Y,Z,id,nugget
0,100.0,0.0,-825.0,74612889,1e-05
1,300.0,0.0,-824.9212447089743,74612889,1e-05
2,900.0,0.0,-825.0,74612889,1e-05
3,100.0,0.0,-845.0,52157823,1e-05
4,300.0,0.0,-844.2270899958132,52157823,1e-05
5,900.0,0.0,-845.0,52157823,1e-05
