{"weights": [0.12264481679906258, 0.20581394567756162, 0.2993275054562966, 0.11106312806258048, 0.09409716929949334, 0.16705343470500536], "means": [[-3.5951817777282, 0.47392841371023753, 0.4029922915691091, -0.13601511052470608, -0.03218818459433921, 0.07305076379173862, -0.05572365355193745, 0.02045336660410127], [-1.0364448181771961, 0.5587263202274512, 0.5354133621906535, 0.007462117941838855, 0.05872271021300022, -0.029911318146270932, 0.018604570041170474, -0.01729817972297021], [3.924672814857244, -0.4455088236678505, -0.09713631442865128, -0.017497715837175062, 0.02866063840045911, 0.006535439644347022, -0.0034216918465097817, 0.0031984577191135183], [2.639174386620255, -0.010031299489381095, 0.21584683186303072, 0.07455051651794993, -0.11059024875762559, 0.010596284053657043, 0.02401531800610616, 0.03246059448245091], [0.5873751769987346, 1.453803316867043, -1.0429578494903928, 0.008519251355035475, 0.023512648501421908, 0.0026211410984959124, 0.007459421140040804, 0.003295024181003476], [-6.849519921064986, -0.6709473069942185, -0.27174910919667855, 0.026775861698064517, -0.002083344230597281, -0.007449402423354424, 0.01776190973407397, -0.003244519704590841]], "cov": [[[0.15527229237186183, 0.017682217797667404, 0.028426122174605602, -0.008048451412596183, 0.005367567486134918, 0.00046696172596851854, 0.00857153414549791, 0.0004517034342879494], [0.017682217797667404, 0.002701896437724602, 0.002307346211676324, -0.00041177911489010684, 0.0010062596747986996, -1.052935438015414e-05, 0.0008636981798676869, 1.945822318726832e-05], [0.028426122174605606, 0.0023073462116763237, 0.007119222582977587, -0.0025940876392855413, 0.0007279124103468743, 0.00037049019163768344, 0.0012709765094861792, 0.00018188995293146065], [-0.008048451412596183, -0.0004117791148901068, -0.0025940876392855413, 0.0019510923190111072, 0.0004397412585613291, -0.0003430216209772164, -3.1614394345339036e-05, 0.0002548708826000745], [0.005367567486134918, 0.0010062596747986994, 0.0007279124103468741, 0.0004397412585613291, 0.0019300696316369935, 0.0002513877913524963, 0.00034189789163022, 0.0006656596900341786], [0.00046696172596851865, -1.0529354380154137e-05, 0.0003704901916376835, -0.0003430216209772164, 0.0002513877913524963, 0.0009602895089193742, 0.00027611986295025977, -0.00041106881037115614], [0.008571534145497911, 0.0008636981798676869, 0.0012709765094861792, -3.161439434533906e-05, 0.00034189789163022, 0.00027611986295025977, 0.001095342627770908, -3.513575152939404e-05], [0.0004517034342879494, 1.9458223187268314e-05, 0.00018188995293146062, 0.0002548708826000745, 0.0006656596900341785, -0.00041106881037115603, -3.513575152939401e-05, 0.0008133016069302896]], [[0.3328130668091966, -0.0038177898847235573, 0.030741443858863998, 0.03046107192779723, 0.014103731385149785, 0.022092854006790133, -0.011096738637597093, -0.0027825934869756125], [-0.0038177898847235573, 0.001128180258554437, -0.0007386165608781876, -0.00015355129476392077, -0.0011099143127981969, 0.0007302095181822011, 8.592536228564663e-05, 5.378941168211125e-05], [0.030741443858863998, -0.0007386165608781876, 0.004791018737224894, 0.003229243021450842, 0.0020593584046211355, 0.0028799542814254937, -0.001786842519232836, -6.84693041287137e-05], [0.030461071927797227, -0.00015355129476392074, 0.0032292430214508417, 0.00481146358066429, 0.0023466950404248004, 0.002781269927000694, -0.0013540833381680175, -0.000496782074687403], [0.014103731385149785, -0.0011099143127981969, 0.002059358404621135, 0.0023466950404248, 0.0035836127550633425, 0.0006815420813919426, -0.0001486958959793069, -0.0004938484149466169], [0.022092854006790133, 0.0007302095181822013, 0.0028799542814254933, 0.002781269927000694, 0.0006815420813919426, 0.004582771519762577, 5.2436759708803845e-05, -0.00045022448175152267], [-0.011096738637597093, 8.592536228564665e-05, -0.0017868425192328356, -0.0013540833381680175, -0.00014869589597930682, 5.243675970880383e-05, 0.002319698055151878, -8.718432314865333e-05], [-0.0027825934869756125, 5.3789411682111296e-05, -6.846930412871372e-05, -0.000496782074687403, -0.0004938484149466169, -0.00045022448175152267, -8.718432314865334e-05, 0.0015971274918774923]], [[0.05660896965325995, -0.02344906266528875, -0.020293925959764283, -0.05065425813351817, 0.009562026394680123, -0.0015205866746376717, 0.0006015741904376678, 0.0006970448071052797], [-0.023449062665288747, 0.011560433185891988, 0.007170919100316296, 0.021320993295035326, -0.003251784900681715, 0.001147847949239916, -0.0012137781864303805, -0.0002727032751326667], [-0.020293925959764283, 0.007170919100316296, 0.008909208136297917, 0.020980358083769596, -0.0018834591714551444, 0.0004126793356483448, -5.197633939976059e-06, 0.00015611573355703385], [-0.05065425813351817, 0.02132099329503533, 0.0209803580837696, 0.06695948295848736, 0.0017223295690816762, 0.001805906858206544, -0.002051586939825236, 0.0015066686025554355], [0.009562026394680123, -0.003251784900681715, -0.0018834591714551444, 0.0017223295690816773, 0.015724128236258076, 0.0003778194951931154, -0.0014046016371408682, 0.0016255061461929769], [-0.0015205866746376717, 0.0011478479492399163, 0.000412679335648345, 0.0018059068582065437, 0.0003778194951931154, 0.0021487961235459626, 0.0010872285192345139, -0.0003181325106118539], [0.0006015741904376678, -0.0012137781864303805, -5.197633939976151e-06, -0.002051586939825236, -0.0014046016371408684, 0.0010872285192345139, 0.0021824163965276262, 6.274090073849773e-05], [0.0006970448071052799, -0.00027270327513266693, 0.0001561157335570339, 0.0015066686025554355, 0.0016255061461929769, -0.0003181325106118538, 6.2740900738498e-05, 0.0035934420602553754]], [[0.04334223323776181, -0.013587352771404219, -0.008915466099477354, 0.00617689589094983, 0.0038374172342837153, -0.0026868116313996777, -0.0016148562020367573, -0.004751130799858666], [-0.013587352771404219, 0.004615313988774215, 0.0024296742350958813, -0.0017709780624051736, -0.0016910538732703697, 0.0004743366481074922, 4.5979056817463855e-05, 0.0012393191736867232], [-0.008915466099477354, 0.002429674235095881, 0.003093940408237232, -0.001944764655866188, -0.0006463625054140587, 0.0011134682293536776, 6.866870272537152e-05, 0.0016439564241159477], [0.0061768958909498295, -0.0017709780624051736, -0.001944764655866188, 0.001911034172883592, 0.0010609394949678088, -0.0007365638464945621, -0.0002220481707887624, -0.0018582712665541038], [0.0038374172342837153, -0.0016910538732703693, -0.0006463625054140587, 0.0010609394949678086, 0.0026581553530806534, 0.0007984271744774262, 0.0013728816489204597, -0.0011715763230466635], [-0.0026868116313996772, 0.0004743366481074922, 0.0011134682293536776, -0.0007365638464945621, 0.0007984271744774262, 0.0016771743819672875, 0.001525804802352209, 0.0004489402677411014], [-0.0016148562020367571, 4.597905681746379e-05, 6.86687027253715e-05, -0.0002220481707887624, 0.0013728816489204597, 0.0015258048023522092, 0.0025163716249559025, 0.0005211823554143461], [-0.004751130799858666, 0.0012393191736867232, 0.0016439564241159481, -0.0018582712665541038, -0.0011715763230466635, 0.00044894026774110153, 0.0005211823554143462, 0.004230398968084796]], [[0.3117614652196714, -0.020542022086192827, -0.059924933947816235, 0.01607447762243994, -0.03129806758653252, -0.013718013245177532, 0.000923311690209726, -0.005259813017203196], [-0.02054202208619283, 0.0015283931984987134, 0.0037149473313574056, -0.001105591939133177, 0.002085100297865536, 0.0005882567701530166, -0.00021558450607932163, 0.0007951067690245609], [-0.05992493394781623, 0.0037149473313574056, 0.011934080026284603, -0.0029331988060274494, 0.006069913920493651, 0.0028402401910484327, -0.00017827995953146786, 0.00032701303957219195], [0.01607447762243994, -0.001105591939133177, -0.00293319880602745, 0.0015579140340295685, -0.0007326004376959281, -0.0006296094288169028, 5.0708431664993385e-05, -0.0006988467422977509], [-0.03129806758653252, 0.0020851002978655355, 0.006069913920493651, -0.000732600437695928,