{"MAP index": 83, "entropy_prior_gmm": 4.6051701859880925e-09, "entropy_MAP_gmm": 0.0022024475038051605, "entropy_z_nk_prior": 0.0633111788877876, "entropy_MAP_z_nk": 0.048494675115276636, "entropy_mixing_prior": 85.69175851611257, "entropy_MAP_mixing": 1.0147115335495096}