{"MAP index": 33, "entropy_prior_gmm": 4.6051701859880925e-09, "entropy_MAP_gmm": 0.000685398350469768, "entropy_z_nk_prior": 0.133683021582775, "entropy_MAP_z_nk": 0.09674559009327914, "entropy_mixing_prior": 85.69175851611257, "entropy_MAP_mixing": 1.0332783820924267}