{"weights": [0.4922422989958498, 0.30816797158747455, 0.1995897294166757], "means": [[-2.1098717152719972, -0.5226669149712123, 0.036662084713391795, -0.021159532217366512, 0.0077311509733200895, -9.356897123095416e-05, -0.00718877177664289, -0.0058225897219224484], [4.011767151387443, -2.7142193392353486, -0.046195172277277194, 0.06807189044136455, -0.02246738997582165, -0.004299664219539944, -0.009989188650389957, -0.007675056953717577], [1.8181759246085964, 3.6091085093930726, -0.05162475139208735, -0.005475338572254485, -6.771493937925438e-05, 0.003894102665548491, 0.026373429977317935, 0.020966397298928303]], "cov": [[[0.023129024348835167, -0.009863230433596111, 0.006485005757315707, -0.059177137134987665, 0.018857001705285762, -0.016123850092822016, -0.008726498477269981, 0.004843858432628653], [-0.009863230433596111, 0.0308859389481105, -0.015270257545510332, 0.050340836344497555, -0.03378445247346964, 0.0038569609634750745, -0.019387162219990556, -0.005057039995029445], [0.006485005757315707, -0.015270257545510332, 0.018670851167711507, -0.07868770366166576, 0.029442380059834596, -0.00810165015750153, 0.016242080972388332, -0.0062737731363581226], [-0.059177137134987665, 0.050340836344497555, -0.07868770366166576, 0.44602323800059523, -0.13737746931304223, 0.07309954241611206, -0.019740212609660503, 0.02779054254969175], [0.018857001705285762, -0.03378445247346964, 0.029442380059834596, -0.13737746931304223, 0.06549426786691039, -0.011104569282140164, 0.010118371557369143, -0.01334584563664426], [-0.016123850092822016, 0.0038569609634750745, -0.00810165015750153, 0.07309954241611206, -0.011104569282140164, 0.031342021692524084, -0.0035120201716879376, -0.0125943677514758], [-0.008726498477269981, -0.019387162219990556, 0.016242080972388332, -0.019740212609660503, 0.010118371557369143, -0.0035120201716879376, 0.051062854559579325, 0.009366888656318939], [0.004843858432628653, -0.005057039995029445, -0.0062737731363581226, 0.02779054254969175, -0.01334584563664426, -0.0125943677514758, 0.009366888656318939, 0.024748468851204245]], [[11.051673322723317, -4.857535432523481, -0.5075371204836577, -2.2505311987564967, 0.3977211525360029, -0.6015693495873551, -0.17590226514456841, -0.06979346596546755], [-4.857535432523481, 5.610573020855103, 2.117553504506064, 0.9627062095745531, 0.015558279289739045, 0.22959502901756584, 0.023898206371242046, 0.0005103662336100799], [-0.5075371204836577, 2.117553504506064, 1.230255403581416, 0.030394849102804808, 0.03295977335166435, 0.028582921887807068, 0.005528094206527558, 0.023097998261852756], [-2.2505311987564967, 0.9627062095745531, 0.030394849102804808, 1.1543907926142154, 0.23868523851716517, -0.11429717178220668, 0.07056106467939752, -0.050550071838620564], [0.3977211525360029, 0.015558279289739045, 0.03295977335166435, 0.23868523851716517, 0.6872883451679672, -0.020716093973316033, -0.09974167685836535, 0.02456064820694979], [-0.6015693495873551, 0.22959502901756584, 0.028582921887807068, -0.11429717178220668, -0.020716093973316033, 0.25658739920433143, -0.0497713521719397, 0.038263640401284216], [-0.17590226514456841, 0.023898206371242046, 0.005528094206527558, 0.07056106467939752, -0.09974167685836535, -0.0497713521719397, 0.07826554775640461, 0.014385124198105425], [-0.06979346596546755, 0.0005103662336100799, 0.023097998261852756, -0.050550071838620564, 0.02456064820694979, 0.038263640401284216, 0.014385124198105425, 0.15676164226588332]], [[0.11344745020235474, -0.11313641673568971, 0.3043196192841189, 0.054554887925332425, 0.09185903438021846, 0.003291906297366408, 0.012551704084047906, 0.014842065148228735], [-0.11313641673568971, 0.3404653136572783, 0.19001099294457813, -0.07313271189590961, -0.11967795388204286, -0.0029749278441056357, -0.00018658297711207026, 0.014449342875759797], [0.3043196192841189, 0.19001099294457813, 3.777210787360621, 0.1605931681379777, -0.12435972074231733, -0.007114830420701087, -0.02499272573966742, -0.003864698711187684], [0.054554887925332425, -0.07313271189590961, 0.1605931681379777, 0.09362624361719411, -0.0018825694190236608, -0.015284494821936908, -0.06009362779317756, 0.0110299924814929], [0.09185903438021846, -0.11967795388204286, -0.12435972074231733, -0.0018825694190236608, 0.23317351270705278, 0.0637699462830717, 0.130328386858488, -0.0045179410346907235], [0.003291906297366408, -0.0029749278441056357, -0.007114830420701087, -0.015284494821936908, 0.0637699462830717, 0.04955517196738715, 0.0862161705340526, -0.027537585305084575], [0.012551704084047906, -0.00018658297711207026, -0.02499272573966742, -0.06009362779317756, 0.130328386858488, 0.0862161705340526, 0.21442988613719366, -0.04526528323187593], [0.014842065148228735, 0.014449342875759797, -0.003864698711187684, 0.0110299924814929, -0.0045179410346907235, -0.027537585305084575, -0.04526528323187593, 0.03895566483347689]]]}