{"weights": [0.17222216491573347, 7.598968775491315e-08, 0.32868220323545755, 0.2657064483653084, 0.149983257333667, 0.08340585016014594], "means": [[3.824525764700723, 0.4495260364731032, -0.3649937213375051, 0.12985097931541, -0.03820172211270231, -0.08121936497104848, 0.06920256850538116, -0.015367385333140268], [1.0990491744976736, 0.5589222147331316, -0.5240817268596298, 0.00467785096128518, 0.04351942121218563, 0.03600254834280579, -0.023838875398407417, 0.011588023020889697], [-3.9242450394307524, -0.44471110762658583, 0.0992881215515393, 0.04131972961776705, 0.01716689487751215, -0.003658846979977586, 0.008256235070302128, 0.003314799101328295], [-2.727826245338084, -0.03588121834603234, -0.19348383867874389, -0.09255951054815803, -0.10653828676132797, 0.0015674514535302575, -0.012828249809442012, -0.005646150611668885], [-0.760948839405372, 1.4399537519519419, 1.0741494031702588, -0.01323644463701122, -0.001897851283477429, 0.004780170929303571, -0.006501970894111852, -0.001069963535306799], [6.851854490913285, -0.6470424939809508, 0.295189587214925, -0.039845129695158014, -0.0013483649197157332, 0.006634495850462287, -0.005754615250931958, 0.0018726791565918425]], "cov": [[[0.17501982598723, -0.020031014748005914, 0.03186118904543858, -0.008918373875378258, -0.006144868774654094, 0.0004982763182450873, 0.009691236708112545, 0.0005285775060707817], [-0.02003101474800591, 0.0033013750283715903, -0.0019515536019145245, -0.00032358670228707816, 0.0014953430275063283, 0.0001657215946877532, -0.0012896833942121183, -0.0002098831323285282], [0.031861189045438575, -0.001951553601914525, 0.00924067152308915, -0.0041407453609651895, -0.00013602218858661312, 0.0006817117988097717, 0.0011285412675514429, -1.3463243888502269e-05], [-0.008918373875378258, -0.00032358670228707827, -0.00414074536096519, 0.0031491306735052706, -0.001318771763373769, -0.000570494128373965, 5.516825338178903e-05, 0.0005354675297174501], [-0.006144868774654094, 0.0014953430275063283, -0.0001360221885866132, -0.001318771763373769, 0.002815009396572205, -9.228874359129666e-05, -0.0005901495877316251, -0.001052390861835429], [0.0004982763182450873, 0.00016572159468775314, 0.0006817117988097717, -0.0005704941283739649, -9.22887435912967e-05, 0.0009248369216576885, 0.0001981390697670961, -0.00038031168821681983], [0.009691236708112545, -0.0012896833942121185, 0.001128541267551443, 5.516825338178887e-05, -0.0005901495877316251, 0.00019813906976709613, 0.0010059228292987122, -5.393801753130319e-06], [0.0005285775060707817, -0.00020988313232852822, -1.3463243888502277e-05, 0.0005354675297174501, -0.001052390861835429, -0.00038031168821681983, -5.393801753130324e-06, 0.000944795768831244]], [[0.37981240638258895, 0.004355912232573018, 0.03507888265916388, 0.03473722805372714, -0.01605060051907898, 0.025178577994012293, -0.012696331322452948, -0.003156621076743186], [0.004355912232573018, 0.001368881191173927, 0.0008792737660813734, 0.00016709773789927584, -0.001456301262874647, -0.0010213887577981877, -0.00018086876522722462, 5.023461799172346e-05], [0.03507888265916388, 0.0008792737660813734, 0.005390283287449102, 0.0037451494207266815, -0.002582215846299214, 0.0033467773076549345, -0.001769655064437041, -2.060039915723575e-05], [0.03473722805372714, 0.000167097737899276, 0.0037451494207266815, 0.005537833412043181, -0.0028106226532672927, 0.0032700276363811062, -0.001561614534834183, -0.0008470638599649372], [-0.01605060051907898, -0.001456301262874647, -0.002582215846299214, -0.0028106226532672923, 0.004351974315228332, -0.0006435905969523982, 0.00034583235056372813, 0.0005930445010425792], [0.025178577994012293, -0.0010213887577981877, 0.003346777307654934, 0.0032700276363811062, -0.0006435905969523984, 0.005699956550509737, 0.00018854593886847242, -0.0005081759553628429], [-0.01269633132245295, -0.0001808687652272247, -0.001769655064437041, -0.001561614534834183, 0.0003458323505637283, 0.00018854593886847236, 0.002365307491076794, -3.997857652639075e-05], [-0.003156621076743186, 5.023461799172346e-05, -2.0600399157235675e-05, -0.0008470638599649372, 0.0005930445010425792, -0.0005081759553628429, -3.9978576526390805e-05, 0.0014365696142568246]], [[0.04879215905724613, 0.020143673707210433, -0.017455672532122764, -0.0428733484655394, -0.008511723141862547, -0.0013689643882071629, 0.00036629857951726456, 0.0005363779683468808], [0.020143673707210437, 0.01009823034513225, -0.006000258290954552, -0.01810532042636833, -0.002896273426078735, -0.0008997618102531186, 0.001247907688731798, 0.000453304452130007], [-0.017455672532122764, -0.006000258290954552, 0.00772845833060049, 0.017868653107831273, 0.0015811867926221205, 0.0004160030194366145, 0.0002664813937881604, 0.00034671201355740964], [-0.0428733484655394, -0.01810532042636833, 0.017868653107831273, 0.05778859070310122, -0.0019041606223712318, 0.0014998103618372972, -0.0019081749086958342, 0.001262785718426109], [-0.008511723141862545, -0.0028962734260787344, 0.0015811867926221208, -0.0019041606223712323, 0.014604083712378832, -0.00041710150204733374, 0.0012410212597686217, -0.001601271057290823], [-0.0013689643882071629, -0.0008997618102531186, 0.0004160030194366145, 0.0014998103618372972, -0.0004171015020473338, 0.0019146883384076273, 0.001116282383909215, -0.0002605752822233164], [0.0003662985795172644, 0.0012479076887317983, 0.0002664813937881605, -0.0019081749086958342, 0.0012410212597686217, 0.001116282383909215, 0.0022229455705953974, 0.0003153753883179051], [0.000536377968346881, 0.00045330445213000723, 0.00034671201355740986, 0.001262785718426109, -0.0016012710572908232, -0.0002605752822233164, 0.0003153753883179051, 0.003608429574952593]], [[0.04476472950608389, 0.013996907102396082, -0.009283958997432803, 0.006489115011950641, -0.003951576088812837, -0.002882398320534416, -0.0017663823497031553, -0.005076906134191272], [0.013996907102396082, 0.004762018073959403, -0.0025922055602200108, 0.00188529911758721, -0.0019449670487482237, -0.00037794205782886684, 0.00015313837101579755, -0.0014644484773906456], [-0.009283958997432803, -0.0025922055602200108, 0.0029781964503474436, -0.0018771766464231003, 0.0006098041321688623, 0.0011403239241137158, 0.00021900050415665808, 0.0015086646138569519], [0.006489115011950641, 0.00188529911758721, -0.0018771766464231003, 0.0017652082235337767, -0.0010112932615190936, -0.0005781802057612109, -0.00013951656184718137, -0.0016260091022507362], [-0.003951576088812837, -0.0019449670487482241, 0.0006098041321688624, -0.0010112932615190936, 0.003321873771409435, -0.001511636416983339, -0.0023269763491897398, 0.0012107998836042577], [-0.002882398320534416, -0.00037794205782886684, 0.001140323924113716, -0.0005781802057612111, -0.0015116364169833387, 0.0020923540890117717, 0.0021684977770188305, 0.0003280944485672689], [-0.0017663823497031553, 0.00015313837101579755, 0.00021900050415665805, -0.00013951656184718137, -0.0023269763491897398, 0.00216849777701883, 0.003356302214825143, 0.00030838669137628154], [-0.005076906134191272, -0.0014644484773906456, 0.0015086646138569519, -0.0016260091022507362, 0.0012107998836042577, 0.0003280944485672689, 0.00030838669137628154, 0.003411774388785319]], [[0.23887513073964584, 0.01580823243842197, -0.04581524193501766, 0.012363419421859728, 0.023897849055517534, -0.010343617084290144, 0.0008242561289569905, -0.0041797192600771405], [0.01580823243842197, 0.0014853511606012298, -0.0024173778664874504, 0.0010843601852720088, 0.001475760005362794, 0.00014399797458261766, 0.0004511040053470313, -0.0016338057361906882], [-0.04581524193501765, -0.0024173778664874504, 0.009774087927964666, -0.0019991040638025885, -0.004726767304331382, 0.0028476199463866795, 0.00014015085347852767, -0.0010501422146873699], [0.012363419421859728, 0.001084360185272009, -0.0019991040638025885, 0.0014718535586961644, 0.0004067481119734434, 0.0002462919431625445, 0.00046908420534606815, -0.001510791971904207], [0.023897849055517534, 0.001475760005362794, -0.004726767304331382, 