{"MAP index": 3954, "entropy_prior_gmm": 0.0008925289686521755, "entropy_MAP_gmm": 0.002848302247002721, "entropy_z_nk_prior": 0.0012788791422551772, "entropy_MAP_z_nk": 0.002811448951294346, "entropy_mixing_prior": 88.99072030499339, "entropy_MAP_mixing": 1.410204281797882}