{"weights": [0.17095384242309514, 0.00037340175408924334, 0.4695997203300033, 0.12417481649241932, 0.15435817516663802, 0.08054004383375492], "means": [[6.867530078788272, -0.6469507115964258, 0.31672615295863576], [3.0850175850077473, -0.521745193670596, 2.039435906585425], [-3.5591061873852303, -0.3265491965777533, 0.019754207001821983], [0.6355451508132869, 0.5427418546967823, -0.5783085794745092], [2.976039118703034, 0.48827944590571626, -0.4563069546706109], [-0.752523330520359, 1.4768837397989083, 1.0372800106539484]], "cov": [[[0.7959319691662956, -0.06493421017404108, -1.0533617191780207], [-0.06493421017404104, 5.0901313486286, 4.067841976497556], [-1.0533617191780207, 4.067841976497555, 10.494732021469812]], [[1713.9526443381235, 2.816695420062329, 114.71400380315393], [2.816695420062329, 223.64421353683548, -26.74967128909079], [114.71400380315396, -26.749671289090788, 180.2473611485841]], [[313.22905138019723, 134.49778039604692, -110.72673612115192], [134.49778039604692, 61.96697964275361, -49.92232805017349], [-110.72673612115192, -49.92232805017348, 43.64922645316041]], [[47.09731850738543, 13.090501111540172, -8.850138387884675], [13.090501111540172, 7.311656734940597, -3.649478948065711], [-8.850138387884673, -3.6494789480657115, 4.0837221818456095]], [[929.2581997212561, 54.95647760566183, -179.0190945707727], [54.95647760566183, 46.88513739699974, -39.371404060195154], [-179.01909457077272, -39.37140406019515, 74.50598716033106]], [[156.59576039520448, 28.2659887229077, -54.546143406512144], [28.2659887229077, 47.650942648934354, -62.25553332522346], [-54.54614340651214, -62.255533325223446, 87.64527600296506]]]}