{"weights": [0.17222150036924122, 0.16663960991545196, 0.30001969518398597, 0.12778692200714015, 0.15555096031853227, 0.07778131220564845], "means": [[-6.852086009114196, -0.6535949007939945, -0.2912868949494019, 0.03714298804437392, -0.0016505519093314189, -0.008086652530498981, 0.008877133641253553, -0.0017631237726786757], [4.1151188204763764, -0.5195717311212248, -0.17420495865953084, -0.22282677467047146, 0.042371630016058835, -0.0005234078568168955, -0.007827555635950145, -0.008816665086470688], [3.2423981102655537, -0.20718422253442115, 0.08652480857538461, 0.14026961945955294, -0.04463514783062768, 0.006980292658274995, 0.002264466182770445, 0.008717574442723988], [-0.6909009930802893, 0.5551510860736978, 0.5681401475774069, 0.03849019341627445, 0.06463565964293166, -0.005459816256437255, 0.0046305911242125256, -0.015160065944940522], [-2.873183732215048, 0.5029056961407917, 0.4096322512365414, -0.11084748673822084, -0.012250143770088049, 0.0010139373286297017, -0.013971418153926642, 0.00666743491396446], [0.729815991362654, 1.441672255646134, -1.0681666673019474, 0.012537547208004068, 0.0033532695444605945, -0.0009556945197417017, 0.00871291051774032, 0.0007397880589969304]], "cov": [[[0.005507874338635335, -0.00030306098576327094, 0.0009659011950418849, -0.0004358430082725739, 9.324646674104522e-05, -7.158658707166621e-05, 4.2990612217319016e-05, -0.00010605259109923712], [-0.00030306098576327094, 0.00826030509687016, -0.006192127142407524, 0.0038265364189973513, 0.00030854830803927585, 0.0019619113504399876, -0.003722394051305892, 0.00022088197834156784], [0.0009659011950418849, -0.006192127142407524, 0.0056597370963947, -0.0031950974399437525, -0.00020498220414205969, -0.0012618358258765696, 0.002655056576503043, -0.00031032494736890636], [-0.0004358430082725739, 0.0038265364189973513, -0.0031950974399437525, 0.0019527852844913845, 0.0002271688481797693, 0.0008731427514287599, -0.0016358645198190464, 0.00012059042801435896], [9.324646674104522e-05, 0.00030854830803927585, -0.00020498220414205969, 0.0002271688481797693, 0.00017034481251147497, 0.00013600818676221465, -4.908499820546968e-05, -2.925244620221807e-07], [-7.158658707166621e-05, 0.0019619113504399876, -0.0012618358258765696, 0.0008731427514287599, 0.00013600818676221465, 0.000812382460563094, -0.0007484160734495953, -5.455666159383627e-05], [4.2990612217319016e-05, -0.003722394051305892, 0.002655056576503043, -0.0016358645198190464, -4.908499820546968e-05, -0.0007484160734495953, 0.0018209593781903881, -9.788680570416642e-05], [-0.00010605259109923712, 0.00022088197834156784, -0.00031032494736890636, 0.00012059042801435896, -2.925244620221807e-07, -5.455666159383627e-05, -9.788680570416642e-05, 0.00017695063097219525]], [[0.0072838598701765785, -0.0008888007142051204, 0.00043706194795774115, 0.0006141627560866032, 0.0017992962042862333, -5.8402822023398644e-05, -0.0005519323676496305, 0.00027284144050177586], [-0.0008888007142051204, 0.0026001365168933925, -0.0011587826608016004, 0.0023887797070266366, 0.0030090721286205927, 0.0003180095103463125, -0.0013014656808773724, 0.00017541267311499002], [0.00043706194795774115, -0.0011587826608016004, 0.0006818696086134936, -0.0004765392953564544, -0.0011873177679683922, -0.00010914338525442273, 0.0004468336330300836, -0.00038629283301797225], [0.0006141627560866032, 0.0023887797070266366, -0.0004765392953564544, 0.016310977335571835, 0.00594128744943813, 0.0011000982145263085, -0.002277731583005568, -0.0009515706878102837], [0.0017992962042862333, 0.0030090721286205927, -0.0011873177679683922, 0.00594128744943813, 0.014385655122798213, 0.0012351975371423568, -0.003614363469662504, 0.00027441280074123854], [-5.8402822023398644e-05, 0.0003180095103463125, -0.00010914338525442273, 0.0011000982145263085, 0.0012351975371423568, 0.0011570828072019366, 0.000563791945958767, -0.000670323965088033], [-0.0005519323676496305, -0.0013014656808773724, 0.0004468336330300836, -0.002277731583005568, -0.003614363469662504, 0.000563791945958767, 0.00236539559303948, -0.00019219655918380798], [0.00027284144050177586, 0.00017541267311499002, -0.00038629283301797225, -0.0009515706878102837, 0.00027441280074123854, -0.000670323965088033, -0.00019219655918380798, 0.003060742985399331]], [[0.28331374376335033, -0.09394788953234515, -0.05922061145793341, 0.029918577472281563, 0.03453954950996696, -0.00020156592596947358, -0.007950163391216451, -0.0019504514762690483], [-0.09394788953234515, 0.03212775876187793, 0.01896132728395544, -0.01010005087390906, -0.013464942046337747, 2.8917554113215867e-05, 0.0019681358543584423, 1.036454256748832e-05], [-0.05922061145793341, 0.01896132728395544, 0.01327313971336054, -0.006201052164434232, -0.005898208605140109, 0.0002790163357810331, 0.0019149498930368504, 0.0009542109383338105], [0.029918577472281563, -0.01010005087390906, -0.006201052164434232, 0.005067058175522583, 0.00533028873332923, -0.0003002566980064274, -0.0009836458471163977, -0.0005925798446494313], [0.03453954950996696, -0.013464942046337747, -0.005898208605140109, 0.00533028873332923, 0.010515485001247733, 0.000568845219213402, 0.0008690024155703376, 0.0008324795698764349], [-0.00020156592596947358, 2.8917554113215867e-05, 0.0002790163357810331, -0.0003002566980064274, 0.000568845219213402, 0.0021384168560709365, 0.0017018912889788407, 0.00010682651316593895], [-0.007950163391216451, 0.0019681358543584423, 0.0019149498930368504, -0.0009836458471163977, 0.0008690024155703376, 0.0017018912889788407, 0.002575740683342061, 0.0006311657217729189], [-0.0019504514762690483, 1.036454256748832e-05, 0.0009542109383338105, -0.0005925798446494313, 0.0008324795698764349, 0.00010682651316593895, 0.0006311657217729189, 0.0033197393925503216]], [[0.04810269591791286, -0.005132068165539359, -0.0005066709880747865, 0.0004990008507205799, 0.000374646400620084, -0.00676194894802195, -0.0029382292999376195, -0.00027297127253318894], [-0.005132068165539359, 0.0015067465087968738, -0.0006806148539658337, -0.00014043242086407378, -0.0017580228784347123, 0.0011602683139647972, 0.00010131326368223123, 7.46655979275181e-05], [-0.0005066709880747865, -0.0006806148539658337, 0.0008052211827260425, 0.0002996400892958739, 0.0015597408176079674, -0.00023049846123119206, 6.179089494467658e-05, 3.337209968187429e-05], [0.0004990008507205799, -0.00014043242086407378, 0.0002996400892958739, 0.0011001649945323977, 0.0007509710089575164, 0.0002692219127682296, -0.0002265188178148989, -0.0005560451320819625], [0.000374646400620084, -0.0017580228784347123, 0.0015597408176079674, 0.0007509710089575164, 0.004007465152404757, -0.0006074326141182705, 0.00030323255819281815, -0.000659243338435102], [-0.00676194894802195, 0.0011602683139647972, -0.00023049846123119206, 0.0002692219127682296, -0.0006074326141182705, 0.003094394595401415, 0.0017041547182506684, -0.00040745959724658665], [-0.0029382292999376195, 0.00010131326368223123, 6.179089494467658e-05, -0.0002265188178148989, 0.00030323255819281815, 0.0017041547182506684, 0.0016214674373315242, -8.73787215878576e-05], [-0.00027297127253318894, 7.46655979275181e-05, 3.337209968187429e-05, -0.0005560451320819625, -0.000659243338435102, -0.00040745959724658665, -8.73787215878576e-05, 0.0016891166327416597]], [[1.0821470696991677, 0.05718199682977244, 0.045698880444367394, 0.020363203520115405, 0.02476186803415345, -0.09048431937999667, 0.06486680029712709, -0.012628764971037019], [0.05718199682977244, 0.004163804882004207, 0.0023456006582555774, 0.0013606562723745817, 0.001780895391098823, -0.004410204245449347, 0.003353561970798134, -0.000623899638894577], [0.045698880444367394, 0.0023456006582555774, 0.006468002977249119, -0.0018349321804481636, 0.00041716161777032224, -0.002389979684877086, 0.002132599721963293, -7.579647904938456e-05], [0.020363203520115405, 0.0013606562723745817, -0.0018349321804481636, 0.0031521914858577468, 0.0017160011131112294, -0.003028364440998709, 0.0016294225132654535, -0.0003043962559360139], [0.02476186803415345, 