,X,Y,Z,id,nugget
0,100.0,0.0,-825.0,51985471,1e-05
1,300.0,0.0,-815.3914143953695,51985471,1e-05
2,900.0,0.0,-825.0,51985471,1e-05
3,100.0,0.0,-845.0,12157155,1e-05
4,300.0,0.0,-818.9934167903167,12157155,1e-05
5,900.0,0.0,-845.0,12157155,1e-05
