,X,Y,Z,id,nugget
0,0.0,0.0,-20.999999999999993,46114698,1e-05
1,20.0,0.0,-12.80180024000471,46114698,1e-05
2,30.0,0.0,-1.0,46114698,1e-05
3,0.0,0.0,-39.0,65955288,1e-05
4,20.0,0.0,-28.257404376881944,65955288,1e-05
5,40.0,0.0,-15.999999999999993,65955288,1e-05
6,0.0,0.0,-61.0,55624929,1e-05
7,20.0,0.0,-51.11910619755227,55624929,1e-05
8,60.0,0.0,-27.0,55624929,1e-05
9,0.0,0.0,-72.0,74482642,1e-05
10,30.0,0.0,-55.5,74482642,1e-05
11,60.0,0.0,-39.0,74482642,1e-05
12,20.0,0.0,-75.56934612276471,76633181,1e-05
13,60.0,0.0,-52.0,76633181,1e-05
14,70.0,0.0,-77.0,21197875,1e-05
15,80.0,0.0,-71.0,21197875,1e-05
