{"weights": [0.1722204071846325, 0.16666823944879766, 0.16158928588009516, 0.24643052722532813, 0.1337245668730941, 0.11936697338805254], "means": [[3.7848524470737392, 0.44674709335128276, -0.3864478711989377, 0.1438133566461248, -0.042451910033648, -0.08132802343433865, 0.07095905979053957, -0.015513631125851983], [1.0542335224272694, 0.5570640931708218, -0.5231182785756388, 0.007989590449097144, 0.04152708743817783, 0.04194929514393274, -0.0217991712038569, 0.010000530116919759], [-3.875383749211877, -0.42546846351101514, 0.07806250609296744, -0.022864868456688777, 0.020165014667025926, -0.005650483049330506, 0.008849139707109998, 0.0009636994385017173], [-2.7045260627656837, -0.029390964662597874, -0.20022136464139942, -0.08778165169090665, -0.10747585313262652, -0.0029319323271078286, -0.016755659762587263, -0.01385581764347819], [-0.6918436372306476, 1.4436141821805974, 1.0611691700692332, -0.010458911104115315, 0.010283881658982252, -0.006951294856798984, -0.01504819136764309, -0.005672191033238141], [6.850074551063381, -0.6679855190323943, 0.2776267113696215, -0.02975006907701663, -0.0020709270157312117, 0.01060294860249319, -0.015085488403479959, 0.0028337771464572717]], "cov": [[[0.25624537084091525, -0.029285434390775075, 0.04676060866488039, -0.013110308067198845, -0.00904190434394387, 0.0007600790946840218, 0.014169134079828501, 0.0008053537462349237], [-0.029285434390775078, 0.004626363486287585, -0.003175649304845304, -0.0002703305299066631, 0.0021453137522806755, 0.00020643824731333057, -0.0018737942615147237, -0.0003356159305251794], [0.04676060866488039, -0.0031756493048453044, 0.012826622187434966, -0.005720221992851649, -8.332428756546367e-05, 0.0008709174800341488, 0.0017904621550170147, -0.0001542164889656732], [-0.013110308067198847, -0.00027033052990666276, -0.005720221992851649, 0.004145378979071494, -0.0016861291933508433, -0.000746800380179024, -1.6185836897495677e-06, 0.0007127357948099385], [-0.009041904343943872, 0.0021453137522806755, -8.332428756546316e-05, -0.0016861291933508433, 0.0032627287524537446, -4.090341571327796e-05, -0.0008682245519238257, -0.0011414878414621804], [0.0007600790946840219, 0.00020643824731333057, 0.0008709174800341488, -0.000746800380179024, -4.0903415713277934e-05, 0.0011197655992489916, 0.0002457004359279001, -0.0005106581025607307], [0.014169134079828501, -0.0018737942615147237, 0.0017904621550170147, -1.618583689749419e-06, -0.0008682245519238258, 0.0002457004359279002, 0.0013359781119778717, 1.5083426490046935e-05], [0.0008053537462349238, -0.0003356159305251794, -0.00015421648896567322, 0.0007127357948099384, -0.0011414878414621802, -0.0005106581025607308, 1.5083426490046952e-05, 0.001024878033007587]], [[0.3026215265440127, 0.0034638948927379703, 0.027847129033469396, 0.02757359680249402, -0.012687630532755973, 0.01997046912247042, -0.010091252241949815, -0.0024981164701091707], [0.0034638948927379707, 0.0012537961646971972, 0.0007790471888107329, 0.00010785649294435507, -0.0012978020102124913, -0.0008808592798432096, -8.687827336171632e-05, 3.638968303465852e-05], [0.0278471290334694, 0.0007790471888107329, 0.0048054931159723585, 0.0031658193023273115, -0.0023036318723601524, 0.0029313723586521416, -0.0015952568601719764, 3.4131824909832366e-05], [0.027573596802494025, 0.00010785649294435505, 0.0031658193023273115, 0.004938245452049718, -0.002593670832192919, 0.0028571520664981954, -0.0013184180455420313, -0.0007837084757978014], [-0.012687630532755973, -0.0012978020102124913, -0.0023036318723601524, -0.0025936708321929185, 0.0041844434236513, -0.0007419826204933661, 0.00011687030678627997, 0.0006149991058396257], [0.01997046912247042, -0.0008808592798432096, 0.0029313723586521416, 0.0028571520664981954, -0.0007419826204933661, 0.0050632851347590345, 0.0002691876537253515, -0.00048085080784780575], [-0.010091252241949815, -8.687827336171632e-05, -0.0015952568601719764, -0.0013184180455420313, 0.00011687030678627992, 0.0002691876537253516, 0.0023520315251077313, -0.00010745385204217176], [-0.002498116470109171, 3.638968303465851e-05, 3.4131824909832366e-05, -0.000783708475797801, 0.0006149991058396257, -0.00048085080784780575, -0.00010745385204217174, 0.0014503548316331224]], [[0.050506701414680735, 0.020930934607149027, -0.018205456217484203, -0.045483535964633226, -0.007756332126368689, -0.0014686958927122543, 0.0005199981434493359, 0.00039827017446297634], [0.02093093460714903, 0.01049788167370095, -0.0062953360534244275, -0.019115211086589437, -0.0025844891258945697, -0.0008969195781363119, 0.0013790374309409004, 0.00040541681636645786], [-0.018205456217484206, -0.006295336053424427, 0.008039457976294125, 0.01874515364867478, 0.0016206949087727205, 0.0004793125833003329, 0.0002906662243438547, 0.00036043820457483074], [-0.04548353596463323, -0.019115211086589437, 0.01874515364867478, 0.05964732976316044, -0.0005806617537884146, 0.0015363664229768063, -0.0018278171379146934, 0.0011166491579603297], [-0.007756332126368689, -0.0025844891258945697, 0.001620694908772721, -0.0005806617537884152, 0.013126691315540975, -0.0004278391120826119, 0.0010812803262860264, -0.0013037061020933854], [-0.0014686958927122547, -0.0008969195781363119, 0.0004793125833003331, 0.0015363664229768063, -0.000427839112082612, 0.002018734681718722, 0.0012067795982790698, -0.00041255350100474303], [0.000519998143449336, 0.0013790374309409004, 0.00029066622434385466, -0.0018278171379146934, 0.0010812803262860264, 0.0012067795982790698, 0.0023243297100036912, 0.00025808907313303346], [0.0003982701744629766, 0.00040541681636645775, 0.00036043820457483063, 0.0011166491579603297, -0.001303706102093385, -0.000412553501004743, 0.0002580890731330335, 0.003813762260998065]], [[0.03216448964884196, 0.010046914846565688, -0.006626864901625975, 0.0046073175642613725, -0.0027608718984168867, -0.0020733202786300566, -0.001320325255484663, -0.0035564207907470492], [0.010046914846565686, 0.003506743025664363, -0.0017816673987359262, 0.0013056992747396369, -0.0015400782674343126, -0.00016086209765940482, 0.0002547021488140703, -0.0010097662437999484], [-0.006626864901625974, -0.0017816673987359258, 0.0023484827391635882, -0.0014312249636346903, 0.00036153461100632783, 0.0009336568237111504, 0.0001277350395055893, 0.0011268855077445836], [0.004607317564261372, 0.0013056992747396369, -0.0014312249636346905, 0.0014275310252964176, -0.0008038025920477509, -0.00043677637250382915, -7.651676527980954e-05, -0.0012898870787598853], [-0.0027608718984168863, -0.0015400782674343126, 0.0003615346110063279, -0.0008038025920477508, 0.003057864977252117, -0.0014907112538357103, -0.0022379125846833017, 0.0009968050568611108], [-0.002073320278630056, -0.00016086209765940477, 0.0009336568237111504, -0.0004367763725038291, -0.0014907112538357105, 0.0019464426231286902, 0.0020300269159935795, 0.00020725618387997606], [-0.0013203252554846627, 0.00025470214881407043, 0.00012773503950558928, -7.65167652798095e-05, -0.002237912584683302, 0.0020300269159935795, 0.0031662951442109092, 0.00022605243174214645], [-0.0035564207907470492, -0.0010097662437999484, 0.0011268855077445836, -0.001289887078759885, 0.0009968050568611108, 0.00020725618387997611, 0.0002260524317421465, 0.002946456046477277]], [[0.34388873625089866, 0.02268942988053814, -0.06605122182090466, 0.017721881519173182, 0.03451634726686164, -0.015082736455429993, 0.0010537868220605153, -0.005820883845016802], [0.02268942988053814, 0.0017981118298245826, -0.003915912841149141, 0.0012852730089754395, 0.0022466161765447093, -0.0005327097460100138, 0.0002768707284784865, -0.0010818952840310806], [-0.06605122182090464, -0.003915912841149141, 0.013464213718698872, -0.0032274062219658675, -0.00668362764579746, 0.003289873897908581, -0.00014591345241906105, 0.00012283698302023347], [0.017721881519173182, 0.0012852730089754395, -0.003227406221965868, 0.0016069696735728674, 0.0010294101935264825, -0.00037220373387191163, 0.00028055163062941845, -0.0009417073645515446], [0.03451634726686164, 