{"accuracy_init": 0.7751677632331848, "accuracy_final_MAP": 0.8355704545974731, "accuracy_final_mean": 0.8422818779945374}