{"weights": [0.5719091783445353, 0.19792061729132196, 0.2301702043641427], "means": [[-2.1098076368172207, -0.5226987106332414, 0.036740060376500044, -0.021086019980302163, 0.007682518745008089, -7.849391733026367e-05, -0.007152857123988231, -0.005848872043787638], [4.011766480593008, -2.71421721330195, -0.04621636631609403, 0.06803374443934686, -0.022458059762793525, -0.004397598845722125, -0.009868710634220072, -0.007718002725752597], [1.8182655231690894, 3.608916469114372, -0.051451705702237255, -0.005475898764377449, -1.3935620564163497e-05, 0.003819443937209225, 0.026504252718360596, 0.020946586798310005]], "cov": [[[0.025226307693689432, -0.009803717759657339, 0.008488614797365719, -0.08502363128004764, 0.025765729130604566, -0.024936263898260425, -0.012510663142428663, 0.0060565808109291665], [-0.009803717759657339, 0.03686714841365445, -0.01699415781042138, 0.05709321287573728, -0.043544759434717924, 0.000983187787356989, -0.019434705341041157, -0.0029231863523694565], [0.008488614797365719, -0.01699415781042138, 0.021539337385350712, -0.10318534404024263, 0.035277034206743434, -0.014651650083544491, 0.01457656827455836, -0.006673873949486652], [-0.08502363128004764, 0.057093212875737265, -0.10318534404024263, 0.6711885401993988, -0.1828133878193789, 0.14054615108257285, -0.0031619840961536728, 0.026488913000440272], [0.025765729130604566, -0.043544759434717924, 0.035277034206743434, -0.18281338781937886, 0.08500633663336188, -0.01888470819439578, 0.006971261804170854, -0.014642641076263382], [-0.02493626389826042, 0.000983187787356988, -0.014651650083544491, 0.14054615108257285, -0.01888470819439578, 0.05504536559942053, 0.0019553584852458196, -0.014490668405495837], [-0.012510663142428663, -0.019434705341041157, 0.01457656827455836, -0.0031619840961536723, 0.006971261804170855, 0.0019553584852458187, 0.052030189278185056, 0.008453036217347583], [0.0060565808109291665, -0.002923186352369457, -0.006673873949486652, 0.026488913000440272, -0.014642641076263382, -0.014490668405495837, 0.008453036217347583, 0.025277543712780192]], [[0.46456334058412063, 0.12287775606732065, -0.0023913688071318974, -0.27206373743908935, -0.11124797502743895, 0.06421064641096406, -0.05248181944929637, -0.12875769221959646], [0.12287775606732065, 0.17835589999564003, 0.010753730825629347, 0.1191042017393809, 0.30385205850151037, -0.008982192684184567, -0.0731482584338663, -0.06272482041690172], [-0.0023913688071318974, 0.01075373082562935, 0.010744787900045918, -0.049256891168806716, 0.024764483582982673, 0.04345139981536958, -0.015796257714403725, 0.012134632520773594], [-0.27206373743908935, 0.1191042017393809, -0.049256891168806716, 1.1036021352266268, 0.5049269538991927, -0.42794036931087104, 0.06356998961589248, -0.1302729815070483], [-0.111247975027439, 0.30385205850151037, 0.024764483582982673, 0.5049269538991927, 0.9320889284535046, -0.03890339009089941, -0.1796965222718934, -0.003119640263144022], [0.06421064641096406, -0.008982192684184568, 0.04345139981536957, -0.42794036931087104, -0.0389033900908994, 0.3327095767898427, -0.09803984525993495, 0.06960736487212123], [-0.05248181944929637, -0.07314825843386631, -0.015796257714403725, 0.0635699896158925, -0.1796965222718934, -0.09803984525993495, 0.09008300419179259, 0.018081077494267885], [-0.12875769221959646, -0.06272482041690172, 0.012134632520773595, -0.1302729815070483, -0.0031196402631440178, 0.06960736487212123, 0.018081077494267885, 0.23295956527889156]], [[0.14705045571428568, -0.10579705532692463, 0.463986542884175, 0.09919352018653835, 0.14889646799779122, 0.0171764773855883, 0.024842588292966376, 0.050300925188052306], [-0.10579705532692463, 0.19801958742007342, 0.17454459119739402, -0.08800801815303422, -0.19227758059749644, -0.022975512590172303, -0.02157663144785989, -0.04546989286449138], [0.463986542884175, 0.17454459119739402, 5.3507980317947625, 0.32531437895869747, -0.11915372580337165, 0.00043922812872875926, -0.02357749784073156, 0.008849417719076208], [0.09919352018653835, -0.08800801815303422, 0.3253143789586974, 0.13645719055779362, 0.05632355877196546, -0.0006384971256336888, -0.04625745171482611, 0.04070107014871604], [0.14889646799779124, -0.19227758059749644, -0.11915372580337165, 0.05632355877196546, 0.321841955051422, 0.07632486594474021, 0.13713743209623178, 0.04039893925609605], [0.017176477385588296, -0.022975512590172303, 0.0004392281287287594, -0.0006384971256336877, 0.07632486594474021, 0.048721746657862476, 0.07869544380805865, -0.02283921026124848], [0.024842588292966386, -0.021576631447859904, -0.02357749784073156, -0.046257451714826106, 0.13713743209623178, 0.07869544380805865, 0.20617435000367007, -0.03678606080246278], [0.050300925188052306, -0.04546989286449138, 0.008849417719076207, 0.04070107014871604, 0.04039893925609605, -0.022839210261248483, -0.036786060802462786, 0.04760249094184779]]]}