{"weights": [0.49606697844097125, 0.33016577973686534, 0.17376724182216344], "means": [[2.109573534154146, -0.5227389220602827, 0.0366960666109037, 0.021316083715008222, 0.007802731164455662, 0.00029722894448000773, 0.007182808785807284, 0.005536195152696079], [-1.8180787940767704, 3.6091167894861758, -0.0518459973746151, 0.005632746299552295, -0.00010786760012670601, -0.004128558474146631, -0.026369810590976726, -0.02077707547034017], [-4.011867144918554, -2.7144220567971704, -0.04620551681777389, -0.06814550852215842, -0.022177248224412333, 0.004342408151330471, 0.01016465140229392, 0.0072445212176176395]], "cov": [[[0.02539384322965289, 0.009766953252125945, -0.008463760970488864, -0.08528546659098422, -0.025780436506606406, -0.02510671380736944, -0.01266616487653849, 0.006141147951267994], [0.009766953252125949, 0.0373802555271913, -0.01717564855864247, -0.05716717922551781, -0.04402197484281401, -0.0007192799035548491, 0.019808455136972145, 0.002902600584914862], [-0.008463760970488865, -0.01717564855864247, 0.021665991972680026, 0.10346687562732186, 0.0355181350060439, 0.01456649936311014, -0.014763438051344927, 0.006748252293403391], [-0.08528546659098422, -0.05716717922551781, 0.10346687562732187, 0.6732527443930445, 0.18326596073296617, 0.14102346337958613, -0.003087282507393075, 0.026569696566134775], [-0.02578043650660641, -0.044021974842814005, 0.0355181350060439, 0.18326596073296614, 0.08553630553239903, 0.018817211536370584, -0.007437379551218839, 0.014620052242078635], [-0.025106713807369445, -0.0007192799035548521, 0.014566499363110143, 0.14102346337958613, 0.01881721153637059, 0.05530449620492637, 0.002410892231504339, -0.014453162636085292], [-0.012666164876538488, 0.019808455136972148, -0.014763438051344927, -0.003087282507393075, -0.00743737955121884, 0.0024108922315043435, 0.05234834861766061, 0.00818919305708574], [0.006141147951267993, 0.0029026005849148617, 0.006748252293403392, 0.02656969656613477, 0.014620052242078635, -0.014453162636085294, 0.008189193057085742, 0.02525044794084092]], [[0.14499357731077703, 0.10484296539587024, -0.4518866334281726, 0.09832503815130152, -0.14700522725927323, 0.016735004503236416, 0.023996226473018724, 0.050027735434298136], [0.10484296539587025, 0.1966767499780945, 0.17014861769112674, 0.08730111588606725, -0.1896198571815565, 0.02206385684949521, 0.019963635796358684, 0.045247257203993675], [-0.4518866334281726, 0.17014861769112674, 5.2131769640583885, -0.3166751309495792, -0.11611857640719152, -0.0005151218118097605, 0.022750687938977804, -0.008449588996042935], [0.09832503815130152, 0.08730111588606725, -0.3166751309495793, 0.1356397067644337, -0.05553935442584226, -0.0014669044756920513, -0.047437328453823285, 0.04132528357155382], [-0.14700522725927323, -0.18961985718155647, -0.11611857640719152, -0.05553935442584225, 0.31811454422322166, -0.07584732037878489, -0.13597942162557647, -0.039492719272387795], [0.016735004503236423, 0.02206385684949521, -0.0005151218118097604, -0.0014669044756920545, -0.07584732037878489, 0.048607178162420564, 0.07865060738680645, -0.022952911461304567], [0.02399622647301873, 0.01996363579635868, 0.022750687938977804, -0.0474373284538233, -0.13597942162557647, 0.07865060738680645, 0.20690770498604097, -0.03720920005097277], [0.050027735434298136, 0.04524725720399367, -0.008449588996042935, 0.04132528357155382, -0.039492719272387795, -0.02295291146130457, -0.03720920005097277, 0.04754801743365485]], [[0.46715043370997106, -0.12594750467416466, 0.001994218570935135, -0.2717464011281391, 0.10531089571231517, 0.0662295873074901, -0.05467456734405487, -0.12952197403443055], [-0.12594750467416468, 0.18065451398837257, 0.011344711761218497, -0.11452706343494448, 0.3074543147699429, 0.005494472166596133, 0.0754637455406521, 0.06276006448951274], [0.0019942185709351345, 0.011344711761218498, 0.01089113309844688, 0.04967256831779522, 0.026063285352946334, -0.04402514518768779, 0.016296742074932622, -0.012234821445407919], [-0.271746401128139, -0.11452706343494445, 0.04967256831779522, 1.098560987739774, -0.4924162538087884, -0.4276901223359855, 0.06643452608200093, -0.12927396908096705], [0.10531089571231517, 0.30745431476994284, 0.02606328535294633, -0.4924162538087884, 0.9373238901131896, 0.031016793503557263, 0.18419409107968165, 0.0023842239568135056], [0.0662295873074901, 0.005494472166596116, -0.04402514518768779, -0.4276901223359855, 0.03101679350355725, 0.33563578763866087, -0.10060849000079805, 0.07053810638983608], [-0.05467456734405486, 0.07546374554065209, 0.016296742074932622, 0.06643452608200093, 0.18419409107968168, -0.10060849000079806, 0.09219576638877511, 0.017815289358509814], [-0.12952197403443055, 0.06276006448951273, -0.01223482144540792, -0.12927396908096705, 0.002384223956813507, 0.07053810638983608, 0.01781528935850981, 0.23310198287971504]]]}