{"weights": [0.0888888888888889, 0.19444444444444445, 0.32777777777784467, 0.138888888888822, 0.07777777777777779, 0.17222222222222225], "means": [[3.7208996115348816, 0.4621365986770504, -0.38325648590917505, 0.1339713469334279, -0.031003612809262088, -0.08185870876962512, 0.06337077945924197, -0.01746707796383494], [1.0519160847118585, 0.555912691358434, -0.5259137482608656, 0.0021489815856467003, 0.046855723845825585, 0.040198721617149116, -0.020835183163250795, 0.012615022685919382], [-3.9209699509494302, -0.4431365976214542, 0.09577111273722402, 0.021118776743166538, 0.02599301077262914, -0.004097694782628327, 0.009631704356356515, 0.002086121122094764], [-2.6888362463945525, -0.025162621357115226, -0.20390677112655703, -0.08549317082194592, -0.10692849237370185, -0.004781174937722889, -0.018229813747233592, -0.013177204377722176], [-0.7301433867660423, 1.4417575425338933, 1.0683009108739074, -0.012548754425808922, 0.003354685593278349, 0.0009558767016774778, -0.008714975285858979, -0.0007392476274642014], [6.85253819132731, -0.6536003412339925, 0.2912918012292409, -0.037153287153890706, -0.0016526920711547426, 0.008086941145434732, -0.00887795548311691, 0.0017627704334813468]], "covariances": [[[0.1663606286368137, -0.019005279240514684, 0.03035731125607774, -0.008533513890938886, -0.005819616990505462, 0.0004895081042509374, 0.009197928536250208, 0.0004984942556044036], [-0.019005279240514684, 0.0029757868131864416, -0.002120361683183131, -7.837788872732392e-05, 0.001280751678481205, 0.00011585219470839296, -0.0011888986120057012, -0.00016162763255517904], [0.03035731125607774, -0.002120361683183131, 0.008285842223825031, -0.003539342604265567, -0.0003343301392693928, 0.0005571144979367958, 0.001173771312728431, 3.696236704374956e-05], [-0.008533513890938886, -7.837788872732392e-05, -0.003539342604265567, 0.0025683008146393438, -0.0009841745729042366, -0.00046100563421762596, -3.3600485838562194e-05, 0.0004217821672764697], [-0.005819616990505462, 0.001280751678481205, -0.0003343301392693928, -0.0009841745729042366, 0.0023348776852977894, -0.00010856266691337688, -0.0005161184807712812, -0.0008662999240943518], [0.0004895081042509374, 0.00011585219470839296, 0.0005571144979367958, -0.00046100563421762596, -0.00010856266691337688, 0.0008045247583188798, 0.00018814734088103003, -0.00033330444609861766], [0.009197928536250208, -0.0011888986120057012, 0.001173771312728431, -3.3600485838562194e-05, -0.0005161184807712812, 0.00018814734088103003, 0.0009011144225605455, -1.7737121058944563e-05], [0.0004984942556044036, -0.00016162763255517904, 3.696236704374956e-05, 0.0004217821672764697, -0.0008662999240943518, -0.00033330444609861766, -1.7737121058944563e-05, 0.0007938883471392383]], [[0.30277954441976124, 0.0034698551428026265, 0.027927005194681533, 0.027656552010171757, -0.012764395147370633, 0.02004528218923844, -0.010105506645129993, -0.0025128639342490394], [0.0034698551428026265, 0.0011330359659266526, 0.0007451124061712233, 9.337789958895076e-05, -0.0011596978409078172, -0.0007566138386289134, -7.93341286798211e-05, 4.9859566938577354e-05], [0.027927005194681533, 0.0007451124061712233, 0.004542259829107499, 0.002995179302942897, -0.0021164679229020464, 0.0027744886714408034, -0.0014941635342690662, 4.2759074075096475e-05], [0.027656552010171757, 9.337789958895076e-05, 0.002995179302942897, 0.004664443906143233, -0.0023398524542006635, 0.002663853746959934, -0.0013101058940555397, -0.00073392550353364], [-0.012764395147370633, -0.0011596978409078172, -0.0021164679229020464, -0.0023398524542006635, 0.003660800595629961, -0.0006733614572933558, 0.0001674964247652879, 0.0005193088358024183], [0.02004528218923844, -0.0007566138386289134, 0.0027744886714408034, 0.002663853746959934, -0.0006733614572933558, 0.00459520304430368, 0.00016299324004133544, -0.00041508620858776615], [-0.010105506645129993, -7.93341286798211e-05, -0.0014941635342690662, -0.0013101058940555397, 0.0001674964247652879, 0.00016299324004133544, 0.002124362709937285, -4.986367882574213e-05], [-0.0025128639342490394, 4.9859566938577354e-05, 4.2759074075096475e-05, -0.00073392550353364, 0.0005193088358024183, -0.00041508620858776615, -4.986367882574213e-05, 0.0013313978511908834]], [[0.043989476739915226, 0.018156841870420437, -0.015756537009269773, -0.03868346990275288, -0.007465968801581335, -0.0012523029514747575, 0.0003225557456437492, 0.000429887987827118], [0.018156841870420437, 0.009182362012724418, -0.005357331605891076, -0.01632868576322815, -0.002527166562019382, -0.0007905491657530311, 0.001212050093109759, 0.0004347100353371537], [-0.015756537009269773, -0.005357331605891076, 0.007027014897711882, 0.016100789117233557, 0.0014076285945536441, 0.00040461588987115695, 0.00030689863923654656, 0.000359278974213751], [-0.03868346990275288, -0.01632868576322815, 0.016100789117233557, 0.05207578581518247, -0.0014687562863917745, 0.0013349002196802872, -0.0017135017936164272, 0.001079888048357242], [-0.007465968801581335, -0.002527166562019382, 0.0014076285945536441, -0.0014687562863917745, 0.012978557502083918, -0.00039952587881158516, 0.0010751230119842065, -0.0013989823641330386], [-0.0012523029514747575, -0.0007905491657530311, 0.00040461588987115695, 0.0013349002196802872, -0.00039952587881158516, 0.0018181496303574013, 0.0010882541909431587, -0.0002868079491696417], [0.0003225557456437492, 0.001212050093109759, 0.00030689863923654656, -0.0017135017936164272, 0.0010751230119842065, 0.0010882541909431587, 0.0021496986167394696, 0.00031755082679720724], [0.000429887987827118, 0.0004347100353371537, 0.000359278974213751, 0.001079888048357242, -0.0013989823641330386, -0.0002868079491696417, 0.00031755082679720724, 0.003485058733405204]], [[0.031330055725409096, 0.009789906642951646, -0.006466725115217283, 0.004504187837336024, -0.0027140958821480535, -0.0020188245608051257, -0.0012727061376778721, -0.0035011694029497475], [0.009789906642951646, 0.00338884749063877, -0.0017529273285349922, 0.0012902103052882564, -0.0014593390035229409, -0.00018584853164293555, 0.00019684175141270182, -0.0010036833719530406], [-0.006466725115217283, -0.0017529273285349922, 0.0022536921152187376, -0.001377677449079011, 0.00036694718852923607, 0.0008823336477349242, 0.0001137757914793991, 0.0010641617298881411], [0.004504187837336024, 0.0012902103052882564, -0.001377677449079011, 0.0013381379796615872, -0.0007603651775992905, -0.00042850034215543333, -7.34971230840798e-05, -0.0012020766920397454], [-0.0027140958821480535, -0.0014593390035229409, 0.000366947188529236, -0.0007603651775992905, 0.0027801564041007396, -0.001328264607092072, -0.0020016388421993567, 0.0009257363248530465], [-0.0020188245608051257, -0.00018584853164293555, 0.0008823336477349242, -0.00042850034215543333, -0.001328264607092072, 0.0017632769961774435, 0.0018297059569749288, 0.00019751983782881268], [-0.0012727061376778721, 0.00019684175141270182, 0.0001137757914793991, -7.34971230840798e-05, -0.0020016388421993567, 0.0018297059569749288, 0.002865580844327544, 0.00022126391115178998], [-0.0035011694029497475, -0.0010036833719530406, 0.0010641617298881411, -0.0012020766920397454, 0.0009257363248530465, 0.00019751983782881268, 0.00022126391115178998, 0.0026959562013822796]], [[0.27168042287349176, 0.017926395544395464, -0.05217997083987385, 0.014003205648594913, 0.02726829942433331, -0.01191464047051595, 0.0008317469543124446, -0.004603830533661514], [0.017926395544395464, 0.0014269179193662762, -0.0030861859129414893, 0.0010174623856149187, 0.0017738093921002207, -0.0004079181746901473, 0.0002262482407440962, -0.0008764653679640739], [-0.05217997083987385, -0.0030861859129414893, 0.010647991245989634, -0.002541477006915876, -0.0052866218824160404, 0.002614162618817223, -0.0001076560467133408, 7.154151063431624e-05], [0.014003205648594913, 0.0010174623856149187, -0.002541477006915876, 0.0012838816935161993, 0.0007893153060759464, -0.0002972602199694316, 0.00021798919622563644, -0.0007735467834477106], [0.02726829942433331, 