{"weights": [0.11131002249592352, 0.20973628504327774, 0.29411211178721064, 0.12855306484744486, 0.09594107039941856, 0.16034744542672474], "means": [[-3.713496732165947, 0.463079188955226, 0.384446430209806, -0.13394117110802337, -0.030219865090170148, 0.08180021656106129, -0.06296643220585646, 0.017640764168037136], [-1.0581371439721456, 0.5561991169306464, 0.5255816935028206, -0.0027643537239929444, 0.04618996797475631, -0.04010057979897654, 0.020992575892894598, -0.012648965718230714], [3.9186560177612155, -0.4421939936217156, -0.09494904159212868, -0.019188396080716857, 0.025581037109878545, 0.004252736205933866, -0.009538406369476287, -0.0019016139540271647], [2.6914384056880873, -0.026177967405983844, 0.20345295380625875, 0.08590083602522784, -0.10619197565081252, 0.0051789182058263, 0.018852562682289284, 0.012960465935453906], [0.7225034257062325, 1.4423938626496842, -1.0668518130168032, 0.012185714886196096, 0.003632947796136995, -0.0018670867697636684, 0.007473576101720136, 0.0006195182094526723], [-6.852625803036253, -0.6525246471314599, -0.29222533799219136, 0.03770922235311757, -0.0016063889471462174, -0.007931361557059589, 0.008375940094976475, -0.001727212997113044]], "cov": [[[0.22479679243680648, 0.025666825988019216, 0.04105132144825365, -0.01155434414932231, 0.007856762294222877, 0.0006687648208936096, 0.012423515561424896, 0.0006723329829274105], [0.025666825988019212, 0.003953810385087049, 0.002975370950618156, 1.2416804819749747e-05, 0.0016740270469465727, -0.0001402180148063071, 0.0015894828073857903, 0.00020566507736890192], [0.04105132144825365, 0.0029753709506181556, 0.010988084203804371, -0.004618956699016821, 0.0005293712868490934, 0.0007167443902473243, 0.0016281180845420936, 6.485375086506159e-05], [-0.01155434414932231, 1.2416804819749666e-05, -0.0046189566990168214, 0.00329721287242029, 0.0012195071994667462, -0.0005878075919773952, -8.057753568916436e-05, 0.0005324214764272967], [0.007856762294222875, 0.0016740270469465727, 0.0005293712868490935, 0.0012195071994667462, 0.003002972652414927, 0.0001466387725939341, 0.0006775054045193707, 0.001112238197050111], [0.0006687648208936096, -0.00014021801480630712, 0.0007167443902473243, -0.0005878075919773952, 0.00014663877259393407, 0.0010322408421351886, 0.000245215499523796, -0.0004259833060452253], [0.012423515561424896, 0.0015894828073857905, 0.0016281180845420936, -8.05775356891644e-05, 0.0006775054045193708, 0.000245215499523796, 0.0011915923064101668, -2.2561710077168674e-05], [0.0006723329829274105, 0.00020566507736890198, 6.485375086506156e-05, 0.0005324214764272967, 0.001112238197050111, -0.0004259833060452253, -2.2561710077168647e-05, 0.0010201713296002916]], [[0.35160466996598877, -0.004029372064920266, 0.03244377479614276, 0.03212950503320339, 0.014833211491880919, 0.023289716294189557, -0.01173963111525386, -0.002919734748935895], [-0.004029372064920266, 0.0012654220722365622, -0.0008457443257599861, -0.00012298967030654277, -0.0013070326759758867, 0.0008398033060263591, 9.754240866198038e-05, -5.3448803774453774e-05], [0.03244377479614276, -0.0008457443257599861, 0.005186779352325, 0.00347418978287161, 0.002430282844042838, 0.003188675419668001, -0.0017075436653131825, 3.1538749935838434e-05], [0.03212950503320339, -0.0001229896703065428, 0.003474189782871609, 0.005324030129908943, 0.002680587565434763, 0.0030700520500120576, -0.0015003672182918718, -0.0008322975511446981], [0.01483321149188092, -0.0013070326759758869, 0.002430282844042838, 0.002680587565434763, 0.004129763961836573, 0.0007957816095236252, -0.00021025642589294634, -0.0005888928187744822], [0.023289716294189557, 0.0008398033060263592, 0.003188675419668001, 0.0030700520500120576, 0.0007957816095236252, 0.005207912991186671, 0.00015452367546122306, -0.0004750627616717052], [-0.01173963111525386, 9.75424086619804e-05, -0.0017075436653131819, -0.001500367218291872, -0.0002102564258929464, 0.00015452367546122303, 0.0023770707837220554, -5.31542991862881e-05], [-0.002919734748935895, -5.344880377445376e-05, 3.1538749935838495e-05, -0.0008322975511446983, -0.0005888928187744822, -0.0004750627616717053, -5.315429918628811e-05, 0.0014758945980428903]], [[0.04664877091081932, -0.019259812025066558, -0.016702452168227393, -0.04098912086645259, 0.00792327706805809, -0.0013281308430516366, 0.0003453292806234844, 0.0004621023502758037], [-0.01925981202506656, 0.009742712751367752, 0.005677896610117992, 0.017296636415807348, -0.0026750514683802555, 0.0008378467563365263, -0.0012874082639553004, -0.00045733551669431934], [-0.016702452168227393, 0.005677896610117993, 0.007446610109433414, 0.017070864787699855, -0.0014950000638924508, 0.00042755862312960627, 0.0003266620080849227, 0.0003752100633095307], [-0.04098912086645259, 0.01729663641580735, 0.01707086478769985, 0.05522876557208114, 0.0015681303089604105, 0.0014155063560770743, -0.0018135667990646473, 0.001151314570890553], [0.00792327706805809, -0.0026750514683802555, -0.0014950000638924508, 0.0015681303089604113, 0.013809042697543067, 0.0004275041697509403, -0.0011477747243024718, 0.0014823177042030508], [-0.0013281308430516368, 0.0008378467563365263, 0.00042755862312960627, 0.0014155063560770743, 0.0004275041697509403, 0.0019356913399684128, 0.0011614837334246251, -0.0003185298567527845], [0.0003453292806234845, -0.0012874082639553008, 0.0003266620080849228, -0.0018135667990646473, -0.0011477747243024716, 0.0011614837334246251, 0.0022814080015971117, 0.00032262579973718923], [0.00046210235027580347, -0.00045733551669431945, 0.0003752100633095307, 0.0011513145708905532, 0.0014823177042030506, -0.0003185298567527844, 0.0003226257997371893, 0.003709759720260758]], [[0.036104375634772624, -0.011282851470068763, -0.00744888411834879, 0.005186017864587748, 0.003125132363843065, -0.0023249948939619994, -0.0014665121039671028, -0.004024994399378955], [-0.011282851470068763, 0.003907326668599127, 0.002015971150276692, -0.0014833064011876872, -0.0016824700394961417, 0.0002111822875970105, -0.00022976019310226326, 0.0011492592293731675], [-0.007448884118348791, 0.002015971150276692, 0.0026048721061677845, -0.0015937940401850054, -0.0004230140470244646, 0.0010210936565442695, 0.00013034856340720736, 0.0012356592754556592], [0.005186017864587748, -0.001483306401187687, -0.0015937940401850054, 0.0015502998434366738, 0.0008796486247870072, -0.0004970257481257437, -8.567609594299141e-05, -0.0014022511363253126], [0.0031251323638430647, -0.0016824700394961417, -0.0004230140470244645, 0.0008796486247870072, 0.0032143866494186678, 0.0015360232416958156, 0.0023138731858174705, -0.0010756222630696314], [-0.0023249948939619994, 0.00021118228759701044, 0.0010210936565442695, -0.0004970257481257438, 0.0015360232416958156, 0.0020389470740819113, 0.00211587272016281, 0.00023280010260965343], [-0.0014665121039671026, -0.00022976019310226334, 0.00013034856340720736, -8.567609594299142e-05, 0.002313873185817471, 0.00211587272016281, 0.003314511604931404, 0.00026115386760490353], [-0.004024994399378955, 0.0011492592293731675, 0.0012356592754556592, -0.0014022511363253126, -0.0010756222630696314, 0.0002328001026096535, 0.0002611538676049036, 0.0031526389004263617]], [[0.3659905200211441, -0.024149146301204027, -0.07029431791182701, 0.018864295993261875, -0.036738834793254974, -0.016053081424327865, 0.001116584512198032, -0.006210206943131978], [-0.024149146301204027, 0.001921306900586102, 0.004158839241674733, -0.0013752191348178407, 0.0023882267425031686, 0.0005405048492104731, -0.00031006370748049803, 0.0011985111114872291], [-0.07029431791182701, 0.004158839241674733, 0.014336295740577362, -0.0034164341199913895, 0.0071297836736453, 0.003538031580689183, -0.00013182305327504498, 7.850672262000395e-05], [0.01886429599326187, -0.0013752191348178407, -0.0034164341199913895, 0.0017307240319604468, -0.0010702095210134077, -0.00039910275759624147, 0.0002885805521798885, -0.0010652652595004352], [-0.036738834793254974, 0.002388226742503169, 0.0071297836736453, -0.001070209521013408, 