{"weights": [0.12805209802215398, 0.18308398008326035, 0.32774405114845123, 0.1277877895257953, 0.15555077343977475, 0.07778130778056437], "means": [[3.716460061305226, 0.46059929412036715, -0.38702824414186354, 0.1361402950970937, -0.032683165327457964, -0.0804680805712002, 0.06385653134813082, -0.017811995132163493], [1.052352203129355, 0.55628609720594, -0.5222318499537386, 0.0030433077552863654, 0.04484479329199485, 0.04219332411284374, -0.022009718808072662, 0.0123701552295432], [-3.9201722559357792, -0.44307222815729136, 0.09540249322186041, 0.020375600296550955, 0.025389286842472308, -0.003485466088957971, 0.01012322412410519, 0.002597830620249613], [-2.6870144942739187, -0.0248845728802041, -0.20581388499503997, -0.08448938537791924, -0.10740442516481134, -0.0036439993746046895, -0.01598315770982194, -0.01504798855244499], [-0.7326101108432675, 1.4417582163567662, 1.06879566651681, -0.013988351456671367, 0.004721587746694912, 0.001575460716699636, -0.008342769127875758, -0.0011093385529998712], [6.852805851998386, -0.6521155337404544, 0.29287483703171624, -0.03804561269486718, -0.001546261260370518, 0.007869718331362373, -0.008267051444828121, 0.0017996932486326847]], "cov": [[[0.158219460697025, -0.01814302415259876, 0.028725075817420617, -0.008010080909461453, -0.005553113632497794, 0.0004313027718533788, 0.008774219849515603, 0.0004704176636200071], [-0.01814302415259876, 0.0031408761148555417, -0.0015005232211358402, -0.0004898762907789186, 0.0014554049974921856, 0.00018954145527569957, -0.0011978680205927878, -0.00020017458053620595], [0.028725075817420617, -0.0015005232211358407, 0.008860164023053051, -0.004108378188608787, -3.640427181181442e-05, 0.0007085819721595029, 0.0009272013059156596, 1.2014121983422357e-05], [-0.008010080909461453, -0.0004898762907789187, -0.004108378188608787, 0.0032226147799598198, -0.001433879376983641, -0.000594384010825855, 0.00014287339879006882, 0.0005766389050004604], [-0.005553113632497795, 0.0014554049974921854, -3.6404271811814815e-05, -0.0014338793769836408, 0.0030141987778049104, -0.00010974370331319456, -0.0005610048979703067, -0.0011598730359948738], [0.0004313027718533788, 0.00018954145527569948, 0.0007085819721595028, -0.0005943840108258549, -0.00010974370331319459, 0.0009671981232135856, 0.0001999203019640451, -0.0003926902244902729], [0.008774219849515603, -0.0011978680205927878, 0.0009272013059156596, 0.00014287339879006877, -0.0005610048979703068, 0.00019992030196404507, 0.0009743562538509885, -2.1387534695417846e-05], [0.0004704176636200071, -0.00020017458053620595, 1.2014121983422351e-05, 0.0005766389050004604, -0.0011598730359948738, -0.0003926902244902729, -2.1387534695417856e-05, 0.0010100360751625613]], [[0.252004355598667, 0.0028912778846673748, 0.023153738492814862, 0.022928289228047065, -0.010550922098554882, 0.016591437043539624, -0.008388107618523663, -0.002078206929452495], [0.0028912778846673748, 0.0013603294023312085, 0.0007299143355101534, 2.4280348949604703e-05, -0.0013914160993508283, -0.0011336087574864337, -0.000123662055060817, 5.986962590476227e-05], [0.023153738492814865, 0.0007299143355101533, 0.0042845816697085325, 0.002608029863976038, -0.0019866866553112897, 0.0025022266873531585, -0.0014358742727936416, 0.00011499828216617671], [0.02292828922804707, 2.4280348949604748e-05, 0.0026080298639760383, 0.004396338015409555, -0.0022263403481094257, 0.0024259713184717913, -0.0011826574779738022, -0.0007228548670903107], [-0.010550922098554884, -0.0013914160993508283, -0.0019866866553112897, -0.0022263403481094257, 0.004051682907250195, -0.00020201015377130195, 0.00013494341137930535, 0.0005385878785663578], [0.016591437043539627, -0.0011336087574864337, 0.0025022266873531585, 0.002425971318471791, -0.0002020101537713024, 0.005091239587677982, 0.0004761581814415722, -0.00042152225814729626], [-0.008388107618523665, -0.00012366205506081693, -0.0014358742727936416, -0.0011826574779738022, 0.00013494341137930535, 0.0004761581814415722, 0.002313941649359407, -0.00010822563671740139], [-0.0020782069294524954, 5.986962590476227e-05, 0.00011499828216617671, -0.0007228548670903109, 0.0005385878785663578, -0.00042152225814729626, -0.00010822563671740139, 0.0014403144702885566]], [[0.054235294736040836, 0.02245304890288762, -0.019547090277534335, -0.0488918806071219, -0.008731872676277988, -0.0015699108248001011, 0.0005200277832679631, 0.0004590245740606559], [0.022453048902887622, 0.011076447623890434, -0.006883918653273868, -0.020598062542847805, -0.002976679134803726, -0.0009320277460247669, 0.0013643973527503559, 0.0004615687965761352], [-0.01954709027753434, -0.006883918653273868, 0.008522767172353847, 0.020146163138660068, 0.001758542395308607, 0.0005265837599430328, 0.00025526953048425827, 0.0003937580751380471], [-0.04889188060712191, -0.020598062542847802, 0.020146163138660068, 0.06408171988958573, -0.0010923918686352133, 0.001666683660314588, -0.0020278768449272593, 0.0012460970054835228], [-0.008731872676277988, -0.002976679134803726, 0.0017585423953086065, -0.0010923918686352144, 0.01430433031458308, -0.00042323214307676675, 0.00118663753633823, -0.001530210708170908], [-0.0015699108248001011, -0.0009320277460247671, 0.000526583759943033, 0.0016666836603145877, -0.00042323214307676675, 0.001925930343524557, 0.0011413188669700417, -0.00032381983421563763], [0.0005200277832679631, 0.0013643973527503559, 0.0002552695304842581, -0.0020278768449272597, 0.0011866375363382303, 0.0011413188669700417, 0.002281557314271132, 0.00031064660775143753], [0.0004590245740606561, 0.0004615687965761352, 0.000393758075138047, 0.0012460970054835232, -0.001530210708170908, -0.0003238198342156378, 0.0003106466077514374, 0.003699622787210466]], [[0.03170945852089327, 0.009921865409743333, -0.006500927374665171, 0.004500994051397457, -0.0027284997084750327, -0.002005219467817742, -0.0012613195329495362, -0.003419954792125945], [0.009921865409743333, 0.003455193211958978, -0.0017339635271076334, 0.0012525985272965096, -0.0014358170874697392, -0.00020093659305447324, 0.00018004356503067317, -0.0009113743245910779], [-0.006500927374665171, -0.0017339635271076334, 0.0023695089357607764, -0.0014631296928776785, 0.00039440137794103937, 0.0009220789462996182, 9.223097723166715e-05, 0.001211530795585761], [0.004500994051397457, 0.0012525985272965098, -0.0014631296928776785, 0.001483367631197423, -0.0008120108516091564, -0.0004817181472650943, -0.00011423710284388889, -0.0014279275234226649], [-0.0027284997084750327, -0.0014358170874697392, 0.00039440137794103937, -0.0008120108516091564, 0.002751776748909631, -0.0012203874634543115, -0.0018708720112566874, 0.0010113680641564086], [-0.002005219467817742, -0.00020093659305447332, 0.0009220789462996182, -0.0004817181472650943, -0.0012203874634543115, 0.001761685347132898, 0.0017647978062602311, 0.00028724130739186536], [-0.0012613195329495362, 0.00018004356503067314, 9.223097723166712e-05, -0.00011423710284388884, -0.0018708720112566874, 0.0017647978062602311, 0.0028069298773523168, 0.0003226901092397124], [-0.003419954792125945, -0.0009113743245910776, 0.0012115307955857613, -0.0014279275234226649, 0.0010113680641564086, 0.0002872413073918654, 0.0003226901092397124, 0.0033293980618562444]], [[0.23194736610130168, 0.015319344984246542, -0.044522681710794466, 0.011969915593333219, 0.023234370852884437, -0.01013611405400149, 0.0007440908576716748, -0.003929016878110026], [0.01531934498424654, 0.0012857641490722645, -0.002537997119949362, 0.0008879125147072613, 0.001511977764697738, -0.0002562442169658813, 0.00023392214563388786, -0.0008744403804311561], [-0.044522681710794466, -0.0025379971199493622, 0.00926020351261194, -0.0021397863781269454, -0.004513770304967888, 0.0022894839105257617, -9.927014439219974e-05, -0.0001236848872230822], [0.011969915593333219, 0.0008879125147072615, -0.0021397863781269454, 0.001271944879790922, 0.00048695331992498053, -0.00018859635616305133, 0.00021799606226333555, -0.0007793032446130647], [0.023234370852884434, 