,X,Y,Z,id,nugget
0,100.0,0.0,-793.0000000000001,3206946,1e-05
1,300.0,0.0,-788.1328520651901,3206946,1e-05
2,900.0,0.0,-793.0000000000001,3206946,1e-05
3,100.0,0.0,-824.0000000000001,56380046,1e-05
4,300.0,0.0,-819.0091731676404,56380046,1e-05
5,900.0,0.0,-824.0000000000001,56380046,1e-05
6,100.0,0.0,-847.0000000000001,38557063,1e-05
7,300.0,0.0,-839.4421931483779,38557063,1e-05
8,900.0,0.0,-847.0000000000001,38557063,1e-05
