{"weights": [0.10021008105563718, 0.1856001578293254, 0.17923875620896187, 0.5349510049060755], "means": [[1.6973702998667717, 3.542277286851186, -1.4653348029179574, -0.14000509032695435, 0.06491803887966326, 0.014209528417899332, 0.09534067992612213, -0.0030167556737292858], [2.0613044296749647, 3.901104997130739, 3.2148503030105187, 0.18514783304100152, -0.13903731890746854, 0.02929261085285127, 0.025892836964530198, 0.002308997675879279], [3.9636984244737774, -2.769944268241716, -0.03985538524720178, -0.008966699833498192, -0.12464888808733099, 0.03000406342210812, 0.009369778811971123, 0.06335607770058622], [-2.1108672501578547, -0.5192976453309834, 0.04120488276089187, -0.0670934665619812, 0.024640031123095228, -0.004778774368500083, -0.016174564636552948, -0.020915203085224345]], "cov": [[[0.03491996360523832, -0.022717795501446314, 0.0013114111379413532, 0.005995451924595468, 0.053941124116136094, 0.00291133053795153, 0.01310120156050069, 0.016774731730103132], [-0.022717795501446314, 0.042388717968902055, 0.04178172921683187, -0.020054892723213064, -0.04787528615714057, -0.011310092110663706, -0.00981663866728571, -0.0018044904687714634], [0.0013114111379413527, 0.04178172921683187, 0.13268113817794222, -0.04393669287046364, -0.031315363661426024, -0.041546524803601284, -0.031229169511624213, 0.030256548057737535], [0.0059954519245954685, -0.020054892723213067, -0.04393669287046364, 0.06398645543624744, -0.028751388917019394, -0.01291603184220225, -0.06528568466845827, 0.010872670979209798], [0.053941124116136094, -0.04787528615714056, -0.031315363661426024, -0.0287513889170194, 0.17446758198509427, 0.06342660508360966, 0.1269978463280702, -0.011029905303208142], [0.0029113305379515294, -0.011310092110663708, -0.04154652480360128, -0.012916031842202257, 0.06342660508360967, 0.04640725770314655, 0.07850484734670754, -0.027974170104254494], [0.013101201560500689, -0.009816638667285701, -0.031229169511624213, -0.06528568466845827, 0.1269978463280702, 0.07850484734670754, 0.1960818340708917, -0.046731996035935176], [0.016774731730103132, -0.0018044904687714628, 0.030256548057737535, 0.010872670979209798, -0.011029905303208147, -0.027974170104254494, -0.04673199603593519, 0.028511975485389356]], [[0.4194880092506111, -0.6304783143648336, -0.34591103639828596, 0.3797050246794029, 0.6504268816698799, 0.07987303931872522, 0.07978568867754465, 0.20557825377759695], [-0.6304783143648335, 1.010703625312056, 0.3733223919981848, -0.5797075221816466, -0.9828255961122385, -0.11417506956051353, -0.09933453790640819, -0.29508778126563245], [-0.34591103639828596, 0.37332239199818473, 0.9229711206865607, -0.28524386015397424, -0.6364295035828557, -0.08816048911283875, -0.17360060596953997, -0.2456522265193446], [0.37970502467940287, -0.5797075221816466, -0.2852438601539742, 0.3888043173002477, 0.5776264339320473, 0.06999326554326231, 0.044176880709866057, 0.18708699425927983], [0.6504268816698799, -0.9828255961122386, -0.6364295035828557, 0.5776264339320474, 1.0659474962887032, 0.13697527848217173, 0.161766102429792, 0.32607964183922655], [0.07987303931872522, -0.11417506956051353, -0.08816048911283873, 0.06999326554326232, 0.13697527848217173, 0.030205330363856434, 0.02642779914331402, 0.03173092125274731], [0.07978568867754464, -0.09933453790640817, -0.17360060596953997, 0.044176880709866057, 0.16176610242979197, 0.02642779914331402, 0.11640901315963804, 0.05179411176201424], [0.20557825377759695, -0.2950877812656325, -0.2456522265193446, 0.18708699425927985, 0.3260796418392266, 0.03173092125274731, 0.051794111762014254, 0.1201946411716785]], [[0.4885976531568238, 0.16856275501431617, 0.001177120413268505, -0.236464754742847, -0.006444809564441105, 0.07539974366524295, -0.08362368683271858, -0.1441930797104696], [0.16856275501431617, 0.20781947771885284, 0.021229092933970576, 0.03212166320803498, 0.3297823529567345, 0.04664241776000533, -0.09898069903778983, -0.0615107077828739], [0.0011771204132685054, 0.021229092933970576, 0.013393437401176496, -0.05173475798843411, 0.043694113670416826, 0.0499931366974008, -0.021400088533570612, 0.013037027636484216], [-0.236464754742847, 0.03212166320803498, -0.051734757988434105, 0.9060338375747397, 0.24629133851535123, -0.3866122995569507, 0.10390161456951197, -0.10897702576145693], [-0.006444809564441117, 0.3297823529567345, 0.043694113670416826, 0.24629133851535123, 0.926331508481673, 0.09956723777582081, -0.2370811486200525, 0.016853724532663414], [0.07539974366524295, 0.04664241776000533, 0.04999313669740079, -0.3866122995569507, 0.09956723777582079, 0.34941844569731634, -0.13265980310937928, 0.07411830050058779], [-0.08362368683271859, -0.09898069903778983, -0.02140008853357061, 0.10390161456951197, -0.2370811486200525, -0.13265980310937928, 0.11902238025961048, 0.013823902152896953], [-0.14419307971046957, -0.06151070778287389, 0.013037027636484216, -0.10897702576145693, 0.016853724532663407, 0.07411830050058779, 0.013823902152896955, 0.23090150231140064]], [[0.029336786037792623, -0.012122120544055006, 0.013409622570015255, -0.1173591667640837, 0.03412768132946755, -0.03171450648287812, -0.012520371218166007, 0.004673290054163144], [-0.012122120544055006, 0.04085577501276362, -0.02164585583418706, 0.08078835065929209, -0.05215867959571104, 0.004533241572669303, -0.021912395795120235, -0.001420251136537701], [0.013409622570015252, -0.021645855834187055, 0.027825978877579087, -0.14123192109780935, 0.046999350757698795, -0.021997058470625185, 0.015727228299780696, -0.008084485458653451], [-0.11735916676408369, 0.08078835065929207, -0.14123192109780935, 0.9163404966068626, -0.25256383896820045, 0.1916243172096478, -0.004928096393820871, 0.03518029154535566], [0.03412768132946756, -0.05215867959571105, 0.0469993507576988, -0.25256383896820045, 0.10648332455727326, -0.031788009552775796, 0.009439766025935346, -0.017736420755558407], [-0.031714506482878116, 0.004533241572669303, -0.02199705847062519, 0.1916243172096478, -0.03178800955277579, 0.0666064442516089, 0.002755137471824967, -0.012964605317378378], [-0.012520371218166007, -0.021912395795120235, 0.0157272282997807, -0.004928096393820871, 0.009439766025935346, 0.0027551374718249684, 0.05420267071482999, 0.00845225464920429], [0.004673290054163144, -0.0014202511365377002, -0.008084485458653451, 0.03518029154535566, -0.017736420755558403, -0.012964605317378378, 0.008452254649204292, 0.025502677004259296]]]}