{"MAP index": 0, "entropy_prior_gmm": 6.907755278982138e-09, "entropy_MAP_gmm": NaN, "entropy_z_nk_prior": 0.09482914514214456, "entropy_MAP_z_nk": 0.09482916073691279, "entropy_mixing_prior": 81.09822012551359, "entropy_MAP_mixing": 1.3482273516117125}