{"entropy_prior_gmm": 4.6051701859880925e-09, "entropy_Mean_gmm": 0.005171896889805794, "entropy_z_nk_prior": 0.18270892364249625, "entropy_Mean_z_nk": 0.16234658992192336, "entropy_mixing_prior": 85.69175851611257, "entropy_Mean_mixing": 1.0388427421036925}