,X,Y,Z,id,nugget
0,100.0,0.0,-825.0,48928261,1e-05
1,300.0,0.0,-820.9266656547879,48928261,1e-05
2,900.0,0.0,-825.0,48928261,1e-05
3,100.0,0.0,-844.9999999999999,32591755,1e-05
4,300.0,0.0,-837.8041674999037,32591755,1e-05
5,900.0,0.0,-844.9999999999999,32591755,1e-05
