{"weights": [0.4190972218529055, 0.4018097267451788, 0.1790930514019157], "means": [[-2.0554208985731077, -0.5583533275576705, 0.08684667304113741, -0.37877887088576906, 0.11105153390950433, -0.08983940937284883, -0.015293444903943973, -0.007344630735417879], [1.3595855359317282, -0.9942378972325729, 0.2662076968642844, 0.42018050640140103, -0.11262012933683295, 0.09695408643973948, 0.012032878427415844, 0.004434356554948872], [1.7595685214149857, 3.5372605538826054, -0.8004891323867213, -0.056325144370640935, -0.007200312569600742, -0.007290333644398157, 0.00879158999525897, 0.007238397754501418]], "cov": [[[0.016417653375105062, -0.005631625514478981, 0.0021574387234260884, -0.030582817803494138, 0.010136334185948897, -0.010188966375288808, -0.008826921590151462, 0.005747567612744617], [-0.005631625514478981, 0.02706093820242946, -0.011126589619428145, 0.02251028049133718, -0.02432652542830875, -0.002098929220633622, -0.019227510338365554, -0.006208615195128174], [0.0021574387234260884, -0.011126589619428145, 0.014942233326881929, -0.04936583367493227, 0.019630993526890864, -0.001241992462217929, 0.01814597147770159, -0.00595895421600813], [-0.030582817803494138, 0.02251028049133718, -0.04936583367493227, 0.22986686535078446, -0.0683422583113731, 0.026349650129403244, -0.02963759940018394, 0.021480556592585194], [0.010136334185948897, -0.02432652542830875, 0.019630993526890864, -0.0683422583113731, 0.0424008134836904, 0.0035893142624018716, 0.011593098107366232, -0.011186762294386449], [-0.010188966375288808, -0.002098929220633622, -0.001241992462217929, 0.026349650129403244, 0.0035893142624018716, 0.02137266190107469, -0.0043155287092580255, -0.013900757789987048], [-0.008826921590151462, -0.019227510338365554, 0.01814597147770159, -0.02963759940018394, 0.011593098107366232, -0.0043155287092580255, 0.051952788420100794, 0.0075687332843482205], [0.005747567612744617, -0.006208615195128174, -0.00595895421600813, 0.021480556592585194, -0.011186762294386449, -0.013900757789987048, 0.0075687332843482205, 0.024701089102434456]], [[8.735600082713846, -2.5341062970217565, 0.3437667443718795, -1.334487289167247, 0.3390404376677308, -0.30842252280413124, -0.05166612643840452, -0.03926500864826009], [-2.5341062970217565, 4.570058352199614, 1.5409321538292562, 0.3087336784180916, 0.048667084774278564, 0.05732083261802133, 0.009588470825718683, -0.014467349008089941], [0.3437667443718795, 1.5409321538292562, 1.2430919733739225, -0.09586593406211073, 0.03869040648185746, -0.01238057079578507, -0.008595179615073915, 0.008851048420713905], [-1.334487289167247, 0.3087336784180916, -0.09586593406211073, 0.9196501091971669, 0.1590758651248149, -0.09581656625301188, 0.04810630781761954, -0.031399878948465326], [0.3390404376677308, 0.048667084774278564, 0.03869040648185746, 0.1590758651248149, 0.5444955666432998, -0.011635450876865726, -0.06717253849931974, 0.015551452922401607], [-0.30842252280413124, 0.05732083261802133, -0.01238057079578507, -0.09581656625301188, -0.011635450876865726, 0.19609522266177626, -0.03719187856542064, 0.02575346855308774], [-0.05166612643840452, 0.009588470825718683, -0.008595179615073915, 0.04810630781761954, -0.06717253849931974, -0.03719187856542064, 0.07868056880576237, 0.01292666320014591], [-0.03926500864826009, -0.014467349008089941, 0.008851048420713905, -0.031399878948465326, 0.015551452922401607, 0.02575346855308774, 0.01292666320014591, 0.1257082562513169]], [[0.13429545921470037, -0.17826635570939975, 0.23789895204203027, 0.06111999640774362, 0.10596210885335511, 0.0007797106997928448, 0.01083923912829978, 0.013054531443391276], [-0.17826635570939975, 0.5131748926035553, 0.10766183074746999, -0.1037471412061142, -0.13290810139788106, 0.00098169286020318, -0.0007575409902687568, 0.021678363257112792], [0.23789895204203027, 0.10766183074746999, 2.7616339232368063, 0.11153983544316634, -0.09381323492030215, -0.014801151511767611, -0.020220636816332533, -0.0012749850929319535], [0.06111999640774362, -0.1037471412061142, 0.11153983544316634, 0.0987125436688176, 0.007225482689185577, -0.018131145164792563, -0.06297935603429654, 0.009898560598661538], [0.10596210885335511, -0.13290810139788106, -0.09381323492030215, 0.007225482689185577, 0.25191041529120034, 0.06549762003954678, 0.1306559315088998, -0.005631473274879371], [0.0007797106997928448, 0.00098169286020318, -0.014801151511767611, -0.018131145164792563, 0.06549762003954678, 0.05134512512649496, 0.0877732382127332, -0.027706602657096284], [0.01083923912829978, -0.0007575409902687568, -0.020220636816332533, -0.06297935603429654, 0.1306559315088998, 0.0877732382127332, 0.2153244800810188, -0.047159874425055766], [0.013054531443391276, 0.021678363257112792, -0.0012749850929319535, 0.009898560598661538, -0.005631473274879371, -0.027706602657096284, -0.047159874425055766, 0.04077358697622619]]]}