,X,Y,Z,id,nugget
0,100.0,0.0,-825.0,93800210,1e-05
1,300.0,0.0,-819.6748126330807,93800210,1e-05
2,900.0,0.0,-825.0,93800210,1e-05
3,100.0,0.0,-844.9999999999999,46210442,1e-05
4,300.0,0.0,-836.9315459381992,46210442,1e-05
5,900.0,0.0,-844.9999999999999,46210442,1e-05
