{"weights": [0.5089613332483183, 0.20277846045730813, 0.28825686995349464, 3.33634087895122e-06, 1.6410242617875884e-19, 1.8989680002556752e-41], "means": [[-2.0849061749254925, -0.5236082348352851, 0.05498762600210225, -0.1907188789876862, 0.03824789083747695, -0.05287093307157131, -0.020611317677849753, -0.003473802027784956], [2.0756762197918466, -2.0564048495279543, -0.06148896697715012, 0.2590658305037657, -0.20857071293884652, 0.19253004176852703, 0.03270541322906889, 0.07800337172390134], [2.221034650170029, 2.3710765932379507, -0.05381824123755794, 0.15450031972153708, 0.07918983275235772, -0.042085838882834, 0.013386436787853371, -0.04873961705504446], [1.709032270293944, 3.548072408807754, -1.3366793365766334, -0.06411550924850032, -0.018813932238670283, -0.04576561157815761, -0.09650877899765271, 0.04697897340658498], [1.7320872686913158, 3.515427144348066, -1.4526466206397366, -0.04512266560758969, 0.001993878219503522, -0.07399667319281002, -0.1686180429369004, 0.08534471065328482], [1.768390775345027, 3.4895729469017223, -1.458299542960342, -0.02732230219565885, 0.03975573878628192, -0.08669241167649464, -0.20199844294178732, 0.11508214374312266]], "cov": [[[0.01970636411862034, -0.00961051067202546, 0.006894506249318908, -0.059777935703487356, 0.019753608981561758, -0.015927766138902975, -0.007975297121609732, 0.004350930456360146], [-0.00961051067202546, 0.03169204299830363, -0.016604450864052985, 0.05943429519556896, -0.03677002072036304, 0.005770268186112226, -0.01936196503820772, -0.0045263921496889415], [0.006894506249318908, -0.016604450864052985, 0.019415422293233967, -0.08368357927351226, 0.03176673240353057, -0.008822620068216186, 0.016136834851539023, -0.006545845877851695], [-0.059777935703487356, 0.05943429519556896, -0.08368357927351226, 0.47331157843375893, -0.1522352706678148, 0.0748161856279727, -0.020949958083896207, 0.030587925615151494], [0.019753608981561758, -0.03677002072036304, 0.03176673240353057, -0.1522352706678148, 0.07130519043299353, -0.013373770399160802, 0.010358676964109845, -0.014333740738740797], [-0.015927766138902975, 0.005770268186112226, -0.008822620068216186, 0.0748161856279727, -0.013373770399160802, 0.030440054791364392, -0.004355242292767641, -0.01201604524912567], [-0.007975297121609732, -0.01936196503820772, 0.016136834851539023, -0.020949958083896207, 0.010358676964109845, -0.004355242292767641, 0.050298245487624134, 0.009764504221016367], [0.004350930456360146, -0.0045263921496889415, -0.006545845877851695, 0.030587925615151494, -0.014333740738740797, -0.01201604524912567, 0.009764504221016367, 0.024739807998928456]], [[9.078229202401701, -3.0834867670687474, 0.08143619433029821, -2.314972301436098, -0.10825453799273467, -0.4011615533765245, -0.16098670363313428, 0.07939224489270771], [-3.0834867670687474, 1.1840337310516782, -0.01762670302225295, 0.7475252788171433, 0.007067500002361342, 0.16494187383877912, 0.014347584470493994, -0.07990846291821453], [0.08143619433029821, -0.01762670302225295, 0.02333961064395229, -0.07231896184066473, 0.02483269946482386, 0.03123835578960063, -0.008999707316835966, 0.011528177412469361], [-2.314972301436098, 0.7475252788171433, -0.07231896184066473, 1.0787451002215391, 0.050481365254499005, -0.1746174110024562, 0.12750417098250097, -0.02345225872601609], [-0.10825453799273467, 0.007067500002361342, 0.02483269946482386, 0.050481365254499005, 0.42605575454744815, 0.05725754318203119, -0.09283786340525545, 0.09648522751148775], [-0.4011615533765245, 0.16494187383877912, 0.03123835578960063, -0.1746174110024562, 0.05725754318203119, 0.28578135302779156, -0.09040732223083162, 0.013120911835417534], [-0.16098670363313428, 0.014347584470493994, -0.008999707316835966, 0.12750417098250097, -0.09283786340525545, -0.09040732223083162, 0.08409089225064409, -0.005217021974525561], [0.07939224489270771, -0.07990846291821453, 0.011528177412469361, -0.02345225872601609, 0.09648522751148775, 0.013120911835417534, -0.005217021974525561, 0.14649408404584657]], [[0.8668620573902402, -2.005047976073102, 0.3423028265147214, 0.3105414845906458, 0.31073745745715764, -0.07195421567766082, -0.026029880696574456, -0.08196638144569686], [-2.005047976073102, 6.363565265797943, 0.1312649794191637, -0.7986817821626574, -0.3941713970916536, 0.20320743799747312, 0.020613781482887967, 0.28939713948953594], [0.3423028265147214, 0.1312649794191637, 3.9165435747036357, 0.2366663902327151, -0.08203089311779697, 0.004798312081858028, -0.018026067645286876, 0.004536880457062473], [0.3105414845906458, -0.7986817821626574, 0.2366663902327151, 0.4042590962448722, 0.2719382376843421, -0.055651058412779654, -0.06767301780097021, -0.04536514742410598], [0.31073745745715764, -0.3941713970916536, -0.08203089311779697, 0.2719382376843421, 0.5477139411388924, 0.01848564038310154, 0.05214745181137385, -0.02702656553067041], [-0.07195421567766082, 0.20320743799747312, 0.004798312081858028, -0.055651058412779654, 0.01848564038310154, 0.07362104947970889, 0.06549693106178434, -0.0009537311719505995], [-0.026029880696574456, 0.020613781482887967, -0.018026067645286876, -0.06767301780097021, 0.05214745181137385, 0.06549693106178434, 0.1699317127160539, -0.014838692777436923], [-0.08196638144569686, 0.28939713948953594, 0.004536880457062473, -0.04536514742410598, -0.02702656553067041, -0.0009537311719505995, -0.014838692777436923, 0.08319941696179964]], [[0.07459072371759087, -0.05470996238228764, 0.04442204198095107, 0.028178654225500456, 0.10060295707789488, 0.0014726822865158483, 0.0017214654084113262, 0.034987981000766555], [-0.05470996238228764, 0.08673386773284236, 0.062254362160195746, -0.025557794585471947, -0.09560827247368442, -0.008919564833821945, -0.006312944008918423, -0.016673261804071825], [0.04442204198095107, 0.062254362160195746, 0.6615524339292128, 0.0115885508292803, -0.06023332279753118, -0.023289853116704364, -0.02049991821766256, 0.01006864722182119], [0.028178654225500456, -0.025557794585471947, 0.0115885508292803, 0.05748653831085214, -0.0034496476928100187, -0.017704245335381365, -0.05621240467651354, 0.023402557834261217], [0.10060295707789488, -0.09560827247368442, -0.06023332279753118, -0.0034496476928100187, 0.25933896162014985, 0.07017965463008495, 0.11354798935188232, 0.012148715010336156], [0.0014726822865158483, -0.008919564833821945, -0.023289853116704364, -0.017704245335381365, 0.07017965463008495, 0.04972037846676444, 0.07939260955852365, -0.029437673940841756], [0.0017214654084113262, -0.006312944008918423, -0.02049991821766256, -0.05621240467651354, 0.11354798935188232, 0.07939260955852365, 0.1721052947106653, -0.05040629535512346], [0.034987981000766555, -0.016673261804071825, 0.01006864722182119, 0.023402557834261217, 0.012148715010336156, -0.029437673940841756, -0.05040629535512346, 0.039995958566184]], [[0.08467408817846304, -0.06494300596754687, -0.005645969760232164, 0.036144504894288866, 0.1257401635424709, 0.0016749120939685423, -0.006601488620696003, 0.045838169033153506], [-0.06494300596754687, 0.06834683952091224, 0.031762340083025004, -0.028097899693637778, -0.11772843749187659, -0.013178178558489339, -0.008655954461611015, -0.027221278103079182], [-0.005645969760232164, 0.031762340083025004, 0.09272369332470017, -0.00175279867563292, -0.06037273850581385, -0.03139217881718939, -0.03713771134819055, 0.01401343719240435], [0.036144504894288866, -0.028097899693637778, -0.00175279867563292, 0.05224795087880835, 0.01747385502634376, -0.014826294438971887, -0.0452300439740631, 0.028387744667630388], [0.1257401635424709, -0.11772843749187659, -0.06037273850581385, 0.01747385502634376, 0.2985494829053523, 0.07054355839785705, 0.09037663256808577, 0.028722840594453004], [0.0016749120939685423, -0.013178178558489339, -0.03139217881718939, -0.014826294438971887, 0.07054355839785705, 0.0463983284781817, 0.06525040466184354, -0.026402573682791863], [-0.006601488620696003, -0.008655954461611015, -0.03713771134819055, -0.0452300439740631, 0.09037663256808577, 