{"accuracy_init": 0.7751677632331848, "accuracy_final_MAP": 0.6174496412277222, "accuracy_final_mean": 0.7315436005592346}