{"entropy_prior_gmm": 0.0009597588643864824, "entropy_Mean_gmm": 0.005131112411618233, "entropy_z_nk_prior": 0.00127887914225473, "entropy_Mean_z_nk": 0.0008730909954626047, "entropy_mixing_prior": 88.99072030499339, "entropy_Mean_mixing": 1.71354334482203}