{"weights": [0.17114075597335862, 0.16779147936737587, 0.3019992635419985, 0.1241705168855877, 0.15435772020487706, 0.08054026402680227], "means": [[-6.86965182833899, -0.6477757667317918, -0.3071842219626126], [4.105089765315265, -0.5217425767878314, -0.18254179990475994], [3.2281244904276036, -0.20393749575037143, 0.08481824548270352], [-0.6622447937082256, 0.539703906742543, 0.5856698083764499], [-2.983939038443374, 0.47750010128254045, 0.4313451322202385], [0.6805590966563441, 1.4809068246465438, -1.0146319247563915]], "cov": [[[0.005859427514689926, -0.00038688295421178225, 0.0009383180758463153], [-0.00038688295421178225, 0.008124160337235396, -0.0058364153738170495], [0.0009383180758463153, -0.0058364153738170495, 0.005165188194553959]], [[0.00779150942430114, -0.001370020714187256, 0.0006003020890819667], [-0.001370020714187256, 0.0033020503070311014, -0.001414887812792195], [0.0006003020890819667, -0.001414887812792195, 0.0007927656391958802]], [[0.28144890417118634, -0.09156312182223209, -0.0613344095988635], [-0.09156312182223209, 0.030834679588508728, 0.019315297706576525], [-0.0613344095988635, 0.019315297706576525, 0.014163936480821177]], [[0.05207718107434048, -0.004144933880383104, -0.002475144346132314], [-0.004144933880383104, 0.0012443198435586299, -0.0005968283541445652], [-0.002475144346132314, -0.0005968283541445652, 0.0011830236475385723]], [[1.0114687544773275, 0.06212805431983218, 0.04580369251175451], [0.06212805431983218, 0.005519666167737399, 0.00274049901749786], [0.04580369251175451, 0.00274049901749786, 0.006020861008770458]], [[0.25367914753795545, -0.016981154225705397, -0.05158756078032101], [-0.016981154225705397, 0.0019940337944895407, 0.0027215886000027255], [-0.05158756078032101, 0.0027215886000027255, 0.011407415121617862]]]}