{"weights": [0.172221413436022, 0.16667253104744503, 0.2900398967483536, 0.10393485251468289, 0.09473578311155004, 0.17239552314194634], "means": [[3.6010500690468388, 0.47053603526120724, -0.41406574937870344, 0.14577941591524676, -0.030803552237248014, -0.08054853972950454, 0.05827374719620366, -0.01922753283089953], [0.9850583428053428, 0.55327119044498, -0.532765702304357, -0.00787289020269254, 0.05447017189057888, 0.039186864058050955, -0.0158097142512812, 0.014484411632822713], [-3.9402535246528503, -0.45267457462365995, 0.10281515175930307, 0.0467312797648757, 0.025081849239762512, -0.005072652594403257, 0.006458098685832627, 0.0023817901164257752], [-2.684871095801097, -0.022507196732628867, -0.20337367136222217, -0.08604694087308078, -0.11005634236030817, -0.0022369378221901545, -0.015017971378384341, -0.012859883258517286], [-0.8132687171093005, 1.436337281330705, 1.0835003401414247, -0.01575938126512735, -0.008960606670814372, 0.009430125978669036, -0.003770281653180536, 0.0037789076247028274], [6.853491630586391, -0.6468089568204825, 0.297634739406055, -0.04042142995194624, -0.0018606875148849, 0.007473315336979392, -0.005424897229885839, 0.0013568798213559323]], "cov": [[[0.1707888728612651, -0.019562613207467428, 0.031063713364303868, -0.008668170017579208, -0.006028998376248076, 0.0004749870531042815, 0.009461268343639475, 0.0005344586750134291], [-0.01956261320746743, 0.003325313424359478, -0.0017605066297225057, -0.00043358262382826065, 0.0015875035613926063, 0.00016675511041733818, -0.001264194406388498, -0.00023347213760082822], [0.031063713364303868, -0.0017605066297225057, 0.009240796142711356, -0.004273634505269228, 0.00010379147708866149, 0.0006844686102913766, 0.0010576717906979546, -9.469651490161396e-05], [-0.008668170017579208, -0.0004335826238282603, -0.004273634505269228, 0.003330238259295969, -0.0014359416342518616, -0.0006201738410235258, 0.00012270726193271356, 0.000588654892468904], [-0.006028998376248076, 0.001587503561392606, 0.00010379147708866126, -0.0014359416342518616, 0.0027873155256316097, -0.0001026535004837801, -0.0006303383002548119, -0.0009754980552695669], [0.0004749870531042815, 0.00016675511041733818, 0.0006844686102913766, -0.0006201738410235258, -0.00010265350048378002, 0.0011283548658317728, 0.000267609147607596, -0.0005116904593892003], [0.009461268343639475, -0.001264194406388498, 0.0010576717906979546, 0.0001227072619327137, -0.0006303383002548122, 0.00026760914760759605, 0.0010628945958568268, -2.729324372028752e-05], [0.0005344586750134292, -0.00023347213760082825, -9.469651490161396e-05, 0.000588654892468904, -0.0009754980552695669, -0.0005116904593892003, -2.7293243720287544e-05, 0.0009724584700065658]], [[0.3202378780533996, 0.0036661955894956425, 0.029516104848853985, 0.02922955683238832, -0.01347744064334351, 0.021187763498553055, -0.01068056812209158, -0.002654560577285807], [0.0036661955894956425, 0.0011653290656854374, 0.000810928779565505, 7.858149623580337e-05, -0.0011589703611222025, -0.0006639942748515715, -1.5387766903785597e-05, 7.274208138241006e-05], [0.029516104848853985, 0.000810928779565505, 0.004936092790420301, 0.0031769966300881137, -0.0022816660499090334, 0.0030109090261371623, -0.0015989020820859426, 9.908519815823154e-05], [0.02922955683238832, 7.85814962358034e-05, 0.0031769966300881137, 0.005077165105311172, -0.0025370387540228395, 0.0028516008303415257, -0.0014316244589714893, -0.0008528627613875601], [-0.01347744064334351, -0.0011589703611222025, -0.002281666049909033, -0.0025370387540228395, 0.00390109280583565, -0.000935941207142354, 8.949659330998977e-05, 0.0005844445914483564], [0.02118776349855305, -0.0006639942748515714, 0.0030109090261371623, 0.0028516008303415257, -0.000935941207142354, 0.004712124568246025, 0.00013104706112343994, -0.0004343849221492967], [-0.01068056812209158, -1.5387766903785536e-05, -0.0015989020820859426, -0.0014316244589714893, 8.949659330998973e-05, 0.0001310470611234398, 0.002344644120149471, -6.090305809811855e-05], [-0.002654560577285807, 7.274208138241004e-05, 9.908519815823165e-05, -0.0008528627613875602, 0.0005844445914483565, -0.0004343849221492967, -6.090305809811859e-05, 0.0014528201556199454]], [[0.05214862274155735, 0.02156270385081226, -0.018844700113390303, -0.04710531964247202, -0.008110510074598976, -0.0015273403278327315, 0.0004828459675063383, 0.0003617010973722243], [0.021562703850812256, 0.010760956575574038, -0.006532593168056726, -0.019856321980704382, -0.002768792516290898, -0.0008998777670254951, 0.0014128969663735889, 0.00048555233340392794], [-0.018844700113390303, -0.006532593168056726, 0.008297767451788864, 0.019356728676728965, 0.00165473170505532, 0.0005168633948484994, 0.0003300892900873347, 0.0004483521022325616], [-0.04710531964247202, -0.019856321980704382, 0.019356728676728965, 0.06157336212376652, -0.0007048491154720781, 0.0015834799332477313, -0.0019522350749836667, 0.0011130235143382542], [-0.008110510074598976, -0.002768792516290898, 0.00165473170505532, -0.0007048491154720781, 0.013423642797209215, -0.0004224482366889309, 0.001072014246303191, -0.0014187608376412101], [-0.0015273403278327315, -0.0008998777670254951, 0.0005168633948484992, 0.0015834799332477315, -0.0004224482366889309, 0.0019616000028789726, 0.00119099625847019, -0.00030284034132555785], [0.0004828459675063383, 0.0014128969663735886, 0.0003300892900873346, -0.0019522350749836671, 0.0010720142463031908, 0.00119099625847019, 0.002371993195483841, 0.00041037514247005814], [0.0003617010973722246, 0.000485552333403928, 0.0004483521022325615, 0.0011130235143382544, -0.00141876083764121, -0.00030284034132555785, 0.0004103751424700579, 0.0038147470609486]], [[0.037102187858870546, 0.011595364123772073, -0.007671237757459978, 0.005349404197592906, -0.0032373756997374817, -0.0023837494450351594, -0.00148835967251643, -0.004178258974342838], [0.011595364123772075, 0.003990531288021008, -0.0020978036111274903, 0.001541724842961441, -0.0016807604394118935, -0.00026512749206207775, 0.00017961119690025263, -0.0012024863209252634], [-0.007671237757459979, -0.0020978036111274903, 0.0026166815193722865, -0.0016047635375027844, 0.0004545761221985926, 0.0010086283338772463, 0.00013167104082108144, 0.0012441623998361183], [0.005349404197592906, 0.0015417248429614408, -0.0016047635375027844, 0.0015513095422997254, -0.0008849911592194037, -0.0005078663640566344, -0.00010074029161530776, -0.0013728361657636145], [-0.0032373756997374817, -0.0016807604394118935, 0.0004545761221985926, -0.0008849911592194037, 0.0030797658293955188, -0.0014102201741209004, -0.002153308162473422, 0.0010417011877452476], [-0.0023837494450351594, -0.0002651274920620777, 0.0010086283338772463, -0.0005078663640566345, -0.0014102201741209004, 0.001950047636744923, 0.0020002618778248785, 0.00023608395873880373], [-0.00148835967251643, 0.00017961119690025263, 0.00013167104082108133, -0.00010074029161530779, -0.002153308162473422, 0.0020002618778248785, 0.003136746940737809, 0.00026031747202679654], [-0.004178258974342838, -0.0012024863209252634, 0.0012441623998361183, -0.0013728361657636145, 0.0010417011877452476, 0.0002360839587388037, 0.00026031747202679654, 0.003042637185581516]], [[0.2327164140221673, 0.015400265311228978, -0.044629251594209884, 0.012042120910201841, 0.02326449175840515, -0.010086105527338091, 0.0008043782900705904, -0.004022537844354439], [0.015400265311228978, 0.0014343089210453724, -0.002356994650832624, 0.0010067017625842547, 0.001462114890909614, 5.317106828142379e-05, 0.00039131575664081103, -0.0014135544951956753], [-0.04462925159420989, -0.0023569946508326246, 0.00955524594244975, -0.0020023169511637668, -0.004575730286457091, 0.0026389637784179016, 4.5174834108258664e-05, -0.0008129512545560089], [0.012042120910201841, 0.0010067017625842547, -0.0020023169511637663, 0.0014652540659038358, 0.0003125290946485095, 0.00012780208751688208, 0.00040123534587109885, -0.00130125927185374], [0.02326449175840515, 0.001462114890909614, -0.004575730286457091, 