{"weights": [0.17219138210103985, 0.018677253156982918, 0.4480081773191231, 0.12779079054270923, 0.15555108479505025, 0.07778131208509467], "means": [[6.852222206727415, -0.6506460544037989, 0.2929800698336669, -0.038518129808446024, -0.0013240383365691573, 0.007112567597150319, -0.007666541821629821, 0.001783850359854718], [1.0132689053043493, 1.4493996737779506, -0.6983792553847161, 0.11632208718439879, 1.4647840332129383, 0.7277958956067039, 0.08357871137583063, -3.9388234553077996], [-3.517624568925908, -0.30322486096942197, -0.0027132138203191727, -0.01674396287222308, -0.005101218237216019, -0.003894506777304015, 0.004619437572217083, -0.006709545152844703], [-1.8577213347222248, 0.17284232528177454, -0.6107780426275585, -0.0769311952558584, 0.29500029600316374, 0.39261541606664896, 0.10031856287344172, 0.14850141547337306], [2.629588813966678, 0.5152884708435718, -0.4210618606077201, 0.10802661862274986, -0.008722450405855696, 0.018233814075274055, -0.0007693930419620941, -0.0033486659089111415], [8.96070433990825, 2.0065388569189433, -0.8660061095514214, 0.4723991396914669, 1.008746280538386, -0.6900883223973285, -0.17601913712820025, 0.039242407297773514]], "cov": [[[0.0005488949014764227, 0.0003621488302752679, 0.000911786549386624, -0.0003226472047772372, -6.977121978667865e-05, -7.453734952253687e-05, 5.183897285691003e-05, -0.00010217922611083277], [0.0003621488302752679, 0.008268466900388325, 0.006198413341476181, -0.003832042475528434, 0.00030910593642044406, -0.001964753938397488, 0.0037257623663782087, -0.00022113687556224874], [0.000911786549386624, 0.006198413341476181, 0.005662809250532646, -0.0031965502026455794, 0.00020575487867699105, -0.001263623764571097, 0.0026574246843355737, -0.0003103529959574631], [-0.0003226472047772372, -0.003832042475528434, -0.0031965502026455794, 0.0019516073412195868, -0.00022796850661238745, 0.0008745239954466537, -0.0016376831026220103, 0.00012060673389542123], [-6.977121978667865e-05, 0.00030910593642044406, 0.00020575487867699105, -0.00022796850661238745, 0.00016976338955358036, -0.00013626827453388994, 4.929870783713889e-05, 3.131680358933967e-07], [-7.453734952253687e-05, -0.001964753938397488, -0.001263623764571097, 0.0008745239954466537, -0.00013626827453388994, 0.0008133286398521323, -0.00074955596515493, -5.44919177225881e-05], [5.183897285691003e-05, 0.0037257623663782087, 0.0026574246843355737, -0.0016376831026220103, 4.929870783713889e-05, -0.00074955596515493, 0.001822213951371572, -9.803311865927277e-05], [-0.00010217922611083277, -0.00022113687556224874, -0.0003103529959574631, 0.00012060673389542123, 3.131680358933967e-07, -5.44919177225881e-05, -9.803311865927277e-05, 0.00017677117071672346]], [[26.330666076291035, 10.293150479828924, -4.334338121162672, 0.09586672965522333, 8.07010598449515, 3.7623283391223508, 0.602783812403084, -20.462237625155208], [10.293150479828924, 4.0580494815787285, -1.7082450830450753, 0.03079016647904986, 3.1801312092745926, 1.48194625471343, 0.23856086956834047, -8.062730196460715], [-4.334338121162672, -1.7082450830450753, 0.7197898832241555, -0.01848350663121772, -1.3385113357734164, -0.624270704129715, -0.09980839837819261, 3.395043295240996], [0.09586672965522333, 0.03079016647904986, -0.01848350663121772, 0.04637579064629267, 0.0226765723841681, 0.015236411518572397, -0.0032529877726919696, -0.07066646287975753], [8.07010598449515, 3.1801312092745926, -1.3385113357734164, 0.0226765723841681, 2.492978086117954, 1.1610909358743944, 0.1872166102358598, -6.317692535826643], [3.7623283391223508, 1.48194625471343, -0.624270704129715, 0.015236411518572397, 1.1610909358743944, 0.541729643848841, 0.0866279836782282, -2.946048319835268], [0.602783812403084, 0.23856086956834047, -0.09980839837819261, -0.0032529877726919696, 0.1872166102358598, 0.0866279836782282, 0.01463158361432295, -0.47262623588993097], [-20.462237625155208, -8.062730196460715, 3.395043295240996, -0.07066646287975753, -6.317692535826643, -2.946048319835268, -0.47262623588993097, 16.025301068979573]], [[0.35910087472686547, 0.1225477299202909, -0.09051111142844691, -0.05279774042865234, -0.04436133888599288, -0.0018153550790001617, -0.00849276803444652, -0.0032421573883475953], [0.1225477299202909, 0.04315293513183455, -0.03024775204339363, -0.01974489485297182, -0.015507083227123174, -0.0007333253607498985, -0.002003221354909824, -0.0006137719197486745], [-0.09051111142844691, -0.03024775204339363, 0.024514625882468034, 0.01772179254762185, 0.010410255999709928, 0.0006378121624012091, 0.002284030003233785, 0.0011965231845407409], [-0.05279774042865234, -0.01974489485297182, 0.01772179254762185, 0.038573816872060976, 0.0025825268465211383, 0.0008453307967841545, -0.00023421267044655878, 0.00012908273948283945], [-0.04436133888599288, -0.015507083227123174, 0.010410255999709928, 0.0025825268465211383, 0.013698835483506195, -0.00068685539039418, 0.0007783846440669877, 1.738163681633774e-05], [-0.0018153550790001617, -0.0007333253607498985, 0.0006378121624012091, 0.0008453307967841545, -0.00068685539039418, 0.0018668166490712539, 0.0013678005505787384, -0.00010845565453078255], [-0.00849276803444652, -0.002003221354909824, 0.002284030003233785, -0.00023421267044655878, 0.0007783846440669877, 0.0013678005505787384, 0.0025469135605272705, 0.0005221570700953971], [-0.0032421573883475953, -0.0006137719197486745, 0.0011965231845407409, 0.00012908273948283945, 1.738163681633774e-05, -0.00010845565453078255, 0.0005221570700953971, 0.003035902601256622]], [[6.543534871443964, 0.9795098284273733, 0.10810186712355013, 0.09844525218772256, -0.5874544468264322, -0.993416644893284, -0.27039996882651507, -0.34008886515785197], [0.9795098284273733, 0.1476763377369891, 0.016964253657487393, 0.014829595193582, -0.08982126410618553, -0.14916029905894734, -0.040221348932698006, -0.051047571309066675], [0.10810186712355013, 0.016964253657487393, 0.002642889653940023, 0.0019464987284283546, -0.011386802463298023, -0.016747361617934015, -0.004414895054393437, -0.005655493978106738], [0.09844525218772256, 0.014829595193582, 0.0019464987284283546, 0.002581255348614789, -0.009608549571511497, -0.014616896757397699, -0.00426164238324812, -0.005683116309214984], [-0.5874544468264322, -0.08982126410618553, -0.011386802463298023, -0.009608549571511497, 0.05707527765602463, 0.08979414266868549, 0.02387322905837605, 0.03137637070483056], [-0.993416644893284, -0.14916029905894734, -0.016747361617934015, -0.014616896757397699, 0.08979414266868549, 0.15298409906787128, 0.042335516937462, 0.05121660245427643], [-0.27039996882651507, -0.040221348932698006, -0.004414895054393437, -0.00426164238324812, 0.02387322905837605, 0.042335516937462, 0.012635670470413361, 0.013906623084858667], [-0.34008886515785197, -0.051047571309066675, -0.005655493978106738, -0.005683116309214984, 0.03137637070483056, 0.05121660245427643, 0.013906623084858667, 0.019469173215786756]], [[1.1414869033616792, -0.06019838115576803, 0.048483243109194586, 0.021050516131224505, -0.025621354826562026, -0.09517290797398142, 0.06845753671286581, -0.013437254568389132], [-0.06019838115576803, 0.004317137126642328, -0.002487132286825488, -0.0013955898026471205, 0.0018245801513506181, 0.004648540754995003, -0.003536091412275934, 0.0006649968078641452], [0.048483243109194586, -0.002487132286825488, 0.006598653959381343, -0.001802673413987898, -0.0004574968399675963, -0.002609973016222873, 0.0023010801191839336, -0.00011373363990488025], [0.021050516131224505, -0.0013955898026471205, -0.001802673413987898, 0.0031601602030304258, -0.0017259634841818717, -0.0030826573854244596, 0.0016710039991944161, -0.000313762222378146], [-0.025621354826562026, 0.0018245801513506181, -0.0004574968399675963, -0.0017259634841818717, 0.0023411816183237476, 0.0021673706285917915, -0.0018144718569204049, -0.0002141853570394709], [-0.09517290797398142, 0.004648540754995003, -0.002609973016222873, -0.0030826573854244596, 0.0021673706285917915, 0.009853812191856676, -0.00534846711219988,