{"weights": [0.15340934830909628, 0.10487078054532117, 0.3419210392577304, 0.16178106787254648, 0.13411731421206774, 0.10390044980323777], "means": [[3.801359893029346, 0.4256869025993728, -0.4189805365025302, 0.16380825696206797, -0.04652106819546584, 0.0068903120311146005, 0.10842794734290273, 0.001808280033936091], [-0.5657642010779528, 1.4978940512167989, 0.9996895546188852, -0.008679567355493368, 0.02697371876569774, 0.017371455679792026, 0.00013552661966054902, -0.011749339542644795], [-3.907422019193631, -0.44857296527877566, 0.10507214676971759, 0.06280997118007317, 0.01285609398099587, 0.00452411857489764, 0.0019384999453418309, -0.0025229141247138207], [1.0267645245094388, 0.541318954485547, -0.534886346119825, -0.010663671126382375, 0.044803091923867056, -0.011175405427368716, -0.05082757700017219, 0.01223625695835758], [-2.64151427626838, -0.006952170057654012, -0.20453691938377738, -0.10182676400946152, -0.10650549213603608, 0.014847735898414448, -0.008723524016206498, -0.026612924152934654], [6.8721374037967795, -0.6374909054803655, 0.3134757974675414, -0.04423039803271578, -0.006247376362694883, -0.004931162845068368, -0.006177033478602671, -0.0007106199214113987]], "cov": [[[0.19497254459002575, -0.026092297070895786, 0.031122277920884754, -0.005135135131647654, -0.007896301854139054, -0.000580290572884331, 0.006860427178758657, 0.00414793179519745], [-0.026092297070895786, 0.004740872407234908, -0.0021908539056698234, -0.000971742400533114, 0.001502374573908367, -0.0001042861011717514, -0.0012340847951380915, -0.0005640296255744867], [0.031122277920884754, -0.0021908539056698234, 0.009072262362540136, -0.0043899389801951814, -0.00045807444685735217, -0.00019518777166902549, -0.00017184041120166542, 0.0010402801514924642], [-0.005135135131647654, -0.000971742400533114, -0.004389938980195182, 0.003887674205197185, -0.0011875169894279953, 0.0002755862641454414, 0.0010783650360264728, -0.00025843216040652916], [-0.007896301854139054, 0.0015023745739083667, -0.0004580744468573523, -0.0011875169894279953, 0.002060488413435627, 4.650514071526566e-05, -0.0005475220821699192, -0.00039669238720344067], [-0.000580290572884331, -0.0001042861011717514, -0.00019518777166902549, 0.00027558626414544133, 4.650514071526566e-05, 0.0016740912093298713, -0.00012370497111644776, 0.00010919029844711017], [0.006860427178758657, -0.0012340847951380913, -0.00017184041120166517, 0.0010783650360264726, -0.0005475220821699192, -0.00012370497111644776, 0.000967161529898904, -0.00014010619477174238], [0.00414793179519745, -0.0005640296255744867, 0.0010402801514924642, -0.00025843216040652916, -0.00039669238720344067, 0.00010919029844711015, -0.00014010619477174238, 0.0009282970182276235]], [[0.39409834684246053, 0.02702659769492976, -0.07987623196251703, 0.011311222675099824, 0.05877689312198469, 0.0058726139088912405, 0.01801181206884098, -0.017084599232862152], [0.02702659769492976, 0.002618734961519187, -0.00475074103295709, 0.0005893726294004752, 0.004195444866761214, 0.0003457248902056694, 0.0014322752152333004, -0.001341341073156964], [-0.07987623196251703, -0.00475074103295709, 0.01714757971610089, -0.0023054102383805726, -0.01192040348782205, -0.0007950547327756861, -0.0036116553829491772, 0.003347149222656145], [0.011311222675099824, 0.0005893726294004752, -0.0023054102383805726, 0.0010775685928036364, 0.0008092401925848573, -0.00010684729214364315, 0.00046438119855864743, -0.0006269031933812578], [0.05877689312198469, 0.004195444866761214, -0.01192040348782205, 0.0008092401925848573, 0.010907146858190461, 0.002574340179097134, 0.002550756705266526, -0.0034275560267925985], [0.0058726139088912405, 0.0003457248902056694, -0.0007950547327756863, -0.00010684729214364311, 0.0025743401790971334, 0.006599232836654526, -0.0007840391022150362, 9.273791086124459e-05], [0.01801181206884098, 0.0014322752152333004, -0.0036116553829491772, 0.0004643811985586473, 0.002550756705266526, -0.0007840391022150363, 0.001087070940205794, -0.0010016643590714171], [-0.017084599232862152, -0.001341341073156964, 0.0033471492226561455, -0.0006269031933812579, -0.0034275560267925985, 9.273791086124452e-05, -0.0010016643590714171, 0.003001709428685167]], [[0.050067486015327976, 0.021356327958684047, -0.017879289418201057, -0.04429149154617324, -0.010916286349860362, 0.001918273669762028, 0.0010490584797862128, -0.00035200664618792465], [0.021356327958684047, 0.011282285158968074, -0.00634334851803349, -0.020822708466753527, -0.003248269681233289, 0.0006592159442016571, 0.0016044586422849878, 0.00044638888761558247], [-0.017879289418201057, -0.00634334851803349, 0.007974886644317959, 0.0184833306081387, 0.002548574863778016, -0.0004066302916779956, -0.0002168299799511146, 0.0004583467240667332], [-0.044291491546173234, -0.020822708466753524, 0.018483330608138695, 0.06598872682223124, -0.0032028946126752863, 0.0002366892789201648, -0.004144823172863951, 0.0003215055895462527], [-0.010916286349860362, -0.0032482696812332883, 0.002548574863778016, -0.0032028946126752863, 0.018009003427268744, -0.0004380972998616397, 0.0022733236814638596, -0.0010340287140492184], [0.001918273669762028, 0.0006592159442016571, -0.0004066302916779956, 0.0002366892789201648, -0.00043809729986163967, 0.004901737457653355, -0.0006683327325900215, -2.2375706830744903e-05], [0.0010490584797862128, 0.0016044586422849878, -0.00021682997995111465, -0.004144823172863951, 0.0022733236814638596, -0.0006683327325900215, 0.0011433082426450328, -8.531422831996973e-05], [-0.00035200664618792454, 0.00044638888761558247, 0.00045834672406673316, 0.0003215055895462529, -0.0010340287140492184, -2.2375706830744964e-05, -8.531422831996965e-05, 0.0036261545718036933]], [[0.5059620691604997, 0.00027541215266070596, 0.03759176195961937, 0.04233919311250339, -0.006396579488311402, -0.006084025077104582, -0.025451218610253706, -0.013440839193278771], [0.000275412152660706, 0.0012362958871103098, 0.00040808401248297154, 0.00020798687899544475, -0.0013991568745943515, 8.367486137490997e-05, 0.0006486181419690323, 2.2532498532056827e-05], [0.03759176195961937, 0.00040808401248297165, 0.004711630179085651, 0.003299776465282362, -0.001458591108233788, -0.0010423456465015577, -0.0028642479865705504, -0.0010212807566541075], [0.0423391931125034, 0.00020798687899544477, 0.003299776465282362, 0.006138586959476275, -0.0020751249066881523, -0.0011182735175894977, -0.0021482326845230788, -0.0016187735007108643], [-0.006396579488311403, -0.0013991568745943517, -0.001458591108233788, -0.0020751249066881527, 0.0034098295901788447, 0.0006962324686324026, -0.0001775732493585229, 0.00021408626499715348], [-0.006084025077104583, 8.367486137490986e-05, -0.0010423456465015574, -0.0011182735175894979, 0.0006962324686324024, 0.0029989247503097944, 0.0005119086099998389, 0.0001787718035503095], [-0.02545121861025371, 0.0006486181419690323, -0.002864247986570551, -0.0021482326845230788, -0.00017757324935852283, 0.0005119086099998388, 0.0028096033190543094, 0.0005175820626780769], [-0.013440839193278773, 2.2532498532056837e-05, -0.0010212807566541077, -0.0016187735007108643, 0.00021408626499715348, 0.0001787718035503095, 0.0005175820626780771, 0.002270550809375765]], [[0.03372817819467548, 0.01020100282184436, -0.006810798144140694, 0.0036535381350471796, -0.0018179461604818804, 0.0032425881193153807, -0.00020603950616528027, -0.00024931956928571423], [0.01020100282184436, 0.003543429494112972, -0.00167270191824048, 0.0007792523893523296, -0.0008774594811454006, 0.0006460872986069118, 0.0001637474009213296, -0.00024341019305580976], [-0.006810798144140694, -0.00167270191824048, 0.002252970383657162, -0.0011165119153159185, 0.0002653767257075451, -0.0006740724696633114, -0.00026537875327924034, -0.0001263271546004999], [0.003653538135047179, 0.0007792523893523294, -0.0011165119153159185, 0.0018183704632168676, -0.001022670928714192, 0.0004277177744289545, 4.495664785836879e-05, -0.00039599172499669457], [-0.0018179461604818804, -0.0008774594811454006, 