,X,Y,Z,id,nugget
0,100.0,0.0,-825.0,27240950,1e-05
1,300.0,0.0,-827.889691106467,27240950,1e-05
2,900.0,0.0,-825.0,27240950,1e-05
3,100.0,0.0,-844.9999999999999,39156418,1e-05
4,300.0,0.0,-842.6412197925243,39156418,1e-05
5,900.0,0.0,-844.9999999999999,39156418,1e-05
