{"weights": [0.04225213329948184, 0.12951372977865058, 0.3090407764559629, 0.2842900007517086, 0.15436308363008414, 0.08054027608411193], "means": [[3.8156183422252075, 0.41991145310333317, -0.41883511376246285, 0.17464622669922478, -0.06245786924447457, 0.03173458993909339, 0.10985470687321611, 0.008936198468980729], [-0.7205326644606092, 1.4865579664152604, 1.030053178459807, -0.015093620865360865, -0.003939010010321129, 0.0024023482055132656, -0.006597510724163451, 0.015182637137065729], [-3.923847731157065, -0.44968662239733853, 0.10938185608695167, 0.05286212906124898, 0.015419302540592669, 0.0042479673575040195, 0.005815080750681953, 0.01129337892392243], [1.1597955324515867, 0.5344952773962236, -0.5337007293809486, 0.005806381168950937, 0.048484852553013866, -0.019065702853351123, -0.051369058230052625, 0.0009219356570318278], [-2.647324677244521, -0.017625287033044147, -0.21180068335868835, -0.09401418449132737, -0.11016659476809425, 0.01728092607541394, -0.01019880032884584, -0.021539733267162825], [6.866651488394155, -0.6444812704298926, 0.31007741276929496, -0.04440638074731875, -0.0008236819128123406, -0.006571289375262802, -0.014107581889109714, 0.00332949871104367]], "cov": [[[0.33666568002751646, -0.04490007784511468, 0.05412418683871646, -0.009220497189938929, -0.013551421692866744, -0.0009850682245695019, 0.01169463341719093, 0.0072311785416099995], [-0.044900077845114676, 0.006951887058933272, -0.005719328940557661, 2.3349534399751142e-05, 0.0020636588304500277, -0.00011049872927412247, -0.0017807419199430006, -0.0008179218041677424], [0.05412418683871646, -0.005719328940557661, 0.011869206871222076, -0.0040771812956482195, -0.001825728914891676, -0.00036167856802335783, 0.0009057305453728761, 0.0015566098151273949], [-0.009220497189938927, 2.33495343997513e-05, -0.0040771812956482195, 0.003113765848846827, -0.0007489482070113549, 0.00015719700944379647, 0.000616299685239937, -0.0002155752456141985], [-0.013551421692866744, 0.002063658830450028, -0.001825728914891676, -0.0007489482070113548, 0.0026341551570382253, 0.00045142893268190504, -0.0005899333880620151, -0.0006916842369213644], [-0.0009850682245695016, -0.0001104987292741225, -0.00036167856802335783, 0.00015719700944379642, 0.0004514289326819052, 0.001670387682664103, -0.0001443794984860086, 1.0297469739406464e-05], [0.011694633417190929, -0.0017807419199430006, 0.0009057305453728762, 0.0006162996852399369, -0.0005899333880620151, -0.0001443794984860086, 0.0009882452540668596, 0.00012887642916915794], [0.0072311785416099995, -0.0008179218041677424, 0.0015566098151273949, -0.0002155752456141985, -0.0006916842369213643, 1.0297469739406513e-05, 0.00012887642916915794, 0.0008934355570636846]], [[0.15055622869219687, 0.010326062214514261, -0.03044401801513229, 0.004455949416804223, 0.022070316325118966, 0.0021475634656992447, 0.006862814522045654, -0.006228175851109418], [0.010326062214514261, 0.0016549272647040192, -0.0012467966052629128, -0.00010575187524725396, 0.0019890636519668877, -2.420662013470736e-05, 0.0007410891569721006, -0.0007094690765993291], [-0.03044401801513229, -0.0012467966052629128, 0.007221097051857445, -0.000981390389422724, -0.0043601061234100165, -2.5234547410412907e-05, -0.0013165339674859084, 0.0010534947650421235], [0.004455949416804224, -0.00010575187524725398, -0.000981390389422724, 0.001447679337179462, -0.0008154116599786305, -5.122391384104648e-05, 4.909980958471563e-05, -0.0004756008500273131], [0.02207031632511897, 0.001989063651966888, -0.004360106123410017, -0.0008154116599786305, 0.006484838397952192, 0.0019351419183652914, 0.0010319542776064403, -0.0024804517319946037], [0.0021475634656992447, -2.4206620134707354e-05, -2.5234547410412893e-05, -5.122391384104651e-05, 0.0019351419183652918, 0.00747059108270209, -0.0011507780209099694, 0.0004408385210650052], [0.006862814522045654, 0.0007410891569721006, -0.0013165339674859082, 4.9099809584715624e-05, 0.0010319542776064405, -0.0011507780209099694, 0.0006400849715331746, -0.000650864141732137], [-0.006228175851109418, -0.0007094690765993291, 0.0010534947650421235, -0.0004756008500273132, -0.0024804517319946037, 0.00044083852106500525, -0.000650864141732137, 0.004308584583732033]], [[0.04537044813244109, 0.01949932921658601, -0.016402569913672154, -0.04211958601731083, -0.008852989457337278, 0.0014455096248484917, 0.0012016555849375125, -0.00027029059553104084], [0.019499329216586005, 0.010289605393788885, -0.005888534209459696, -0.019594558090755682, -0.0027474741340068145, 0.00046839134753729166, 0.0015275999594863074, 0.0003620891067602592], [-0.016402569913672154, -0.005888534209459696, 0.0073344888811611945, 0.017267911840072668, 0.00216989276956392, -0.0003574666075989294, -0.00027631010212468175, 0.00035038058964056415], [-0.04211958601731083, -0.019594558090755686, 0.01726791184007267, 0.05984409210467634, -0.001483668317607896, -0.00012919637785753992, -0.0035614265441202947, 0.00033053458977615874], [-0.008852989457337278, -0.002747474134006815, 0.0021698927695639205, -0.0014836683176078958, 0.013615605372200367, -0.00048239173727974185, 0.0016659821065867738, -0.0006949289243991766], [0.0014455096248484913, 0.0004683913475372918, -0.0003574666075989295, -0.0001291963778575398, -0.00048239173727974174, 0.00394639973681454, -0.0005419924723989449, 7.5762115695880504e-06], [0.0012016555849375127, 0.0015275999594863074, -0.0002763101021246817, -0.0035614265441202943, 0.0016659821065867738, -0.0005419924723989449, 0.001002786405164775, -7.72151173985737e-05], [-0.0002702905955310409, 0.00036208910676025906, 0.0003503805896405641, 0.0003305345897761585, -0.0006949289243991766, 7.5762115695882774e-06, -7.721511739857376e-05, 0.003131091643026794]], [[0.2963525640322872, 0.00015625933000455955, 0.021907724911873247, 0.02468376212996118, -0.003650729805000618, -0.0034552700523146525, -0.01483631564062346, -0.007832522792522736], [0.00015625933000455955, 0.0013993285880100157, 0.00041394542775492147, 0.00019284240044562868, -0.0015810416978266249, 0.000346466462858038, 0.0006764567671674311, 0.00022733021468048742], [0.02190772491187325, 0.0004139454277549216, 0.003897522048979172, 0.0018240570959568419, -0.0013415552189669463, -0.0009381936671894155, -0.00231529286272384, -0.00022464092586258754], [0.02468376212996118, 0.00019284240044562873, 0.0018240570959568419, 0.0047890663601301165, -0.0018299515547112724, -0.0011517529301873835, -0.0010424823072155104, -0.0015984999680172072], [-0.003650729805000618, -0.0015810416978266249, -0.0013415552189669463, -0.0018299515547112728, 0.0036376969435384337, 0.0005170029303931577, -0.0003845872507649938, 6.187138981767943e-05], [-0.0034552700523146525, 0.00034646646285803806, -0.0009381936671894155, -0.0011517529301873835, 0.0005170029303931577, 0.003387476565847906, 0.0006564955347603354, 0.00018919488077510444], [-0.01483631564062346, 0.000676456767167431, -0.0023152928627238395, -0.0010424823072155102, -0.0003845872507649938, 0.0006564955347603352, 0.0025001538535550823, 0.000171142508579599], [-0.007832522792522735, 0.00022733021468048737, -0.0002246409258625875, -0.0015984999680172072, 6.187138981767944e-05, 0.0001891948807751044, 0.000171142508579599, 0.0020455663967213723]], [[0.05632581012668008, 0.017042666204146174, -0.011440735252801476, 0.006184802001411427, -0.003130648886552258, 0.0054961053893798455, -0.0002904112117347705, -0.0004111531629364443], [0.017042666204146174, 0.00565229452972244, -0.003027577534672169, 0.0015928014701428602, -0.0013908793720467819, 0.0011693048896126242, 0.00016402846418338084, -0.00029337776948214125], [-0.011440735252801478, -0.0030275775346721694, 0.0032465904110047083, -0.0016424654317978833, 0.00046485941800708704, -0.0010993356021628024, -0.0002470760739480704, -4.976970229258307e-05], [0.006184802001411427, 0.0015928014701428602, -0.0016424654317978833, 0.0022354533970051524, -0.0013272573612227324, 0.0006247785979975554, 0.00015279490082733088, -0.0007210975080214901], [-0.0031306488865522585, 