,X,Y,Z,id,nugget
0,100.0,0.0,-793.0000000000001,13026409,1e-05
1,300.0,0.0,-788.6875544989899,13026409,1e-05
2,900.0,0.0,-793.0000000000001,13026409,1e-05
3,100.0,0.0,-824.0000000000001,54307999,1e-05
4,300.0,0.0,-817.8793264931315,54307999,1e-05
5,900.0,0.0,-824.0000000000001,54307999,1e-05
6,100.0,0.0,-847.0000000000001,1422827,1e-05
7,300.0,0.0,-851.318591704006,1422827,1e-05
8,900.0,0.0,-847.0000000000001,1422827,1e-05
