{"weights": [0.2576781531309538, 0.29388123640363784, 0.23588070968061, 0.21255990078479833], "means": [[-1.9985090186025187, -0.5995529436080368, 0.14560277184728326, -0.6546516175095136, 0.2057419524412873, -0.12197430445419798, 0.008657859714458342, -0.022246381478344873], [-2.181267649493017, -0.4442130682102163, -0.05215023519198975, 0.4379137857361746, -0.16510231236429976, 0.06677083646691552, -0.03424812030559602, 0.014063944322875933], [3.29897930420156, -2.0490187930082246, 0.21968803220595431, 0.2133374309536358, 0.0034714964604344793, 0.05033250683620512, 0.01490369728455499, 0.0026153515817952527], [1.7775703027597094, 3.614800275744462, -0.34819759707830866, -0.0485858791943034, -0.024998100135678786, -0.0003060309479814478, 0.020316362259911347, 0.0046215968113586005]], "cov": [[[0.011187566465689247, -0.0030988447521023053, -0.007073082360396734, 0.010032447836431447, -0.0015216759642121913, -0.005984729431132671, -0.0144843356421883, 0.011207698953924115], [-0.0030988447521023053, 0.0276445286384935, -0.008033914130909914, 0.004695115128816655, -0.02130116921945957, -0.006170474284468261, -0.0183765752197567, -0.0072909359196201805], [-0.007073082360396734, -0.008033914130909914, 0.008985953059330443, -0.011518855384589636, 0.010206908655291317, 0.007373780132163796, 0.01762097647573358, -0.0068318691723722345], [0.010032447836431447, 0.004695115128816655, -0.011518855384589636, 0.020322274739869705, -0.011519263136759073, -0.011335897991008323, -0.017653713350362185, 0.014601320985499332], [-0.0015216759642121913, -0.02130116921945957, 0.010206908655291317, -0.011519263136759073, 0.028835940887684142, 0.014481826482887906, 0.011457645510396932, -0.009582439693757107], [-0.005984729431132671, -0.006170474284468261, 0.007373780132163796, -0.011335897991008323, 0.014481826482887906, 0.016533773322361865, 0.0035353348770390397, -0.01688470189623216], [-0.0144843356421883, -0.0183765752197567, 0.01762097647573358, -0.017653713350362185, 0.011457645510396932, 0.0035353348770390397, 0.050777071844680624, 0.001637806509521919], [0.011207698953924115, -0.0072909359196201805, -0.0068318691723722345, 0.014601320985499332, -0.009582439693757107, -0.01688470189623216, 0.001637806509521919, 0.02727291511397568]], [[0.08998479577200541, -0.0287255296698826, 0.005596604770291558, -0.06896792592032876, 0.02304305854269885, -0.01761665779400313, -0.012132562760307311, 0.008515446354227912], [-0.0287255296698826, 0.037845569025624186, -0.013405366512615244, 0.05072280858369305, -0.03620143943560045, 0.0038453655118749204, -0.016591630100148, -0.004993033222391157], [0.005596604770291558, -0.013405366512615244, 0.01418754984782513, -0.07790067110458541, 0.02600868749003153, -0.013322364679588222, 0.008649329669269765, -0.003296139479255481], [-0.06896792592032876, 0.05072280858369305, -0.07790067110458541, 0.5867635908160946, -0.15561656319640924, 0.1268457706269678, 0.01692596151380899, 0.02664150296312983], [0.02304305854269885, -0.03620143943560045, 0.02600868749003153, -0.15561656319640924, 0.07079109553504044, -0.020358080991672557, -0.0011970913877498573, -0.011101001287717124], [-0.01761665779400313, 0.0038453655118749204, -0.013322364679588222, 0.1268457706269678, -0.020358080991672557, 0.04903686922773696, -0.001140153301166366, -0.012675353477768412], [-0.012132562760307311, -0.016591630100148, 0.008649329669269765, 0.01692596151380899, -0.0011970913877498573, -0.001140153301166366, 0.04922628265737655, 0.016239172541331125], [0.008515446354227912, -0.004993033222391157, -0.003296139479255481, 0.02664150296312983, -0.011101001287717124, -0.012675353477768412, 0.016239172541331125, 0.0245187396613636]], [[3.7831943674770407, -1.4384840558143324, -0.2765229440972402, -0.8332504420251826, -0.07056434057465201, -0.22600149717580853, -0.1361930523729807, -0.06287540784138423], [-1.4384840558143324, 3.063893415213052, 1.4765205139272872, 0.3878023564655007, 0.30153877996402756, 0.06803566828475881, -0.005936553260677561, -0.007820985855789761], [-0.2765229440972402, 1.4765205139272872, 0.8521679336309126, 0.02162003082729606, 0.05923724646322531, 0.02514980933023503, 0.0043490629017736634, 0.03923687863277166], [-0.8332504420251826, 0.3878023564655007, 0.02162003082729606, 1.0218416729180673, 0.4496656138608192, -0.2680062376701099, 0.07282943171310115, -0.08303536413852512], [-0.07056434057465201, 0.30153877996402756, 0.05923724646322531, 0.4496656138608192, 0.838041629547832, -0.004618259524270341, -0.13406163474771618, 0.03427443079202886], [-0.22600149717580853, 0.06803566828475881, 0.02514980933023503, -0.2680062376701099, -0.004618259524270341, 0.29542367845003276, -0.0731102643369011, 0.054200164475163945], [-0.1361930523729807, -0.005936553260677561, 0.0043490629017736634, 0.07282943171310115, -0.13406163474771618, -0.0731102643369011, 0.08457013895600425, 0.017192719015092804], [-0.06287540784138423, -0.007820985855789761, 0.03923687863277166, -0.08303536413852512, 0.03427443079202886, 0.054200164475163945, 0.017192719015092804, 0.19480101271874214]], [[0.09805728823789349, -0.07667659223278289, 0.3178631313960296, 0.0478309034550221, 0.08056113498537266, 0.0045461341313664215, 0.012484107277029987, 0.015141052047102505], [-0.07667659223278289, 0.22982873010779156, 0.22175218389864734, -0.05231078477368339, -0.11235411145991185, -0.005427617510628407, -0.0024880154821954733, 0.006130069646826207], [0.3178631313960296, 0.22175218389864734, 4.21444203988301, 0.1758746438869083, -0.17183897478365795, -0.004462145896877272, -0.0387026611536993, -0.02479018038733963], [0.0478309034550221, -0.05231078477368339, 0.1758746438869083, 0.08676064663785246, -0.008679805318858655, -0.013379301677770083, -0.05775518542849209, 0.011046282831803077], [0.08056113498537266, -0.11235411145991185, -0.17183897478365795, -0.008679805318858655, 0.22100473137010457, 0.061177908164193585, 0.1270088427040593, -0.002206033739514928], [0.0045461341313664215, -0.005427617510628407, -0.004462145896877272, -0.013379301677770083, 0.061177908164193585, 0.04712677319056599, 0.08203771245306819, -0.026885761274761465], [0.012484107277029987, -0.0024880154821954733, -0.0387026611536993, -0.05775518542849209, 0.1270088427040593, 0.08203771245306819, 0.20755379313827493, -0.042754140688271255], [0.015141052047102505, 0.006130069646826207, -0.02479018038733963, 0.011046282831803077, -0.002206033739514928, -0.026885761274761465, -0.042754140688271255, 0.03683797404696859]]]}