{"weights": [0.17218719088016826, 0.00010005135137555068, 0.33072039937473796, 0.2636591465869704, 0.163807196027794, 0.06952601577895376], "means": [[3.7045488136964013, 0.46417175836806424, -0.3885809792066481, 0.13745128963906125, -0.02852008180367473, -0.08255440642677227, 0.06465602103927974, -0.01848233064820124], [1.0132895529981367, 0.5586247560117601, -0.526684734110651, -0.005109220866298393, 0.046188130378354286, 0.0325726516787817, -0.021341431637201647, 0.016729370461434526], [-3.933588766052709, -0.4468719617819936, 0.10177336525605336, 0.03790363913346125, 0.03107788893337533, -0.007750321316567136, 0.007013691915001233, 0.0010722082872417751], [-2.6973064501699455, -0.028680366051728575, -0.20124035267216203, -0.08985983383224368, -0.10090803814228223, -0.005873772005277386, -0.02095109214314631, -0.007403809977742203], [-0.752855436209548, 1.4416610757315542, 1.0761592135586102, -0.012403108278516671, 0.0036791880530130487, -7.85637913424958e-05, -0.013186203762555969, -0.012623474289714895], [6.850462907489967, -0.6632297019299069, 0.2816240953468326, -0.032285368573181414, -0.0011909819006385757, 0.008789500226157121, -0.013681988655482924, 0.0031570206371415617]], "cov": [[[0.12516551287409672, -0.014362252185109605, 0.022673346863759252, -0.0063449244530149294, -0.004296897296727329, 0.00032535604526890576, 0.006948155126789877, 0.00031896069712894086], [-0.014362252185109605, 0.002512725240369064, -0.0011330900476389618, -0.0003408666511585097, 0.0009995273294458409, 0.00015392326368237355, -0.0009316780428774205, -6.527006799610895e-05], [0.022673346863759252, -0.0011330900476389618, 0.007243263691616456, -0.0031688376088326795, -0.0005100329677056271, 0.0006139987677449523, 0.0006987185442868397, 0.0002841321569807292], [-0.0063449244530149294, -0.0003408666511585096, -0.0031688376088326795, 0.0025290363413080813, -0.0010889244170673564, -0.0004658886037235452, 0.00010632734718456223, 0.0004390274901586345], [-0.004296897296727329, 0.000999527329445841, -0.0005100329677056272, -0.0010889244170673564, 0.00307976700712804, -0.00022866757458973882, -0.00036597141621516453, -0.0013104353973707678], [0.00032535604526890576, 0.00015392326368237353, 0.0006139987677449523, -0.0004658886037235452, -0.00022866757458973882, 0.000870654825735688, 0.00018038545311547407, -0.0002822235338469618], [0.006948155126789877, -0.0009316780428774205, 0.00069871854428684, 0.00010632734718456223, -0.00036597141621516453, 0.00018038545311547407, 0.0008266451871287952, -6.43823598389361e-05], [0.00031896069712894086, -6.527006799610888e-05, 0.0002841321569807293, 0.0004390274901586345, -0.0013104353973707678, -0.0002822235338469618, -6.43823598389361e-05, 0.0010903486115545244]], [[0.3018184646204716, 0.003449904094664767, 0.027750085665396634, 0.027476647445840087, -0.012625163314250454, 0.01990014836764192, -0.010060560725318827, -0.0024868692709731285], [0.003449904094664767, 0.0011950509507249487, 0.0007715527903876167, 0.00012930672516609046, -0.0012279377778760844, -0.0007615185161743876, -4.8309652731376444e-05, 2.027300778851442e-05], [0.027750085665396638, 0.0007715527903876168, 0.004865701986222153, 0.0032383473161485075, -0.0023528619066849597, 0.002990371884604046, -0.0016277457076191739, 1.7956791941102342e-05], [0.027476647445840087, 0.00012930672516609046, 0.0032383473161485075, 0.004996336457047017, -0.002682866798997382, 0.0029216147002806654, -0.0013059812650985235, -0.0007863675944775575], [-0.012625163314250454, -0.0012279377778760844, -0.0023528619066849597, -0.002682866798997382, 0.004220426707460719, -0.0009655027088243169, 4.6422477782670656e-05, 0.0006550025938664349], [0.01990014836764192, -0.0007615185161743876, 0.002990371884604046, 0.002921614700280666, -0.000965502708824317, 0.00491631000391395, 0.0002184999567758544, -0.0005001682064426473], [-0.010060560725318829, -4.830965273137644e-05, -0.0016277457076191736, -0.0013059812650985235, 4.642247778267064e-05, 0.00021849995677585435, 0.002387784549813806, -0.00013411862259890786], [-0.0024868692709731285, 2.027300778851438e-05, 1.7956791941102305e-05, -0.0007863675944775575, 0.0006550025938664349, -0.0005001682064426473, -0.00013411862259890791, 0.0014648761314248434]], [[0.04169822396226584, 0.017226828198045205, -0.014854742263757043, -0.03608950943043574, -0.007092117072557481, -0.0011720867494148183, 0.0003028390019259831, 0.00045594290819498214], [0.017226828198045205, 0.00889993156150532, -0.004918529102753492, -0.015193828552861704, -0.002331213563252676, -0.00077278743999902, 0.001250763094252544, 0.0003794168181220052], [-0.014854742263757043, -0.004918529102753493, 0.006743760729120121, 0.015142448599748273, 0.0013341382047634212, 0.0003719089341639396, 0.0003409849482600883, 0.0003032849765364935], [-0.03608950943043574, -0.015193828552861704, 0.015142448599748273, 0.04941369112958029, -0.001484762704737377, 0.0012560964112905554, -0.0015949394693985405, 0.0010648692867014599], [-0.00709211707255748, -0.002331213563252676, 0.0013341382047634212, -0.0014847627047373771, 0.013003629056285005, -0.0004347938366638821, 0.0010917712430934276, -0.001316037883920634], [-0.0011720867494148183, -0.00077278743999902, 0.0003719089341639396, 0.0012560964112905554, -0.00043479383666388205, 0.002016959146341981, 0.0012110689833079126, -0.00044777543375056734], [0.0003028390019259829, 0.001250763094252544, 0.00034098494826008836, -0.0015949394693985407, 0.0010917712430934276, 0.0012110689833079126, 0.0022817835311757014, 0.00018785219004731785], [0.00045594290819498214, 0.00037941681812200497, 0.0003032849765364935, 0.0010648692867014599, -0.0013160378839206337, -0.0004477754337505673, 0.00018785219004731753, 0.003784002147387526]], [[0.031612217057102765, 0.009858957800463485, -0.0064996414579680415, 0.0045082529390845375, -0.0026437949951872096, -0.002070864623680158, -0.0013624471738710965, -0.0034559912657339477], [0.009858957800463485, 0.0035068808635723594, -0.001711911968549597, 0.0012649125658249689, -0.0016814189910974776, -3.1299184891937704e-05, 0.0004276986143970157, -0.0009941706199016794], [-0.0064996414579680415, -0.001711911968549597, 0.0023890973018750824, -0.001434314289855072, 0.00028334599576721885, 0.0009980411337586893, 0.00016231188551954677, 0.0011152331193960273], [0.0045082529390845375, 0.001264912565824969, -0.0014343142898550721, 0.001465877390520827, -0.0008384066524161714, -0.0004052106972253577, -3.7298335464905835e-05, -0.0013140051313299656], [-0.0026437949951872096, -0.0016814189910974776, 0.0002833459957672189, -0.0008384066524161713, 0.0037126746076181845, -0.0019852172898169843, -0.002916102996115146, 0.0010892251932648278], [-0.002070864623680158, -3.129918489193763e-05, 0.0009980411337586893, -0.0004052106972253577, -0.0019852172898169843, 0.00236287011807029, 0.0025563080681819993, 0.00015203048007544903], [-0.0013624471738710965, 0.0004276986143970157, 0.00016231188551954674, -3.729833546490584e-05, -0.0029161029961151464, 0.0025563080681819993, 0.0039271797956721135, 0.00016250320219978674], [-0.0034559912657339477, -0.0009941706199016792, 0.0011152331193960271, -0.0013140051313299656, 0.0010892251932648278, 0.00015203048007544906, 0.00016250320219978677, 0.0030779482496835677]], [[0.34544017008130007, 0.022795361723926207, -0.06634447773900179, 0.017814798742305717, 0.034654095665522064, -0.01513644026934128, 0.0010691421850175793, -0.005861396602990239], [0.022795361723926207, 0.0018285403058903708, -0.003908419059397379, 0.0013049213151373512, 0.0022564094962064917, -0.0004717506956538855, 0.00031375291416139945, -0.0011876701195594748], [-0.06634447773900179, -0.003908419059397378, 0.013557527174647603, -0.0032043848696001933, -0.0067295002751952574, 0.00335932856767996, -0.00012670525256688363, -1.4895976003300972e-05], [0.017814798742305717, 0.0013049213151373512, -0.0032043848696001937, 0.0017215635365742253, 0.0008967445942763006, -0.0003689288687353628, 0.0002740509049986842, -0.0010545161757887713], [0.034654095665522064, 