{"accuracy_init": 0.7751677632331848, "accuracy_final_MAP": 0.600671112537384, "accuracy_final_mean": 0.6107382774353027}