{"MAP index": 470, "entropy_prior_gmm": 0.0009597588643864824, "entropy_MAP_gmm": 0.0028651105239987373, "entropy_z_nk_prior": 0.00127887914225473, "entropy_MAP_z_nk": 0.018227893833227742, "entropy_mixing_prior": 88.99072030499339, "entropy_MAP_mixing": 1.6841535245190895}