{"weights": [0.08734850258137189, 0.18627191496323425, 0.31594282412279756, 0.13709831914928422, 0.08225921165694267, 0.1910792275263695], "means": [[-3.8348980186914785, 0.43762794890613915, 0.38534494159838123], [-1.2323159077580783, 0.5381879513043321, 0.5288470303512945], [3.9243898462816045, -0.44876194265535385, -0.10556031900981518], [2.695525081444317, -0.03333997631968327, 0.20731089066577274], [0.6978370680308349, 1.479998711307955, -1.0224350446208146], [-6.87200321797928, -0.6524654887157808, -0.30624116677331903]], "cov": [[[0.17859055512493688, 0.02388880918134396, 0.02856014468509092], [0.023888809181343958, 0.004233816504251033, 0.0021557831121233094], [0.02856014468509092, 0.0021557831121233103, 0.00801180354987559]], [[0.5355399331085269, -0.0002711488531788353, 0.03968469081142171], [-0.0002711488531788353, 0.0013098904133272585, -0.00027406024121922365], [0.039684690811421716, -0.0002740602412192237, 0.004749415305229507]], [[0.042114261557345115, -0.01804722137459876, -0.01516361703748121], [-0.01804722137459876, 0.00966184623037429, 0.0053044532611065415], [-0.015163617037481212, 0.0053044532611065415, 0.006891584818234353]], [[0.05529271988862335, -0.016727521513162473, -0.011219148844635677], [-0.016727521513162473, 0.005600258495638002, 0.0029309177548926518], [-0.011219148844635677, 0.0029309177548926518, 0.0033347620012460027]], [[0.30695183965857653, -0.021017052038790247, -0.06221182224687676], [-0.021017052038790247, 0.0021038243618346397, 0.003674799885846634], [-0.06221182224687677, 0.003674799885846635, 0.013406751361594457]], [[0.000567319958525726, -0.0004221630832710314, 0.0008498432127647991], [-0.0004221630832710313, 0.007855393187457045, -0.0055898455743794186], [0.0008498432127647991, -0.0055898455743794186, 0.005020093076414884]]]}