{"weights": [0.1008359458047813, 0.0934846342156883, 0.34049375022021455, 0.2068774652467984, 0.11058931156511603, 0.14771889294740137], "means": [[3.7981225949981976, 0.43215257313258, -0.4057175892702284, 0.15236132735740257, -0.03960459745401174, 0.01698971734449949, 0.10470114248389047, 0.005150067156163641], [-0.7053087770439674, 1.479115521871253, 1.0194782013839458, -0.008915854223264281, -0.0005123226146367832, 0.0010701997250122948, -0.006439825235090691, -0.001677512625799814], [-3.900542964673832, -0.4391554986516679, 0.10196661485134369, 0.031683496540282775, 0.02179634921178063, -0.0014064177243684904, 0.008652554644762812, 0.004244918268867306], [1.0805414905156112, 0.5384765868408828, -0.5470046727041346, 0.002127276619125405, 0.04896579621468148, -0.012415196406731338, -0.042233046634289485, 0.006165156458700119], [-2.672705888589231, -0.025072407696295, -0.20868827439060492, -0.09897214844434955, -0.10080122287194104, 0.012094082127456496, -0.00921965845471074, -0.017471842023454354], [6.8695382477372915, -0.6528796689783622, 0.30317402797135434, -0.040296661287872834, -0.0020028579645924626, -0.0005850944256967195, -0.014512317235755657, -0.0013321104021295938]], "cov": [[[0.1809312561917847, -0.024210054146856768, 0.028883196395828467, -0.004783532007057558, -0.007296586470531019, -0.0005216147144354006, 0.00636465191966338, 0.003842946447913199], [-0.024210054146856768, 0.0043907235111627484, -0.0020785664039870123, -0.0008267408225418096, 0.0013060673912508528, -0.00013321054349644168, -0.0011147703117261342, -0.0004969728793857307], [0.028883196395828464, -0.0020785664039870114, 0.008344098285118553, -0.003908948699202542, -0.000583536308663053, -0.00025467706878357587, -0.00012762995043820964, 0.0009913242378927697], [-0.004783532007057558, -0.0008267408225418097, -0.003908948699202542, 0.0035195030003004556, -0.0011043580030400194, 0.00020835097294973412, 0.0009504504797589842, -0.00021384985860977858], [-0.007296586470531019, 0.0013060673912508528, -0.000583536308663053, -0.0011043580030400194, 0.0022832783970848374, 0.00027848098482350725, -0.00048003426858608014, -0.00048023463390343404], [-0.0005216147144354005, -0.00013321054349644168, -0.00025467706878357576, 0.00020835097294973412, 0.0002784809848235073, 0.001686605361896728, -0.00010385666848469267, 2.5765519856244405e-05], [0.00636465191966338, -0.0011147703117261342, -0.0001276299504382096, 0.0009504504797589842, -0.00048003426858608014, -0.00010385666848469267, 0.0009002319809187889, -0.00011937100486200862], [0.003842946447913198, -0.0004969728793857306, 0.0009913242378927697, -0.00021384985860977858, -0.00048023463390343404, 2.5765519856244364e-05, -0.00011937100486200864, 0.0009153786052025853]], [[0.25019469222310337, 0.017156487183166563, -0.05066636795804426, 0.007235828521611389, 0.037136453225339885, 0.003739694123645696, 0.011412747604595009, -0.010670127960513748], [0.017156487183166567, 0.0019829804856941833, -0.00274238844811211, 0.00028578436058161, 0.0028131615117178224, 0.00016290704820350228, 0.0010083682786410965, -0.001046176073746698], [-0.050666367958044266, -0.00274238844811211, 0.01123396659641185, -0.0014851738799867666, -0.007507474663413214, -0.0004671219110465695, -0.002256314530705716, 0.001976383140044158], [0.00723582852161139, 0.00028578436058160995, -0.0014851738799867664, 0.0009934954803550603, 0.00013950001338574152, -1.5218475588408989e-05, 0.0002344161071723075, -0.0002817273333830777], [0.037136453225339885, 0.0028131615117178224, -0.007507474663413214, 0.00013950001338574182, 0.007884500958343836, 0.0016514631157991228, 0.0017088464515494603, -0.00299875005759478], [0.003739694123645696, 0.00016290704820350223, -0.0004671219110465694, -1.5218475588408986e-05, 0.0016514631157991224, 0.005203304227556317, -0.0006844750584141028, 0.00032573512813100674], [0.011412747604595009, 0.0010083682786410965, -0.002256314530705716, 0.0002344161071723075, 0.0017088464515494601, -0.0006844750584141029, 0.0007808456204495119, -0.0008141800599994604], [-0.010670127960513748, -0.001046176073746698, 0.001976383140044158, -0.0002817273333830777, -0.00299875005759478, 0.00032573512813100674, -0.0008141800599994604, 0.00342983714667621]], [[0.046071284440189555, 0.019671436293865033, -0.01646308138819309, -0.04081561157697273, -0.009652938182951288, 0.0016531572789386776, 0.0010116419017127333, -0.0002797735251876822], [0.019671436293865037, 0.010778172380398097, -0.005555582201337184, -0.019104854869573668, -0.0028457241360787724, 0.0004486015447730399, 0.0016774447218281892, 0.00045653142981045484], [-0.01646308138819309, -0.005555582201337184, 0.007607402507773306, 0.017042223067167975, 0.0022911330229162695, -0.00042658886303731527, -9.901394040187524e-05, 0.0003979749166924143], [-0.040815611576972735, -0.019104854869573668, 0.017042223067167975, 0.060690919450328534, -0.002509165488992415, 8.289839032063767e-05, -0.003721987699170843, 0.00034692484268049936], [-0.009652938182951288, -0.0028457241360787724, 0.0022911330229162695, -0.0025091654889924145, 0.016278376401163263, -0.0004481377846238448, 0.0020365959161688096, -0.0008368047851449837], [0.0016531572789386776, 0.00044860154477303996, -0.0004265888630373155, 8.289839032063767e-05, -0.000448137784623845, 0.004975002879343711, -0.0007077008664917986, -0.00012193297752937317], [0.0010116419017127338, 0.0016774447218281894, -9.901394040187522e-05, -0.0037219876991708427, 0.0020365959161688096, -0.0007077008664917986, 0.001175709575800111, -7.716621060388619e-05], [-0.0002797735251876822, 0.00045653142981045484, 0.00039797491669241435, 0.0003469248426804993, -0.0008368047851449837, -0.00012193297752937304, -7.716621060388622e-05, 0.003811909942585156]], [[0.47101269046494215, 0.0002545402414589316, 0.034962396705520205, 0.03938626592165587, -0.005930064590857446, -0.0056198999079528555, -0.023673720898084227, -0.01250110844005924], [0.00025454024145893166, 0.0013506561346293452, 0.0004451450014414069, 0.0002465493032508571, -0.001534403949949245, 0.00023979464551284876, 0.0007016347085943655, 0.00015951770024839166], [0.034962396705520205, 0.0004451450014414069, 0.00474369200523301, 0.0030192014767054785, -0.0015024646187889118, -0.0010887881447094354, -0.002916585574241274, -0.0007209042430734477], [0.03938626592165587, 0.0002465493032508571, 0.003019201476705479, 0.006009643776146629, -0.002081016179327155, -0.0012618454961541745, -0.0018624730013805217, -0.0018467506288096765], [-0.005930064590857446, -0.0015344039499492453, -0.001502464618788912, -0.002081016179327155, 0.0036806773134942317, 0.0006353819626722885, -0.000254918056266705, 0.00016655576550458757], [-0.0056198999079528555, 0.0002397946455128486, -0.0010887881447094354, -0.0012618454961541745, 0.0006353819626722885, 0.0033029488452971357, 0.0006620050625772542, 0.00020101206124536846], [-0.023673720898084224, 0.0007016347085943655, -0.002916585574241274, -0.0018624730013805213, -0.000254918056266705, 0.0006620050625772543, 0.0028527194721410212, 0.00044139026276971316], [-0.01250110844005924, 0.00015951770024839163, -0.000720904243073448, -0.0018467506288096765, 0.0001665557655045876, 0.00020101206124536843, 0.00044139026276971327, 0.002181460510359436]], [[0.02911883388095545, 0.008803341511294877, -0.0058640369965040975, 0.0031151345999571155, -0.0015353229103665716, 0.002758823258468202, -0.00019500130271954107, -0.00017519067038499451], [0.008803341511294875, 0.0031696622174519564, -0.001323406781060739, 0.000583014403421662, -0.0008507946876508512, 0.0005098726661370271, 0.00015569908333901413, -0.00018479517946111483], [-0.005864036996504097, -0.001323406781060739, 0.002209201861742118, -0.001025180178211189, 0.00011520062627465476, -0.0005374541681497622, -0.00033766899601662964, -0.00010935348670329652], [0.0031151345999571147, 0.0005830144034216623, -0.0010251801782111892, 0.001872515315664441, -0.0010130558995643225, 0.0004501441724540678, 4.4250838203934326e-05, -0.0005548001137570011], [-0.0015353229103665716, 