{"weights": [0.10557625538564598, 0.2167393561478316, 0.31656408146826664, 0.11114532421058819, 0.08699626848141492, 0.16297871430625266], "means": [[3.7205885017816067, 0.46214925623422703, -0.38315298207755377, 0.13466807907098682, -0.031074294908122843, -0.08171736274567154, 0.0634662380046296, -0.01801742136926242], [1.051690156477065, 0.556019216114334, -0.5254010216384117, 0.0018265913275308237, 0.047512208983753475, 0.040225930025956175, -0.021305363168392207, 0.012465008321170694], [-3.9212574540764655, -0.4437050899788771, 0.09559485699544702, 0.020465187569199843, 0.0254140295440844, -0.003818846695915369, 0.009391146002604153, 0.001851574397932502], [-2.6899563981354366, -0.025270435698280646, -0.20380262596555737, -0.08596714914429575, -0.10685930578135124, -0.0048882598286560126, -0.017968971837264546, -0.01302390678541529], [-0.730002971804129, 1.4416819251117874, 1.0678857668275863, -0.013181968176102227, 0.004324209778939889, 0.0007442395171263131, -0.008894664932676594, -0.00047769657143169737], [6.852569398529099, -0.6538327991299401, 0.2913979398781794, -0.03709083770986912, -0.001837316353474487, 0.008505434660523285, -0.008804319558370468, 0.0017120433276403663]], "cov": [[[0.18431451931099888, -0.021071082961299142, 0.03360233679247785, -0.009429989104651084, -0.006457917543092603, 0.0005335876399544451, 0.010196301986338675, 0.0005563501749231818], [-0.021071082961299142, 0.0033709047494814696, -0.0022333862095293374, -0.00018679448371061011, 0.001485014452315539, 0.0001407657059485721, -0.001331252162432554, -0.00019292749742491532], [0.03360233679247785, -0.0022333862095293374, 0.009400650392165904, -0.004087441544614973, -0.00027122912934350737, 0.0006503032473303252, 0.0012505691717476911, 1.2184955396891043e-05], [-0.009429989104651083, -0.00018679448371061011, -0.004087441544614973, 0.0030450844950638107, -0.0012066573587136266, -0.0005521120328577775, -5.446792368757903e-06, 0.0005004541585547012], [-0.006457917543092603, 0.0014850144523155388, -0.00027122912934350786, -0.0012066573587136264, 0.0027311491906202518, -0.0001265758230310032, -0.0005982120540138459, -0.0010019827486772615], [0.0005335876399544451, 0.00014076570594857209, 0.0006503032473303252, -0.0005521120328577775, -0.0001265758230310032, 0.0009893521660626545, 0.00023430034214451848, -0.00041786000209950697], [0.010196301986338675, -0.0013312521624325537, 0.0012505691717476911, -5.446792368758036e-06, -0.0005982120540138458, 0.00023430034214451848, 0.0010407832654015508, -2.096819645566704e-05], [0.0005563501749231817, -0.00019292749742491535, 1.2184955396891077e-05, 0.0005004541585547012, -0.0010019827486772612, -0.0004178600020995069, -2.0968196455667025e-05, 0.0009489988391304062]], [[0.29908549825169, 0.003427440188558368, 0.027550813612721034, 0.027284455958553545, -0.012579684932431388, 0.01976875664487087, -0.009970753171173847, -0.0024778920206633454], [0.003427440188558368, 0.0012289973144904035, 0.000774783131667921, 6.75362819284156e-05, -0.0012487816014892835, -0.0008465040297436492, -6.87174329041651e-05, 6.072369559887649e-05], [0.02755081361272103, 0.000774783131667921, 0.0046932766498391145, 0.002997466119294728, -0.0021665890414294133, 0.0028249825243510085, -0.0015545275025172674, 9.01040245733696e-05], [0.02728445595855354, 6.753628192841558e-05, 0.002997466119294728, 0.00481113283292922, -0.0024152497643153904, 0.0027050018087116713, -0.001341644790495581, -0.0007833011756317148], [-0.012579684932431388, -0.0012487816014892835, -0.0021665890414294133, -0.0024152497643153904, 0.003924965600180735, -0.0006401026946463243, 0.00012331474391930823, 0.0005599938966798516], [0.01976875664487087, -0.0008465040297436489, 0.0028249825243510085, 0.0027050018087116713, -0.0006401026946463245, 0.0048586449056909784, 0.0002465744335704445, -0.00043090300158571984], [-0.009970753171173847, -6.871743290416508e-05, -0.0015545275025172674, -0.001341644790495581, 0.0001233147439193082, 0.0002465744335704446, 0.002316311007547519, -7.951902446475129e-05], [-0.0024778920206633454, 6.072369559887648e-05, 9.010402457336948e-05, -0.0007833011756317148, 0.0005599938966798516, -0.0004309030015857199, -7.951902446475129e-05, 0.001434211728077577]], [[0.04790175580621482, 0.019782308212356704, -0.01720831454277515, -0.04251877846921772, -0.00793619608260516, -0.001363258023553625, 0.00039338180635172687, 0.0004405653112663207], [0.019782308212356704, 0.0099563622459296, -0.005891502863903295, -0.017940459215884625, -0.002699926267668787, -0.0008669274021779271, 0.0012867972460945244, 0.00042989265344026297], [-0.01720831454277515, -0.005891502863903295, 0.007640721536806638, 0.017620969351210353, 0.001530074649677967, 0.00043112859348323567, 0.0002972104463637374, 0.00036282470691394175], [-0.04251877846921772, -0.017940459215884625, 0.017620969351210353, 0.056659894037495016, -0.001319595668277133, 0.001466224412448725, -0.0018332065455898446, 0.0011394244334149057], [-0.00793619608260516, -0.0026999262676687874, 0.001530074649677967, -0.001319595668277133, 0.0135424762434479, -0.00040963284417918223, 0.0011178835439594552, -0.0014445565914851688], [-0.001363258023553625, -0.0008669274021779269, 0.00043112859348323556, 0.001466224412448725, -0.0004096328441791823, 0.0019403821239898297, 0.0011552011578902447, -0.0003098373319897527], [0.0003933818063517272, 0.0012867972460945244, 0.0002972104463637376, -0.0018332065455898446, 0.0011178835439594555, 0.0011552011578902447, 0.0022598307032072936, 0.0003157407815309379], [0.0004405653112663209, 0.0004298926534402632, 0.00036282470691394175, 0.0011394244334149057, -0.001444556591485169, -0.00030983733198975273, 0.00031574078153093763, 0.003677492673704366]], [[0.03420579530604649, 0.010691232555276764, -0.007044202680425631, 0.004899236661094799, -0.0029527209492348585, -0.00219778681274675, -0.001392910488917013, -0.003791800018692088], [0.010691232555276764, 0.0037140456092793024, -0.0018893371882242596, 0.0013944022892526924, -0.0016019180744274112, -0.00018687397616190833, 0.00022344175730909237, -0.0010751794510586578], [-0.00704420268042563, -0.0018893371882242596, 0.002528326235083887, -0.00153755326138497, 0.00039162753938495046, 0.000991460735271002, 0.00010054351697125678, 0.0011773563664814087], [0.004899236661094799, 0.0013944022892526922, -0.00153755326138497, 0.001499384425643799, -0.000842813560872762, -0.00048504712268185074, -7.545424187916455e-05, -0.0013616779564239907], [-0.0029527209492348585, -0.0016019180744274112, 0.00039162753938495046, -0.0008428135608727618, 0.0030979578320363727, -0.0014803294632262033, -0.0022212622239229265, 0.0010422213501207786], [-0.00219778681274675, -0.0001868739761619083, 0.0009914607352710023, -0.00048504712268185085, -0.0014803294632262033, 0.0019695413728192386, 0.0020302831513581807, 0.000223676701145685], [-0.001392910488917013, 0.00022344175730909242, 0.00010054351697125681, -7.545424187916459e-05, -0.0022212622239229265, 0.0020302831513581807, 0.0032071510827526494, 0.00026794723487089063], [-0.003791800018692088, -0.0010751794510586578, 0.0011773563664814087, -0.0013616779564239907, 0.0010422213501207786, 0.00022367670114568501, 0.0002679472348708907, 0.0031084540238965593]], [[0.27384388291942263, 0.01808320927929549, -0.05256984346683342, 0.014124596024127913, 0.027452015000919372, -0.011983382335170434, 0.0008620556182295236, -0.004639390598371989], [0.018083209279295492, 0.0014981938152347706, -0.0030200167073920962, 0.0010386923612607543, 0.0017853691131306734, -0.00034084225818480497, 0.0002572598785707466, -0.0009759754976627455], [-0.052569843466833424, -0.0030200167073920962, 0.010893453519212655, -0.002542732212787995, -0.005331655468415822, 0.002680850212024213, -0.0001154059449599545, -5.8679655849716006e-05], [0.014124596024127913, 0.0010386923612607543, -0.002542732212787995, 0.0014266935702241705, 0.0006593494545572322, -0.00024945077125783724, 0.00024319586031369738, -0.000875313709514642], [0.027452015000919372, 0.0017853691131306732, 