{"MAP index": 994, "entropy_prior_gmm": 0.0008925289686521755, "entropy_MAP_gmm": 0.00818873755633831, "entropy_z_nk_prior": 0.0012788791422551772, "entropy_MAP_z_nk": 0.008024902347602452, "entropy_mixing_prior": 88.99072030499339, "entropy_MAP_mixing": 1.5418659755081667}