{"weights": [0.17222095671671098, 0.16063731850534818, 0.26577675169485276, 0.13488525036914434, 0.10692102071842562, 0.15955870199551814], "means": [[3.7812309941555076, 0.45205883991776064, -0.3762123422020043, 0.13523943218903622, -0.03819457047080822, -0.07995420571765476, 0.06732219189267825, -0.01772205191929203], [1.0765143010655949, 0.5564714111857099, -0.5254925382713279, 0.0013538922187046583, 0.04742451701822025, 0.03796930168217149, -0.022649837604249948, 0.012810680578943396], [-3.9135269819503544, -0.4389165888631495, 0.09408395188343538, 0.017158271447604855, 0.02277945165415809, -0.002980883509858794, 0.011847610116956207, 0.003561165192869728], [-2.7133685485721113, -0.03521140880349824, -0.20065142258701557, -0.09039938438201231, -0.0956026134165744, -0.009313546220097313, -0.0240357388863679, -0.005778198698693079], [-0.6964441734981722, 1.4497662875991992, 1.068937137101348, -0.003356263566648523, -0.0031029575705240333, 0.018090998865680743, 0.004318887248269485, -0.019746571289079945], [6.852820692279697, -0.6506424697671359, 0.29373588948408563, -0.03850105071220658, -0.001657776806426861, 0.0074806510057591055, -0.007559148887369282, 0.001563860493284111]], "cov": [[[0.18746838734036872, -0.02138490060369727, 0.03427040841475088, -0.009664201035225863, -0.006539785170900442, 0.0005617905900139914, 0.010354231052817686, 0.0005602157469076516], [-0.02138490060369727, 0.003252387809441775, -0.002607225767065058, 0.0001302847186350653, 0.0013332782213534393, 8.009268935618451e-05, -0.0012693533498117798, -0.00014445339267659234], [0.03427040841475089, -0.002607225767065058, 0.008928097047332486, -0.0036266023537433224, -0.0005403252807450426, 0.0005433967499927275, 0.0014120257461231783, 8.23294584215421e-05], [-0.009664201035225863, 0.00013028471863506534, -0.003626602353743322, 0.0025786635359705723, -0.0008635678001252649, -0.0004577223950623525, -8.926952975541938e-05, 0.0004002887304595418], [-0.006539785170900442, 0.0013332782213534393, -0.000540325280745042, -0.0008635678001252651, 0.002356435287746063, -0.0001589772237633818, -0.0005375659494737022, -0.000837973816084268], [0.0005617905900139915, 8.009268935618451e-05, 0.0005433967499927275, -0.00045772239506235255, -0.00015897722376338185, 0.0009383923104390314, 0.00024277124680886875, -0.00039373959316527763], [0.010354231052817686, -0.0012693533498117798, 0.0014120257461231783, -8.926952975541945e-05, -0.0005375659494737022, 0.0002427712468088687, 0.0010413300757452192, -3.243711248455117e-05], [0.0005602157469076515, -0.00014445339267659234, 8.232945842154206e-05, 0.00040028873045954187, -0.000837973816084268, -0.0003937395931652776, -3.2437112484551175e-05, 0.0008542711694403928]], [[0.30303366875346266, 0.0034647677706451424, 0.027881434129362944, 0.027600266866399936, -0.01268437657248606, 0.019989248546155542, -0.010114442183932726, -0.002494256261356855], [0.003464767770645143, 0.0012178208693421906, 0.0008019947967559383, 9.743663685924817e-05, -0.001250973570320084, -0.0007936901887328776, -6.896324877462714e-05, 4.33653694193563e-05], [0.027881434129362944, 0.0008019947967559383, 0.0048140320357798645, 0.0031643395525682355, -0.0023749769221730094, 0.0029829904618670867, -0.001510866898369892, 6.409303853749811e-06], [0.02760026686639994, 9.743663685924819e-05, 0.0031643395525682355, 0.00502064067149957, -0.0026556552714978292, 0.0028869305764592816, -0.0013144602065631083, -0.0008119914516583433], [-0.012684376572486061, -0.001250973570320084, -0.0023749769221730094, -0.0026556552714978297, 0.0041754675901655445, -0.0008878425671132624, 0.00012058488612976026, 0.0006124527796207766], [0.019989248546155546, -0.0007936901887328774, 0.0029829904618670867, 0.0028869305764592816, -0.0008878425671132625, 0.004966733047668796, 0.00023785683084302073, -0.00048450374889831425], [-0.010114442183932728, -6.896324877462712e-05, -0.0015108668983698922, -0.0013144602065631083, 0.00012058488612976013, 0.00023785683084302073, 0.002252081209905709, -5.2311954474765935e-05], [-0.002494256261356855, 4.336536941935636e-05, 6.409303853749901e-06, -0.0008119914516583433, 0.0006124527796207763, -0.00048450374889831425, -5.231195447476602e-05, 0.0014870268420352955]], [[0.039085096193616845, 0.016118014956220766, -0.013858086553589444, -0.0332262369725458, -0.006948933747738108, -0.0011022750689752615, 0.00020767122397083576, 0.00046521521353649344], [0.016118014956220766, 0.008406966429163843, -0.004513430984960764, -0.014012510142976137, -0.002274655112188963, -0.000740533874409092, 0.0012100095131655447, 0.0004587966079553443], [-0.013858086553589445, -0.004513430984960764, 0.006347254188617148, 0.014049703903416035, 0.0012488886759741173, 0.00034362525726176453, 0.0003770097508447612, 0.00035586438288751955], [-0.0332262369725458, -0.014012510142976133, 0.014049703903416035, 0.04638661281495728, -0.0018255191081598572, 0.0011516791457304065, -0.0015612325974745224, 0.001055675085398163], [-0.006948933747738108, -0.002274655112188963, 0.0012488886759741173, -0.001825519108159856, 0.013084892632309145, -0.0004361482400779147, 0.0011045255597822256, -0.001374583876484537], [-0.0011022750689752615, -0.0007405338744090921, 0.0003436252572617645, 0.0011516791457304065, -0.00043614824007791477, 0.0018935499416729668, 0.0011373232274877452, -0.0003184542075080729], [0.00020767122397083587, 0.0012100095131655445, 0.0003770097508447613, -0.0015612325974745226, 0.0011045255597822256, 0.0011373232274877452, 0.0022317256728262612, 0.0003227428738052106], [0.0004652152135364932, 0.0004587966079553442, 0.00035586438288751944, 0.0010556750853981628, -0.001374583876484537, -0.0003184542075080729, 0.00032274287380521064, 0.003624564642496461]], [[0.037643101237901634, 0.011762066913639086, -0.007771935840632241, 0.005420026442090594, -0.003262303998261802, -0.0024343768000623755, -0.0015408289237239035, -0.004229228278324091], [0.011762066913639086, 0.00406816610821241, -0.0021016891254080888, 0.0015553693522429048, -0.0017724771282326011, -0.00020679535805768706, 0.00024264450784196727, -0.0012294203390991651], [-0.007771935840632239, -0.0021016891254080883, 0.0027356603737713025, -0.0016618361862517723, 0.00042564862108012693, 0.0010744401725932102, 0.00011898361042619814, 0.0012358314777736717], [0.005420026442090594, 0.0015553693522429048, -0.0016618361862517723, 0.0015846193094957856, -0.0009040663604923279, -0.0005103174773857808, -6.769528393022918e-05, -0.0014044013595769988], [-0.0032623039982618016, -0.0017724771282326011, 0.00042564862108012693, -0.0009040663604923277, 0.0033850128784310082, -0.0016556207932071493, -0.0024731956586321094, 0.001110978853901026], [-0.0024343768000623755, -0.00020679535805768708, 0.0010744401725932102, -0.0005103174773857808, -0.0016556207932071495, 0.0021466805652448594, 0.0022368718806038174, 0.00021339166594973183], [-0.0015408289237239033, 0.0002426445078419672, 0.00011898361042619815, -6.769528393022919e-05, -0.0024731956586321094, 0.0022368718806038174, 0.0035178956810125546, 0.00025636997301804813], [-0.00422922827832409, -0.0012294203390991651, 0.0012358314777736717, -0.001404401359576999, 0.001110978853901026, 0.0002133916659497319, 0.0002563699730180482, 0.0031423899114046915]], [[0.2838995639968313, 0.018764323122696065, -0.054482981252198665, 0.01466924843128756, 0.028416252210096533, -0.01234815410309714, 0.0009528077655720495, -0.004860792437819635], [0.018764323122696068, 0.0016423819867054982, -0.0030229214254844324, 0.0011708099802103405, 0.0018055719423186612, -0.00012519071245768805, 0.00038505087648655717, -0.001420548859534979], [-0.05448298125219867, -0.0030229214254844324, 0.011427530983310156, -0.0025274254759674944, -0.005539601547020301, 0.0030246828793550414, -1.7755134328350366e-05, -0.0006048530133026251], [0.014669248431287559, 0.0011708099802103405, -0.0025274254759674944, 0.0015824931899089032, 0.0005749031855148286, 2.18247742312521e-05, 0.00043404317093306025, -0.0012619812365006662], [0.028416252210096533, 