{"accuracy_init": 0.4145299196243286, "accuracy_final_MAP": 0.3632478713989258, "accuracy_final_mean": 0.3632478713989258}