{"MAP index": 0, "entropy_prior_gmm": 0.000702234177800009, "entropy_MAP_gmm": 0.0026457649655640125, "entropy_z_nk_prior": 0.0011754161606678571, "entropy_MAP_z_nk": 0.0010271015194257783, "entropy_mixing_prior": 53.75278407684164, "entropy_MAP_mixing": 1.7137532809229057}