{"weights": [0.0795169990348851, 0.20347465184417737, 0.33921985417802586, 0.12982706538843128, 0.11166229266288054, 0.13629913689159984], "means": [[-3.6525315471597977, 0.46239832757843174, 0.4125225265908786, -0.13574797527596888, -0.03964016041840522, 0.08977710753944439, -0.06566351646581435, 0.02032490451349172, -0.005583904109496625, 0.0040981220495971415], [-1.1781462387881747, 0.5610725688607804, 0.522745948964615, -0.004786500854899841, 0.041613759975170285, -0.033492804848637, 0.0218009018670942, -0.017000071572207082, -0.004193598124885514, -0.005048495442321917], [3.916951250950421, -0.4300480258051001, -0.08698816613700264, 0.025457733164004348, 0.02688222013545935, 0.007124114877448585, -0.00855856838957474, 0.011855178372922874, -0.003117371882558969, -0.003948549616909698], [2.718496170320843, -0.016009521126411852, 0.20593374197257802, 0.0761255952808082, -0.08773848968863064, 0.02483432086916775, 0.043381532060642845, 0.019533223328006322, 0.0088442782139836, 0.006539821016814694], [0.6534866952314377, 1.4557460983094246, -1.0351723846854666, 0.012640899653016282, 0.011868888002503988, -0.012803132969499654, -0.002691520523397154, 0.01488177218798166, 0.0013058304045955346, -0.0019250074942217864], [-6.8571159514963105, -0.663826931020228, -0.28095201879292553, 0.037153216849017345, 0.002722310363929948, -0.005929682114687869, 0.0084254967389387, -0.002163147411808891, 0.005845137355871273, 0.006760600185584521]], "cov": [[[0.15676421629287546, -0.00634209013656619, -0.004129947476995775, 0.0016072870893037545, 0.0009897141877732746, -0.0013698116687202969, 0.0018262990391435304, -0.00026520159448799134, 0.0002203379050270301, -0.0002072806743301864], [-0.006342090136566189, 0.007683693110242745, 0.0010881835945459081, -0.0003366277245068173, 0.000139997902441865, 0.0002526306566591789, -1.309363836622479e-05, 9.37568930309606e-05, -6.803783297089158e-05, -7.613032927990276e-05], [-0.004129947476995774, 0.0010881835945459083, 0.006560793501982723, -0.00113891622017535, 5.015379368885455e-05, 0.00041450790405144226, 5.7804853399836296e-05, 0.00011788834178922757, 0.00010849642603012332, 5.9178767014017446e-05], [0.0016072870893037545, -0.0003366277245068173, -0.00113891622017535, 0.0023005886181613117, 0.0006914468993735931, -0.0002672989994290778, 0.00017030506136156163, 0.00019946627631141757, 0.000352203950150507, -0.00033213014969895574], [0.0009897141877732744, 0.00013999790244186502, 5.0153793688854574e-05, 0.0006914468993735931, 0.0017616548567021585, -0.00012357212277353034, 0.00032625397730029086, 0.0006300925288808695, 0.00054591174685688, -6.792412538559502e-05], [-0.0013698116687202969, 0.00025263065665917885, 0.00041450790405144226, -0.0002672989994290777, -0.00012357212277353034, 0.0007655182824969541, -1.4355982079094688e-05, -0.00024677111699163173, 0.00045721547793144677, -0.00015029521714042312], [0.0018262990391435304, -1.3093638366224812e-05, 5.780485339983628e-05, 0.0001703050613615616, 0.00032625397730029086, -1.4355982079094683e-05, 0.0008665393142263711, -0.00014254441831224713, 0.00011736944606252792, -0.000477181130977622], [-0.00026520159448799134, 9.37568930309606e-05, 0.00011788834178922757, 0.00019946627631141757, 0.0006300925288808695, -0.00024677111699163173, -0.00014254441831224716, 0.0006513641796162904, 4.6958119764057904e-05, 0.0001904673359776414], [0.0002203379050270301, -6.803783297089158e-05, 0.00010849642603012332, 0.000352203950150507, 0.00054591174685688, 0.0004572154779314469, 0.00011736944606252792, 4.6958119764057944e-05, 0.0009308543359255044, -0.0001477810081202721], [-0.0002072806743301864, -7.613032927990276e-05, 5.9178767014017446e-05, -0.00033213014969895574, -6.792412538559502e-05, -0.00015029521714042312, -0.000477181130977622, 0.0001904673359776414, -0.0001477810081202721, 0.0005248730008406031]], [[0.31873320424412155, -0.007975139906476001, 0.0050928335981816055, 0.011182907959520958, 0.004602092895462205, 0.008557881358623919, -0.004332939654055882, -0.000858530819633017, 0.0010711341082582455, 0.004035854327750278], [-0.007975139906476001, 0.004116318064210289, -0.0018636360465989312, -0.0007140947895867645, -0.0006977029592519229, -0.0005267181526832879, 0.0003701480907823287, -2.4837692124960693e-05, -3.063182596420464e-05, -0.00014894902788195938], [0.005092833598181605, -0.0018636360465989312, 0.004227095398875125, 0.0001769978284733743, 0.0005259503754769462, 0.00016084664968539695, -0.00033186293138170244, 0.00017222562604417003, -0.00011454265975842258, 5.357421233549621e-05], [0.011182907959520958, -0.0007140947895867645, 0.0001769978284733744, 0.003341153890957421, 0.001302944581354975, 0.0014540650537909004, -0.0007320338500662239, -0.0004659733644958646, 0.0007263913933505531, 0.0006295174251785584], [0.004602092895462205, -0.0006977029592519229, 0.0005259503754769462, 0.0013029445813549747, 0.0027713106874404144, -4.4326938714706075e-06, 6.512199236879e-05, -0.0003797778841058259, 4.2251404451928084e-05, -0.0002780704020201082], [0.008557881358623919, -0.0005267181526832879, 0.0001608466496853969, 0.0014540650537909008, -4.432693871470835e-06, 0.0033868604215398545, 0.0003039368794327413, -0.0002477955714731597, 0.0002645696376001195, 0.0006676249856444588], [-0.004332939654055883, 0.00037014809078232875, -0.0003318629313817025, -0.0007320338500662239, 6.512199236879e-05, 0.0003039368794327413, 0.0016952453030074925, -5.202220256801373e-05, -0.0002621843698331203, -0.00047241583323165436], [-0.000858530819633017, -2.48376921249607e-05, 0.00017222562604417003, -0.0004659733644958646, -0.0003797778841058259, -0.00024779557147315974, -5.20222025680137e-05, 0.0012062319658073127, -0.00016192733290362464, -0.00018848854979474093], [0.0010711341082582455, -3.0631825964204636e-05, -0.00011454265975842259, 0.0007263913933505531, 4.225140445192808e-05, 0.0002645696376001195, -0.00026218436983312034, -0.00016192733290362464, 0.0009483944664952989, 0.00016827596155779913], [0.004035854327750278, -0.00014894902788195933, 5.3574212335496224e-05, 0.0006295174251785585, -0.0002780704020201082, 0.0006676249856444588, -0.00047241583323165436, -0.00018848854979474093, 0.00016827596155779905, 0.0011935751255625602]], [[0.07414238223107152, -0.004121097006454667, -0.001164116118555916, 0.000308367751326544, 0.0010883229341737098, 7.505297724856801e-05, -0.0002257535089108244, 0.00012900991425686823, -4.116879101827281e-05, -0.00010030243212389663], [-0.004121097006454668, 0.011603984225770613, 0.005758792663059351, 0.01575624806104688, -0.002380335355560131, 0.0005012330780094599, -0.0006802918807015429, -9.610025603028175e-05, -0.0007716252977181027, -0.00020476695850121945], [-0.0011641161185559166, 0.00575879266305935, 0.008426944044274687, 0.01629929874247944, -0.0005465779038278787, 0.00017707248876853, -0.00042861815825335635, -0.00027576015521874503, -0.0007242493606055558, 0.00031290280064532266], [0.0003083677513265427, 0.01575624806104688, 0.016299298742479443, 0.052198923873720014, 0.002114867467036407, 0.00132336789458818, -0.0018071377388191412, 0.0012200711270616824, -0.0018131865732370575, 0.00011396429317833599], [0.0010883229341737098, -0.00238033535556013, -0.0005465779038278788, 0.002114867467036407, 0.00869939196625873, 0.00032295640056697933, -0.0006683941733456498, 0.0006805858286875461, 0.00040728207780855893, 0.0008056991734519422], [7.5052977248568e-05, 0.0005012330780094599, 0.00017707248876853006, 0.00132336789458818, 0.0003229564005669793, 0.0019509859445985607, 0.00124430913066586, -0.00031745930513165304, 0.00053090449444617, -0.00028481954897402245], [-0.00022575350891082443, -0.0006802918807015429, -0.0004286181582533565, -0.0018071377388191416, -0.0006683941733456497, 0.0012443091306658602, 0.002003546877679905, 0.00045417478689083543, 0.0003653018100665561, -0.00011404561048036782], [0.00012900991425686823, -9.610025603028179e-05, -0.0002757601552187451, 0.0012200711270616824, 0.0006805858286875464, -0.00031745930513165304, 0.0004541747868908355, 