{"weights": [0.10443616404000669, 0.23445629842184756, 0.2999871389952266, 0.10816307506406922, 0.09741592508410091, 0.15554139839474893], "means": [[3.666464816608424, 0.5068448384935053, -0.433713543721768, 0.12490068485895166, -0.03153320623351919, -0.0725590140000712, 0.0647804235763671, -0.03000845568896074], [1.0579811045537186, 0.5504529778985071, -0.5447025387211588, -0.002100958052838561, 0.04354130632770721, 0.037687028624918885, -0.013990653776074159, 0.0023104521151052567], [-3.8781546918210896, -0.4301334710255293, 0.0735787696981164, -0.0034690283730097705, 0.013566131049391549, -0.007153334263548018, 0.003087066845444793, 0.0029238974688485515], [-2.6280592766253905, -0.027582494740699116, -0.2231695026849151, -0.08289238396333574, -0.08611398527805152, -0.012401755167901856, -0.0334810927072124, -0.007071104483560213], [-0.877028331743739, 1.4203955273944548, 1.0999355983805295, 0.001495919071982907, -0.006420590976299794, 0.024864159666741548, 0.00815326775141979, -0.010049835527589613], [6.865163719177136, -0.6391434159167065, 0.3058670018749496, -0.04090809146923445, 0.001772840875725769, 0.004104527883613124, -0.009147916588164448, 0.0009709054091155143]], "cov": [[[0.23722753244629285, 0.009335117454999098, -0.0060712509564037915, 0.002386965816841147, -0.001507262895086904, -0.0020579094368235475, 0.0027753437171446887, -0.0003980171607252864], [0.009335117454999098, 0.013809754926628944, -0.007053430262570992, 0.0018789861227840024, 0.0001565426041766888, -0.000799990288846963, -5.543850305103112e-05, -0.00018935830651023105], [-0.0060712509564037915, -0.007053430262570992, 0.00825683833675233, -0.0013530255621089558, -0.0003224724633998877, 0.0005975788715692329, 0.000133889911252062, 0.0002614580666408742], [0.002386965816841147, 0.001878986122784002, -0.0013530255621089558, 0.0031812583333347454, -0.0010444261248695834, -0.0005202839235661318, 0.0003053828638774794, 0.0003230071819728572], [-0.001507262895086904, 0.0001565426041766888, -0.0003224724633998877, -0.0010444261248695836, 0.0023739440680026216, -4.3428671126680866e-05, -0.0004628065203581037, -0.0007935463135087697], [-0.0020579094368235475, -0.0007999902888469629, 0.0005975788715692328, -0.000520283923566132, -4.342867112668086e-05, 0.0009513222042474058, 8.803605040065351e-05, -0.00036149595059548696], [0.0027753437171446887, -5.543850305103112e-05, 0.00013388991125206203, 0.00030538286387747946, -0.0004628065203581037, 8.803605040065341e-05, 0.0008498248082252182, -0.0001137947817202457], [-0.0003980171607252864, -0.00018935830651023105, 0.0002614580666408742, 0.00032300718197285724, -0.0007935463135087697, -0.0003614959505954869, -0.0001137947817202457, 0.0007113002304142494]], [[0.3614622393134204, 0.009074097602451103, 0.005769496507781578, 0.012757167969688671, -0.005258632066281983, 0.009772919655789835, -0.004914855089319025, -0.0009942927669049065], [0.009074097602451103, 0.0045220802850652565, 0.0009921228771736616, 0.0008068117572558988, -0.0007053131482520282, 0.0005758846871425021, -0.00034026109295366783, -4.202912622566587e-05], [0.005769496507781578, 0.0009921228771736618, 0.004171979369785225, 0.0008317812023490594, -0.0008109523450196349, 0.0006622528800391593, -0.0003676906075302662, -5.322819100407962e-05], [0.012757167969688671, 0.000806811757255899, 0.0008317812023490596, 0.0024092429803055444, -0.000680524484546763, 0.0008045191779810506, -0.0010837836378507963, -0.0002126371637453045], [-0.005258632066281983, -0.0007053131482520283, -0.0008109523450196349, -0.000680524484546763, 0.0024890328665960358, -1.0012789472424075e-05, -0.0004973051488377749, 0.00013172823957326903], [0.009772919655789835, 0.0005758846871425021, 0.0006622528800391593, 0.0008045191779810506, -1.001278947242399e-05, 0.0023282976759793446, 0.0003257597329966198, 3.445108653433682e-06], [-0.004914855089319025, -0.00034026109295366783, -0.0003676906075302662, -0.0010837836378507965, -0.0004973051488377751, 0.00032575973299661985, 0.001971015770409771, -0.00019087738947783168], [-0.0009942927669049065, -4.2029126225665886e-05, -5.322819100407961e-05, -0.0002126371637453045, 0.00013172823957326898, 3.445108653433631e-06, -0.00019087738947783165, 0.0014571055719501454]], [[0.06408930329738909, 0.0032233109444236865, -0.0007552210957986098, 0.0005867408792520893, -0.0007642857082882041, 3.647040095408345e-05, -0.00020334116854856614, 7.45128875260193e-05], [0.003223310944423686, 0.011584051583959226, -0.005070926470921048, -0.014059782220691519, -0.0034226517491993637, -0.000536787984211013, 0.0006205047239905311, 0.0003469712114502048], [-0.0007552210957986095, -0.005070926470921047, 0.0075744276533731385, 0.014885547069024787, 0.0007843723861523814, 0.00011081110022349028, -0.0004473272422223438, -7.577400671521654e-05], [0.0005867408792520891, -0.014059782220691519, 0.014885547069024787, 0.04901081464166421, -0.0025743543454240297, 0.0013784522299205445, -0.0016739704458406059, 0.0012342904513942623], [-0.0007642857082882039, -0.0034226517491993637, 0.0007843723861523813, -0.0025743543454240293, 0.010935936876119125, -0.0003073594546130094, 0.000801027679291677, -0.0011725551909406605], [3.647040095408346e-05, -0.000536787984211013, 0.00011081110022349027, 0.0013784522299205445, -0.0003073594546130094, 0.001954355059410366, 0.001297694259536811, -0.00034963306861064626], [-0.00020334116854856614, 0.0006205047239905311, -0.00044732724222234377, -0.0016739704458406059, 0.0008010276792916771, 0.0012976942595368107, 0.002018499769743314, 0.0002043566635986412], [7.45128875260193e-05, 0.0003469712114502048, -7.577400671521645e-05, 0.0012342904513942625, -0.0011725551909406605, -0.0003496330686106463, 0.00020435666359864115, 0.003359780947664654]], [[0.030434651312638346, 0.00033854454550907436, 0.00045236612399672744, 0.0004084009081560726, 0.0002587672813317873, -3.210121714892834e-05, 3.8542594425539855e-05, -5.6064763749258604e-05], [0.00033854454550907436, 0.0052095498588913694, -0.0007250541575056913, 0.0002780513294219343, -0.00021457893219310352, -0.0001603291855093308, -9.150100584321255e-05, -0.00019340239210529516], [0.00045236612399672744, -0.0007250541575056913, 0.00238964682306271, 2.13046642995052e-06, 0.00012120400901818835, 0.00014119990541384438, -3.022634324978571e-06, -8.904938113158542e-06], [0.0004084009081560726, 0.00027805132942193436, 2.1304664299504974e-06, 0.0013589766198911868, -0.00028851079477462644, -0.00020698621118319494, -3.208407425491497e-05, -0.0007458632694417816], [0.0002587672813317873, -0.00021457893219310352, 0.0001212040090181883, -0.00028851079477462644, 0.002462005264978729, -0.0011586697899875211, -0.0016320476208946217, 0.0005993910168488199], [-3.210121714892834e-05, -0.00016032918550933084, 0.00014119990541384438, -0.00020698621118319491, -0.0011586697899875213, 0.001309156357579585, 0.0014522786926458337, 4.073633941950123e-05], [3.8542594425539855e-05, -9.150100584321258e-05, -3.022634324978559e-06, -3.208407425491494e-05, -0.001632047620894622, 0.0014522786926458337, 0.0022297177466150237, 9.63821630186527e-05], [-5.606476374925862e-05, -0.00019340239210529522, -8.904938113158527e-06, -0.0007458632694417816, 0.0005993910168488199, 4.073633941950125e-05, 9.638216301865271e-05, 0.0017173928099934353]], [[0.5172641341358225, -0.024451873141839872, -0.041429380103489455, 0.005281157290587886, 0.009684234526463916, -0.004292702116354233, 0.0004962193650857766, -0.001590532279979096], [-0.024451873141839876, 0.004974149459767835, -0.0016910122408929518, 5.3014271143830476e-05, -0.0001678595348604111, 0.00012861717572567924, 0.00022199452007630783, 0.00018027196964380605], [-0.04142938010348946, -0.0016910122408929527, 0.009995763353242832, -0.000871522497866482, -0.001252247685282149, 0.00048022305064158066, -0.0003828931014800718, 8.492199458711211e-06], [0.005281157290587887, 5.301427114383051e-05, -0.000871522497866482, 0.002438521922439125, 0.00046061387393025414, -9.012463899804849e-05, 0.00018627056527344556, 