{"weights": [0.08983859496390756, 0.08126301403958491, 0.34143103291944915, 0.20965887283032503, 0.1062519756223151, 0.1715565096244182], "means": [[3.8140184087709357, 0.43193951739473563, -0.3996226444110651, 0.14708225680729087, -0.03630292621505542, 0.016753034459706353, 0.10398316450934605, 0.00495744121557257], [-0.6572179453268702, 1.4827920372829706, 1.009739501624535, -0.007254004702932069, 0.006528867273085743, 0.0010707388175729418, -0.004057823212550874, -0.004262080598791995], [-3.8928504726015696, -0.43580432499885613, 0.09886604070666277, 0.02258833116275367, 0.02170912102276798, -0.0021712426866040083, 0.00924297126398947, 0.003598309199321932], [1.1071937069367503, 0.5387455413247784, -0.5438315722846218, 0.0047619019432611565, 0.047655383155260814, -0.012298074441725816, -0.044429671628763684, 0.006169821742699837], [-2.670721365233788, -0.02403263446909683, -0.20912012740013278, -0.09813306973203861, -0.10247547647816566, 0.009718371369934987, -0.008184435701284621, -0.01880092660414591], [6.869970971657302, -0.6489792989111781, 0.30645423222092144, -0.04247510025859256, -0.0015906424836307827, -0.0005163159866110595, -0.012978287406100221, -0.0008791988527394779]], "cov": [[[0.211439699389628, -0.028273568380520784, 0.033805816936078516, -0.00563774037050978, -0.00851605184369653, -0.0006075382014011073, 0.00741511843883914, 0.0044991017963784624], [-0.02827356838052078, 0.004942556576012555, -0.0026929862209864115, -0.0007456209270685116, 0.0014486351839405219, -0.00014950498785599837, -0.0012775905048009121, -0.0005692738050190945], [0.033805816936078516, -0.0026929862209864115, 0.009230347829501764, -0.0041072099752575975, -0.0008256243227042428, -0.00030107697896322407, 1.3374913572489749e-05, 0.0011282436601753236], [-0.00563774037050978, -0.0007456209270685114, -0.0041072099752575975, 0.003608607850738252, -0.0011256327634603053, 0.00020138686164145798, 0.0009371394341085512, -0.0002255493836276611], [-0.00851605184369653, 0.001448635183940522, -0.0008256243227042431, -0.0011256327634603055, 0.0025316110911883906, 0.0003789620088533712, -0.0005190403656995618, -0.0005784488990536468], [-0.0006075382014011073, -0.0001495049878559984, -0.00030107697896322407, 0.000201386861641458, 0.00037896200885337126, 0.0018011708139324843, -0.00011475189966973042, 1.0199135960550344e-05], [0.00741511843883914, -0.0012775905048009121, 1.3374913572489698e-05, 0.0009371394341085511, -0.0005190403656995618, -0.00011475189966973048, 0.0009364201408598545, -0.00010221764144398492], [0.0044991017963784624, -0.0005692738050190946, 0.0011282436601753236, -0.0002255493836276611, -0.0005784488990536469, 1.0199135960550391e-05, -0.0001022176414439849, 0.0009333403522225251]], [[0.2777152474232006, 0.019041428733965332, -0.05624710236119729, 0.00802277031799188, 0.04125261181905832, 0.004190272879457431, 0.012664183675964426, -0.0118560318310623], [0.019041428733965332, 0.0021467322919088592, -0.0030867521701006657, 0.00032907824194409677, 0.0031119267556953987, 0.00018374968873064744, 0.0011032623881949027, -0.0011539492860547919], [-0.056247102361197295, -0.003086752170100666, 0.012403747174626346, -0.0016418167220111533, -0.00835535818676908, -0.0005915118869042214, -0.0024960253964369777, 0.002202220522313589], [0.00802277031799188, 0.00032907824194409677, -0.0016418167220111533, 0.0010380087780675082, 0.00022943032397640688, 5.8331638143620494e-05, 0.000256001583929356, -0.0002992108433528801], [0.04125261181905833, 0.003111926755695399, -0.00835535818676908, 0.00022943032397640688, 0.008542247418671935, 0.001506730731617765, 0.001943279555623039, -0.0032874844875871454], [0.004190272879457431, 0.00018374968873064742, -0.0005915118869042214, 5.8331638143620555e-05, 0.001506730731617765, 0.00469778941796087, -0.0005893736156183556, 0.00032806718136814], [0.012664183675964426, 0.0011032623881949027, -0.0024960253964369777, 0.00025600158392935594, 0.0019432795556230393, -0.0005893736156183556, 0.0008283918156344967, -0.0008885881039861624], [-0.011856031831062302, -0.0011539492860547919, 0.0022022205223135895, -0.00029921084335288016, -0.003287484487587146, 0.00032806718136814, -0.0008885881039861625, 0.003660980454859202]], [[0.04902636865412963, 0.020976674243430214, -0.017563758718149126, -0.04396971983917668, -0.010131767893113024, 0.001738545712819431, 0.0011330690011969464, -0.00029774960310995096], [0.02097667424343021, 0.01132689417231394, -0.006072842411542876, -0.020548688068940082, -0.0030191397628793375, 0.0004930069314524143, 0.0017229864614010041, 0.00045403026797658614], [-0.017563758718149122, -0.006072842411542877, 0.008003822836168665, 0.01827582131421914, 0.002427247255007956, -0.00044611212272149104, -0.0001666389574188868, 0.0004133437661890775], [-0.04396971983917668, -0.020548688068940082, 0.01827582131421914, 0.06461145039362204, -0.002439271489094087, 5.948898510192837e-05, -0.003941051196462307, 0.0003631207223459148], [-0.010131767893113026, -0.0030191397628793375, 0.0024272472550079566, -0.002439271489094087, 0.016680053367594993, -0.00046568014206422627, 0.002080950844892606, -0.0008691365389173636], [0.001738545712819431, 0.0004930069314524142, -0.0004461121227214911, 5.9488985101928595e-05, -0.0004656801420642262, 0.00496238410937577, -0.000702898736887926, -0.00011041242508227229], [0.001133069001196946, 0.0017229864614010041, -0.00016663895741888686, -0.003941051196462307, 0.0020809508448926058, -0.000702898736887926, 0.001187032949535569, -7.747000011443425e-05], [-0.0002977496031099511, 0.0004540302679765863, 0.0004133437661890775, 0.0003631207223459149, -0.0008691365389173636, -0.00011041242508227259, -7.747000011443415e-05, 0.0037767356898913973]], [[0.44311571751322065, 0.0002409034231227443, 0.03287598979022435, 0.037039694413329244, -0.005569752414780045, -0.005273430697469049, -0.022259206834980737, -0.011755946665715899], [0.0002409034231227443, 0.0013562350964461203, 0.0004218816797849551, 0.00024375120965399282, -0.0015291582383541555, 0.0002695314506394653, 0.0007199604441538878, 0.00016013831596847078], [0.03287598979022435, 0.0004218816797849551, 0.004597074549309149, 0.002840009347700623, -0.001448971399872669, -0.001089833304897205, -0.00283472639424827, -0.0006608007286664902], [0.037039694413329244, 0.00024375120965399282, 0.002840009347700623, 0.005789362903296697, -0.002031542401758848, -0.001219859434031566, -0.0017416911073313628, -0.0017855935590404735], [-0.005569752414780045, -0.0015291582383541555, -0.001448971399872669, -0.002031542401758848, 0.0036515640134140597, 0.0005974582136275362, -0.0002866296075996169, 0.00015764794466824984], [-0.005273430697469049, 0.0002695314506394653, -0.0010898333048972053, -0.001219859434031566, 0.0005974582136275362, 0.0033419154514058953, 0.0006878833745448179, 0.00018039497966031067], [-0.022259206834980737, 0.0007199604441538878, -0.00283472639424827, -0.0017416911073313626, -0.0002866296075996169, 0.0006878833745448179, 0.0028110681940025925, 0.0004040905094995722], [-0.011755946665715899, 0.00016013831596847072, -0.0006608007286664902, -0.001785593559040473, 0.00015764794466824984, 0.00018039497966031065, 0.0004040905094995722, 0.0021482270181078875]], [[0.0293860885247038, 0.008884223386025113, -0.0059175443832973785, 0.0031423340355896836, -0.0015462089578957812, 0.0027897674491691084, -0.00019760740214456847, -0.00017746344142603593], [0.008884223386025113, 0.003200174964970607, -0.0013403512563080104, 0.0005943224600440158, -0.0008727189197931091, 0.00048387835044396863, 0.00016954680417827957, -0.00020300135710722572], [-0.0059175443832973785, -0.0013403512563080104, 0.0022163936479472216, -0.001037085054867448, 0.00012660345775884345, -0.0005495829884270828, -0.0003328367211269794, -0.00011694060918261882], [0.003142334035589684, 0.0005943224600440156, -0.001037085054867448, 0.0018995423744269401, -0.001057481194243321, 0.0004138750611727944, 5.992487671138338e-05, -0.0005600512436570654], [-0.001546208957895781, -0.0008727189197931091, 