{"weights": [0.5849287764497528, 0.17506778211612556, 0.24000344143412156], "means": [[-2.1127569606618652, -0.5208861762205845, 0.03525032657478701, -0.012058783009951175, 0.008016129672951592, 0.004774063270888094, -0.010017927661621446, -0.010038270115909697], [4.012939241984035, -2.7085418502244516, -0.04468633071536808, 0.06814910543647712, -0.015659910464267585, -0.005168057780687814, -0.00984605876613846, -0.003755804243872037], [1.815447609427843, 3.612055600881709, -0.05194548120840987, -0.006687957049211636, -0.0031397566088558595, 0.006025125458888248, 0.03086879445560683, 0.01650150855761203]], "cov": [[[0.02527916890442527, -0.009647628017180198, 0.00845410686078468, -0.08534179356456582, 0.02570106437332796, -0.025130917916067478, -0.012700599912074909, 0.006056155411416691], [-0.009647628017180198, 0.03752926198769714, -0.01728957921119904, 0.057155638193722824, -0.04413954539357481, 0.0005521765357436328, -0.020101930778213203, -0.0028284603898038846], [0.008454106860784683, -0.01728957921119904, 0.021693414944351747, -0.10344831322995955, 0.03560068914326434, -0.014551676005336326, 0.014868453326987571, -0.0067067678600162065], [-0.08534179356456582, 0.057155638193722824, -0.10344831322995955, 0.6733391290108948, -0.18326047053879907, 0.14109415621316942, -0.0030140774672925198, 0.02652858271702628], [0.02570106437332796, -0.04413954539357481, 0.03560068914326434, -0.18326047053879907, 0.08581336178013645, -0.0184807889964024, 0.007425307695781964, -0.014911352816069432], [-0.02513091791606748, 0.0005521765357436308, -0.014551676005336326, 0.14109415621316942, -0.018480788996402396, 0.055641007044979277, 0.0021915653122348455, -0.014722465963497121], [-0.012700599912074909, -0.020101930778213206, 0.014868453326987571, -0.003014077467292519, 0.007425307695781962, 0.002191565312234845, 0.05300867370769589, 0.008596917453971129], [0.006056155411416691, -0.0028284603898038846, -0.006706767860016206, 0.02652858271702628, -0.014911352816069432, -0.014722465963497121, 0.008596917453971127, 0.025500865261090917]], [[0.4551370669995342, 0.11870076571286464, -0.002641905416971912, -0.26682891001779524, -0.11277863054562563, 0.06233577962189763, -0.05059241879846043, -0.1268435421799228], [0.11870076571286464, 0.17460789534058063, 0.010477419227725396, 0.11952691781150676, 0.29599154049064696, -0.010537160812506385, -0.07018605641821474, -0.06200416842466595], [-0.002641905416971912, 0.010477419227725394, 0.010690354215192377, -0.0481567197177978, 0.023555279111703523, 0.042315329631894445, -0.015011480531088686, 0.011977494002649688], [-0.26682891001779524, 0.11952691781150675, -0.04815671971779781, 1.0865046343127434, 0.5025518851690729, -0.42009418752614464, 0.0608535196578011, -0.12804663624105544], [-0.11277863054562563, 0.29599154049064696, 0.02355527911170352, 0.502551885169073, 0.9122314583920539, -0.04258685130413923, -0.17400281044752527, -0.003673760057510734], [0.062335779621897645, -0.0105371608125064, 0.042315329631894445, -0.4200941875261446, -0.04258685130413922, 0.3248519557900486, -0.09438478189899169, 0.06925371562811362], [-0.05059241879846043, -0.07018605641821472, -0.015011480531088686, 0.0608535196578011, -0.17400281044752527, -0.09438478189899169, 0.08757283692923039, 0.017391942578518546], [-0.12684354217992277, -0.06200416842466595, 0.011977494002649684, -0.12804663624105544, -0.0036737600575107365, 0.06925371562811362, 0.01739194257851855, 0.22754245774601464]], [[0.15229526781993388, -0.10719239815303548, 0.5014478565415551, 0.10298920324602197, 0.15128922866662758, 0.01783501366070164, 0.025448342250202965, 0.05097582981408064], [-0.10719239815303547, 0.20159503450039515, 0.1880919980760268, -0.08886798866668875, -0.19685443203485506, -0.023644122846902076, -0.02232707791423739, -0.04648345590283233], [0.5014478565415551, 0.1880919980760268, 5.77807065307326, 0.3519375062632145, -0.12842586374764317, 0.00038326541351683545, -0.02580616903686135, 0.009872456138994843], [0.10298920324602197, -0.08886798866668875, 0.3519375062632145, 0.13903243864077244, 0.057612905140078885, -0.0009146649347289693, -0.04699041127167182, 0.041796777315110785], [0.15128922866662758, -0.19685443203485506, -0.12842586374764317, 0.057612905140078885, 0.3280918121119708, 0.07780382306104977, 0.14016132464493816, 0.04113691973556373], [0.017835013660701643, -0.023644122846902083, 0.0003832654135168349, -0.0009146649347289676, 0.07780382306104978, 0.04907876675932331, 0.08002990432344137, -0.022651653824993734], [0.02544834225020296, -0.022327077914237388, -0.02580616903686135, -0.04699041127167183, 0.14016132464493816, 0.08002990432344137, 0.20886732232835023, -0.03718681389690393], [0.05097582981408065, -0.04648345590283234, 0.009872456138994845, 0.041796777315110785, 0.04113691973556373, -0.022651653824993737, -0.03718681389690393, 0.04783596417253245]]]}