{"entropy_prior_gmm": 0.0008925289686521755, "entropy_Mean_gmm": 0.01218339242041111, "entropy_z_nk_prior": 0.00033324477277167755, "entropy_Mean_z_nk": 0.011747503233339406, "entropy_mixing_prior": 88.99072030499339, "entropy_Mean_mixing": 1.6514682123429347}