{"weights": [0.17114065585787686, 0.15098927181529107, 0.29232230706929013, 0.15064843621545781, 0.15436241612750293, 0.08053691291458101], "means": [[3.8069156786974734, 0.4297205985837182, -0.4011095609532231, 0.1471709816094766, -0.03129093132821937, 0.017056130425698708, 0.09990298486701601, -0.000254761289318738], [-0.686165221721934, 1.477561161520697, 1.0119706737030225, -0.011956579940377984, 0.0069567296072337095, 0.0006843053438477912, -0.006120149017563396, -0.002647803150286548], [-3.9135090219339905, -0.44466402637905267, 0.10424869677889763, 0.023902140936322154, 0.027400698780093775, 0.0040279521059164766, 0.008723976287291293, -0.00353918035107638], [1.101974408415499, 0.5396156384193047, -0.5437023644620426, 0.012914840586779858, 0.034207671725087506, -0.022047913689221845, -0.04366582296994841, 0.0018200341464245766], [-2.6966936421651737, -0.03317171553957739, -0.19943152403304837, -0.1040563044867207, -0.09722128989112923, 0.007995875255751605, -0.012330251110630125, -0.023765937116197705], [6.867845392513622, -0.6549693488722123, 0.298300235584249, -0.03954035065842324, -0.000987839906090381, 0.0018415222493555006, -0.014127061253392035, -0.0005118353157809578]], "cov": [[[0.17728950994661816, -0.023699456299590686, 0.02835659986864347, -0.004763916531053877, -0.0070954392111269695, -0.0004653556161714138, 0.006211735511954862, 0.003771935408816613], [-0.02369945629959069, 0.004115323548858861, -0.0023656454958662794, -0.00047821847329732986, 0.0010617755236026606, -0.00016960072144357296, -0.0010066171902199151, -0.00040157008616555724], [0.02835659986864347, -0.0023656454958662794, 0.007566174533971358, -0.0030945315190005042, -0.0009265571756742651, -0.0004450950326022403, 8.00431522794014e-05, 0.000957104973305218], [-0.004763916531053878, -0.00047821847329732975, -0.0030945315190005047, 0.0028651636349701, -0.0008911905954367215, 4.4927693546276445e-05, 0.0006769598270082197, -0.00015356453465753723], [-0.0070954392111269695, 0.0010617755236026604, -0.0009265571756742653, -0.0008911905954367216, 0.002681283708936927, 0.0008238953623553401, -0.0004085215465344559, -0.0006208101296874619], [-0.00046535561617141384, -0.00016960072144357293, -0.0004450950326022403, 4.492769354627643e-05, 0.0008238953623553403, 0.0014168232607115734, -1.0954281439335599e-05, -0.0002239190243904631], [0.0062117355119548625, -0.0010066171902199151, 8.004315227940132e-05, 0.0006769598270082197, -0.0004085215465344559, -1.0954281439335582e-05, 0.0007810082924117127, -1.139810080128582e-05], [0.003771935408816613, -0.00040157008616555713, 0.000957104973305218, -0.0001535645346575372, -0.0006208101296874619, -0.00022391902439046306, -1.1398100801285799e-05, 0.0008306735959919876]], [[0.2518118519172274, 0.017260332207037456, -0.05100547824094017, 0.007246670705499282, 0.03742332924010581, 0.0037829084430760587, 0.01148992328989877, -0.010776699388648567], [0.017260332207037456, 0.0018868044008062757, -0.0028601389162333213, 0.0004001815751089423, 0.002786929663900228, 0.00018745477067505203, 0.0009718997491987218, -0.0010518499596695874], [-0.05100547824094017, -0.002860138916233321, 0.011186640207327134, -0.0014980022799364267, -0.007602044364452739, -0.0005083189074318722, -0.002269457325180119, 0.0019979310567557794], [0.007246670705499282, 0.0004001815751089423, -0.0014980022799364267, 0.0008069487638080033, 0.00039700265930877655, -4.008531799531477e-05, 0.00027566846765235024, -0.00013337398903080192], [0.03742332924010581, 0.002786929663900228, -0.007602044364452739, 0.00039700265930877666, 0.0075812220448368516, 0.0015142899612249525, 0.0017228261128354337, -0.002934680573368491], [0.0037829084430760582, 0.00018745477067505203, -0.0005083189074318722, -4.0085317995314806e-05, 0.0015142899612249525, 0.004435817305462211, -0.0005569845984000751, 0.0003067398193414829], [0.01148992328989877, 0.0009718997491987219, -0.002269457325180119, 0.00027566846765235024, 0.0017228261128354341, -0.0005569845984000751, 0.0007368940872573298, -0.000794903703620963], [-0.010776699388648565, -0.0010518499596695874, 0.001997931056755779, -0.00013337398903080186, -0.0029346805733684905, 0.0003067398193414829, -0.000794903703620963, 0.00296693604804286]], [[0.04496495349668585, 0.019302021570622826, -0.016033419743501066, -0.040052374645681475, -0.00887835452756418, 0.001632705335680709, 0.001101382208112059, -0.0004907586269057594], [0.01930202157062283, 0.01068535268574555, -0.0053864193868447775, -0.01861797465710109, -0.002512862230747542, 0.00038607930587022417, 0.0016995260111887388, 0.0007275373510567079], [-0.01603341974350107, -0.005386419386844778, 0.007425590982307619, 0.016752215423123495, 0.0022453772497492697, -0.0004643569623687896, -0.00010655079363628045, 0.0007269314698031966], [-0.04005237464568148, -0.01861797465710109, 0.0167522154231235, 0.05920972179612415, -0.001812991039007023, 7.886204092132672e-05, -0.0035142858821365077, 0.00016819981254625498], [-0.00887835452756418, -0.0025128622307475416, 0.0022453772497492692, -0.0018129910390070239, 0.015350548453644143, -0.00025275460513321676, 0.001926227290678368, -0.0009702209555614435], [0.001632705335680709, 0.0003860793058702242, -0.00046435696236878966, 7.886204092132678e-05, -0.0002527546051332169, 0.0054516619537804374, -0.0007839024753276611, 2.3136181833967764e-05], [0.001101382208112059, 0.0016995260111887388, -0.00010655079363628033, -0.0035142858821365077, 0.0019262272906783683, -0.0007839024753276611, 0.0011482803051519577, 4.969328553611382e-05], [-0.0004907586269057593, 0.0007275373510567078, 0.0007269314698031963, 0.00016819981254625506, -0.0009702209555614434, 2.313618183396792e-05, 4.969328553611384e-05, 0.0039051286663300895]], [[0.4299202908803035, 0.00019297707839649526, 0.03188323788229287, 0.03589353524794017, -0.005323190569494308, -0.00507586499691021, -0.021624760223213305, -0.011407187880029835], [0.0001929770783964953, 0.0014158602446268486, 0.0006132466184512493, 0.0004498101703508742, -0.001740789803926773, 0.00011797394727152637, 0.0006464334518626991, 0.00016600054735916423], [0.03188323788229287, 0.0006132466184512492, 0.004520201860456251, 0.0028887010714695486, -0.0017422830919596058, -0.0011410937906965548, -0.002641896208178719, -0.000551627251321061], [0.03589353524794017, 0.0004498101703508742, 0.0028887010714695486, 0.005925090731153734, -0.002433887076370204, -0.0015247489156389605, -0.0015672404244544708, -0.0018321140015282373], [-0.005323190569494308, -0.0017407898039267728, -0.0017422830919596058, -0.002433887076370204, 0.004320300125787282, 0.0009526766983345092, -0.000278312240410873, 0.00021283428499919348], [-0.00507586499691021, 0.00011797394727152645, -0.0011410937906965548, -0.0015247489156389605, 0.000952676698334509, 0.0031582700682827166, 0.0006178863561875671, 0.00032657708576122607], [-0.021624760223213305, 0.0006464334518626991, -0.002641896208178719, -0.0015672404244544708, -0.00027831224041087303, 0.0006178863561875671, 0.0025714225395635573, 0.00032655212726619875], [-0.011407187880029836, 0.00016600054735916423, -0.0005516272513210609, -0.0018321140015282373, 0.00021283428499919348, 0.0003265770857612261, 0.00032655212726619875, 0.001991365397285411]], [[0.0416462450068584, 0.01259565441522792, -0.008431462348226296, 0.004546452202906494, -0.002274666039643512, 0.00403466371564169, -0.00023684402757021675, -0.0003118683644790948], [0.012595654415227921, 0.004298650409233018, -0.0021209664742147783, 0.0010580447597183507, -0.0010959211773841505, 0.0008432858829584259, 0.00015285430696587076, -0.00026420457324509677], [-0.008431462348226297, -0.0021209664742147783, 0.0026709423960354474, -0.0013076154622546762, 0.00028298128339319375, -0.0007991269008680984, -0.00029378625852411995, -8.695535158827862e-05], [0.004546452202906495, 0.0010580447597183507, -0.0013076154622546762, 0.0019498713731061238, -0.001128162398972307, 0.0004608720098267113, 7.894416859367485e-05, -0.00048728415814088205], [-0.0022746660396435123, 