{"entropy_prior_gmm": 0.0008925289686521755, "entropy_Mean_gmm": 0.002869939198717475, "entropy_z_nk_prior": 0.0012788791422551772, "entropy_Mean_z_nk": 0.002704385814419514, "entropy_mixing_prior": 88.99072030499339, "entropy_Mean_mixing": 1.4100961049364478}