{"accuracy_init": 0.7905982732772827, "accuracy_final_MAP": 0.8846153616905212, "accuracy_final_mean": 0.8846153616905212}