{"mean_data1": [[-2.109789516324489, -0.5232214657014576, 0.0375632647717831, -0.020806260753886963, 0.008384936513478238, 0.0003007711097454437, -0.006817547503629648, -0.005750082248616876], [-2.111908002637673, -0.5235174497703027, 0.04022266665225064, -0.02229782143246239, 0.009930896027624909, -0.0016888265584239894, -0.0009503567979318229, -0.006726196791786416], [-2.111778853018384, -0.5249063230720568, 0.03985953245061565, -0.02223128278550109, 0.009014679530159476, -0.0015160720819050386, 0.00036506067310633885, -0.005216973284999069], [-2.094011595927774, -0.5198963667275289, 0.04404148401307625, -0.020577734523361223, -0.005081471238912072, 0.002463718003058757, 0.01164735381104576, -0.00034659302881207287], [-2.0985353112890364, -0.5179895761338515, 0.04351176229657149, -0.01562067990287782, 0.006460233035553028, 0.0012261907207951751, 0.010225102428000234, -0.006802211885096931]], "mean_data2": [[4.010820591607374, -2.714188724653758, -0.047108889477262966, 0.06814346922785026, -0.02334418953370428, -0.004404715208527386, -0.010648458451432172, -0.007463953437351934], [4.010276841789951, -2.713105525897159, -0.04447993468547021, 0.0647724121809743, -0.02733687240167374, -0.0045739564662222055, -0.01184380156820329, -0.007926009766683168], [4.009222639805926, -2.715960144912078, -0.04223309008111262, 0.06476409945966526, -0.0272099239843771, -0.0037557745796684273, -0.0128363911526697, -0.00661404938894939], [4.008169792066339, -2.6987889337794515, -0.03991207880548256, 0.0595222608375023, -0.02452008881177103, -0.0009804489578554758, -0.02026767020852176, -0.0013171329358507872], [4.00620283341788, -2.7013959530230855, -0.0418604064774275, 0.050609311822965394, -0.020920616955898915, 0.009062317092525949, -0.014463415030073038, 0.0017308497281745253]], "mean_data3": [[1.8187248579606743, 3.610202670761191, -0.05221138465275585, -0.005999844647738221, -0.0004368161642102662, 0.004471614956928089, 0.026464288600947915, 0.020874958336338758], [1.8211592004662283, 3.6107420632864904, -0.04862072135054817, -0.008432530202305255, -0.00282514447129174, 0.0025194521600243472, 0.025100979321561006, 0.02290061937387429], [1.8213559665198258, 3.611923415159578, -0.046842272571740305, -0.00757386291291903, -0.00038576809516624824, 0.0032911502920416375, 0.025109168584703134, 0.021495066803056885], [1.818488225101242, 3.6157079042074107, -0.06227029913534036, -0.0030834128900687654, -0.006484140813981634, -0.005460093235623567, 0.02975468647493449, 0.028478963995239526], [1.823082564905719, 3.617712012158325, -0.0713355028652531, -0.014765324680439899, -0.002452479477450186, -0.008953793790859765, 0.027088388126186747, 0.01960393621618266]], "mu_1": [0.03157489143736507, 0.028686450478608756, 0.028632381194849624, 0.029224801282150905, 0.029834657657950455], "mu_2": [-0.0010493782111406676, -0.0008552889226492758, -0.00012850221027575174, -0.00021198556281844228, -0.0014373342172529916]}