{"weights": [0.17113664580786203, 0.10518428265406403, 0.3646085243596529, 0.12417249399427838, 0.15435779035219635, 0.08054026283194622], "means": [[6.742679507524484, -0.6322999945594079, 0.28338163941548694, -0.03552056601613838, 0.0007160036042147707, 0.0008327304801827562, -0.015727541533156978, -0.00938476625881719], [-3.73782093627556, -0.5401722771987278, 0.12496696677706519, 0.26720884927603883, 0.014762263602396478, -0.010591979079840858, -0.007106701468302091, 0.012218942504757007], [-3.3867268175333165, -0.259318502979215, -0.03780516125441015, -0.09987765278899452, -0.026740495491460212, -0.015442907674887969, 0.009312196812393848, -0.005376893742403087], [0.8428588375638181, 0.5402014759007292, -0.5695488932637155, -0.0240538760123583, 0.05290671480425362, 0.0015069084708461218, -0.0259967813352288, 0.017007398022580934], [2.9820128861583006, 0.48623549091857843, -0.4360242637604292, 0.12039764143904483, -0.008393047541215162, -0.0049340950570723715, 0.014435212380063688, -0.00824690729536039], [-0.6731662346188542, 1.4764035251118146, 0.9890598810837329, -0.03283815422171892, -0.013187971099162744, 0.039941238851965766, 0.0016049572445601032, -0.022847596174657724]], "cov": [[[141.71569686728657, -18.89138292110846, 22.55037775477239, -3.618294843292223, -5.776074773209378, -0.36035067887752703, 5.117213394734439, 3.035236809940839], [-18.891382921108463, 4.998025094913712, -0.8797788134010266, -0.5412222641942407, 1.381076421572252, 0.2653762262618154, 0.21537079663268852, -0.4607684859739726], [22.550377754772395, -0.8797788134010268, 7.668182268154456, -3.6597348142785293, 0.10566555753433725, -0.2394330665964324, -0.1747790305548415, 0.5195195650449975], [-3.618294843292223, -0.5412222641942405, -3.6597348142785293, 4.256115635214804, -0.762893319870728, 0.22311364291899793, 1.5430854683911321, -0.07687843354452144], [-5.776074773209379, 1.381076421572252, 0.1056655575343371, -0.7628933198707283, 1.9280055895331198, 0.04991568920729521, -0.3676524636400242, 0.8225105315859692], [-0.36035067887752703, 0.2653762262618154, -0.23943306659643243, 0.22311364291899793, 0.04991568920729521, 0.7416357282303863, 0.33961440561158057, -0.6180354835430105], [5.11721339473444, 0.2153707966326885, -0.17477903055484148, 1.5430854683911321, -0.3676524636400241, 0.33961440561158057, 2.0075757302916233, 0.06893296497893713], [3.0352368099408396, -0.4607684859739726, 0.5195195650449975, -0.07687843354452134, 0.8225105315859693, -0.6180354835430106, 0.06893296497893714, 3.0179475340053057]], [[249.54947083964026, 16.698969577997314, -49.84276162306994, 6.89156762500429, 36.203353223255625, 3.867185322537581, 11.133141219808351, -10.44301814923509], [16.698969577997314, 5.274263323382464, -2.647454677078342, 0.7776335798133118, 3.8785694439738716, -0.0860975749771198, 1.6695400619087397, -0.6351998721662865], [-49.84276162306993, -2.6474546770783416, 14.119064816006873, -2.195723745794222, -7.646088007348829, -0.645955266649379, -2.5196493086752114, 1.5841910450125232], [6.89156762500429, 0.7776335798133116, -2.195723745794222, 6.428886636454767, 0.051698525599424935, 0.42923719961583284, -0.07496696614316976, -0.36292650411872196], [36.203353223255625, 3.8785694439738716, -7.64608800734883, 0.051698525599424956, 12.424744657424444, 0.3263308192220731, 1.9775254850280615, -3.2130028117969163], [3.8671853225375803, -0.08609757497711983, -0.645955266649379, 0.42923719961583284, 0.3263308192220731, 6.295332780341276, -0.5609133236867803, 0.2943323928347449], [11.133141219808351, 1.6695400619087395, -2.5196493086752114, -0.07496696614316974, 1.9775254850280615, -0.5609133236867802, 2.8183740541669704, -0.9984580667316508], [-10.443018149235089, -0.6351998721662865, 1.5841910450125232, -0.36292650411872196, -3.2130028117969163, 0.2943323928347449, -0.9984580667316506, 9.057191484949158]], [[70.39768544421345, 28.70882777647542, -22.80477524446696, -40.90229683976079, -15.665497991306982, 7.305560020518608, -0.21863965712004327, -1.6877548564591018], [28.70882777647542, 20.87558894894465, -3.8275263922606935, -20.049650664224174, -2.8782750971371627, 1.8149863142280112, 3.932445500054874, 1.1482957225769777], [-22.80477524446696, -3.8275263922606935, 13.870671527624692, 20.55686518469258, 3.563239171690581, -1.5294945574769003, 1.9088359587812196, 1.2157755834695603], [-40.90229683976079, -20.049650664224174, 20.55686518469258, 91.01740994681893, -7.9863109993240124, 5.186706781966245, -6.272737846257559, -0.5841784504016343], [-15.665497991306982, -2.8782750971371636, 3.563239171690582, -7.9863109993240124, 48.833940224671075, 4.541217796785679, 5.6315246378292345, -3.7744634673274047], [7.305560020518609, 1.8149863142280127, -1.5294945574768999, 5.1867067819662465, 4.541217796785679, 23.847353706220495, -2.8756973724659463, -3.1497494801215136], [-0.21863965712004327, 3.932445500054874, 1.9088359587812196, -6.2727378462575585, 5.6315246378292345, -2.8756973724659467, 3.850011934779834, -0.01825823724224036], [-1.6877548564591018, 1.1482957225769774, 1.21577558346956, -0.5841784504016349, -3.774463467327405, -3.149749480121513, -0.018258237242240315, 14.019947768078161]], [[393.6668123447235, 0.22836302384494928, 29.23929137358961, 32.93892838681025, -4.9716056282384615, -4.690816017586058, -19.786586906363127, -10.462999953121594], [0.22836302384494928, 0.9886400397956397, 0.35285133070955715, 0.022439356837408376, -1.3445495549612185, 0.29237461122050235, 0.5936780776082854, 0.05667766261032698], [29.23929137358961, 0.3528513307095571, 3.9347561839365546, 2.3117749454171985, -1.2487927380450836, -0.953222989795459, -2.4777629685865477, -0.5926933026033019], [32.93892838681025, 0.022439356837408372, 2.3117749454171985, 5.020391837953594, -1.6648028882165224, -1.021613778316911, -1.5833361589851693, -1.3979817407529644], [-4.9716056282384615, -1.3445495549612185, -1.2487927380450836, -1.6648028882165224, 2.7675238238069495, 0.40367244445276773, -0.2400206173069905, 0.08117408303571486], [-4.690816017586058, 0.29237461122050235, -0.9532229897954592, -1.0216137783169112, 0.40367244445276773, 2.7219267168200667, 0.6436376770258784, 0.29716853460939785], [-19.786586906363127, 0.5936780776082854, -2.4777629685865477, -1.5833361589851698, -0.24002061730699045, 0.6436376770258784, 2.3392691372454806, 0.2224537993336382], [-10.462999953121594, 0.05667766261032696, -0.5926933026033018, -1.3979817407529644, 0.08117408303571481, 0.2971685346093978, 0.22245379933363824, 2.006275048151795]], [[162.71431594603195, 37.420287707664414, -24.637738956841726, 17.099807045757522, -9.027527368563343, 15.781432708977631, 5.762061210496663, -0.5973067402879771], [37.42028770766442, 39.17686636610486, -24.33444561331848, 6.200210137925561, -1.6080321612002848, 2.950408666551887, -14.201563329767149, -2.4898897653663745], [-24.63773895684173, -24.33444561331848, 22.15524770629391, -3.1527526324479753, 3.4048641881814223, -2.895173682653082, 11.171949507042736, 1.525247026775028], [17.09980704575752, 6.200210137925561, -3.1527526324479758, 9.47707498898806, 0.27321900862936266, 0.7879725878237372, -2.6005077667511998, -0.14540426691596636], [-9.02752736856334, -1.6080321612002852, 3.4048641881814223, 0.27321900862936277, 6.076036244949147, -2.164222695184798, -1.622189017330419, -0.13162269489359887], [15.781432708977631, 2.950408666551887, -2.895173682653082, 0.7879725878237371, -2.1642226951847983, 7.674741347579346, 4.4356633991248815, -0.0483401773284613], [5.762061210496662, -14.20156332976715, 11.171949507042736, -2.6005077667512, -1.6221890173304192, 4.4356633991248815, 22.285292636236075, 2.7161712174837764], [-0.5973067402879774, -2.489889765366375, 1.525247026775028, -0.14540426691596736, -0.13162269489359896, -0.04834017732846157, 2.7161712174837764, 6.096030801767998]], [[21.638126247208223, 0.5580529750473562, -4.223869367541461, 0.44654794516639645, 0.631853466984716, 2.213859514792883, 4.482998299683268, -2.9740522662818885], [0.5580529750473565, 12.071160033544697, 