{"MAP index": 77, "entropy_prior_gmm": 4.6051701859880925e-09, "entropy_MAP_gmm": 4.605170023097571e-09, "entropy_z_nk_prior": 0.18270892364249625, "entropy_MAP_z_nk": 0.1647238848540459, "entropy_mixing_prior": 85.69175851611257, "entropy_MAP_mixing": 1.0128142997706575}