{"weights": [0.17217751616873792, 0.019533440254356656, 0.44716580362321645, 0.12778977355674595, 0.15555145368983767, 0.07778201270710537], "means": [[6.852234831758195, -0.6513848252803358, 0.2949383839289725, -0.040172074067544104, 0.0005228036384864339, 0.009541547775141327, -0.008275183892564916, -8.463710621725367e-06], [0.8336979607901178, 1.3614849693530318, -0.7728105855439867, 0.1699794232361368, 1.527251810151696, 0.5990665438534502, 0.0406323488306456, -4.5921867755157715], [-3.536612467175613, -0.305783116303763, 0.004058542864066576, -0.01459339529422432, -0.01866283764840403, -0.0015568393130591747, 0.008012564054997387, -0.00514662804530992], [-1.970864731458213, 0.22806269171410162, -0.5636687324517379, 0.013482072206275238, 0.18391358867663476, 0.4567262577924198, 0.14824941010674794, 0.14165777813260622], [2.6441616779813213, 0.5146593556740453, -0.4250377803968645, 0.10456965919861548, -0.006960406005748638, 0.027019045355025268, 0.0036948241696136055, -0.006905963654094557], [8.761138747118851, 1.954511275840979, -0.888530575948106, 0.34162024566414617, 1.0575529258469696, -0.7809696534378435, -0.20364575867405038, 0.34760379034159505]], "cov": [[[0.0005494167625317961, 0.00036263467050251356, 0.0009113567370640564, -0.000322284856296985, -7.030012435670926e-05, -7.533134704581848e-05, 5.2161049253162974e-05, -0.00010161772023396566], [0.00036263467050251356, 0.008264650038151269, 0.006201769411431085, -0.0038347337784771854, 0.0003129302650990144, -0.001958674929439155, 0.0037234156769479403, -0.00022526838811712602], [0.0009113567370640564, 0.006201769411431085, 0.005673625867796099, -0.0032054164269336104, 0.00021313838958267998, -0.0012567251054261864, 0.00265764851765768, -0.00031691969797007874], [-0.000322284856296985, -0.0038347337784771854, -0.0032054164269336104, 0.001958904123286829, -0.00023408613184993518, 0.0008688148295600124, -0.0016378164983194754, 0.0001260444624064798], [-7.030012435670926e-05, 0.0003129302650990144, 0.00021313838958267998, -0.00023408613184993518, 0.00017438828583051376, -0.00013278204430161383, 5.0192837358390624e-05, -3.5487250509586537e-06], [-7.533134704581848e-05, -0.001958674929439155, -0.0012567251054261864, 0.0008688148295600124, -0.00013278204430161383, 0.0008145351843744029, -0.0007474771947242465, -5.702885686911022e-05], [5.2161049253162974e-05, 0.0037234156769479403, 0.00265764851765768, -0.0016378164983194754, 5.0192837358390624e-05, -0.0007474771947242465, 0.0018210059178679163, -9.921886049258692e-05], [-0.00010161772023396566, -0.00022526838811712602, -0.00031691969797007874, 0.0001260444624064798, -3.5487250509586537e-06, -5.702885686911022e-05, -9.921886049258692e-05, 0.000179889205527569]], [[24.535012616041165, 9.484212756861933, -4.542177294820991, 0.35061831050030007, 8.083936190993533, 2.989806425992825, 0.36975427999776384, -22.92969407206358], [9.484212756861933, 3.7124744470978466, -1.7773561695784994, 0.13053314648728473, 3.1619258841097975, 1.168852642521891, 0.14576338809543937, -8.968497725780137], [-4.542177294820991, -1.7773561695784994, 0.8517348029469161, -0.06848914427755286, -1.5136890432390488, -0.5600118076963776, -0.06909856137322781, 4.295300187986429], [0.35061831050030007, 0.13053314648728473, -0.06848914427755286, 0.05070085078879411, 0.1103796461875619, 0.04462004242671424, -6.860442353679064e-05, -0.3285253080922682], [8.083936190993533, 3.1619258841097975, -1.5136890432390488, 0.1103796461875619, 2.6939475373865753, 0.9953351558899223, 0.12433499768556155, -7.638021593369088], [2.989806425992825, 1.168852642521891, -0.5600118076963776, 0.04462004242671424, 0.9953351558899223, 0.3684813195672338, 0.04544284966362318, -2.825552236640718], [0.36975427999776384, 0.14576338809543937, -0.06909856137322781, -6.860442353679064e-05, 0.12433499768556155, 0.04544284966362318, 0.006363787600049664, -0.35030258025028777], [-22.92969407206358, -8.968497725780137, 4.295300187986429, -0.3285253080922682, -7.638021593369088, -2.825552236640718, -0.35030258025028777, 21.674018577325292]], [[0.3589940194002091, 0.12240531682190584, -0.0904978347354715, -0.05272421099484729, -0.04455293225512615, -0.0018373858597878082, -0.008612622754027471, -0.00317406446140765], [0.12240531682190584, 0.04308274061251122, -0.03020664977403041, -0.019692492694507884, -0.015633119297266976, -0.0007291154445599912, -0.0020260847900069132, -0.0005799770069533732], [-0.0904978347354715, -0.03020664977403041, 0.024521470138545737, 0.017716282721589042, 0.010438251379268489, 0.0006487415044218608, 0.002324263870341542, 0.0011811130677331048], [-0.05272421099484729, -0.019692492694507884, 0.017716282721589042, 0.03854443810179211, 0.002623608313431867, 0.000847595066896589, -0.00021008300228382974, 0.00010286247928873045], [-0.04455293225512615, -0.015633119297266976, 0.010438251379268489, 0.002623608313431867, 0.013770224531170706, -0.0007127354137671756, 0.0007144001857103575, 3.295483404446837e-05], [-0.0018373858597878082, -0.0007291154445599912, 0.0006487415044218608, 0.000847595066896589, -0.0007127354137671756, 0.0018762883892067268, 0.0013834143510042187, -0.00010629091934720921], [-0.008612622754027471, -0.0020260847900069132, 0.002324263870341542, -0.00021008300228382974, 0.0007144001857103575, 0.0013834143510042187, 0.0025705383671942054, 0.0005312768474338023], [-0.00317406446140765, -0.0005799770069533732, 0.0011811130677331048, 0.00010286247928873045, 3.295483404446837e-05, -0.00010629091934720921, 0.0005312768474338023, 0.003024193367055647]], [[7.132951274946621, 0.8757849442468338, -0.012461853795998292, -0.1378511322340966, -0.31784741295172003, -1.207855984407877, -0.40984804874115965, -0.33695911811313967], [0.8757849442468338, 0.10850672883705569, -0.0007987681239624582, -0.016863831156789365, -0.040769111940823576, -0.1487496134338056, -0.05010226688389206, -0.04144623803502396], [-0.012461853795998292, -0.0007987681239624582, 0.0008421735061292163, 0.0005372364473572505, -0.001028445719123474, 0.0017770358648196512, 0.0007424471684527335, 0.0005958967160379162], [-0.1378511322340966, -0.016863831156789365, 0.0005372364473572505, 0.0038030688116650275, 0.005447005375187249, 0.023718772090607135, 0.007717790845015906, 0.006017183502520072], [-0.31784741295172003, -0.040769111940823576, -0.001028445719123474, 0.005447005375187249, 0.018234762438240973, 0.05443317645744511, 0.017931938819349857, 0.015747568615856643], [-1.207855984407877, -0.1487496134338056, 0.0017770358648196512, 0.023718772090607135, 0.05443317645744511, 0.20673599530862752, 0.07069354270124935, 0.05667687400377415], [-0.40984804874115965, -0.05010226688389206, 0.0007424471684527335, 0.007717790845015906, 0.017931938819349857, 0.07069354270124935, 0.024993615063656695, 0.019251573200473642], [-0.33695911811313967, -0.04144623803502396, 0.0005958967160379162, 0.006017183502520072, 0.015747568615856643, 0.05667687400377415, 0.019251573200473642, 0.017690894409733166]], [[1.1346048979653236, -0.059873887378187274, 0.04922748871733615, 0.02180240942638994, -0.0259746091261386, -0.09690369188645263, 0.067219939621391, -0.012574202636346583], [-0.059873887378187274, 0.004301947146508265, -0.002526672793244508, -0.001434479846263847, 0.0018430912251880171, 0.004739658914688569, -0.003474332300679454, 0.0006211001639387756], [0.04922748871733615, -0.002526672793244508, 0.006705313743302101, -0.0017380684698896018, -0.0004987875290718494, -0.002821775204726024, 0.0022908711788990396, -7.211465386040723e-05], [0.02180240942638994, -0.001434479846263847, -0.0017380684698896018, 0.003191668551825415, -0.0017492621096127303, -0.0032043461825254508, 0.0016939590990706385, -0.00030293226231189286], [-0.0259746091261386, 0.0018430912251880171, -0.0004987875290718494, -0.0017492621096127303, 0.0023567523818849947, 0.0022477667546413425, -0.001816849036247157, -0.00022713032756517377], [-0.09690369188645263, 0.004739658914688569, -0.002821775204726024, -0.0032043461825254508, 0.0022477667546413425, 