{"weights": [0.1722222221941473, 0.16666666696802893, 0.2999999993676718, 0.12777777818858768, 0.1555555553430141, 0.07777777793855008], "means": [[6.852538169531635, -0.6536003409608393, 0.2912918009986892, -0.03715328664063958, -0.001652691983681563, 0.008086941128487695, -0.008877955444744165, 0.001762770450175173], [-4.115697719070698, -0.5195868235046288, 0.17422555764217204, 0.22289813715236068, 0.04235738908591593, 0.0005230526261236782, 0.00782201778914693, 0.00881325764177058], [-3.2423555691900634, -0.207157778641617, -0.08655445154634052, -0.14033825162269797, -0.044636043490088116, -0.00698120265989523, -0.0022617652260176952, -0.008717531348048188], [0.6912032632032743, 0.5552358085255398, -0.5682005980540601, -0.03848750366047103, 0.06465176445412384, 0.005461513700612529, -0.00463188809112848, 0.015163831913411896], [2.873349327655872, 0.5028823615014151, -0.40965968252544405, 0.11085601704061121, -0.012253502328702927, -0.0010142464358274912, 0.013972660232157137, -0.006668413932442652], [-0.7301433718819076, 1.4417575386576729, 1.068300904773655, -0.012548753916675086, 0.0033546855290823175, 0.0009558766931584116, -0.008714975191727686, -0.0007392476521769408]], "cov": [[[0.0005469438240062002, 0.00036272348622508707, 0.0009120981978403058, -0.0003228699061142909, -6.97128341639237e-05, -7.475338488086978e-05, 5.201998375258095e-05, -0.00010219780055582028], [0.00036272348622508707, 0.008259817190728602, 0.006192981607355431, -0.003827934846163368, 0.0003081354995309083, -0.0019619409318769334, 0.003722376968741982, -0.00022093182758725933], [0.0009120981978403058, 0.006192981607355431, 0.005659359355949943, -0.0031939681595833107, 0.0002051827086996774, -0.0012619181189209524, 0.002655239624287785, -0.0003102806487722595], [-0.0003228699061142909, -0.003827934846163368, -0.0031939681595833107, 0.001949646362196632, -0.00022750800914711004, 0.0008731988880927838, -0.0016360599807538553, 0.00012053823922941921], [-6.97128341639237e-05, 0.0003081354995309083, 0.0002051827086996774, -0.00022750800914711004, 0.0001696551966071387, -0.0001359417006133949, 4.8904023170488224e-05, 2.9532950114122705e-07], [-7.475338488086978e-05, -0.0019619409318769334, -0.0012619181189209524, 0.0008731988880927838, -0.0001359417006133949, 0.0008123635615119622, -0.0007484645716959287, -5.452650200674619e-05], [5.201998375258095e-05, 0.003722376968741982, 0.002655239624287785, -0.0016360599807538553, 4.8904023170488224e-05, -0.0007484645716959287, 0.0018209220461784595, -9.788602808403422e-05], [-0.00010219780055582028, -0.00022093182758725933, -0.0003102806487722595, 0.00012053823922941921, 2.9532950114122705e-07, -5.452650200674619e-05, -9.788602808403422e-05, 0.00017682242025060334]], [[0.0015550306964796814, 0.0009282506130391229, 0.0004000333367147008, 0.0007720593533642034, -0.0017683529202076455, -6.175766721222221e-05, -0.0005421485954688475, 0.00027769679622213246], [0.0009282506130391229, 0.0025883365330784014, 0.0011673393980274152, -0.0023811420858030853, 0.003011386760417743, -0.00031766544543363243, 0.0013013739571704401, -0.00017508871978825436], [0.0004000333367147008, 0.0011673393980274152, 0.0006744815197418829, -0.0004813383047759598, 0.0011845818902108901, -0.00010931584573546985, 0.00044621668534517366, -0.0003867905055409355], [0.0007720593533642034, -0.0023811420858030853, -0.0004813383047759598, 0.016299837974833694, -0.005946968632172114, 0.001099781620300234, -0.002278979359529784, -0.0009528319819837761], [-0.0017683529202076455, 0.003011386760417743, 0.0011845818902108901, -0.005946968632172114, 0.014385790393794666, -0.0012350219726733273, 0.0036149025337575947, -0.0002738598700139177], [-6.175766721222221e-05, -0.00031766544543363243, -0.00010931584573546985, 0.001099781620300234, -0.0012350219726733273, 0.0011567820028974057, 0.0005636697949338534, -0.0006702744733374192], [-0.0005421485954688475, 0.0013013739571704401, 0.00044621668534517366, -0.002278979359529784, 0.0036149025337575947, 0.0005636697949338534, 0.002365166153633795, -0.00019206482605550743], [0.00027769679622213246, -0.00017508871978825436, -0.0003867905055409355, -0.0009528319819837761, -0.0002738598700139177, -0.0006702744733374192, -0.00019206482605550743, 0.003060350737984458]], [[0.2829672220702226, 0.09387137996762349, -0.05916139019619986, 0.029972156465694802, -0.034553860154185705, -0.00020179499992059152, -0.00795340566614365, -0.0019529190628271033], [0.09387137996762349, 0.032109617533186294, -0.018945937553222814, 0.010119955524846467, -0.013468952535850542, -2.8865402218175015e-05, -0.001969216905509352, -1.083755293893406e-05], [-0.05916139019619986, -0.018945937553222814, 0.013259899965069906, -0.006219943625818138, 0.005900507295506969, 0.0002789888324967811, 0.0019159844577739727, 0.0009547370737541639], [0.029972156465694802, 0.010119955524846467, -0.006219943625818138, 0.005034425081486649, -0.005330242341723951, -0.0003006794535894041, -0.000982333574027893, -0.0005923656375635384], [-0.034553860154185705, -0.013468952535850542, 0.005900507295506969, -0.005330242341723951, 0.01051617471633045, -0.0005689413273267807, -0.00086932980945253, -0.0008327316303287051], [-0.00020179499992059152, -2.8865402218175015e-05, 0.0002789888324967811, -0.0003006794535894041, -0.0005689413273267807, 0.0021386563549374085, 0.0017021214810378094, 0.00010686302267623499], [-0.00795340566614365, -0.001969216905509352, 0.0019159844577739727, -0.000982333574027893, -0.00086932980945253, 0.0017021214810378094, 0.002575973356664135, 0.000631243145483451], [-0.0019529190628271033, -1.083755293893406e-05, 0.0009547370737541639, -0.0005923656375635384, -0.0008327316303287051, 0.00010686302267623499, 0.000631243145483451, 0.0033201226595214947]], [[0.04609683707440859, 0.0048107109810336356, -0.00031887772254042665, 0.0004338091037283976, -0.0004068559782528365, -0.006762485488804701, -0.0029426240835407316, -0.0002795560092553708], [0.0048107109810336356, 0.0014408969527162686, 0.0007226842985693349, 0.00013156364949373125, -0.0017661851612126034, -0.0011617306738184782, -0.00010067860792375759, -7.67246542028117e-05], [-0.00031887772254042665, 0.0007226842985693349, 0.0007773401421584166, 0.0003044010727756507, -0.0015542467921680588, -0.00022973694596337436, 6.118867472759604e-05, 3.4703111409794364e-05], [0.0004338091037283976, 0.00013156364949373125, 0.0003044010727756507, 0.0010972895915874162, -0.0007509956309663269, 0.0002693830954463004, -0.0002266670996455768, -0.0005561360600660197], [-0.0004068559782528365, -0.0017661851612126034, -0.0015542467921680588, -0.0007509956309663269, 0.0040052306613187925, 0.0006073032450392906, -0.00030298144834551107, 0.0006590770023622874], [-0.006762485488804701, -0.0011617306738184782, -0.00022973694596337436, 0.0002693830954463004, 0.0006073032450392906, 0.003094126755266384, 0.001704539642037129, -0.0004076322210076962], [-0.0029426240835407316, -0.00010067860792375759, 6.118867472759604e-05, -0.0002266670996455768, -0.00030298144834551107, 0.001704539642037129, 0.0016211896943402876, -8.73868448020295e-05], [-0.0002795560092553708, -7.67246542028117e-05, 3.4703111409794364e-05, -0.0005561360600660197, 0.0006590770023622874, -0.0004076322210076962, -8.73868448020295e-05, 0.0016889016668002455]], [[1.0817284768002233, -0.057104893969490075, 0.04581047179149373, 0.020341562300925067, -0.024756189724032044, -0.09048860607595947, 0.06486743100323877, -0.012627103908446272], [-0.057104893969490075, 0.004143857675474144, -0.0023768790948872666, -0.0013578369619782831, 0.001780540759020227, 0.004410472076757772, -0.003353246665979953, 0.0006237894798951006], [0.04581047179149373, -0.0023768790948872666, 0.006417573198399963, -0.0018317670345268189, -0.0004170550098428583, -0.0023902000398222977, 0.0021333766161026452, -7.586937692513909e-05], [0.020341562300925067, -0.0013578369619782831, -0.0018317670345268189, 0.0031511167644787934, -0.0017156070621781117, -0.0030285090382920236, 0.0016293543067564574, 