{"weights": [0.1448599605284024, 0.18872490244994594, 0.305296063357851, 0.12271218330876973, 0.08545282060415918, 0.15295406975087183], "means": [[3.7209374399771726, 0.4623495223219137, -0.38310183017524374, 0.13296006022873952, -0.029807111579575284, -0.08136634258988983, 0.06335586679034537, -0.018369923764321516], [1.0531055427823937, 0.5560871217332671, -0.5255216425070575, 0.0029828130673622087, 0.046433315213362004, 0.040291806866997175, -0.021212043429961705, 0.012409893586339055], [-3.919798644734445, -0.44317221624603254, 0.09523754307566114, 0.020787373255548285, 0.025201900943227894, -0.004170566837876907, 0.009211883278985434, 0.0027019623344773703], [-2.688380046263286, -0.02550975327815552, -0.20476694058084557, -0.08518242763561579, -0.10555156564634374, -0.00625538750108874, -0.019525052977855673, -0.013439474349655488], [-0.7318012825805021, 1.441905633721117, 1.0691724790024286, -0.012059435246222473, 0.002684371006982696, 0.00079447782035833, -0.009206404578627432, -0.002144384097056829], [6.852469560513212, -0.6542588896808492, 0.2906639106356251, -0.036662302887820734, -0.0018634182026126974, 0.008324695832846212, -0.009035030753345132, 0.0017895352484568238]], "cov": [[[0.18045334850625952, -0.02066369571073411, 0.03283116718064292, -0.009175185672027181, -0.006348776180708592, 0.0005057084590950708, 0.009994086395676248, 0.0005530488347762995], [-0.02066369571073411, 0.0034519297820688128, -0.0019264822622994488, -0.00041105184262697954, 0.0016055651486482031, 0.00017562124805188962, -0.0013502118487765087, -0.00022758384772542646], [0.03283116718064291, -0.0019264822622994484, 0.009670302109771873, -0.0044113293958445024, -3.249272326109227e-05, 0.000715854322057972, 0.0011310263427911534, -4.324108727033911e-05], [-0.009175185672027181, -0.00041105184262697954, -0.0044113293958445024, 0.003381473246779971, -0.0014512957557887736, -0.0006268651937132197, 8.493035839894462e-05, 0.0005913832772881434], [-0.006348776180708592, 0.001605565148648203, -3.2492723261092395e-05, -0.0014512957557887734, 0.0029671770977758504, -0.00011875907422996788, -0.0006447019741101626, -0.0010800841624995898], [0.0005057084590950707, 0.00017562124805188962, 0.000715854322057972, -0.0006268651937132197, -0.00011875907422996791, 0.0011124529604859942, 0.00025947245462627734, -0.0004879134087012003], [0.009994086395676248, -0.0013502118487765087, 0.0011310263427911536, 8.493035839894449e-05, -0.0006447019741101626, 0.00025947245462627734, 0.0010676082762580666, -3.217690195743656e-05], [0.0005530488347762995, -0.00022758384772542646, -4.324108727033905e-05, 0.0005913832772881435, -0.0010800841624995898, -0.0004879134087012003, -3.217690195743657e-05, 0.0010212522623078864]], [[0.28722043485217297, 0.0032873687786104467, 0.026434807123751243, 0.026174565239255435, -0.012047493853181282, 0.018959790949509607, -0.00957761647285455, -0.0023715882059006273], [0.0032873687786104467, 0.0011983400232130686, 0.0007592881639184983, 8.142366426677158e-05, -0.0012014404854023466, -0.0008011197783903524, -6.057606180316831e-05, 4.1758720100905705e-05], [0.026434807123751246, 0.0007592881639184982, 0.004579503452937512, 0.002947729905738918, -0.002170767011817546, 0.002783779862950942, -0.00149120021616771, 4.399862772223737e-05], [0.026174565239255435, 8.14236642667716e-05, 0.002947729905738918, 0.004732954301899114, -0.0024321629377649177, 0.0026795308557412876, -0.0012686059126077356, -0.0007495398194299569], [-0.012047493853181282, -0.0012014404854023464, -0.002170767011817546, -0.0024321629377649177, 0.003926933841959853, -0.0007234679524978178, 0.00010558421462967529, 0.0005653971451472808], [0.018959790949509607, -0.0008011197783903524, 0.002783779862950942, 0.002679530855741287, -0.0007234679524978178, 0.004742677586799649, 0.00024434846966537563, -0.0004438867701867508], [-0.00957761647285455, -6.057606180316832e-05, -0.0014912002161677096, -0.0012686059126077358, 0.00010558421462967526, 0.00024434846966537563, 0.002235829072046273, -7.026804176107322e-05], [-0.0023715882059006273, 4.1758720100905705e-05, 4.399862772223736e-05, -0.0007495398194299566, 0.0005653971451472808, -0.0004438867701867509, -7.026804176107339e-05, 0.0014481314648144988]], [[0.04677566629490632, 0.019322810180731356, -0.01681319502500598, -0.041555716517133225, -0.0075985136795493164, -0.0013455084443004836, 0.00038586966243686356, 0.00040095384355798167], [0.019322810180731356, 0.009764674637208433, -0.00573058766185133, -0.01752253520757665, -0.0025681836971591003, -0.0008403620348151678, 0.0013016650326485436, 0.0004443845937963277], [-0.016813195025005983, -0.00573058766185133, 0.007489060970160641, 0.017209128540777954, 0.0014874309261928573, 0.00043654320214043775, 0.0003219688361214643, 0.00038614956649629125], [-0.04155571651713323, -0.017522535207576653, 0.017209128540777954, 0.055311023458248225, -0.0011054483217680607, 0.0014171744194411186, -0.001780595204699046, 0.0010819222790512855], [-0.007598513679549318, -0.0025681836971591003, 0.001487430926192857, -0.0011054483217680612, 0.013076038351586008, -0.0004122419034832444, 0.001068204546862406, -0.0013770419199970402], [-0.0013455084443004836, -0.0008403620348151678, 0.00043654320214043775, 0.0014171744194411181, -0.00041224190348324453, 0.0019202401963117164, 0.0011523789936447458, -0.0003088380612183586], [0.0003858696624368636, 0.001301665032648544, 0.00032196883612146433, -0.0017805952046990457, 0.001068204546862406, 0.0011523789936447458, 0.0022683796527485714, 0.0003462976711952259], [0.0004009538435579817, 0.0004443845937963279, 0.0003861495664962912, 0.0010819222790512855, -0.0013770419199970402, -0.00030883806121835864, 0.00034629767119522583, 0.00367315150836564]], [[0.0370413600610844, 0.011576393897063641, -0.007646692939894372, 0.005327118029264346, -0.003218781880152531, -0.0023833526833447203, -0.0014986421469241266, -0.004146005602747207], [0.011576393897063641, 0.0040010269221918415, -0.0020729642666693663, 0.0015304467829295489, -0.0017037649211060796, -0.0002327634155344015, 0.0002110422932142023, -0.001188990503893595], [-0.007646692939894372, -0.0020729642666693663, 0.0026656646046366883, -0.0016289554514998363, 0.00044139852006034236, 0.0010374030194406107, 0.00012414292342812717, 0.0012500861306325897], [0.005327118029264347, 0.001530446782929549, -0.0016289554514998363, 0.0015726919933275118, -0.0008893165407597153, -0.0005116221018704627, -8.604746746229485e-05, -0.0014130648304804163], [-0.003218781880152531, -0.0017037649211060798, 0.00044139852006034236, -0.0008893165407597152, 0.0032016410380644607, -0.0015131053628294603, -0.002281832577499033, 0.0010826109037126394], [-0.0023833526833447203, -0.00023276341553440138, 0.0010374030194406107, -0.0005116221018704627, -0.0015131053628294603, 0.0020293851143441976, 0.0020943357681056035, 0.0002373776036275592], [-0.0014986421469241268, 0.00021104229321420242, 0.00012414292342812714, -8.604746746229485e-05, -0.002281832577499033, 0.0020943357681056035, 0.003295042106367559, 0.00027133457366007477], [-0.004146005602747207, -0.001188990503893595, 0.0012500861306325897, -0.0014130648304804163, 0.0010826109037126394, 0.0002373776036275592, 0.0002713345736600747, 0.0031593308555552674]], [[0.34333813958669607, 0.022651890720078817, -0.06594811457840592, 0.017693684623917415, 0.034449968340893346, -0.015051897847113672, 0.0010630777763024227, -0.005790312176464744], [0.022651890720078817, 0.0017875429828402211, -0.003917758438343531, 0.0012725549746163095, 0.0022458091564468334, -0.0005575413691348345, 0.0002628630338715284, -0.0010345457994745371], [-0.06594811457840592, -0.003917758438343532, 0.013438012069458318, -0.0032400478281271452, -0.006649779970696598, 0.003240964488387145, -0.00017827137286254667, 0.00016624947702915604], [0.017693684623917415, 0.0012725549746163097, -0.0032400478281271452, 0.0015862221329510338, 0.0010179957368582797, -0.00037182434878145883, 0.0002981082494323518, -0.0008745574831520005], [0.034449968340893346, 