{"weights": [0.17218622411356502, 0.018328914872466063, 0.29898572734643586, 0.27716255982344074, 0.15555525217972965, 0.07778132166436263], "means": [[3.7264226953514625, 0.43524174391599557, -0.3630088368351021, 0.12226775289881593, -0.017656556774857092, -0.08627026217316798, 0.07384825834893896, -0.013436263450487975], [1.0548329995258527, 0.5937704195190933, -0.518471848940896, 0.021389639911233303, 0.05102800775899692, 0.045561904775424766, -0.0358091025987895, -0.0038431838440304788], [-3.905930963721301, -0.4328016862103731, 0.09398374844643186, 0.027617380400128174, 0.027892662929758557, 0.0005667846612524901, 0.01576523671287493, 0.0015653734109599647], [-2.7126375178172513, -0.028622790873981938, -0.19602062668380452, -0.08943888652733024, -0.11107217542264711, -0.003917809801411715, -0.01606765341260205, -0.010879834395036673], [-0.6611194912447254, 1.4440644893538355, 1.0656583455969848, 0.002847218066827031, 0.010858698284641569, -0.0018743635762482956, -0.015667668428275508, 0.048454694767083153], [6.875732530227901, -0.7042254872310705, 0.310131175748035, -0.06583464268092669, -0.008365229058715755, -0.015927864974294485, 0.009727984551180254, 0.004372950967949681]], "cov": [[[9.773127235540352, -3.4034353683037826, 2.046342950314776, -0.4987063047007073, 0.04995834917964249, 0.2948842976356298, -0.2585310763479422, 0.047423938899001976], [-3.4034353683037826, 1.1938066325529144, -0.7062320644733023, 0.16975925385021717, -0.017116590334167448, -0.10469651255264888, 0.09378706504735886, -0.016774696203168696], [2.046342950314776, -0.7062320644733023, 0.43377517819556904, -0.10750750775786294, 0.010676244572644957, 0.060473852268485555, -0.05146685750678012, 0.009636944900332883], [-0.4987063047007073, 0.16975925385021717, -0.10750750775786294, 0.02736642941259335, -0.0027788868729212695, -0.01416914366188276, 0.011551204763937548, -0.002303078956813554], [0.04995834917964249, -0.017116590334167448, 0.010676244572644957, -0.0027788868729212695, 0.00042576331745201266, 0.0013739901381082632, -0.0012748001458533775, 0.0002436205753900625], [0.2948842976356298, -0.10469651255264888, 0.060473852268485555, -0.01416914366188276, 0.0013739901381082632, 0.009714958393611988, -0.008553025697034438, 0.001380000186291924], [-0.2585310763479422, 0.09378706504735886, -0.05146685750678012, 0.011551204763937548, -0.0012748001458533775, -0.008553025697034438, 0.008662862225707783, -0.0013556696705959578], [0.047423938899001976, -0.016774696203168696, 0.009636944900332883, -0.002303078956813554, 0.0002436205753900625, 0.001380000186291924, -0.0013556696705959578, 0.00040787195776954073]], [[26.753041777047194, 5.946489800629585, -3.4438714817786797, -0.30090712677360515, 0.8444443528498348, 0.276452363320895, -0.016232577308047377, -0.3239307973430821], [5.946489800629585, 1.3366484957122633, -0.7729742187871516, -0.07543963648510538, 0.19048139004437734, 0.061714174911443945, -0.0025051340381655463, -0.07377722700919283], [-3.4438714817786797, -0.7729742187871516, 0.44808462014532324, 0.03666315195980437, -0.10901614322986973, -0.03585412888287255, 0.0023173891746470577, 0.041452597256120625], [-0.30090712677360515, -0.07543963648510538, 0.03666315195980437, 0.050206794923312925, -0.018369978126811858, -0.0022168741555884225, -0.005578598270658744, 0.011452154039297939], [0.8444443528498348, 0.19048139004437734, -0.10901614322986973, -0.018369978126811858, 0.028797107406087933, 0.008389818763149728, 0.0006861670868149655, -0.010792849611643836], [0.276452363320895, 0.061714174911443945, -0.03585412888287255, -0.0022168741555884225, 0.008389818763149728, 0.003066913577538386, -0.0003417797657838822, -0.004016689947891471], [-0.016232577308047377, -0.0025051340381655463, 0.0023173891746470577, -0.005578598270658744, 0.0006861670868149655, -0.0003417797657838822, 0.0007602057674252112, -0.0004339068485602899], [-0.3239307973430821, -0.07377722700919283, 0.041452597256120625, 0.011452154039297939, -0.010792849611643836, -0.004016689947891471, -0.0004339068485602899, 0.009014672171384738]], [[0.04604213301901483, 0.017980651715810505, -0.016585679975535957, -0.040366275192022495, -0.008443761794292034, -0.0009174832653682212, -0.0003925880191271591, -0.00023693831119570239], [0.017980651715810505, 0.008713585784467789, -0.005343090029482239, -0.016314658341958593, -0.0032636883725064704, -0.0006544404170698381, 0.0008958826289480818, 0.00042492247567412], [-0.016585679975535957, -0.005343090029482239, 0.007495259886301756, 0.017267614667689602, 0.0015834596178447378, 0.0003343774704218839, 0.0005347135527833075, 0.0006419325711248099], [-0.040366275192022495, -0.016314658341958593, 0.017267614667689602, 0.05344914601990303, -0.0012950423702839445, 0.001289424433141595, -0.001297213010724886, 0.0010850824112895155], [-0.008443761794292034, -0.0032636883725064704, 0.0015834596178447378, -0.0012950423702839445, 0.012199087926256754, -0.0006600126803922267, 0.0007011063086264384, -0.0004566647341157476], [-0.0009174832653682212, -0.0006544404170698381, 0.0003343774704218839, 0.001289424433141595, -0.0006600126803922267, 0.001933386797308356, 0.0011841790255598943, -0.0001670841313230161], [-0.0003925880191271591, 0.0008958826289480818, 0.0005347135527833075, -0.001297213010724886, 0.0007011063086264384, 0.0011841790255598943, 0.0022025264294662323, 0.000518918211696159], [-0.00023693831119570239, 0.00042492247567412, 0.0006419325711248099, 0.0010850824112895155, -0.0004566647341157476, -0.0001670841313230161, 0.000518918211696159, 0.0027505637478174145]], [[5.410915093505763, 0.9329474304295764, -0.5949936095761512, 0.0831478454963414, 0.274145974527713, 0.011741896415708119, 0.014847483270795084, 0.034790454169873586], [0.9329474304295764, 0.16239523035503284, -0.10298215745646203, 0.014633045483706891, 0.04574397401984832, 0.002238431704703937, 0.0027900404183603222, 0.0051790218699061625], [-0.5949936095761512, -0.10298215745646203, 0.06713045741287423, -0.009463605245369851, -0.03065897277969586, -0.0015405191557853267, -0.0016202735262642583, -0.0029727627454740543], [0.0831478454963414, 0.014633045483706891, -0.009463605245369851, 0.0024090192930422715, 0.003415904135221985, 0.00013844408179833066, 8.310260853112224e-05, -0.00035016205943243944], [0.274145974527713, 0.04574397401984832, -0.03065897277969586, 0.003415904135221985, 0.017436729814120585, 0.0003497568835214924, -0.0002095827989944105, 0.002892294970862695], [0.011741896415708119, 0.002238431704703937, -0.0015405191557853267, 0.00013844408179833066, 0.0003497568835214924, 0.002408635175219532, 0.0017366919422208552, -5.7840496190678045e-05], [0.014847483270795084, 0.0027900404183603222, -0.0016202735262642583, 8.310260853112224e-05, -0.0002095827989944105, 0.0017366919422208552, 0.0022979198609757844, 0.0004051246596098328], [0.034790454169873586, 0.0051790218699061625, -0.0029727627454740543, -0.00035016205943243944, 0.002892294970862695, -5.7840496190678045e-05, 0.0004051246596098328, 0.003161036946870811]], [[13.573165491312338, -3.383397781795197, -5.168270571257252, 0.4020598949868095, -0.10642682448672539, -0.08744014092190924, 0.16961549664599054, -0.20743931387872794], [-3.383397781795197, 0.8899627691952392, 1.3861460994862123, -0.10300125031755812, 0.02353151615984376, 0.003600406253726545, -0.031247953095972527, 0.05250331271301494], [-5.168270571257252, 1.3861460994862123, 2.182947897644937, -0.1611603538678495, 0.03367525633480162, -0.003659360996552044, -0.04159269813335297, 0.08124534669835783], [0.4020598949868095, -0.10300125031755812, -0.1611603538678495, 0.014815952613306005, -0.004211515917695953, -0.002935348187283922, 0.004830306780033351, -0.006257342232819773], [-0.10642682448672539, 0.02353151615984376, 0.03367525633480162, -0.004211515917695953, 0.002863075098060958, 0.0020795709550843295, -0.002447357398231879, 0.0010480280092051639], [-0.08744014092190924, 0.003600406253726545, -0.003659360996552044, -0.002935348187283922, 0.0020795709550843295, 