{"accuracy_init": 0.7751677632331848, "accuracy_final_MAP": 0.34563758969306946, "accuracy_final_mean": 0.7483221292495728}