{"MAP index": 146, "entropy_prior_gmm": 1.1512992384279826e-08, "entropy_MAP_gmm": 0.0006802774732932448, "entropy_z_nk_prior": 0.0010043481942180821, "entropy_MAP_z_nk": 0.015463247866657974, "entropy_mixing_prior": 53.75278407684164, "entropy_MAP_mixing": 1.62386620749332}