{"weights": [0.13440328266776352, 0.12681570694533162, 0.3797206071931686, 0.12414501428976962, 0.10558440619378981, 0.1293309827101766], "means": [[3.874655160123147, 0.41943653705103, -0.39486673278315804, 0.1528677868999413, -0.037319984839103634, 0.03379371211030049, 0.10689642084867611, 0.007309434710064776], [-0.5887337272747345, 1.4870397601656025, 0.9906950682104171, -0.011884718963470106, 0.010822093210277689, -0.009467196908070689, -0.001357857147345252, 0.017360694353266932], [-3.907430678778105, -0.44691122063075006, 0.0985286265079947, 0.01681604113267238, 0.03559288871851187, -0.014861044669248362, 0.009430251790189189, -5.205208164056424e-05], [1.0034075351588854, 0.5305074918128707, -0.5591127949157418, -0.004959936822765886, 0.06215027745271507, -0.028035071276897444, -0.0353994125656515, 0.0037380196823291628], [-2.711353466176464, -0.03833792110557226, -0.20179616983212179, -0.10842213988725372, -0.08832301867524965, 0.0019092081916736265, -0.010775138203253234, -0.020083364101890995], [6.870593078704519, -0.6476517358183868, 0.3084935289604082, -0.04463876450817079, -0.0014992663510935767, 5.2614951197762504e-05, -0.012602657845759329, -0.0001745067872044241]], "cov": [[[0.1431410701646585, -0.019221981054501992, 0.022687123352758843, -0.00363114098000571, -0.005813792707749215, -0.0003975218336330808, 0.005094907108438989, 0.003014357549026697], [-0.019221981054501992, 0.004001664969305379, -0.0008035123777734574, -0.0013927764534778452, 0.001229958247077209, -0.00011777172139304214, -0.0010501350421436865, -0.00047983258127181505], [0.02268712335275884, -0.0008035123777734571, 0.008230714833233128, -0.00460963175034912, -2.1597449046802353e-06, -0.0002831110825658515, -0.0006027928124991476, 0.0008550032085338777], [-0.00363114098000571, -0.001392776453477845, -0.00460963175034912, 0.004331777442613571, -0.0014343056831316945, 0.00025605939863309864, 0.001287536154226543, -0.00029984167096441783], [-0.005813792707749214, 0.0012299582470772087, -2.159744904680135e-06, -0.0014343056831316945, 0.002195378488314866, 0.00023889559106537005, -0.0005788750471633942, -0.00035139502339784606], [-0.0003975218336330808, -0.00011777172139304215, -0.0002831110825658515, 0.00025605939863309864, 0.00023889559106537005, 0.0015189533158567192, -2.5211081857536215e-05, -5.426817529502497e-05], [0.005094907108438989, -0.0010501350421436865, -0.0006027928124991475, 0.0012875361542265427, -0.0005788750471633942, -2.5211081857536208e-05, 0.0009799965639949928, -0.00025325206255794497], [0.003014357549026697, -0.00047983258127181505, 0.0008550032085338778, -0.00029984167096441783, -0.00035139502339784606, -5.426817529502498e-05, -0.00025325206255794497, 0.0009674068115667913]], [[0.3168709460284617, 0.021755166362454274, -0.06416666092129708, 0.009130497264554449, 0.04722602953278695, 0.004820025482358243, 0.01446657184195441, -0.01374592837837998], [0.021755166362454274, 0.002431683924565159, -0.0035564806748365633, 0.00023010595126844838, 0.0035042036552251337, 0.00019911775905428819, 0.001232437763084841, -0.0008594562341771066], [-0.06416666092129708, -0.0035564806748365633, 0.01408097901020543, -0.0018830828335274232, -0.009657738779283194, -0.0007818405027582502, -0.0028377500954813776, 0.0027346180192899644], [0.009130497264554449, 0.00023010595126844854, -0.0018830828335274234, 0.0016359466124275376, 0.0001418516675261599, 0.0003417464033355532, 0.0002374220432307138, -0.0011562803187914888], [0.04722602953278695, 0.0035042036552251337, -0.009657738779283194, 0.00014185166752615983, 0.009058755361725174, 0.001211657583407139, 0.002228563509028952, -0.002378289614437418], [0.004820025482358243, 0.0001991177590542882, -0.0007818405027582504, 0.0003417464033355532, 0.0012116575834071389, 0.00348911970794094, -0.00036313409323106066, -0.00016161128336020589], [0.014466571841954408, 0.0012324377630848408, -0.002837750095481378, 0.00023742204323071376, 0.002228563509028952, -0.00036313409323106066, 0.000867165420420187, -0.0007231983294510807], [-0.01374592837837998, -0.0008594562341771066, 0.002734618019289965, -0.001156280318791489, -0.0023782896144374176, -0.000161611283360206, -0.0007231983294510807, 0.0032028213669732892]], [[0.05209017529001485, 0.02241682159141113, -0.018958296661777556, -0.04891760654617619, -0.009076081940261379, 0.0016695197201938513, 0.0015303973866426356, -0.00029679840867873747], [0.02241682159141113, 0.012249574319613132, -0.0064682152332872014, -0.02264930101163286, -0.00287729702668784, 0.0005177790601580523, 0.0019602367276597608, 0.0003073707773182014], [-0.018958296661777556, -0.0064682152332872, 0.008721786252869951, 0.01996049811568317, 0.002273919975752725, -0.0003999319920958329, -0.0001234524376724996, 0.00025799177651765785], [-0.04891760654617619, -0.022649301011632858, 0.01996049811568317, 0.06863066324633846, -0.00044029711505149354, -0.00017398702879678046, -0.003951360661112755, 0.00037867847244354817], [-0.00907608194026138, -0.0028772970266878403, 0.0022739199757527244, -0.0004402971150514931, 0.014463009133033939, -0.0002876786204982811, 0.0016609027945236716, -0.000650856709026113], [0.0016695197201938513, 0.0005177790601580523, -0.0003999319920958329, -0.00017398702879678067, -0.0002876786204982811, 0.005202411506639071, -0.0006864476425032324, -0.00020453122400918586], [0.0015303973866426356, 0.0019602367276597608, -0.00012345243767249958, -0.003951360661112755, 0.0016609027945236716, -0.0006864476425032324, 0.0011400720372191362, -0.0001437621171890254], [-0.00029679840867873736, 0.0003073707773182013, 0.0002579917765176578, 0.00037867847244354817, -0.0006508567090261129, -0.0002045312240091861, -0.00014376211718902543, 0.0042233500936542006]], [[0.6153678577926338, 0.00028787651322623273, 0.04573853755324152, 0.05148380133662405, -0.007711510098915471, -0.007358675473727017, -0.031015656731325086, -0.016359620455137856], [0.00028787651322623273, 0.001454393302189753, 0.0007333815540372715, 0.000471284576240989, -0.0018818482599959015, -4.87000145833149e-06, 0.0005743831247754965, 0.00015844208651762245], [0.04573853755324152, 0.0007333815540372715, 0.005629127271767044, 0.004066622251765647, -0.0021224534764021645, -0.0012411410702986895, -0.0032729388600129775, -0.0009187579792527145], [0.05148380133662405, 0.000471284576240989, 0.004066622251765648, 0.007486930644326237, -0.0028399173844415276, -0.0018406519458909647, -0.002347630878090321, -0.002275822456009682], [-0.007711510098915469, -0.0018818482599959015, -0.0021224534764021645, -0.0028399173844415276, 0.004663422242974158, 0.0011780851130757904, -0.00013102184814831215, 0.00027343501889440865], [-0.007358675473727017, -4.870001458331468e-06, -0.0012411410702986895, -0.0018406519458909652, 0.0011780851130757906, 0.0031416855077142586, 0.0005754738568377753, 0.00046722814303612795], [-0.03101565673132508, 0.0005743831247754964, -0.0032729388600129775, -0.002347630878090321, -0.0001310218481483122, 0.0005754738568377753, 0.0029957087428530023, 0.0005475891293816948], [-0.016359620455137853, 0.00015844208651762242, -0.0009187579792527142, -0.0022758224560096825, 0.00027343501889440865, 0.00046722814303612795, 0.0005475891293816948, 0.002272544204402586]], [[0.05160462032101474, 0.015612771014553585, -0.010478515300574887, 0.005687158555892174, -0.0028632319283133636, 0.005034692484895733, -0.0002599534506737539, -0.0004298389826941269], [0.015612771014553585, 0.005282133004464621, -0.0025417840433844393, 0.0013779100602142851, -0.0013952645394818088, 0.0012681720753289429, 2.7276010496577766e-05, -0.000263996736192332], [-0.010478515300574887, -0.0025417840433844393, 0.0034670260413812537, -0.0015985454902480865, 9.180302694108333e-05, -0.0008288773124784483, -0.0004382158314611467, 1.6748367468336612e-05], [0.005687158555892174, 0.0013779100602142851, -0.0015985454902480863, 0.001996998199015552, -0.0011187905592722697, 0.0005601499621589943, 7.729995373838484e-05, -0.00038196834867404114], [-0.002863231928313363, -0.0013952645394818086,