{"accuracy_init": 0.7751677632331848, "accuracy_final_MAP": 0.7248322367668152, "accuracy_final_mean": 0.7852349281311035}