{"weights": [0.1593665920244475, 0.17418256804302296, 0.2891964821910339, 0.14392185374025576, 0.15555119030887402, 0.07778131369236577], "means": [[3.728195517845301, 0.4667780040764613, -0.3836866910161931, 0.13156399452705764, -0.03388809901037677, -0.0851763763397403, 0.06723906998415792, -0.014183463002105214], [1.0267929144882495, 0.5572633807875571, -0.5333725647651965, 0.004646699080013541, 0.04916615143564825, 0.03316686227322126, -0.020015125599102956, 0.012410353241816215], [-3.8927925715996614, -0.42776288555030156, 0.08655548730129474, 0.002728938391735695, 0.02531221604929197, -0.009561348258684188, 0.01313200549125053, 0.012593682632692605], [-2.705606433970739, -0.031147824538615015, -0.20869753880888214, -0.08008699575653214, -0.11327049226981573, -0.0004088174887541157, -0.005599372114697454, -0.013715374421187287], [-0.7672664532352222, 1.4410619180502522, 1.0764321459295614, -0.008894892794914467, -0.010143482443148747, 0.0128064499076289, -0.00030430323598449905, -0.007261875346020706], [6.8582194819041495, -0.6547542408395602, 0.2998768143575722, -0.03976337392092844, -0.002722277912535625, 0.01116693516476337, -0.009564764423684442, 0.0020317186601974866]], "cov": [[[0.16121945518896558, -0.01840207106151785, 0.029458757849330202, -0.008284029954408776, -0.005659021862659017, 0.00047068058858002886, 0.0089029586760327, 0.0005070116581521135], [-0.01840207106151785, 0.0028450372268352354, -0.00214674838493286, 8.402696477908248e-07, 0.0012625581824850308, 6.1004272998831224e-05, -0.0011346766557224235, -0.00014712801360762843], [0.0294587578493302, -0.0021467483849328603, 0.0078114562408, -0.0033112959332584815, -0.00022545948264079537, 0.0004546284962702479, 0.0011685690087910362, -2.0103802332054738e-05], [-0.008284029954408774, 8.402696477907702e-07, -0.0033112959332584815, 0.0023924965264883785, -0.0008667907677899039, -0.0004588181692045754, -5.7251058848287454e-05, 0.0003975200070490642], [-0.005659021862659017, 0.0012625581824850308, -0.00022545948264079542, -0.0008667907677899039, 0.0019728051298150257, -0.00019234581410725157, -0.0005479975266863197, -0.0006049532077812461], [0.00047068058858002886, 6.1004272998831224e-05, 0.0004546284962702479, -0.0004588181692045754, -0.00019234581410725154, 0.0011838207974798605, 0.00035288001148043273, -0.0005782869719499757], [0.008902958676032698, -0.0011346766557224235, 0.0011685690087910362, -5.725105884828747e-05, -0.0005479975266863197, 0.00035288001148043273, 0.0009454920442621368, -9.220779233666974e-05], [0.0005070116581521133, -0.00014712801360762843, -2.0103802332054718e-05, 0.0003975200070490642, -0.0006049532077812461, -0.0005782869719499757, -9.220779233666974e-05, 0.0007950873350637768]], [[0.1797419580325086, 0.0020680482812038617, 0.016293435310029643, 0.01611571333629883, -0.007295822429272427, 0.011572169190862104, -0.005970934248719353, -0.0014315073245693675], [0.002068048281203862, 0.0018881091429642114, 0.0006545329621598083, 6.163001320030323e-05, -0.0022335624113479003, -0.002293945073529319, -0.0004611950978139273, 4.420225799643016e-05], [0.016293435310029646, 0.0006545329621598083, 0.003879240967909753, 0.002530393845275468, -0.0021892484417809937, 0.0022207802779028374, -0.0013506102211374952, 5.342347799104514e-05], [0.01611571333629883, 6.163001320030324e-05, 0.0025303938452754674, 0.003961714551352207, -0.0025043496858612683, 0.0024745435807031137, -0.0008489690421155564, -0.0007460971265097056], [-0.007295822429272427, -0.0022335624113479, -0.002189248441780994, -0.0025043496858612683, 0.005544945100930541, 0.0008873871895289933, 0.00031524062796906916, 0.0007085746606096843], [0.011572169190862104, -0.002293945073529319, 0.0022207802779028374, 0.0024745435807031137, 0.0008873871895289937, 0.007148821022356101, 0.0012352742629755642, -0.0005793927314673481], [-0.005970934248719352, -0.0004611950978139273, -0.0013506102211374952, -0.0008489690421155564, 0.0003152406279690691, 0.0012352742629755642, 0.0024550256684503363, -0.0003151564082561893], [-0.0014315073245693675, 4.4202257996430156e-05, 5.3423477991045135e-05, -0.0007460971265097054, 0.0007085746606096842, -0.000579392731467348, -0.0003151564082561893, 0.0011943900176663235]], [[0.03654694119747148, 0.015045609748478055, -0.013097996843611289, -0.032093293237873625, -0.006203444521218822, -0.0009558508745871492, 0.00031003930353467045, 0.00044476175386212816], [0.015045609748478054, 0.00774738031591235, -0.004341132109386716, -0.013564103485150148, -0.002122338662866611, -0.0008661454443323864, 0.0008941866361075799, 0.00023754526004977788], [-0.013097996843611289, -0.004341132109386717, 0.005976081915310145, 0.01334416353588648, 0.0011549989742247564, 0.0001685507525408617, 0.0001012615695540272, 0.00016076220463726192], [-0.032093293237873625, -0.01356410348515015, 0.01334416353588648, 0.04325547297183215, -0.0012351819351742207, 0.0011513859874425036, -0.0013766660291532151, 0.0009711762402282636], [-0.006203444521218821, -0.0021223386628666106, 0.0011549989742247564, -0.0012351819351742212, 0.010837771699150926, -0.0002640073023611339, 0.0009412621900706607, -0.0011179318776723872], [-0.0009558508745871492, -0.0008661454443323864, 0.00016855075254086163, 0.0011513859874425036, -0.0002640073023611339, 0.0016814830596353443, 0.0008678410548447087, -6.696043820105592e-05], [0.0003100393035346704, 0.00089418663610758, 0.00010126156955402717, -0.0013766660291532151, 0.0009412621900706607, 0.0008678410548447087, 0.0017279248302703991, 0.00027632822560772624], [0.00044476175386212816, 0.0002375452600497779, 0.0001607622046372618, 0.0009711762402282636, -0.0011179318776723872, -6.696043820105594e-05, 0.0002763282256077262, 0.0027771943118670246]], [[0.02529584903840239, 0.007899862149470145, -0.005090010337282243, 0.0034063880874836403, -0.0018904528494612177, -0.0016901319866340378, -0.0011795810545548048, -0.0023799679066926847], [0.007899862149470145, 0.0029374849584461573, -0.0012035875577538946, 0.0009386303854507019, -0.0016771721574904126, 0.0003483751688879167, 0.0007585205473110726, -0.0005161364270997795], [-0.005090010337282244, -0.0012035875577538948, 0.002158024719702462, -0.001353526826739795, 0.00010758319262671348, 0.0009992865983915967, 0.000274419372257393, 0.001279972986774142], [0.0034063880874836403, 0.0009386303854507019, -0.001353526826739795, 0.0014612030824146898, -0.0009434987062793544, -0.00046750497108936716, -1.8649849847922494e-05, -0.0017238416094315652], [-0.0018904528494612177, -0.0016771721574904126, 0.00010758319262671356, -0.0009434987062793544, 0.004677636067826435, -0.002695939800773452, -0.0038868444430392754, 0.0013126669306289345], [-0.001690131986634038, 0.0003483751688879167, 0.0009992865983915967, -0.00046750497108936727, -0.002695939800773452, 0.0029018318646619667, 0.0033992147296913237, 0.00017355597897325417], [-0.0011795810545548048, 0.0007585205473110726, 0.00027441937225739296, -1.864984984792254e-05, -0.0038868444430392762, 0.0033992147296913237, 0.005012606577834882, 0.00017195659115108784], [-0.002379967906692685, -0.0005161364270997795, 0.001279972986774142, -0.0017238416094315652, 0.0013126669306289345, 0.00017355597897325412, 0.00017195659115108773, 0.004277257379818454]], [[0.22554446766576164, 0.014881137301542079, -0.04331731991145254, 0.011631974075239093, 0.022629953611788944, -0.009890110107006715, 0.000692035891505569, -0.003822396567437224], [0.014881137301542079, 0.0011975946577284938, -0.0025649031173712476, 0.0008373657565979637, 0.001475704525379755, -0.0003261514891959295, 0.0001924273727371867, -0.0007397456552269008], [-0.04331731991145254, -0.0025649031173712476, 0.00884846387595549, -0.0020983829211317475, -0.004393926331962012, 0.0021704277585373726, -9.109851617681414e-05, 3.874950491897656e-05], [0.011631974075239093, 0.0008373657565979637, -0.0020983829211317475, 0.0011202083525548268, 0.0005679368069527892, -0.0002825683198435696, 0.00015606911042238635, -0.000666084986978977], [0.022629953611788944, 