{"weights": [0.04462162641845488, 0.12952875106910197, 0.31035099085740403, 0.2805940336002479, 0.154359598573544, 0.08054499948124727], "means": [[3.8182723334784585, 0.42838579312228536, -0.3996834034724364, 0.1434604808961255, -0.03169414163021543, 0.026435673437140737, 0.10201684541375788, 0.008929992868693178], [-0.4210396793922297, 1.5021265697724053, 0.9679084452362339, -0.005139560874440175, 0.04612656532475735, 0.02558763218803111, 0.004520587980113793, -0.023194329423941226], [-3.902570644387343, -0.4434235540626123, 0.09655192995356081, 0.015219834836414951, 0.029769665481669885, 0.009307238034074253, 0.006909510698113005, 0.007253572380971293], [1.1204011424775848, 0.5394951521082147, -0.5470554748774658, 0.003971641861302081, 0.04181768372565769, -0.0033499390252238297, -0.03819374193324455, 0.004696853535746544], [-2.703956614351588, -0.03446484191482781, -0.20322849355625947, -0.09616526574160739, -0.0997519831429022, 0.006652709275767327, -0.006074199335883657, -0.02726209920175301], [6.876700255198387, -0.6431348637825461, 0.315035883237116, -0.04469379984089438, -0.004997431534188893, -0.0023763244927115603, -0.008190770149319036, -0.005986429003848996]], "cov": [[[0.16788403752623918, -0.022447870957077933, 0.026834846184073252, -0.004468389016067726, -0.006761627245562122, -0.00047962851379250156, 0.005895397680040871, 0.0035702964818482333], [-0.022447870957077933, 0.004007925853894435, -0.00208476176746885, -0.0005984652676239591, 0.001158270811933297, -0.00010588028448535226, -0.0009652652965359687, -0.00046742182563119913], [0.026834846184073252, -0.00208476176746885, 0.007413294108794824, -0.0033135948065335353, -0.0006416436122385458, -0.00024211572859512927, -1.8529848226006642e-06, 0.0008898811965784223], [-0.004468389016067725, -0.0005984652676239592, -0.0033135948065335353, 0.002957715889753507, -0.0009108580062441411, 0.000165463705078645, 0.0007899211255170491, -0.00017826386261704356], [-0.006761627245562121, 0.001158270811933297, -0.0006416436122385459, -0.0009108580062441409, 0.0020712856306732193, 0.00030616451508007933, -0.00041416121416030876, -0.0004225756613358998], [-0.00047962851379250156, -0.00010588028448535226, -0.00024211572859512927, 0.00016546370507864502, 0.00030616451508007933, 0.0014583516341120477, -7.528714287627262e-05, -2.1621347640529314e-05], [0.00589539768004087, -0.0009652652965359687, -1.8529848226006589e-06, 0.000789921125517049, -0.00041416121416030876, -7.528714287627262e-05, 0.0008081678941487769, -9.139107314787776e-05], [0.003570296481848233, -0.00046742182563119913, 0.0008898811965784224, -0.0001782638626170436, -0.0004225756613358998, -2.1621347640529396e-05, -9.139107314787774e-05, 0.0008637499520791678]], [[0.3196499103351115, 0.021820940872268855, -0.06483967149002748, 0.009254580560492876, 0.04734689766624218, 0.004825152930658753, 0.014548744426767204, -0.013431409627746305], [0.02182094087226886, 0.002189390405851223, -0.0038466903166291646, 0.0003854931991097737, 0.0038529862284472356, 0.00014192013215292196, 0.0012346357060568866, -0.0016928113241054148], [-0.06483967149002748, -0.0038466903166291646, 0.013887353499887572, -0.001976227474022496, -0.009365339089368614, -0.0006728958040718151, -0.002889046609495751, 0.0023272399432314097], [0.009254580560492878, 0.0003854931991097736, -0.001976227474022496, 0.0010050567673675697, 0.00021628548966476095, -2.973871936813397e-05, 0.0003025841080004188, 0.00022951930641524273], [0.04734689766624218, 0.0038529862284472347, -0.009365339089368614, 0.00021628548966476095, 0.01052498295820996, 0.0018724497554304376, 0.002352678078177769, -0.005033196007586551], [0.004825152930658753, 0.00014192013215292198, -0.0006728958040718151, -2.9738719368133898e-05, 0.0018724497554304376, 0.006368378246061434, -0.0008762121945747328, 0.0008277801511784376], [0.014548744426767204, 0.0012346357060568866, -0.002889046609495751, 0.00030258410800041883, 0.0023526780781777694, -0.0008762121945747328, 0.0009640052945842013, -0.0012740526970038697], [-0.013431409627746306, -0.0016928113241054146, 0.0023272399432314097, 0.0002295193064152427, -0.005033196007586551, 0.0008277801511784376, -0.0012740526970038697, 0.005481654732705348]], [[0.039075115195536025, 0.01690799067980436, -0.013992207613390593, -0.03572047180226065, -0.006413178941657348, 0.0019567037843596998, 0.001091323101098941, -0.0005023696881125497], [0.01690799067980436, 0.009107482462871515, -0.004929087635250944, -0.01647753152187412, -0.001830281871755723, 0.0005836454196847436, 0.0014182816346785883, 0.00030911829570128425], [-0.013992207613390593, -0.004929087635250944, 0.006356941152089449, 0.014792037076769819, 0.001772934773534196, -0.0004949481793583086, -0.00021406836915587266, 0.0004159482836963688], [-0.03572047180226065, -0.016477531521874117, 0.014792037076769817, 0.051384100353711715, -4.080686375236271e-05, 0.0005806977379192017, -0.002939663632093813, 2.7012087930220025e-05], [-0.006413178941657348, -0.001830281871755723, 0.001772934773534196, -4.0806863752362876e-05, 0.011818774507865035, 0.0006947157517013104, 0.001298565354494419, -0.0008906933257682862], [0.0019567037843597, 0.0005836454196847437, -0.0004949481793583084, 0.0005806977379192017, 0.0006947157517013106, 0.0049459103325522, -0.0005922553600022846, -0.0005022769412224344], [0.0010913231010989412, 0.0014182816346785883, -0.00021406836915587266, -0.0029396636320938134, 0.0012985653544944189, -0.0005922553600022847, 0.0009251576679467214, 1.3224564657924866e-05], [-0.0005023696881125498, 0.00030911829570128414, 0.00041594828369636883, 2.701208793022e-05, -0.0008906933257682862, -0.0005022769412224345, 1.322456465792485e-05, 0.002901459453800596]], [[0.39562845769046656, 0.00024183997451144104, 0.029356715221620776, 0.03306783057554285, -0.005018268949904206, -0.004786888298175641, -0.0198457232248321, -0.01046213547474245], [0.00024183997451144104, 0.0012295434855036013, 0.000443471283005253, -0.00012286937403398906, -0.0012281428323053108, 0.00022117407147566825, 0.0005812369072802666, 0.000316642272175898], [0.02935671522162078, 0.0004434712830052531, 0.004354906660733644, 0.0022642994522861174, -0.0012593015329007433, -0.00046454270642273685, -0.002686714722041375, -0.0005502305233033086], [0.03306783057554285, -0.00012286937403398906, 0.0022642994522861174, 0.0053907755042021215, -0.0013871987979350551, -0.000905325056896691, -0.0016654581582077848, -0.0018356329159794384], [-0.005018268949904206, -0.0012281428323053108, -0.0012593015329007433, -0.001387198797935055, 0.0028332175012044975, 0.00034556076246773334, -0.00013768997200892555, -4.304945659363523e-05], [-0.004786888298175641, 0.00022117407147566825, -0.0004645427064227367, -0.000905325056896691, 0.0003455607624677334, 0.0031480408430142365, 0.00016982813037781042, 7.802130338790519e-05], [-0.019845723224832103, 0.0005812369072802666, -0.002686714722041375, -0.0016654581582077846, -0.00013768997200892555, 0.00016982813037781042, 0.002678468802056821, 0.000451339526222387], [-0.010462135474742451, 0.000316642272175898, -0.0005502305233033089, -0.0018356329159794384, -4.3049456593635175e-05, 7.802130338790523e-05, 0.0004513395262223871, 0.00249941228207902]], [[0.03522547159176408, 0.010658187561076095, -0.007121963559716225, 0.0037610049037684716, -0.0018850867703429986, 0.003331501724652272, -0.00021978200426425276, -9.80724957233776e-05], [0.010658187561076093, 0.003667445156952409, -0.0018343314486908987, 0.0008382412375751179, -0.0009751390404515428, 0.0004744866537459368, 0.00020924902693571286, -9.18500611097695e-05], [-0.007121963559716224, -0.0018343314486908987, 0.002190698578737082, -0.0010854552420705695, 0.00029902483405414135, -0.000732190440695075, -0.00022891735201914021, -7.27065747181792e-05], [0.0037610049037684707, 0.0008382412375751179, -0.0010854552420705695, 0.002113496015032926, -0.001188842321811716, 0.0006797556564392508, 0.00013502318036556137, -0.0012855067740372831], [-0.0018850867703429986, -0.000975139040451543, 