,X,Y,Z,id,nugget
0,100.0,0.0,-825.0,66410449,1e-05
1,300.0,0.0,-806.4032755334888,66410449,1e-05
2,900.0,0.0,-825.0,66410449,1e-05
3,100.0,0.0,-845.0,13406263,1e-05
4,300.0,0.0,-856.2674916578594,13406263,1e-05
5,900.0,0.0,-845.0,13406263,1e-05
