{"weights": [0.4720031283255567, 0.3300640531048908, 0.1979328185695525], "means": [[-2.1098656303942014, -0.5226711128333097, 0.036659195189825126, -0.021166159268803827, 0.007736160678798925, -9.228821292856328e-05, -0.007195448129250621, -0.005809873757608324], [4.01176184835652, -2.7142199443718624, -0.04618967170553424, 0.06808055709453376, -0.022451309084157753, -0.004302973358679593, -0.009997358911515025, -0.007677666809114825], [1.8181658211984737, 3.609112055313755, -0.051622321313926134, -0.005470988173679927, -7.208288666718166e-05, 0.003894484689784678, 0.026371647499094018, 0.020957400309485827]], "cov": [[[0.020792600167259666, -0.008366081610926434, 0.005665176057387064, -0.053897404017980946, 0.016943433604445758, -0.015369206982125074, -0.00890134468279917, 0.005111689455789534], [-0.008366081610926434, 0.029423322341939822, -0.014022330044007993, 0.04186421983199037, -0.03066447592440784, 0.002274690662960388, -0.01938907484158404, -0.005522114167115916], [0.005665176057387064, -0.014022330044007993, 0.017775587486926724, -0.07154830481020677, 0.026752767647360023, -0.006663120770745598, 0.0167433005707169, -0.00602504998383627], [-0.053897404017980946, 0.04186421983199037, -0.07154830481020677, 0.39375906685336237, -0.11863647976996435, 0.06374482222145098, -0.02207996081882641, 0.024855448345975407], [0.016943433604445758, -0.03066447592440784, 0.026752767647360023, -0.11863647976996435, 0.058596444487583596, -0.007688476500023026, 0.010407240889255223, -0.012399295453359016], [-0.015369206982125074, 0.002274690662960388, -0.006663120770745598, 0.06374482222145098, -0.007688476500023026, 0.029770401735891343, -0.003565433142180112, -0.013148360781358184], [-0.00890134468279917, -0.01938907484158404, 0.0167433005707169, -0.02207996081882641, 0.010407240889255223, -0.003565433142180112, 0.051528377722899435, 0.008870624676096044], [0.005111689455789534, -0.005522114167115916, -0.00602504998383627, 0.024855448345975407, -0.012399295453359016, -0.013148360781358184, 0.008870624676096044, 0.024634294601318805]], [[12.733240820065058, -5.534116300776378, -0.4650391913927675, -2.446402371124912, 0.5193064002209294, -0.6308924425304178, -0.1502119813288072, -0.07892550928157695], [-5.534116300776378, 5.842945983430567, 2.046743092938304, 1.028894851641517, -0.04793721655134006, 0.24206398278560898, 0.019393356284316945, 0.005300547202511654], [-0.4650391913927675, 2.046743092938304, 1.2039311387404947, 0.01900046008385421, 0.030747367572127732, 0.025349600473891416, 0.004777727672695472, 0.01986621325281379], [-2.446402371124912, 1.028894851641517, 0.01900046008385421, 1.1683320050847197, 0.1896101425879545, -0.08944120803591481, 0.06833503328658844, -0.041085841041321805], [0.5193064002209294, -0.04793721655134006, 0.030747367572127732, 0.1896101425879545, 0.6521994291419447, -0.02446609796654935, -0.09234264396664332, 0.020968284450938193], [-0.6308924425304178, 0.24206398278560898, 0.025349600473891416, -0.08944120803591481, -0.02446609796654935, 0.24387426231454196, -0.046294722226560225, 0.0355724698412795], [-0.1502119813288072, 0.019393356284316945, 0.004777727672695472, 0.06833503328658844, -0.09234264396664332, -0.046294722226560225, 0.07639213211642884, 0.01453827763460931], [-0.07892550928157695, 0.005300547202511654, 0.01986621325281379, -0.041085841041321805, 0.020968284450938193, 0.0355724698412795, 0.01453827763460931, 0.14789580830395627]], [[0.12057980106259106, -0.1301747119762229, 0.3020293890805505, 0.05824354630898807, 0.09620480023499475, 0.002833827296212028, 0.012129894807977232, 0.014142104652046829], [-0.1301747119762229, 0.39023805124249455, 0.18535004267730001, -0.0824248867487378, -0.1254872079326854, -0.0018973185507014656, 0.00038497645785173844, 0.017361803584735772], [0.3020293890805505, 0.18535004267730001, 3.71828088818054, 0.16009665962235473, -0.11922861038064062, -0.007599985568708196, -0.023733366110305108, -0.0014254248087902798], [0.05824354630898807, -0.0824248867487378, 0.16009665962235473, 0.09683975268314478, 0.0014345174504946541, -0.01568443727086802, -0.06061171791766679, 0.010564014649185107], [0.09620480023499475, -0.1254872079326854, -0.11922861038064062, 0.0014345174504946541, 0.23820162079431592, 0.06392835164683897, 0.13015562635162772, -0.004930850766813805], [0.002833827296212028, -0.0018973185507014656, -0.007599985568708196, -0.01568443727086802, 0.06392835164683897, 0.04989808026291987, 0.08647073899374177, -0.02741443308033382], [0.012129894807977232, 0.00038497645785173844, -0.023733366110305108, -0.06061171791766679, 0.13015562635162772, 0.08647073899374177, 0.21484090589086519, -0.04531688988463113], [0.014142104652046829, 0.017361803584735772, -0.0014254248087902798, 0.010564014649185107, -0.004930850766813805, -0.02741443308033382, -0.04531688988463113, 0.03954914928368641]]]}