{"MAP index": 13, "entropy_prior_gmm": 4.6051701859880925e-09, "entropy_MAP_gmm": 0.0022040391340851784, "entropy_z_nk_prior": 0.0633111788877876, "entropy_MAP_z_nk": 0.04847378653444867, "entropy_mixing_prior": 85.69175851611257, "entropy_MAP_mixing": 1.0146347088913794}