{"weights": [0.5285859827070891, 0.26494664582282107, 0.2064673714700899], "means": [[-2.091891372599648, -0.5148573012185428, 0.04573781309428286, -0.12872985706810522, 0.017985282066659676, -0.040224302096887855, -0.01998323048006124, -0.0014216911339430232], [2.8023762649742063, -1.8060721481355069, 0.25816008142579083, 0.3076536201575652, -0.012232716524366945, 0.08031323978513054, 0.02265415552329941, -0.0015499300931659833], [1.7594269863424383, 3.6357275483104012, -0.4483760018896516, -0.06522578670915298, -0.030347413920289466, -8.098734209136735e-05, 0.02208926751304822, 0.005628660724020478]], "cov": [[[0.01979045586515008, -0.010384061318008874, 0.008196012229356777, -0.06859907927405891, 0.022293976210420716, -0.018017719563516336, -0.00784711377105821, 0.0040937519919673855], [-0.010384061318008874, 0.032954428721740314, -0.018376496408815404, 0.07189253764487459, -0.040593034760723685, 0.008210836476954416, -0.018992804018727594, -0.0037242799343325255], [0.008196012229356777, -0.018376496408815404, 0.02113098240440765, -0.0963724386968089, 0.035904815789288856, -0.011488720974124587, 0.015529470693312024, -0.006976111361426118], [-0.06859907927405891, 0.07189253764487459, -0.0963724386968089, 0.562281532442359, -0.18110001169026888, 0.09325619730533012, -0.018601233511668584, 0.03364512979056134], [0.022293976210420716, -0.040593034760723685, 0.035904815789288856, -0.18110001169026888, 0.08042905987072824, -0.019108739661709423, 0.009711836692390365, -0.015620874874831053], [-0.018017719563516336, 0.008210836476954416, -0.011488720974124587, 0.09325619730533012, -0.019108739661709423, 0.03452883487395309, -0.004101971759567671, -0.011641859853588883], [-0.00784711377105821, -0.018992804018727594, 0.015529470693312024, -0.018601233511668584, 0.009711836692390365, -0.004101971759567671, 0.04947368785808647, 0.00998831970630004], [0.0040937519919673855, -0.0037242799343325255, -0.006976111361426118, 0.03364512979056134, -0.015620874874831053, -0.011641859853588883, 0.00998831970630004, 0.024911998668733993]], [[5.853805440985665, -2.033216559417479, -0.16035335991435032, -1.193302501316309, 0.0608765760359355, -0.36049323754073287, -0.1730870281243135, -0.03076939953487578], [-2.033216559417479, 3.5325678786531176, 1.640326267389758, 0.47564358184755384, 0.2202589631991943, 0.09259856495161313, 5.117232189514558e-05, -0.012430002555353814], [-0.16035335991435032, 1.640326267389758, 0.9811464743658352, -0.007848342512726167, 0.052396443675528204, 0.009127094039769279, 0.001188954192215037, 0.03696609466532688], [-1.193302501316309, 0.47564358184755384, -0.007848342512726167, 1.015304606456387, 0.389614079015612, -0.21011100247952882, 0.0710075250599236, -0.0762967175168173], [0.0608765760359355, 0.2202589631991943, 0.052396443675528204, 0.389614079015612, 0.7853692384698928, -0.00774484538504255, -0.12038302349754038, 0.03365093070905999], [-0.36049323754073287, 0.09259856495161313, 0.009127094039769279, -0.21011100247952882, -0.00774484538504255, 0.2772426042675723, -0.061192441090193374, 0.0452799325901404], [-0.1730870281243135, 5.117232189514558e-05, 0.001188954192215037, 0.0710075250599236, -0.12038302349754038, -0.061192441090193374, 0.08265268152257321, 0.015387558891881838], [-0.03076939953487578, -0.012430002555353814, 0.03696609466532688, -0.0762967175168173, 0.03365093070905999, 0.0452799325901404, 0.015387558891881838, 0.1805384861992564]], [[0.06991426345748245, -0.023611146444791772, 0.290250961387106, 0.025898327530945, 0.05851035269808245, 0.004630364493771243, 0.014849088537189959, 0.017060435536316608], [-0.023611146444791772, 0.10337054333349963, 0.23089565017677519, -0.013931533506365048, -0.07302986184900219, -0.006436879629839817, -0.005588285939724986, -0.00044503485789437237], [0.290250961387106, 0.23089565017677519, 3.949005273412511, 0.14070679819981083, -0.1708191172621271, -0.004231918047520387, -0.03654401820380583, -0.026372740038144035], [0.025898327530945, -0.013931533506365048, 0.14070679819981083, 0.06900094620489826, -0.027548123817251715, -0.014095858348938013, -0.05758640639314988, 0.012280949938151788], [0.05851035269808245, -0.07302986184900219, -0.1708191172621271, -0.027548123817251715, 0.19832545076685623, 0.061969961172572106, 0.13156239479154172, -0.0029785122770017913], [0.004630364493771243, -0.006436879629839817, -0.004231918047520387, -0.014095858348938013, 0.061969961172572106, 0.047681762332378384, 0.08463521874098404, -0.028286288714794494], [0.014849088537189959, -0.005588285939724986, -0.03654401820380583, -0.05758640639314988, 0.13156239479154172, 0.08463521874098404, 0.2112857014364232, -0.045469425795366586], [0.017060435536316608, -0.00044503485789437237, -0.026372740038144035, 0.012280949938151788, -0.0029785122770017913, -0.028286288714794494, -0.045469425795366586, 0.03485136790159152]]]}