{"weights": [0.3788573876974037, 0.2907333574707758, 0.2872623615595594, 0.043146893272261184], "means": [[2.1103524403789127, -0.5169375680346083, 0.039395968931935275, 0.03959415088375367, 0.004383265606376573, 0.0065629309736318425, 0.006799565235487613, 0.0074993044847153694, -0.003782196945081806, -0.00639438596066809], [-3.9108926829357005, -2.709335861083576, -0.05158304089095044, -0.08000786595886289, -0.05628362649794093, -0.005039035704669225, 0.006682528496603398, 0.011264524011549124, 0.01374463586752816, 0.0040073770759786525], [-1.6918238793483922, 3.5705291726457, -1.4376906843923651, 0.11124751018389101, 0.005041501555443772, 0.014391048922947975, -0.007383360675571712, -0.022495367912933557, 0.01043177825489593, 0.013961950346993305], [-2.1622454550368255, 3.674661798166653, 3.259878601793376, -0.25077121246329726, 0.013985672348847476, -0.04116375308601967, -0.05122796889107805, -0.035603184515388575, 0.008098592158973893, 0.020698395689311474]], "cov": [[[0.05754829321402625, -0.0014572404502139265, -0.01066422263895788, -0.09248472227760005, -0.02195446674131925, -0.025695619780626587, -0.007002044255163127, 0.001971734874236026, 0.0012346990898016122, -0.003785976615670395], [-0.0014572404502139244, 0.038992442033761954, -0.013746738406757265, -0.06384497318092737, -0.029675404561856203, -0.009594484391075776, 0.010689790513011513, 0.0012290075109627394, -0.00017903443129061255, -0.0013964984923126498], [-0.01066422263895788, -0.013746738406757265, 0.020681565675365415, 0.10462122572375197, 0.032540535420522966, 0.018026489719661552, -0.010304825482283822, 0.005273879842356089, -0.0013084944320920443, 0.0006897249396856641], [-0.09248472227760005, -0.06384497318092737, 0.10462122572375197, 0.6717660478654656, 0.1879746131663388, 0.1385058191672659, -0.004662854320583033, 0.024855598253238763, -0.003792718291442181, 0.01895247652570761], [-0.02195446674131925, -0.029675404561856203, 0.032540535420522966, 0.1879746131663388, 0.07163825401458959, 0.02531702481352957, 0.000978906619538057, 0.016432063155964027, 0.00576904168259349, 0.006985938429638616], [-0.025695619780626587, -0.009594484391075775, 0.018026489719661552, 0.1385058191672659, 0.02531702481352957, 0.047673500267798694, -0.006347548980225353, -0.010920279523496152, -0.00859397042940128, 0.0009479058361803795], [-0.007002044255163132, 0.010689790513011516, -0.010304825482283822, -0.004662854320583033, 0.0009789066195380568, -0.006347548980225351, 0.037895880155379216, 0.011979176811897991, 0.010107814724903824, 0.008929247947867452], [0.001971734874236026, 0.001229007510962739, 0.005273879842356089, 0.024855598253238766, 0.016432063155964023, -0.010920279523496152, 0.011979176811897991, 0.02017529214938078, 0.00813769766709078, 0.0032046895042725457], [0.0012346990898016122, -0.00017903443129061252, -0.0013084944320920443, -0.0037927182914421808, 0.00576904168259349, -0.008593970429401281, 0.010107814724903826, 0.00813769766709078, 0.0054562244523273335, 0.002569820232933781], [-0.0037859766156703952, -0.0013964984923126496, 0.000689724939685664, 0.01895247652570761, 0.006985938429638617, 0.0009479058361803795, 0.008929247947867452, 0.0032046895042725457, 0.0025698202329337808, 0.00489709808939052]], [[1.0576819641764974, 0.10844688192651611, 0.0032697558503085077, -0.301610945891851, 0.09096606114795061, 0.08296278766252647, -0.07070570564239473, -0.14081455184863748, 0.08484983223292177, 0.09445203851265481], [0.10844688192651612, 0.3528634200469759, 0.01756806565975775, -0.14432697394577484, 0.3719407546388263, -0.0053009449479070525, 0.0809428804041629, 0.010873505317600283, -0.04449071827781538, -0.048839152107024664], [0.003269755850308511, 0.01756806565975775, 0.018181526503078235, 0.051216619814652406, 0.023085401923659415, -0.041880719758122235, 0.018702364986527928, -0.010487828118792349, -0.0005567033429358305, 0.0009892953486515255], [-0.30161094589185106, -0.14432697394577484, 0.05121661981465241, 1.1633367274307473, -0.5476804650738987, -0.446460414785174, 0.060607900357347214, -0.13817016924126227, -0.03377455171703745, -0.041035684254578354], [0.09096606114795067, 0.37194075463882625, 0.023085401923659415, -0.5476804650738987, 0.9671687726405434, 0.06152578295600646, 0.18530156429869762, 0.04112857985249107, -0.05109829652001223, -0.06529230704835234], [0.08296278766252646, -0.0053009449479070525, -0.041880719758122235, -0.446460414785174, 0.0615257829560065, 0.3284858976165614, -0.09765704129152016, 0.049125122662586396, 0.003337401388154254, 0.011174687244181818], [-0.07070570564239471, 0.0809428804041629, 0.018702364986527928, 0.06060790035734723, 0.18530156429869762, -0.09765704129152016, 0.09201909681895443, 0.028590307255386565, -0.011418185604394542, -0.025465297144677053], [-0.14081455184863748, 0.01087350531760027, -0.010487828118792349, -0.13817016924126227, 0.041128579852491076, 0.049125122662586396, 0.02859030725538657, 0.20843272650490424, 0.02851435782225891, -0.001008833607716406], [0.08484983223292177, -0.04449071827781539, -0.0005567033429358302, -0.03377455171703745, -0.051098296520012236, 0.0033374013881542547, -0.011418185604394542, 0.028514357822258904, 0.03687039385730541, 0.029474223741687507], [0.09445203851265481, -0.048839152107024664, 0.0009892953486515257, -0.041035684254578354, -0.06529230704835234, 0.011174687244181816, -0.025465297144677053, -0.0010088336077164084, 0.029474223741687507, 0.045852200553709636]], [[0.1626368083287102, 0.06288532108140951, -0.010319737475428232, 0.0018331768105622032, -0.0859332685342992, 0.003769432179659383, 0.021431333202881975, 0.02542193672094982, -0.05894982623612359, 0.0009094011978790456], [0.06288532108140951, 0.05681730079751777, 0.0315169977107652, 0.0010865324382596155, -0.05476121671292391, 0.019283259187815906, 0.03813960851720751, -0.00245128445489458, -0.003576211376850631, -0.00012375758068001788], [-0.01031973747542822, 0.0315169977107652, 0.12240045228575737, 0.0073201259196505305, -0.039560344435462434, 0.04686491384573147, 0.06895657973432727, -0.03733813822028085, 0.07000960896013163, -0.0015096695561808103], [0.001833176810562205, 0.0010865324382596155, 0.007320125919650526, 0.051512533961438615, 0.04166142351827121, -0.0216215708099067, -0.06681437379330009, 0.013584967111129411, 0.021077666678813993, 0.0038578849186998807], [-0.08593326853429921, -0.05476121671292392, -0.03956034443546244, 0.041661423518271214, 0.2253201672846225, -0.08314066028605663, -0.17200817704920973, 0.017970466055461664, 0.03412794990180626, 0.02091500898333311], [0.003769432179659384, 0.019283259187815906, 0.046864913845731465, -0.021621570809906697, -0.08314066028605661, 0.05832971595007153, 0.10339895811080742, -0.033982184179583215, 0.026745576284946407, -0.011506462071891965], [0.02143133320288198, 0.03813960851720751, 0.06895657973432727, -0.06681437379330009, -0.1720081770492097, 0.10339895811080743, 0.23705282327095725, -0.058919678525441326, 0.001547431927973062, -0.011377705636141228], [0.025421936720949816, -0.0024512844548945805, -0.03733813822028085, 0.013584967111129413, 0.017970466055461664, -0.03398218417958321, -0.058919678525441326, 0.03242808112763043, -0.044080056894279684, 0.00711922060076643], [-0.058949826236123576, -0.0035762113768506303, 0.07000960896013163, 0.021077666678813993, 0.03412794990180627, 0.0267455762849464, 0.0015474319279730614, -0.044080056894279684, 0.13046385231782906, -0.018531398610864704], [0.0009094011978790449, -0.00012375758068001744, -0.0015096695561808088, 0.0038578849186998807, 0.02091500898333311, -0.011506462071891965, -0.011377705636141228, 0.00711922060076643, -0.018531398610864704, 0.011895098016759363]], [[0.630761851437649, -0.13614183391530932, -0.12671959526646173, 0.19120571781494422, -0.27923228894435015, 0.03905618431347217, 0.0482667221143008, 0.09388528468565273, 0.009341825599689322, -0.033007832244568276], [-0.13614183391530935, 0.9372539427427551, 0.2708278604187902, 0.13410997172658454, -0.23613968860310175, 