{"MAP index": 128, "entropy_prior_gmm": 4.6051701859880925e-09, "entropy_MAP_gmm": 0.008981543593108654, "entropy_z_nk_prior": 0.133683021582775, "entropy_MAP_z_nk": 0.13348015464655205, "entropy_mixing_prior": 85.69175851611257, "entropy_MAP_mixing": 0.9844698519370706}