,X,Y,Z,id,nugget
0,100.0,0.0,-825.0,43455283,1e-05
1,300.0,0.0,-805.0510310106929,43455283,1e-05
2,900.0,0.0,-825.0,43455283,1e-05
3,100.0,0.0,-845.0,54748688,1e-05
4,300.0,0.0,-864.9778678819798,54748688,1e-05
5,900.0,0.0,-845.0,54748688,1e-05
