,X,Y,Z,id,nugget
0,100.0,0.0,-825.0,21310082,1e-05
1,300.0,0.0,-829.5044114345724,21310082,1e-05
2,900.0,0.0,-825.0,21310082,1e-05
3,100.0,0.0,-844.9999999999999,97038258,1e-05
4,300.0,0.0,-840.8597438096435,97038258,1e-05
5,900.0,0.0,-844.9999999999999,97038258,1e-05
