{"weights": [0.5700764974240492, 0.19976374160088048, 0.23015976097507032], "means": [[-2.093861697773172, -0.5268804188019462, 0.04088220113806299, -0.08446034194303154, 0.020578056577728654, -0.013284171766905186, -0.024552694421428777, -0.0056277999983762655], [4.006107739563395, -2.7456733075431976, -0.04327582338194635, 0.014356046856299527, -0.07128356704458913, 0.04441620449186999, -0.005056653078414593, -0.02695762140872998], [1.856493513013288, 3.548427271813528, 0.10333397895141941, 0.05498594555798567, -0.005387959134071824, -0.029457145209201858, -0.05476577092664254, 0.04942212537649874]], "cov": [[[0.02704519054714106, -0.010278789606126375, 0.007088015267562869, -0.0810913604827699, 0.025202151832324476, -0.02557708763198238, -0.01447820867535381, 0.008187530266523024], [-0.010278789606126373, 0.040762486097562736, -0.017252354992996752, 0.05318038017806224, -0.04660877435004987, -0.0011297959956823242, -0.021056858158021673, -0.0038270033646209834], [0.007088015267562869, -0.017252354992996755, 0.021576466253948493, -0.09906265185365351, 0.03493020373639052, -0.01253700757336777, 0.01587694038495601, -0.0074752383542072455], [-0.08109136048276988, 0.05318038017806224, -0.09906265185365351, 0.6457143510952771, -0.17428405588850196, 0.13541937272433613, -0.002659956911637179, 0.026140471585170064], [0.025202151832324476, -0.04660877435004988, 0.034930203736390525, -0.17428405588850196, 0.08520131032047769, -0.017060736838748675, 0.01038088510075188, -0.012334527945263811], [-0.02557708763198238, -0.0011297959956823242, -0.01253700757336777, 0.13541937272433613, -0.01706073683874867, 0.05418711996786993, 0.0069349190224417745, -0.01391131445551712], [-0.014478208675353812, -0.021056858158021673, 0.01587694038495601, -0.0026599569116371783, 0.010380885100751884, 0.006934919022441777, 0.05272397774968289, 0.004236735806336594], [0.008187530266523024, -0.0038270033646209843, -0.0074752383542072455, 0.026140471585170064, -0.012334527945263815, -0.013911314455517122, 0.004236735806336596, 0.024860403050265843]], [[0.44073945869629155, 0.1112952936087449, -0.007320671742785595, -0.21900056633934445, -0.12002822286582417, 0.035351401367199387, -0.03911034297006603, -0.13364155396162172], [0.1112952936087449, 0.15767871790214455, 0.008789975739325643, 0.11367324770094354, 0.24564486941981736, -0.0202933898924591, -0.05314422763392752, -0.06220742532388014], [-0.007320671742785595, 0.00878997573932564, 0.010021020718506054, -0.04173907339785649, 0.01870266530697941, 0.03783803781810972, -0.011040993248037454, 0.011867950356811157], [-0.21900056633934448, 0.11367324770094354, -0.04173907339785649, 0.9567101646952316, 0.4510017864993622, -0.3609505091755414, 0.04791214251478787, -0.11673045928513788], [-0.1200282228658242, 0.24564486941981736, 0.018702665306979407, 0.4510017864993622, 0.7861861989088391, -0.04904322735478822, -0.1439844277832219, 0.003149147071286355], [0.03535140136719942, -0.0202933898924591, 0.03783803781810972, -0.3609505091755414, -0.04904322735478825, 0.2940450829332949, -0.07853139068117353, 0.06860874677244196], [-0.03911034297006602, -0.05314422763392752, -0.011040993248037456, 0.04791214251478786, -0.1439844277832219, -0.07853139068117353, 0.0756369972858369, 0.017183215878415467], [-0.1336415539616217, -0.06220742532388014, 0.011867950356811156, -0.11673045928513788, 0.0031491470712863567, 0.06860874677244196, 0.017183215878415467, 0.22870680652234782]], [[0.13103127754144003, -0.1090114741295529, 0.2840049524966611, 0.0862878996663458, 0.15126669346396662, 0.015889425400654855, 0.02546197879415431, 0.05090768964916035], [-0.10901147412955291, 0.19710291510447894, 0.11009675587050628, -0.09119354238295024, -0.18676360498237163, -0.02225645051213083, -0.021846218606073966, -0.04387804276381876], [0.2840049524966611, 0.11009675587050628, 3.303914442473221, 0.19711532881623875, -0.07516753785442391, 0.0007223837548163, -0.012722214924490006, 0.0036313699132280585], [0.0862878996663458, -0.09119354238295024, 0.19711532881623878, 0.13270447542288716, 0.05613139102643751, 0.001758194419659649, -0.0437636960978664, 0.037793175671524105], [0.15126669346396665, -0.1867636049823716, -0.07516753785442391, 0.05613139102643751, 0.3196055298594218, 0.07567764247334102, 0.13318467497514075, 0.04065138228019431], [0.01588942540065486, -0.02225645051213083, 0.0007223837548163, 0.001758194419659646, 0.07567764247334102, 0.050937837432273154, 0.07711109046128618, -0.02532712362791893], [0.02546197879415432, -0.02184621860607397, -0.012722214924490011, -0.0437636960978664, 0.13318467497514078, 0.07711109046128618, 0.20693541938667662, -0.03610567368074513], [0.05090768964916035, -0.04387804276381876, 0.0036313699132280585, 0.037793175671524105, 0.04065138228019431, -0.025327123627918925, -0.03610567368074513, 0.05019892058621709]]]}