{"MAP index": 600, "entropy_prior_gmm": 1.1512992383663035e-08, "entropy_MAP_gmm": 1.1512925723877743e-08, "entropy_z_nk_prior": 0.9500293567589047, "entropy_MAP_z_nk": 1.0024285439198402, "entropy_mixing_prior": 53.75278407684164, "entropy_MAP_mixing": 1.707050120089517}