{"weights": [0.17114068654073128, 0.16779145551278857, 0.3019993465011019, 0.12417051511883789, 0.15435773199648586, 0.08054026433005454], "means": [[-6.869656241849645, -0.6477758400446556, -0.3071842580577041], [4.105089774064624, -0.5217425879017978, -0.18254179544703975], [3.228124872905247, -0.2039376002197538, 0.08481813549759168], [-0.662244771293127, 0.5397039053413536, 0.5856698077575568], [-2.983938883867357, 0.47750010634508877, 0.4313451446527917], [0.6805590800913783, 1.4809068212141498, -1.014631920544253]], "cov": [[[0.005811340420532446, -0.0003876817647171937, 0.000937925181869317], [-0.0003876817647171937, 0.008124149574419596, -0.0058364241322159584], [0.000937925181869317, -0.0058364241322159584, 0.005165187042718113]], [[0.007791583437831592, -0.0013700167162884697, 0.0006003035076600118], [-0.0013700167162884697, 0.0033020492926644387, -0.001414888002701625], [0.0006003035076600118, -0.001414888002701625, 0.0007927652283804367]], [[0.2814484440532823, -0.09156305663633371, -0.061334397459118076], [-0.09156305663633371, 0.030834673612402552, 0.01931530400570594], [-0.061334397459118076, 0.01931530400570594, 0.01416395260786055]], [[0.05207718768746007, -0.004144940588524508, -0.0024751508957479686], [-0.004144940588524508, 0.001244320786610977, -0.0005968277732173647], [-0.0024751508957479686, -0.0005968277732173647, 0.001183023869952257]], [[1.0114689906706118, 0.06212805946797895, 0.04580371450584221], [0.06212805946797895, 0.005519665885685889, 0.0027404999675431137], [0.04580371450584221, 0.0027404999675431137, 0.00602086206010887]], [[0.2536792272711858, -0.016981137023199408, -0.05158758120145971], [-0.016981137023199408, 0.001994037455540663, 0.002721584203300855], [-0.05158758120145971, 0.002721584203300855, 0.011407420349343306]]]}