,X,Y,Z,id,nugget
0,100.0,0.0,-825.0,56994034,1e-05
1,300.0,0.0,-795.0000044415422,56994034,1e-05
2,900.0,0.0,-825.0,56994034,1e-05
3,100.0,0.0,-844.9999999999999,26397866,1e-05
4,300.0,0.0,-835.0000072271066,26397866,1e-05
5,900.0,0.0,-844.9999999999999,26397866,1e-05
