{"weights": [0.17104120149745103, 0.00045097238575008807, 0.46943340380127196, 0.12417580534363377, 0.15435835953726923, 0.0805402574346238], "means": [[-6.86980507328349, -0.6395939208729854, -0.32346099833414177], [0.47903355418545374, -0.08484217244562109, -0.5490813243939932], [3.4361817695387895, -0.2728585599224645, 0.025424414576660656], [0.22498077570556, 0.2644435252620277, 0.4067420221209175], [-0.26490489231285186, 0.2998518235808054, -0.0877095039332964], [-3.916363637186671, 1.040016704432947, -1.039239709681568]], "cov": [[[0.8867583891575223, -0.10484441425984452, -0.82975015141162], [-0.10484441425984452, 4.621657839184321, -2.5466531416093763], [-0.82975015141162, -2.5466531416093763, 7.964787955357026]], [[6601.482168227767, -37.825106894026284, 465.1479239582675], [-37.82510689402628, 1258.8245694031762, 468.68724649784343], [465.1479239582674, 468.68724649784343, 385.2272668791418]], [[296.95947980112237, -126.86317185115323, -104.28267968068582], [-126.86317185115323, 59.30513046955014, 47.8124202923927], [-104.28267968068582, 47.812420292392694, 42.189339891763474]], [[1254.331533609839, -379.46130424938593, -255.13743663671806], [-379.4613042493859, 118.77065228831441, 78.9886604926184], [-255.13743663671806, 78.98866049261841, 53.949873128485386]], [[10052.514848483514, -678.9546461135157, -2032.1951511805123], [-678.9546461135155, 87.35595726176685, 159.58698521306147], [-2032.1951511805119, 159.58698521306147, 449.8395203729067]], [[14957.671453288509, 983.6049104392877, -518.789750239745], [983.6049104392877, 5803.728931306055, 7300.2672877498535], [-518.789750239745, 7300.2672877498535, 9396.234718404789]]]}