{"weights": [0.17100395853234632, 0.00032689279916683233, 0.4695726453165326, 0.11738665154952918, 0.1367134818411022, 0.10499636996132287], "means": [[-4.399440363133637, -0.32298980855037057, 0.09031755227621727], [-1.1995472987777849, 0.5536525242003685, 0.4095662140857348], [3.627176123798375, -0.35961915285503715, -0.04802188873253787], [1.9567430386800628, -0.25114093369629586, 0.05928603277259134], [0.24833867134411333, 0.3567130370167949, -0.09770183015556894], [-6.193885333559498, -0.17303381971492038, -0.7421662781161641]], "cov": [[[2121.9328469007605, 282.1482131961607, 342.3313393637245], [282.1482131961607, 41.51773576973736, 43.535850221896304], [342.33133936372445, 43.535850221896304, 62.20173901737248]], [[473.05820349445014, -0.622246629249651, 33.819893797904484], [-0.622246629249651, 28.16528203953166, 5.046311402812276], [33.81989379790449, 5.046311402812276, 20.871207612558887]], [[249.23219859952246, -106.1793569412527, -87.28618830862763], [-106.1793569412527, 50.34898526826625, 39.990660181893894], [-87.28618830862763, 39.990660181893894, 36.017842866896586]], [[1363.121492441148, -412.76873541777434, -277.4863130300822], [-412.76873541777434, 128.4654543444498, 85.04605988007486], [-277.4863130300822, 85.04605988007486, 58.89454369593761]], [[2254.0836993566777, -148.5867197960231, -451.3052934027884], [-148.5867197960231, 38.99728712024931, 46.88299269266983], [-451.30529340278844, 46.88299269266983, 117.54817867111929]], [[2300.446445028655, 174.02922963045165, 4.9155403929007635], [174.02922963045165, 1198.7964649617738, 912.8562702947606], [4.9155403929008745, 912.8562702947606, 1634.988973820237]]]}