,X,Y,Z,id,nugget
0,100.0,0.0,-824.9999999999999,3235546,1e-05
1,300.0,0.0,-825.9114628514669,3235546,1e-05
2,900.0,0.0,-824.9999999999999,3235546,1e-05
3,100.0,0.0,-844.9999999999999,97493981,1e-05
4,300.0,0.0,-842.2986936648424,97493981,1e-05
5,900.0,0.0,-844.9999999999999,97493981,1e-05
