{"weights": [0.1721260260133301, 0.02975943518241207, 0.3099691633194427, 0.1944100773926558, 0.10456437614824066, 0.1891709219439187], "means": [[3.7975495658019485, 0.4637016297693149, -0.3621235683610884, 0.11609132608107985, -0.0341235151287461, -0.06596656433175638, 0.07732687897890533, -0.030011857097954453], [1.1448846951546552, 0.5547763101634722, -0.5187187462947127, -0.0015794369807548062, 0.04496624477198903, 0.0505157514137491, -0.017093076677282774, 0.01487039260191183], [-3.930254948508026, -0.44745831504892564, 0.09759555302584506, 0.03278068835288581, 0.03158757899941355, -0.01479775453258342, 0.002865822238990465, 0.013186396048812051], [-2.706739402999584, -0.036593327818457415, -0.21129995824838108, -0.0756502094991572, -0.10155036468050782, -0.000664099934286642, -0.013149720000418067, -0.029258716993870806], [-0.827848597054259, 1.4296329576232216, 1.0788038128798634, -0.01651410685062507, -0.014532057638158407, -0.005432553914105729, -0.011524696997835532, 0.041371086044956776], [6.857226922481646, -0.646923594422861, 0.3007456953736944, -0.04181775383073489, 0.0003059885411734444, 0.003442826449247187, -0.00964922678469478, -0.001774427274016278]], "cov": [[[0.2042713983994287, -0.023366161760742885, 0.037093872373622334, -0.010528549861696008, -0.006735659009365456, 0.0005265853318754673, 0.011309432153891168, 0.00039597132667548317], [-0.023366161760742885, 0.003671638457524517, -0.0024705779489276156, 0.00015822442355092214, 0.000896564092482597, 0.00011385176669976285, -0.0014433156844900438, 0.00021516424565524094], [0.037093872373622334, -0.002470577948927616, 0.0109385812930792, -0.00392470697077253, -0.0024752546764082997, 0.0008371862798414415, 0.0013282028850907306, 0.0012536001478706202], [-0.010528549861696008, 0.00015822442355092203, -0.00392470697077253, 0.002833169135488744, -0.0009344637505788959, -0.0005519750550864569, -0.00011060295924730643, 0.00047441046289091465], [-0.006735659009365457, 0.000896564092482597, -0.0024752546764082992, -0.0009344637505788959, 0.005655036339618238, -0.0008639940230890503, -0.0003623084172470278, -0.002587922709225335], [0.0005265853318754673, 0.00011385176669976285, 0.0008371862798414415, -0.0005519750550864569, -0.0008639940230890504, 0.001872648910694638, 0.0005137568759805308, -0.00055987058019678], [0.011309432153891168, -0.0014433156844900438, 0.001328202885090731, -0.00011060295924730649, -0.0003623084172470277, 0.0005137568759805308, 0.001303662148725341, -0.0003682770987699314], [0.00039597132667548317, 0.00021516424565524094, 0.0012536001478706202, 0.00047441046289091465, -0.002587922709225335, -0.0005598705801967799, -0.0003682770987699314, 0.002240369936966586]], [[0.5041593261934172, 0.005791831940833795, 0.046778551317028357, 0.04634761307395631, -0.021552496089611073, 0.033660261651990375, -0.016860829882052012, -0.004244774916856193], [0.005791831940833795, 0.001207836096197668, 0.0010285213998026987, 0.00016382000350890417, -0.0012009928849275565, -0.0005619062910051885, -7.834198158940904e-05, 7.707071987732867e-05], [0.04677855131702835, 0.0010285213998026989, 0.0063401672760235875, 0.004360526020141608, -0.0026766001831843105, 0.003928836168587791, -0.0021404532605371353, 2.9648794614559056e-05], [0.04634761307395631, 0.00016382000350890412, 0.004360526020141609, 0.006429528580243272, -0.002825334439855875, 0.003637776802319909, -0.0020740189347365646, -0.0008875746025120275], [-0.021552496089611073, -0.0012009928849275567, -0.002676600183184311, -0.002825334439855875, 0.0036738208769274286, -0.0010465087396974793, 0.00042244560279025784, 0.00047736636600009656], [0.033660261651990375, -0.0005619062910051885, 0.003928836168587791, 0.003637776802319909, -0.0010465087396974797, 0.0052676470339860955, -0.0002997785522870159, -0.00043330074926857813], [-0.016860829882052012, -7.834198158940905e-05, -0.0021404532605371353, -0.002074018934736564, 0.00042244560279025784, -0.00029977855228701576, 0.0025151745755561416, 9.909714270265138e-05], [-0.004244774916856193, 7.707071987732868e-05, 2.9648794614559076e-05, -0.0008875746025120274, 0.00047736636600009667, -0.00043330074926857813, 9.909714270265148e-05, 0.001640499772099914]], [[0.04047817699969274, 0.016610923783361115, -0.014553033806964235, -0.03541240093996647, -0.006773318738150091, -0.0011879578166085936, 0.00016158693518523112, 0.00021854318579709922], [0.016610923783361115, 0.008603499686265302, -0.004759745869161345, -0.015022792464969317, -0.002359339959488258, -0.000568408121301794, 0.0014012193433789641, 0.0004802128736113381], [-0.014553033806964235, -0.004759745869161345, 0.006641324517312309, 0.01469588226112262, 0.0012199206007158007, 0.0005238759273214539, 0.0005530600199410427, 0.0004997971778772667], [-0.03541240093996647, -0.015022792464969317, 0.01469588226112262, 0.04789898362358232, -0.0012722655464190336, 0.0012025644926574965, -0.0016685327928134574, 0.000806895183703892], [-0.006773318738150091, -0.0023593399594882577, 0.0012199206007158007, -0.001272265546419034, 0.012013420065992785, -0.0004491159223268076, 0.0008576309388577958, -0.0013352610034966842], [-0.0011879578166085936, -0.0005684081213017938, 0.0005238759273214539, 0.0012025644926574965, -0.00044911592232680763, 0.0020216173814032, 0.0013533520377478983, -0.0005342480182066988], [0.0001615869351852308, 0.0014012193433789641, 0.0005530600199410427, -0.0016685327928134574, 0.0008576309388577957, 0.0013533520377478985, 0.002548983440775645, 0.00032555122659615415], [0.00021854318579709938, 0.0004802128736113381, 0.0004997971778772666, 0.0008068951837038922, -0.0013352610034966842, -0.0005342480182066989, 0.00032555122659615415, 0.00417357496014376]], [[0.022491101597295608, 0.007006081210520258, -0.004529858882986516, 0.003119067472346406, -0.0017778349959174059, -0.0014706107925072014, -0.0010811809338805516, -0.0024124660701741346], [0.007006081210520257, 0.0026282150113726664, -0.0009951407223559848, 0.0008416671308880758, -0.0014392920966544709, 0.00019025066888503554, 0.0004470648051568409, -0.0007308594726429156], [-0.004529858882986516, -0.0009951407223559848, 0.002411431247994011, -0.0012683365475154491, -1.1393162837960576e-05, 0.0010054340174356956, -0.0001862325816086219, 0.0006110237638569287], [0.003119067472346406, 0.000841667130888076, -0.0012683365475154491, 0.0012703433532286052, -0.0006968368546192842, -0.00040643469854316705, 0.00011695480302702911, -0.0009345685898327178], [-0.0017778349959174059, -0.0014392920966544709, -1.1393162837960561e-05, -0.0006968368546192842, 0.003704917318673187, -0.0020413591103601502, -0.00287671652389663, 0.0009228983154488602], [-0.0014706107925072012, 0.00019025066888503548, 0.0010054340174356956, -0.00040643469854316705, -0.00204135911036015, 0.002388258164185903, 0.0024669898883650284, -6.787729420740174e-05], [-0.0010811809338805516, 0.00044706480515684094, -0.00018623258160862193, 0.00011695480302702909, -0.00287671652389663, 0.0024669898883650284, 0.004083981740407993, 0.00017657828553066125], [-0.0024124660701741346, -0.0007308594726429155, 0.0006110237638569288, -0.000934568589832718, 0.0009228983154488602, -6.787729420740177e-05, 0.00017657828553066125, 0.002723445230561951]], [[0.26578472908179834, 0.017590125049561683, -0.05098224956622794, 0.013759248927096318, 0.02665408597691741, -0.011522035039160081, 0.0008774366756355697, -0.004767398434840012], [0.017590125049561683, 0.001669290091266795, -0.002688299416116977, 0.0012861343189797035, 0.001601230177466353, 0.0003120004749396696, 0.0005902673118946846, -0.002132919919388851], [-0.05098224956622794, -0.002688299416116977, 0.010803511519155666, -0.002114547145249762, -0.005355727037589241, 0.003439445335779011, 0.000357130701338468, -0.00150158182619864], [0.013759248927096318, 0.0012861343189797035, -0.0021145471452497615, 0.0015682803852345747, 0.0006065369585042357, 0.000385417337530356, 0.0005449306726898399, -0.002050667091370913], [0.026654085976917413, 0.001601230177466353, -0.005355727037589241, 