{"weights": [0.10566760133102601, 0.2332245104032878, 0.29998739517019973, 0.10978743468259701, 0.09617227146047737, 0.15516078695241203], "means": [[3.883597943234016, 0.4406435230212837, -0.3605634166364659, 0.13450150197687274, -0.037820074883765216, -0.0855842709790396, 0.07340905471662455, -0.018382718766223768], [0.9698805833397884, 0.5520595467760909, -0.5422608613884211, -0.0043248694014485735, 0.05157589429516831, 0.02556675696447771, -0.019602053140129038, 0.012024150875412015], [-3.950244655108204, -0.45660788496472415, 0.1119251497897979, 0.06269229689327038, 0.023385569414808873, -0.004912086087488189, -0.00030595397297748355, 0.005447611708139173], [-2.637969142862595, -0.013765913033579867, -0.22003716264650783, -0.07454105865404168, -0.10750212465450952, -0.011047518013830526, -0.021553101288094158, -0.01804404580158979], [-0.5720016796731955, 1.4499241573880195, 1.034349011579033, -0.0024908265847233334, 0.027658704611245106, -0.016784912397269813, -0.01962177004418871, 0.001216981684076128], [6.851755643843576, -0.6557912771698103, 0.2858350703753995, -0.034388282839756076, -0.0022660737985993732, 0.007332834129646163, -0.008744977813563296, 0.0028145552598266847]], "cov": [[[0.16689495519918035, -0.019064730498891146, 0.030470354658650323, -0.008548020153327281, -0.005887696314979888, 0.0004928999061072272, 0.009226447477377117, 0.0005297842403383337], [-0.019064730498891146, 0.0030304993164179243, -0.0021039400101014035, -0.00010181182310876103, 0.0013969372595063671, 0.00010679561451682044, -0.0011633166109192691, -0.00020032022359734702], [0.030470354658650323, -0.0021039400101014035, 0.008275861135641126, -0.0036266552140892297, -5.8465703508407376e-05, 0.0005333612070604831, 0.0011895393687675632, -0.000103215460159636], [-0.008548020153327281, -0.00010181182310876122, -0.0036266552140892297, 0.002686565927026431, -0.0010310527461254299, -0.00048823212059479355, 1.423741192949356e-05, 0.0004488614689666724], [-0.005887696314979887, 0.0013969372595063671, -5.846570350840704e-05, -0.00103105274612543, 0.002059136701913226, -6.918095717305503e-05, -0.0005566740350444277, -0.0006697542042538773], [0.0004928999061072271, 0.00010679561451682044, 0.0005333612070604831, -0.00048823212059479366, -6.918095717305502e-05, 0.0008894559082588331, 0.00022214564622095756, -0.00042026058793008433], [0.009226447477377117, -0.0011633166109192691, 0.0011895393687675632, 1.4237411929493509e-05, -0.0005566740350444277, 0.00022214564622095756, 0.0009653832561751085, -3.7231811232808596e-06], [0.0005297842403383337, -0.00020032022359734697, -0.00010321546015963597, 0.0004488614689666724, -0.0006697542042538773, -0.0004202605879300843, -3.723181123280836e-06, 0.0007124729819947889]], [[0.33536880432544713, 0.00384242582716991, 0.030949890053241606, 0.030631518532572805, -0.014125450790528567, 0.02219936274159878, -0.011217518553293683, -0.0027714866278630347], [0.0038424258271699094, 0.001316861313623806, 0.0009307287330082388, 5.340581943620556e-06, -0.001323607544379298, -0.0008446415332558783, -6.5379306612182e-05, 0.00017876131398049904], [0.030949890053241606, 0.0009307287330082388, 0.005031287422143403, 0.0031404331686881635, -0.002465944061269344, 0.003130071350489103, -0.0013610556769550629, 0.00015523926761017149], [0.030631518532572805, 5.340581943620538e-06, 0.0031404331686881635, 0.005360565658334033, -0.002584439228009889, 0.002900280117172265, -0.0015443023716730957, -0.0010726673038791482], [-0.014125450790528567, -0.0013236075443792982, -0.002465944061269344, -0.002584439228009889, 0.0040595779108606525, -0.000721066521794063, 0.00029158698941594466, 0.0005326255858244127], [0.02219936274159878, -0.0008446415332558781, 0.0031300713504891033, 0.002900280117172265, -0.000721066521794063, 0.005186255365976031, 0.00023920780859830243, -0.0004032042397438305], [-0.011217518553293683, -6.537930661218204e-05, -0.001361055676955063, -0.0015443023716730957, 0.00029158698941594466, 0.00023920780859830243, 0.0021383426754802, 0.00010842729085934224], [-0.0027714866278630347, 0.00017876131398049904, 0.00015523926761017146, -0.001072667303879148, 0.0005326255858244127, -0.00040320423974383047, 0.00010842729085934228, 0.0014112932323844553]], [[0.0594299744040445, 0.024575583610903978, -0.021595149666840598, -0.054358959086488495, -0.008820658899124919, -0.001792344865325023, 0.0005813266758199343, 0.0003134578021742836], [0.024575583610903978, 0.012188592491310185, -0.0075333391021549095, -0.02292395265724745, -0.003028654082329594, -0.0010535069145294854, 0.001574101611686394, 0.0006622703897696994], [-0.0215951496668406, -0.0075333391021549095, 0.00942340006578966, 0.022191259167404824, 0.0018656089818909346, 0.0005587465119154257, 0.000393107196963297, 0.0006174286309391559], [-0.054358959086488495, -0.02292395265724745, 0.022191259167404824, 0.07007836518220226, -0.000213604033652408, 0.0017786288009589402, -0.0022261559994095036, 0.0011800259048060577], [-0.008820658899124919, -0.003028654082329594, 0.0018656089818909344, -0.00021360403365240784, 0.014204846520512973, -0.0004392338558652908, 0.0011167665876162817, -0.0015386750738234723], [-0.0017923448653250228, -0.0010535069145294856, 0.0005587465119154257, 0.0017786288009589406, -0.00043923385586529083, 0.0019230450414714495, 0.0011884462236490462, -4.723018904809704e-05], [0.0005813266758199344, 0.001574101611686394, 0.0003931071969632969, -0.0022261559994095036, 0.001116766587616282, 0.0011884462236490462, 0.0025011368269817085, 0.0007751973753664448], [0.0003134578021742837, 0.0006622703897696994, 0.0006174286309391557, 0.0011800259048060577, -0.0015386750738234723, -4.723018904809736e-05, 0.0007751973753664447, 0.003879604388099974]], [[0.03148675732594595, 0.0098630727395514, -0.006454154485690194, 0.004456740132077996, -0.002718029815176259, -0.001976137215346566, -0.0012204293695918895, -0.0033722112664926977], [0.0098630727395514, 0.003402657286600171, -0.001735267073752557, 0.0012487769072491977, -0.0013720788873767685, -0.00023006026762684067, 0.0001264580012001189, -0.0008633835670021828], [-0.006454154485690194, -0.001735267073752557, 0.002299095153084602, -0.0014490009599353473, 0.0004199677619546257, 0.0008773023941859369, 0.00010630973983683328, 0.00126298835200023], [0.004456740132077995, 0.0012487769072491977, -0.0014490009599353476, 0.0014655486048707506, -0.0008276639131827913, -0.0005149746525897176, -0.0001476489042682661, -0.0014736132471009082], [-0.0027180298151762584, -0.0013720788873767685, 0.0004199677619546257, -0.0008276639131827913, 0.0025389710084779814, -0.0010278693170767171, -0.0016242523896463587, 0.0009820481558211198], [-0.001976137215346566, -0.00023006026762684078, 0.0008773023941859369, -0.0005149746525897176, -0.0010278693170767171, 0.0016097570571561646, 0.001602778563898339, 0.00031975260145961976], [-0.0012204293695918895, 0.00012645800120011884, 0.00010630973983683341, -0.00014764890426826615, -0.0016242523896463587, 0.001602778563898339, 0.0025272786614516387, 0.0003478766540139211], [-0.0033722112664926977, -0.0008633835670021831, 0.0012629883520002302, -0.0014736132471009082, 0.00098204815582112, 0.00031975260145961976, 0.00034787665401392115, 0.003419107449376619]], [[0.4087610449607097, 0.02693458920803492, -0.07855611930920592, 0.021088597150058383, 0.04105743254913142, -0.01803837433097292, 0.0011497327841612178, -0.006945610743576818], [0.02693458920803492, 0.0020182364823262407, -0.00485574563564489, 0.0014201950044038208, 0.002769705031023498, -0.0007377417858412492, 0.0003064851554463889, -0.00105672581758707], [-0.0785561193092059, -0.00485574563564489, 0.015674100600759577, -0.0037965483297883935, -0.008061835823327975, 0.003763443404807466, -0.00019027325522856793, 0.00045224846710399924], [0.021088597150058383, 0.0014201950044038206, -0.0037965483297883935, 0.002314049161209982, 0.0006673986702096538, -0.0011033323156432737, -0.00019440745570182123, -0.0010812044280137062], [0.04105743254913142, 0.0027697050310234984, 