{"weights": [0.14507565958945065, 0.19381838602607052, 0.29998641871265364, 0.12004703155621144, 0.11884677496349229, 0.12222572915212149], "means": [[-3.709328431864028, 0.465590981465807, 0.3813934191468592, -0.13118054606730675, -0.028843275295305414, 0.08124129470661726, -0.06195681431041438, 0.018044975327692114], [-1.0398922377807227, 0.555323419166324, 0.5266800241799409, -0.0013398947855360905, 0.04787016931429637, -0.0403538467620098, 0.020486155876546598, -0.012662571497827041], [3.922067404191422, -0.44360973127012815, -0.09612219712595144, -0.021470925477783093, 0.026320276337022122, 0.004303335434440793, -0.009414258223943735, -0.0021515954205589966], [2.694911223024823, -0.027176390773348214, 0.2024742917868939, 0.08615267572645245, -0.10647687332235257, 0.004327672126735937, 0.01831854727746695, 0.012818484702549787], [0.7169934264519029, 1.4425425463369506, -1.0653127831509304, 0.011463837126122176, 0.001976474299400749, -0.002587306983324348, 0.005860490370476015, -0.0021534539498076124], [-6.852616434109844, -0.6510836695400664, -0.29304899942066187, 0.038124464609241925, -0.0017754880810957937, -0.007714812273897126, 0.007529940614612724, -0.0015785894376380842]], "cov": [[[0.20094787050285867, 0.02296615867537575, 0.03664635087534425, -0.010294512760471634, 0.0070259744164072185, 0.000585004574985749, 0.011113812056813867, 0.0005986118622002108], [0.022966158675375745, 0.003633397346249019, 0.0024917334963543932, 0.0001505566543901878, 0.0015667936351220725, -0.0001483060940380249, 0.0014493333337311659, 0.00019630768690744225], [0.03664635087534425, 0.002491733496354394, 0.01015168686259282, -0.004367915655682898, 0.00039653147012957165, 0.0006983459067357553, 0.001387356855460095, 5.907670951176893e-05], [-0.010294512760471634, 0.00015055665439018802, -0.004367915655682898, 0.003201127036995343, 0.0012521317976094222, -0.0005781162611213497, -2.4355419347581297e-05, 0.0005310237981737026], [0.007025974416407219, 0.0015667936351220727, 0.0003965314701295717, 0.0012521317976094215, 0.0029690780988863874, 0.00014595609823665832, 0.0006324556085148163, 0.001111044576862202], [0.000585004574985749, -0.0001483060940380249, 0.0006983459067357554, -0.0005781162611213496, 0.00014595609823665837, 0.0010278483765394702, 0.00024064469264909876, -0.0004222361997416664], [0.011113812056813867, 0.0014493333337311659, 0.0013873568554600947, -2.435541934758138e-05, 0.0006324556085148162, 0.00024064469264909876, 0.001104175990184762, -3.041452383053573e-05], [0.0005986118622002108, 0.0001963076869074423, 5.907670951176893e-05, 0.0005310237981737025, 0.001111044576862202, -0.00042223619974166634, -3.0414523830535704e-05, 0.001018838069108915]], [[0.31506580291935204, -0.0036102571369781814, 0.02903571380074715, 0.02875374639130107, 0.013260013495661006, 0.020835111007080628, -0.010509623049520838, -0.002610828864157374], [-0.003610257136978181, 0.0012569403265133903, -0.0008028549558045582, -8.406668397607218e-05, -0.0012806642199995717, 0.0008614291079038928, 8.015245458005508e-05, -5.9247718360279224e-05], [0.02903571380074715, -0.0008028549558045583, 0.004860245611661017, 0.003149452530100851, 0.0022649706647328827, 0.0029476607477808897, -0.0015975181987277283, 6.968766844786412e-05], [0.028753746391301068, -8.406668397607218e-05, 0.0031494525301008513, 0.004993898436733347, 0.0025139600353140494, 0.002828903500165404, -0.0013901154187277692, -0.0008044352426056192], [0.013260013495661006, -0.0012806642199995714, 0.0022649706647328827, 0.0025139600353140494, 0.004032105913366592, 0.0006823942063793419, -0.00015449927485964318, -0.0005724629344716915], [0.020835111007080628, 0.0008614291079038928, 0.0029476607477808897, 0.0028289035001654037, 0.0006823942063793417, 0.0050152764101851505, 0.00023121714154918416, -0.000448734310649565], [-0.010509623049520836, 8.015245458005505e-05, -0.0015975181987277283, -0.0013901154187277692, -0.00015449927485964316, 0.00023121714154918416, 0.0023411859971812295, -6.813539052645137e-05], [-0.002610828864157374, -5.924771836027926e-05, 6.968766844786402e-05, -0.0008044352426056192, -0.0005724629344716915, -0.0004487343106495649, -6.813539052645138e-05, 0.0014605371028983734]], [[0.0451864608506275, -0.018629237262140868, -0.0161887515720068, -0.039649006922876984, 0.007710247250722452, -0.0012795242453794418, 0.00031191283457167736, 0.00043678840088101905], [-0.018629237262140868, 0.009464899016588845, 0.005461407053127028, 0.016753834893364575, -0.0026242180848085207, 0.0008208703464240958, -0.001263278736554122, -0.00044861839346767963], [-0.016188751572006797, 0.005461407053127027, 0.007252449177696292, 0.01650642163049767, -0.0014340109661608552, 0.00040728037203102577, 0.0003351259855268071, 0.00037618676561797725], [-0.039649006922876984, 0.016753834893364575, 0.016506421630497675, 0.05349830193827638, 0.0015707064983188327, 0.0013736273739825716, -0.001775674842666395, 0.0011040786838654366], [0.007710247250722452, -0.0026242180848085207, -0.0014340109661608552, 0.001570706498318833, 0.013450382057339486, 0.00041292201076280403, -0.0011044702848373071, 0.0014576179283967235], [-0.0012795242453794418, 0.0008208703464240956, 0.0004072803720310257, 0.0013736273739825716, 0.00041292201076280403, 0.001924299832887447, 0.0011567343001004258, -0.00029325975425912107], [0.00031191283457167736, -0.001263278736554122, 0.00033512598552680705, -0.001775674842666395, -0.0011044702848373071, 0.0011567343001004258, 0.0022683061312757497, 0.0003451190398448402], [0.00043678840088101905, -0.0004486183934676798, 0.00037618676561797736, 0.001104078683865437, 0.0014576179283967237, -0.00029325975425912107, 0.00034511903984484033, 0.003679409755550354]], [[0.03725768541685077, -0.011643038441028958, -0.007693089799856443, 0.005358187622980392, 0.0032293213204155485, -0.002402664325386563, -0.0015117694400646, -0.004163517859766445], [-0.011643038441028958, 0.004024782304190048, 0.002090237677370204, -0.00153743043998982, -0.001731938598208557, 0.000221960067263415, -0.00023435156345928703, 0.00119194488537836], [-0.007693089799856443, 0.0020902376773702046, 0.0026581046822433704, -0.0016324224270791946, -0.0004414616444550371, 0.001042022269979677, 0.0001466201248690076, 0.0012719619733816637], [0.005358187622980391, -0.0015374304399898198, -0.0016324224270791946, 0.001580917743842909, 0.0009023355105934817, -0.0005072445198299827, -8.962920560128699e-05, -0.001433586022229016], [0.0032293213204155485, -0.001731938598208557, -0.00044146164445503706, 0.0009023355105934817, 0.0032898611001938804, 0.001576700112892754, 0.0023766514289105182, -0.0011006558990550174], [-0.002402664325386563, 0.00022196006726341508, 0.001042022269979677, -0.0005072445198299827, 0.001576700112892754, 0.002083005838002911, 0.0021722009819257165, 0.00023929614700306777], [-0.0015117694400646, -0.00023435156345928703, 0.00014662012486900763, -8.962920560128702e-05, 0.0023766514289105187, 0.002172200981925717, 0.0033886265755088667, 0.00026047218511309866], [-0.004163517859766444, 0.00119194488537836, 0.0012719619733816635, -0.001433586022229016, -0.0011006558990550174, 0.00023929614700306777, 0.0002604721851130986, 0.003194801201817301]], [[0.3521645469093134, -0.02323916796792903, -0.06763542926340226, 0.018153675049430704, -0.03533329855609857, -0.015433381731334104, 0.001090961436850167, -0.005954918005002516], [-0.02323916796792903, 0.001855195751870945, 0.003987740351287522, -0.0013171859882804232, 0.0022986453217505223, 0.0005286015108559899, -0.0002920499524758204, 0.0011324545726496737], [-0.06763542926340226, 0.003987740351287522, 0.013827962083353426, -0.003300797472967815, 0.006837609337938033, 0.003374729488089353, -0.00015883316010585846, 8.566874606367963e-05], [0.018153675049430704, -0.0013171859882804234, -0.003300797472967815, 0.0016683876898114121, -0.000999410897675299, -0.00036542410537307576, 0.00030709863497423704, -0.000983814818783944], [-0.03533329855609857, 0.0022986453217505223, 0.006837609337938033, 