{"weights": [0.13468867064289738, 0.12651215617260234, 0.37973877259604716, 0.12416106286153343, 0.10513154692002587, 0.1297677908068937], "means": [[3.6596449895479854, 0.45976445191462856, -0.41348985050955384, 0.14248032714062756, -0.02874908089275396, 0.012803290562747793, 0.09866603194758188, 0.004730636318129979], [-0.85197065372765, 1.4603024804156515, 1.0345623303119937, -0.023153242173291972, -0.011969492222258196, 0.005114076559565925, -0.013753691062983719, 0.014380819684622553], [-3.885215225969175, -0.43127746734520916, 0.09378095116327169, 0.011773422620077856, 0.02866241805714455, -0.0014197554896768143, 0.011714980661909956, 0.007707540205606864], [1.0159713878551795, 0.5363133960418883, -0.5528934130794376, 0.0020830526176330052, 0.05067359280168297, -0.022542390730899323, -0.036167202246580585, 0.012919080764950774], [-2.6464591024948736, -0.01841743144272278, -0.21226068943636367, -0.09067768005355537, -0.10807782491292316, 0.0023491639388799703, -0.00824469262998834, -0.021594204621617433], [6.867154465240328, -0.6275039104592219, 0.31990666609297, -0.05483181773773495, 0.0028052702236564574, 0.0023303601465130093, -0.005500842129589862, 0.008436659813788805]], "cov": [[[0.1589840829670257, -0.02125803003877309, 0.025404858631163426, -0.004222498656512051, -0.006410750086125057, -0.00046508408761781225, 0.005587969906294797, 0.003372786173532251], [-0.02125803003877309, 0.0038453698462136664, -0.0019262998969188482, -0.0006056175547629391, 0.0011027003171155607, -8.025180555528148e-05, -0.0009064270157467033, -0.0005282374171276798], [0.025404858631163426, -0.0019262998969188478, 0.007104999126952332, -0.0032230185062300343, -0.0005751973829311521, -0.00017081367483146064, -2.3617566320607282e-05, 0.0008310042330487505], [-0.004222498656512051, -0.0006056175547629393, -0.0032230185062300347, 0.002873312040675055, -0.0009002804699882051, 0.000196820446893696, 0.0007762534703102078, -0.00020207326737218487], [-0.006410750086125057, 0.0011027003171155607, -0.0005751973829311521, -0.0009002804699882051, 0.0019070316544317963, 0.00016069914663173062, -0.0004149840190381874, -0.0003871595837700548], [-0.00046508408761781236, -8.025180555528147e-05, -0.00017081367483146062, 0.000196820446893696, 0.0001606991466317306, 0.0015237587589031164, -9.129374245268268e-05, 3.1054551983321184e-05], [0.005587969906294797, -0.0009064270157467031, -2.361756632060726e-05, 0.0007762534703102078, -0.00041498401903818745, -9.129374245268268e-05, 0.0007971798910361888, -0.00017253066725276642], [0.003372786173532252, -0.0005282374171276798, 0.0008310042330487505, -0.00020207326737218493, -0.0003871595837700548, 3.105455198332118e-05, -0.0001725306672527664, 0.0008836981400186762]], [[0.41078857813236513, 0.02821352844488386, -0.08319843632568993, 0.011776957297805398, 0.061324216858265085, 0.006219266035419888, 0.018766567432641237, -0.017857964900456262], [0.02821352844488386, 0.0029073437853752554, -0.004775083263558049, 0.0006446304752899874, 0.004252971466897489, 0.00039117951148886164, 0.0015269267501915652, -0.00132268310847342], [-0.08319843632568993, -0.004775083263558049, 0.018108100934529563, -0.0023440009804799357, -0.012588519408263995, -0.0009902441807583704, -0.003729271139201277, 0.003532187129067534], [0.011776957297805398, 0.0006446304752899874, -0.0023440009804799357, 0.0011308563372526821, 0.0009559068125579038, 0.0001075259268804603, 0.000452424697718708, -0.0007509306495689932], [0.061324216858265085, 0.004252971466897489, -0.012588519408263995, 0.0009559068125579041, 0.010936955735712309, 0.00184964766314326, 0.002738836264618031, -0.003301750719055391], [0.006219266035419888, 0.00039117951148886154, -0.0009902441807583702, 0.00010752592688046028, 0.00184964766314326, 0.004258279325111118, -0.0003846862227083999, -5.296833054985286e-05], [0.01876656743264124, 0.0015269267501915652, -0.003729271139201277, 0.0004524246977187081, 0.0027388362646180316, -0.0003846862227084, 0.001088196140056453, -0.0009824389194110876], [-0.017857964900456262, -0.0013226831084734198, 0.0035321871290675336, -0.0007509306495689932, -0.003301750719055391, -5.296833054985285e-05, -0.0009824389194110876, 0.0027880903968116725]], [[0.056324326762367434, 0.024266054907864935, -0.020380238443682742, -0.052436929347896226, -0.010190360908393406, 0.00228665806541015, 0.0015621845234603836, -0.00044778320489594016], [0.024266054907864935, 0.012657343950535475, -0.007425756674242896, -0.024354741949722588, -0.0031674429982633885, 0.0008303709535047188, 0.0018274656766114148, 0.0002453209004549673], [-0.020380238443682742, -0.007425756674242896, 0.008979719459985637, 0.021476104155719353, 0.0025674698132448384, -0.0004819098385546835, -0.0003318291199669188, 0.00033294909120506783], [-0.052436929347896226, -0.024354741949722588, 0.02147610415571935, 0.07421780526456687, -0.0009560129765989422, 0.0003222754976270959, -0.004388549066482458, 0.0002727352732670853], [-0.010190360908393406, -0.0031674429982633885, 0.0025674698132448384, -0.0009560129765989409, 0.01643271880717684, 0.00015415967452038192, 0.001887535433842778, -0.000991405162406739], [0.00228665806541015, 0.000830370953504719, -0.00048190983855468347, 0.0003222754976270957, 0.00015415967452038186, 0.00533367417019493, -0.0006437044487426392, -0.0003425617762559195], [0.0015621845234603836, 0.0018274656766114148, -0.0003318291199669188, -0.004388549066482458, 0.0018875354338427778, -0.000643704448742639, 0.001105885395294817, -0.00011631450296435908], [-0.00044778320489594016, 0.0002453209004549673, 0.00033294909120506783, 0.0002727352732670853, -0.0009914051624067392, -0.0003425617762559196, -0.00011631450296435908, 0.003681216676139668]], [[0.6324938440386075, 0.00035092342846665414, 0.047011853600246595, 0.05296585715334225, -0.0080229826548009, -0.007562393586532762, -0.03183228267364956, -0.016815333295352026], [0.0003509234284666541, 0.001516801739428796, 0.000535517752932891, 0.00023361843825367093, -0.0017805384369118209, 0.00042000869346761594, 0.0007307291757415929, 0.00028509818225707555], [0.047011853600246595, 0.0005355177529328908, 0.0060033565592793586, 0.0038742050548936247, -0.0018311111932794411, -0.0013297430364249078, -0.0037296981367377522, -0.0007525362001730443], [0.05296585715334224, 0.00023361843825367082, 0.003874205054893624, 0.007460407078436467, -0.0023621138109188615, -0.0016893146438354695, -0.002385557995489239, -0.0025249562737684685], [-0.008022982654800899, -0.0017805384369118209, -0.001831111193279441, -0.002362113810918862, 0.004107815229105644, 0.0006186283865688519, -0.00021402865539028865, 0.00015528360935282683], [-0.007562393586532761, 0.00042000869346761594, -0.0013297430364249078, -0.0016893146438354695, 0.0006186283865688519, 0.003723399093698824, 0.0009560364183773282, 0.0003909959352040818], [-0.031832282673649556, 0.0007307291757415929, -0.003729698136737752, -0.002385557995489239, -0.0002140286553902887, 0.0009560364183773284, 0.0034512706166263812, 0.0005440611462839514], [-0.016815333295352026, 0.0002850981822570756, -0.0007525362001730444, -0.0025249562737684685, 0.00015528360935282694, 0.00039099593520408187, 0.0005440611462839515, 0.0024152060077559548]], [[0.03164132197060613, 0.009600430199266539, -0.006339606224596271, 0.0033240189653147706, -0.0016182911422579626, 0.0030097588759864045, -0.00019477972257864653, -0.00026638003132482254], [0.009600430199266539, 0.003529209980687575, -0.0013141117215492556, 0.00043707846546635625, -0.0008681925123541021, 0.0004250947676822562, 0.00018704494281109925, -0.00044902388669791214], [-0.006339606224596271, -0.0013141117215492554, 0.0025368307327750072, -0.0013896390894323192, 0.00023957685714934862, -0.0006359630944364954, -0.00033829303846724364, -0.0003332748621532937], [0.0033240189653147706, 0.00043707846546635625, -0.001389639089432319, 0.0024506669367370336, -0.0015042695758213857, 0.00046318093830813084, 4.0006532909524454e-05, -0.0001093796218541375], [-0.0016182911422579626, -0.0008681925123541021, 