{"weights": [0.17222221773644608, 5.182455902998577e-06, 0.3305452856881279, 0.26202137243440576, 0.14628306192249863, 0.08892287976261867], "means": [[3.6716085278754154, 0.4780000472095867, -0.3766887719475617, 0.12580674451440876, -0.021851280596145516, -0.07875126497683835, 0.06322673687655983, -0.020351313846966965], [1.2800914726693369, 0.5536896081006267, -0.5171280219970095, 0.01612509618611914, 0.048850235399779084, 0.0492019251911568, -0.021834290802757086, 0.0093957801847808], [-3.930182984695368, -0.43839058592520314, 0.10539591416401903, 0.015216012225114327, 0.049414465581519816, 0.005781641924169414, 0.02430888682790951, -0.004658030327480391], [-2.7088737547676813, -0.03464250611739016, -0.198613175520987, -0.08626376402698055, -0.097218451549915, -0.008623115970100157, -0.030226099515665076, -0.014525555149383768], [-0.7526271842956631, 1.444397583356122, 1.0723659027834884, -0.006016426210628227, -0.01529642125331768, 0.029018396064480343, 0.01463144170250492, -0.008755176979588355], [6.856673803799633, -0.6625921792561951, 0.28921815736460577, -0.03381389636592746, -0.005255167644971721, 0.012022855689688442, -0.011086432164541239, 0.001321619868366631]], "cov": [[[0.19749000919514392, -0.022507422242583577, 0.03616455188666151, -0.010203192867481826, -0.006960652703386395, 0.0006099915547087618, 0.01090036046476604, 0.0006383790150048924], [-0.022507422242583577, 0.003317312752999828, -0.0029132676644442936, 0.0001341919825997754, 0.0014628510255321472, 6.536015087268704e-05, -0.0013649929293284865, -0.0002071696948946365], [0.03616455188666151, -0.002913267664444294, 0.009099246414103784, -0.0036530323342179624, -0.0002543717878695689, 0.0004873852686710094, 0.0014673323115707907, -0.00020303948975880338], [-0.010203192867481826, 0.00013419198259977558, -0.003653032334217963, 0.0026907301822784663, -0.0008596533022310252, -0.00046527698066140926, -0.0002554587302590586, 0.00028321415681506576], [-0.006960652703386395, 0.0014628510255321472, -0.00025437178786956894, -0.0008596533022310251, 0.0017882047652055832, -6.4435993627489e-05, -0.0006339703635513978, -0.0005078371950235316], [0.0006099915547087618, 6.536015087268701e-05, 0.0004873852686710094, -0.00046527698066140926, -6.443599362748895e-05, 0.000909672850184845, 0.0002603603492088922, -0.000433574654265901], [0.01090036046476604, -0.0013649929293284865, 0.0014673323115707907, -0.0002554587302590586, -0.000633970363551398, 0.0002603603492088923, 0.0010504621564317142, 6.442283909536379e-05], [0.0006383790150048924, -0.00020716969489463656, -0.00020303948975880344, 0.0002832141568150657, -0.0005078371950235316, -0.000433574654265901, 6.442283909536382e-05, 0.0007325585828628333]], [[0.4687708069643385, 0.005362603730693431, 0.0433601108959366, 0.042901957093641155, -0.0197915857885569, 0.031099155992004975, -0.01574472418635471, -0.00387233394150715], [0.005362603730693431, 0.0015021675136614413, 0.0011063551920712162, 0.0002698834095505649, -0.0015289498501984565, -0.0009842089478163303, -0.00025163448260816766, 6.177006159754555e-05], [0.0433601108959366, 0.0011063551920712162, 0.006159431638259004, 0.004550171902958699, -0.0033384443149024647, 0.004109349096552672, -0.001623153113576994, -0.0002807337046882287], [0.042901957093641155, 0.0002698834095505649, 0.004550171902958699, 0.006689360033264338, -0.003468369784280517, 0.004005699887329457, -0.0017526970960123865, -0.001020579997232554], [-0.0197915857885569, -0.0015289498501984565, -0.0033384443149024647, -0.0034683697842805166, 0.0049116241619517114, -0.0010941773148175715, 0.0006832726065207317, 0.0006013882537899179], [0.031099155992004975, -0.0009842089478163303, 0.004109349096552672, 0.004005699887329457, -0.001094177314817572, 0.00644568130959024, 5.84430068927163e-05, -0.0006156169512968698], [-0.01574472418635471, -0.0002516344826081676, -0.001623153113576994, -0.0017526970960123865, 0.0006832726065207317, 5.844300689271607e-05, 0.001984607681690312, 0.000248001177461573], [-0.003872333941507151, 6.17700615975455e-05, -0.0002807337046882289, -0.001020579997232554, 0.0006013882537899179, -0.0006156169512968698, 0.00024800117746157297, 0.0016086360488924145]], [[0.04568150975474661, 0.019023658362234644, -0.016343874329003673, -0.04028149728660803, -0.0063658677591373475, -0.0013882860480333144, 0.000506273267510035, 0.00038360664178835763], [0.019023658362234647, 0.009961523446111677, -0.005382652569444375, -0.0167782859168023, -0.0018643777591300522, -0.0009452902603048428, 0.0014856313435462898, 0.0005485028476762112], [-0.016343874329003676, -0.005382652569444375, 0.007448906267442743, 0.016781203592606334, 0.0014689296099567094, 0.00038405422732607544, 0.00039987269310947504, 0.00044957219459594637], [-0.04028149728660803, -0.016778285916802298, 0.01678120359260633, 0.053972359699943136, 0.0001397379019666195, 0.0012743132015896586, -0.0015578053551762378, 0.0010443526358199142], [-0.0063658677591373475, -0.0018643777591300522, 0.0014689296099567094, 0.00013973790196661974, 0.012472682541210861, -0.0004971516102992349, 0.001080589780690068, -0.0010464154901132906], [-0.0013882860480333144, -0.0009452902603048428, 0.0003840542273260755, 0.0012743132015896586, -0.0004971516102992348, 0.002053651578214167, 0.0011958430671863683, -0.0002717330308768376], [0.0005062732675100352, 0.0014856313435462896, 0.00039987269310947493, -0.001557805355176238, 0.0010805897806900678, 0.0011958430671863683, 0.002443942498374534, 0.0005241793723919625], [0.0003836066417883577, 0.000548502847676211, 0.00044957219459594626, 0.0010443526358199142, -0.0010464154901132906, -0.0002717330308768374, 0.0005241793723919625, 0.0038731768488504295]], [[0.02583238688730966, 0.007989713210941496, -0.0053311592788262505, 0.0036835892908443947, -0.001999529115509538, -0.001840171168202596, -0.0013316062730248462, -0.002838279674463377], [0.007989713210941498, 0.0030369624623575054, -0.001322509336455067, 0.0010897063142053887, -0.001854055766326979, 0.00035981888532278245, 0.0009011358542682536, -0.0009276441705685424], [-0.0053311592788262505, -0.001322509336455067, 0.002041529611607964, -0.0011550480051636298, 3.537733732420332e-05, 0.0009953296543653164, 0.0003095805263684628, 0.0007992867286543019], [0.0036835892908443947, 0.0010897063142053887, -0.00115504800516363, 0.0012079931809521275, -0.0007304514184865766, -0.0002099580875030285, 0.00014775006634774616, -0.001014163685769463], [-0.001999529115509538, -0.0018540557663269787, 3.5377337324203296e-05, -0.0007304514184865766, 0.005082374935415145, -0.003287997126957389, -0.0046147184011504135, 0.0011444846510635], [-0.001840171168202596, 0.00035981888532278235, 0.0009953296543653164, -0.00020995808750302856, -0.003287997126957389, 0.0031886603525219234, 0.0037817043373380536, -9.556358754281279e-05], [-0.0013316062730248462, 0.0009011358542682536, 0.00030958052636846287, 0.00014775006634774616, -0.0046147184011504135, 0.0037817043373380536, 0.005614325513181613, -0.00014248019980650845], [-0.002838279674463377, -0.0009276441705685424, 0.0007992867286543019, -0.001014163685769463, 0.0011444846510635, -9.556358754281275e-05, -0.00014248019980650845, 0.002356686166547596]], [[0.27467625712409355, 0.018140809076899054, -0.05272084596975988, 0.014162584541673044, 0.02757766145391017, -0.012056554302564986, 0.0008186807425848286, -0.004687256113819902], [0.018140809076899057, 0.0015055514099972273, -0.003017599737094997, 0.0010311158887558918, 0.0017924740065032756, -0.0003481196451826779, 0.00025615829323041086, -0.0009684259934445707], [-0.05272084596975988, -0.003017599737094997, 0.010941661610826676, -0.002542338084123827, -0.005401234758982803, 0.002724831689836093, -7.10516472173013e-05, 5.226756256831207e-06], [0.014162584541673046, 0.0010311158887558918, -0.002542338084123827, 0.0014087061740938867, 0.0006946677920161897, -0.0003450794204276304, 0.00015687743445660506, -0.0009518638692759623], [0.02757766145391017, 0.0017924740065032756, -0.005401234758982804, 0.0006946677920161896,