{"MAP index": 2434, "entropy_prior_gmm": 1.1512925464970228e-08, "entropy_MAP_gmm": 0.04638291895389557, "entropy_z_nk_prior": 0.5947685701538927, "entropy_MAP_z_nk": 0.6336312341172973, "entropy_mixing_prior": 88.99072030499339, "entropy_MAP_mixing": 1.551851639157455}