{"weights": [0.15504434193497757, 0.1890049604468815, 0.28391981049874365, 0.10950215673088752, 0.11785826354689197, 0.14467046684161772], "means": [[3.7477096784518866, 0.4574222048009521, -0.38109637967177584, 0.13576155163880285, -0.03469842052200797, -0.0819291714987666, 0.06544118130931305, -0.01659357881670839], [1.0802626843764298, 0.5560870314540377, -0.5220112439287483, 0.007903556454584014, 0.04327474944417104, 0.042863000488239586, -0.02306079622026226, 0.010519908503677294], [-3.930385153332517, -0.44734532128989374, 0.09772839804093453, 0.021301934931000938, 0.03476993938298657, -0.003355666469248774, 0.010232060109661805, -0.0009300230906905229], [-2.6625600222968417, -0.016173147040366858, -0.21102413192376157, -0.07899687398981363, -0.11430344170034376, -0.004468527673032617, -0.014752318397841293, -0.019859370807402705], [-0.7349518509291583, 1.4397603013585267, 1.0669581648165147, -0.013931898046842256, -0.001122761384007453, 0.0011632182106358741, -0.005676912261053213, 0.011123646170440172], [6.850023252334441, -0.6730860544542068, 0.2741049957386503, -0.02733915811513563, -0.0023207902796858614, 0.012077743956659346, -0.01737232782926147, 0.0027661064162754624]], "cov": [[[0.17652963839394198, -0.020177327201990388, 0.03218187235919114, -0.009042307342188973, -0.006157735399350932, 0.0005086978547458491, 0.009765344361275092, 0.0005185973339489874], [-0.020177327201990388, 0.0032216347401823734, -0.0021647745454594514, -0.0001237239943389427, 0.0013631481959198368, 0.00012439874145833308, -0.0012542396979397018, -0.00015658244970135908], [0.03218187235919115, -0.0021647745454594514, 0.008984026443511406, -0.003830707840575877, -0.00041013619719033656, 0.0006217397367088885, 0.0012103662324550936, 9.373952530317497e-05], [-0.009042307342188975, -0.00012372399433894282, -0.003830707840575877, 0.0028491113519478898, -0.0010965859041301596, -0.0005150136248795819, -8.05471710411344e-06, 0.00046863698946234146], [-0.006157735399350933, 0.0013631481959198366, -0.00041013619719033645, -0.0010965859041301596, 0.0027424281468902178, -0.0001619564910161635, -0.0005437851994644067, -0.0010307169403732683], [0.0005086978547458491, 0.00012439874145833308, 0.0006217397367088885, -0.0005150136248795819, -0.00016195649101616343, 0.0009813024752845841, 0.00023443667043862395, -0.0003944287258286743], [0.009765344361275094, -0.0012542396979397018, 0.0012103662324550936, -8.054717104113511e-06, -0.0005437851994644067, 0.000234436670438624, 0.001017550579410795, -3.778389473180551e-05], [0.0005185973339489874, -0.00015658244970135908, 9.373952530317497e-05, 0.00046863698946234146, -0.0010307169403732685, -0.00039442872582867434, -3.7783894731805546e-05, 0.0009726344533218876]], [[0.3207804433147072, 0.003678469852869789, 0.02958723904130609, 0.029304496194481416, -0.013534342567762368, 0.021241209158102705, -0.010698223412880192, -0.002666152609862601], [0.003678469852869789, 0.0012404410294642794, 0.0008049751052412235, 6.907552496670677e-05, -0.0012522340846934706, -0.0008310698541802924, -7.136414275361882e-05, 6.159768472027008e-05], [0.029587239041306085, 0.0008049751052412234, 0.0048746231581050375, 0.003121431639911054, -0.0022047739291921873, 0.002933004811216277, -0.001623862673830071, 8.696045313798133e-05], [0.029304496194481413, 6.907552496670674e-05, 0.0031214316399110543, 0.004986621649569093, -0.0024414026866113763, 0.002788655565270533, -0.0014246618631042912, -0.0007844176897907093], [-0.013534342567762368, -0.0012522340846934706, -0.0022047739291921873, -0.0024414026866113763, 0.0038946513413503966, -0.0006500925462582242, 0.00015615073266299345, 0.0005436420582786266], [0.0212412091581027, -0.0008310698541802924, 0.002933004811216277, 0.0027886555652705328, -0.0006500925462582242, 0.0049208860600344, 0.0001960529248354204, -0.0004281347142815198], [-0.010698223412880192, -7.136414275361887e-05, -0.001623862673830071, -0.001424661863104291, 0.00015615073266299353, 0.00019605292483542038, 0.0023567962803749285, -5.6471293635207256e-05], [-0.002666152609862601, 6.159768472027005e-05, 8.696045313798127e-05, -0.0007844176897907093, 0.0005436420582786266, -0.0004281347142815199, -5.6471293635207256e-05, 0.0014879176129371108]], [[0.04101800851787472, 0.016832944947102607, -0.014553731343440167, -0.034697393054439564, -0.007782446414026076, -0.0011240760123128284, 0.00013848870715575863, 0.00051195597108553], [0.016832944947102607, 0.008732825407746402, -0.004735980676082768, -0.014728156345193723, -0.002656366981965166, -0.0007836054580813976, 0.0011984595797850453, 0.0004889943638607713], [-0.014553731343440167, -0.004735980676082769, 0.006654214261350395, 0.014676786580133879, 0.0012939971097633532, 0.0003329151643101421, 0.0003853737658609569, 0.0003771290002331224], [-0.03469739305443956, -0.014728156345193723, 0.014676786580133877, 0.04872294095177039, -0.0025221913430961435, 0.0012387795150082793, -0.0017348103269573983, 0.0011426865484994288], [-0.007782446414026076, -0.002656366981965166, 0.0012939971097633532, -0.0025221913430961435, 0.014231260451470792, -0.00042552308300158285, 0.0011856911509466979, -0.0016111758055477893], [-0.0011240760123128284, -0.0007836054580813976, 0.000332915164310142, 0.0012387795150082795, -0.00042552308300158285, 0.0019356738161166393, 0.001163497917497505, -0.00022804275407396982], [0.0001384887071557588, 0.0011984595797850453, 0.00038537376586095695, -0.0017348103269573983, 0.0011856911509466976, 0.001163497917497505, 0.002295360255403259, 0.0003973000902808858], [0.0005119559710855302, 0.0004889943638607713, 0.0003771290002331224, 0.001142686548499429, -0.0016111758055477891, -0.00022804275407396977, 0.00039730009028088586, 0.0037076247619805157]], [[0.03389129580449247, 0.010589423872454484, -0.00697365308345702, 0.004833996265498124, -0.0028872117198986626, -0.0021891653816851204, -0.0013957560739593603, -0.003703783805761419], [0.010589423872454484, 0.0037002804634144364, -0.0018677353517335302, 0.0013714982286262244, -0.0016505460756320715, -0.00013249988218777827, 0.00030836358324353477, -0.001028132243809741], [-0.006973653083457018, -0.0018677353517335302, 0.0024713093590876937, -0.0015232357586186962, 0.00037598654642359986, 0.0009933226287428044, 0.00016462763686466353, 0.0012419143810777748], [0.004833996265498124, 0.0013714982286262241, -0.0015232357586186965, 0.0015223721885327091, -0.0008770386414035555, -0.0004766016950577418, -8.539683420699829e-05, -0.001440866551378768], [-0.0028872117198986626, -0.0016505460756320715, 0.00037598654642359976, -0.0008770386414035555, 0.003371336147695571, -0.0016703650940069373, -0.0025010165119792403, 0.00109521877882273], [-0.0021891653816851204, -0.0001324998821877783, 0.0009933226287428046, -0.0004766016950577418, -0.001670365094006937, 0.002132575951681928, 0.0022680823759850294, 0.00023167516153812864], [-0.00139575607395936, 0.00030836358324353477, 0.00016462763686466366, -8.539683420699834e-05, -0.0025010165119792403, 0.0022680823759850294, 0.0034939349985570476, 0.00024173417236450414], [-0.003703783805761418, -0.0010281322438097408, 0.001241914381077775, -0.001440866551378768, 0.00109521877882273, 0.0002316751615381287, 0.00024173417236450414, 0.003297405193980108]], [[0.2891407628347577, 0.019088279604552304, -0.05551664283457458, 0.014914161215326346, 0.028998351373174767, -0.012659316973515878, 0.0009006877156163746, -0.004924272340942916], [0.019088279604552304, 0.001569714771242153, -0.003217939241726619, 0.0011141698687870507, 0.0018823999199383608, -0.00033367909188262507, 0.00028933334788769913, -0.0010878604177725708], [-0.05551664283457458, -0.003217939241726619, 0.011433910426395365, -0.0026580058076678603, -0.005650424009333671, 0.0028778866007964287, -7.857985282658052e-05, -0.00012754604695265664], [0.014914161215326344, 0.0011141698687870507, -0.0026580058076678603, 0.0015162983287381063, 0.0007203675150540399, -0.00025659958726807514, 0.00024139968791793325, -0.0009842365023882689], [0.028998351373174767, 