{"weights": [0.17094204874534907, 0.00036057364487981626, 0.46962171318347573, 0.11829568610772, 0.13919005491124842, 0.10158992340732692], "means": [[-4.39051941938923, -0.31299072083863644, 0.09367323109737714], [-1.0959577404524772, 0.5221994464443757, 0.5291936346110011], [3.623036941725575, -0.35257760552808437, -0.04008811991795217], [1.945097682933242, -0.24346568179045897, 0.06028852998276759], [0.21579089028297255, 0.3562069544797078, -0.1282035687669734], [-6.153481417135689, -0.10008033512161005, -0.6221812175802189]], "cov": [[[1760.138658599413, 234.1466111393082, 283.5880249786258], [234.1466111393082, 35.782361836788866, 34.318055170804676], [283.5880249786258, 34.318055170804676, 55.345623551295425]], [[588.4256733723792, -1.2051531346241504, 41.65802445929996], [-1.2051531346241502, 52.05957243076928, 12.200850387707638], [41.65802445929996, 12.200850387707638, 31.484049393360817]], [[279.0142158314611, -119.24045712828082, -98.07592369492829], [-119.24045712828082, 55.883689501085485, 44.66974144506198], [-98.07592369492829, 44.66974144506198, 39.73587055573042]], [[1439.5230793575201, -436.00239448526696, -293.09532681277943], [-436.00239448526696, 135.49702994650485, 89.64332991573822], [-293.09532681277943, 89.64332991573824, 62.21369863218479]], [[2153.6716088564735, -139.81107195799757, -429.0012773783895], [-139.81107195799757, 46.721217714663794, 52.03596260471269], [-429.0012773783895, 52.03596260471269, 120.11788705419677]], [[2331.311399288681, 131.65738688754135, -62.56857425876905], [131.65738688754135, 1142.8478376119785, 950.2363388910669], [-62.56857425876894, 950.2363388910668, 1609.5389416917171]]]}