{"accuracy_init": 0.5555555820465088, "accuracy_final_MAP": 0.4829059839248657, "accuracy_final_mean": 0.4829059839248657}