{"accuracy_init": 0.7722222208976746, "accuracy_final_MAP": 0.8666666746139526, "accuracy_final_mean": 0.9166666865348816}