{"accuracy_init": 0.7722222208976746, "accuracy_final_MAP": 0.9444444179534912, "accuracy_final_mean": 0.9888888597488403}