{"weights": [0.1711219685195181, 0.16780991219353028, 0.30194430272385964, 0.12422501638085116, 0.15435808763471748, 0.08054071254752335], "means": [[3.805339327327758, 0.4325730052302504, -0.4021078865286726, 0.1482302985548541, -0.03666384439806155, 0.016694250071096404, 0.10409789176108425, 0.004572140130345457], [-0.6808779626088244, 1.4809941419392934, 1.0147577530698229, -0.007970067549054537, 0.0030575944992276634, 0.0020191333703831094, -0.005533584970297131, -0.0024531087270403657], [-3.915292528351309, -0.443782725028092, 0.10509718167076854, 0.026356041436780876, 0.025908091888512164, -0.0004610753698929811, 0.00943465106396985, 0.00526730949166861], [1.1025331160955683, 0.5384056332186749, -0.5449217274298672, 0.003938040886942412, 0.04870113586822795, -0.012313544072635189, -0.04409075564203974, 0.005724400085169041], [-2.698507443718393, -0.03246757114518112, -0.20232434608753266, -0.09915935098259748, -0.10032814201970731, 0.007169796996812237, -0.00813508276887802, -0.019827031712484577], [6.870138394285375, -0.6477813419409749, 0.3071897478055363, -0.04274228325505454, -0.001863934433782823, -0.0008669826194347013, -0.01227287366743017, -0.0008756663714177672]], "cov": [[[1.0000001202104302e-08, -1.6126994497466464e-16, 1.8494846410502437e-16, -2.8196221423623056e-17, -4.629010182862427e-17, -3.029470540979931e-19, 4.209393605185647e-17, 2.3813514501242068e-17], [-1.6126994503749623e-16, 1.0000000051916779e-08, 6.693792508289968e-18, -2.3267390371803095e-17, 3.619920415365056e-18, -5.771676691324492e-18, -1.8749657645260816e-17, -4.583817461770362e-18], [1.8494846387285346e-16, 6.693792044264401e-18, 1.0000000108449271e-08, -6.16136207376229e-17, -6.310036739242636e-18, -1.6204555162692565e-17, -1.1262187973058001e-17, 1.1393966713769911e-17], [-2.819622156929309e-17, -2.326738984144442e-17, -6.161362065253114e-17, 1.0000000069218522e-08, -2.827335548151107e-17, -2.540094191353467e-18, 1.6803707540990184e-17, -4.888527640845385e-18], [-4.629010185934301e-17, 3.619920462736577e-18, -6.310037021811619e-18, -2.8273355624067863e-17, 1.0000000074270347e-08, 3.6268356846040826e-17, -9.370426945140471e-18, -1.7081452104034367e-17], [-3.029470629662648e-19, -5.771676813290625e-18, -1.6204555358421223e-17, -2.5400942627135287e-18, 3.626835699114796e-17, 1.0000000025489323e-08, 4.997213468914504e-18, -1.5247468186435678e-17], [4.209393618424157e-17, -1.874965747679644e-17, -1.1262188492193487e-17, 1.68037074623697e-17, -9.370427258747458e-18, 4.997213446729172e-18, 1.0000000020668112e-08, -6.252059798323563e-18], [2.3813514493139487e-17, -4.58381693720325e-18, 1.1393966742162077e-17, -4.888527577378175e-18, -1.7081451699395075e-17, -1.524746795622679e-17, -6.252059540620666e-18, 1.0000000016466332e-08]], [[1.000000190671601e-08, 1.2128792000032035e-16, -3.824066334873198e-16, 5.867626306670068e-17, 2.6879433631477695e-16, 3.337902089491887e-17, 7.869933825374184e-17, -6.07071548158075e-17], [1.2128791986913983e-16, 1.0000000039046952e-08, -3.6250296614890434e-17, -6.143866245350818e-18, 3.790392035150481e-17, -6.195733224600709e-19, 2.823594783436354e-17, -3.6338572568797497e-17], [-3.8240663330088403e-16, -3.62502967244267e-17, 1.0000000108955799e-08, -1.15195861131183e-17, -3.471256238603204e-17, -1.8058060674504453e-17, -3.451373890450764e-17, 8.202643451829931e-20], [5.867626316589861e-17, -6.1438670393251915e-18, -1.1519586251400081e-17, 1.0000000036265785e-08, -1.1935612279231859e-17, 7.879227866756775e-18, -1.1770306948319017e-17, 3.21394068443334e-17], [2.687943364417901e-16, 3.7903920005061356e-17, -3.471256261249129e-17, -1.193561127676974e-17, 1.0000000149288669e-08, -3.215320082380583e-17, 1.930614877252315e-17, -1.2203933164264746e-16], [3.3379020834259034e-17, -6.195733383237113e-19, -1.8058060808861052e-17, 7.879227964894521e-18, -3.215320122281426e-17, 1.0000000014444827e-08, 4.2190573228594195e-18, 3.2681334706405867e-17], [7.869933833327874e-17, 2.823594776755892e-17, -3.4513738701820195e-17, -1.1770306973311143e-17, 1.9306149188957336e-17, 4.219057217154745e-18, 1.000000003512675e-08, -3.143155466181341e-17], [-6.070715476445925e-17, -3.633857282075573e-17, 8.202629679803549e-20, 3.213940742397617e-17, -1.2203933242967737e-16, 3.26813348206339e-17, -3.143155465839002e-17, 1.0000000183625644e-08]], [[1.0000001270940133e-08, 4.8178029545473715e-16, -4.706941173095173e-16, -1.138979026377805e-15, -2.889420904044089e-16, 1.1140975999009103e-18, 1.7369334533402273e-17, 2.4521055295130636e-17], [4.817802951672852e-16, 1.000000031893443e-08, -1.4487751625901363e-16, -5.673633679196877e-16, -1.3376478157466947e-16, 4.928975277700378e-17, 3.290074898036293e-17, -4.817645158157899e-17], [-4.706941168145115e-16, -1.4487751620907782e-16, 1.0000000285326119e-08, 4.3673387124178396e-16, 2.867695763906359e-17, 3.846046612720191e-17, 9.285140864911058e-18, -5.749267040684334e-17], [-1.1389790263339454e-15, -5.673633678788189e-16, 4.367338713728643e-16, 1.0000001654072031e-08, -9.965163365301308e-17, -3.359228040428703e-17, -1.1617671582038262e-16, 3.141137668806461e-17], [-2.8894209013845765e-16, -1.3376478154564027e-16, 2.8676957851396744e-17, -9.965163343485174e-17, 1.000000042674575e-08, -6.768516629335697e-17, 3.501898864187025e-17, 1.8383804654443725e-17], [1.1140975207572925e-18, 4.92897533247376e-17, 3.846046637811784e-17, -3.35922802814254e-17, -6.768516581127565e-17, 1.0000000076509925e-08, 1.243762330441257e-17, 2.8433735538636925e-17], [1.736933486966586e-17, 3.2900749194680507e-17, 9.285140324534625e-18, -1.1617671563265597e-16, 3.5018988711363014e-17, 1.2437623190909379e-17, 1.0000000078253058e-08, -3.919661535959331e-17], [2.4521055132825278e-17, -4.817645134747577e-17, -5.749267094452473e-17, 3.141137649304338e-17, 1.8383804707749426e-17, 2.8433735181160625e-17, -3.9196615332828773e-17, 1.0000000216787348e-08]], [[1.0000294334242078e-08, 1.6647827661732582e-16, 2.1975085022228058e-14, 2.4755340480106988e-14, -3.819342127086677e-15, -3.611152615175305e-15, -1.488024375607589e-14, -7.858309361907708e-15], [1.6647827660889876e-16, 1.0000000115646935e-08, 4.61948685799754e-17, 8.923401213919333e-17, -1.5687543506948053e-16, -4.4467270535837045e-17, 1.4262595059768383e-17, 6.744287079465386e-18], [2.1975085022335877e-14, 4.619486842433375e-17, 1.000000179340202e-08, 1.9366650563995596e-15, -4.1935406733311357e-16, -3.150532668145302e-16, -1.1502582372233118e-15, -5.9196867786683765e-16], [2.4755340480034293e-14, 8.923401195827379e-17, 1.9366650564048024e-15, 1.0000002302895542e-08, -5.450874801340547e-16, -3.96528040402776e-16, -1.2391374717736012e-15, -7.444130875550511e-16], [-3.819342127033396e-15, -1.5687543525168388e-16, -4.1935406726679537e-16, -5.450874800631029e-16, 1.0000000452902168e-08, 1.8363003180255563e-16, 1.5349658328061773e-16, 1.2772563778578927e-16], [-3.6111526151403106e-15, -4.44672705444141e-17, -3.150532669556368e-16, -3.9652803989689303e-16, 1.8363003139757182e-16, 1.0000000260405826e-08, 1.6769031593508957e-16, 7.777241334312029e-17], [-1.488024375614072e-14, 1.426259439823102e-17, -1.1502582367843057e-15, -1.2391374718488416e-15, 1.534965832928361e-16, 1.6769031639727655e-16, 1.0000000865750013e-08, 4.2028386063107753e-16], [-7.858309361875101e-15, 6.7442872535667276e-18, -5.91968677803447e-16, -7.44413087439164e-16, 1.2772563778554578e-16, 7.777241325112618e-17, 4.202838608097759e-16, 1.000000028693519e-08]], [[1.0000000032221438e-08, -3.513047066031379e-17, 1.66740618396934e-17, -1.3457789371190028e-17, -6.9173299068946695e-18, 1.7641042227980722e-18, 2.0169606610513023e-17, 4.794164396452135e-18], [-3.5130470094912655e-17, 1.0000000115714804e-08, -1.994234696120096e-17, 3.297918493190883e-17, 2.6477127363950845e-17, -1.0479352300258093e-17, -3.510446838554294e-17, 7.126904270467827e-18], [1.6674061593409444e-17, -1.994234713016729e-17, 1.0000000078774542e-08, 1.0925592429332886e-17, 3.4975054790890405e-18, 1.2745257656252697e-17, 5.2581771013872525e-17, 1.4322214637940704e-17], 