{"weights": [0.17114032077238492, 0.1677891236434775, 0.3020020553489527, 0.12417051707727648, 0.15435771908618748, 0.08054026407172092], "means": [[3.805729338497876, 0.4286104461071619, -0.3995396397988766, 0.14846609248699474, -0.033581681558323265, 0.015264181967729735, 0.10932372293162111, 0.00607346853771327], [-0.6818410113909783, 1.4801280441318723, 1.01659982820747, -0.008172349594676677, 0.0009775256090319624, 0.0021736476650540616, -0.0033941336194971165, -0.003133597071861585], [-3.914953004482054, -0.4583134534355269, 0.0755852508879389, -0.023025178139447662, -0.005895817005464165, 0.008040261252953073, -0.007913664403947047, -0.0070212525030405905], [1.095716127484743, 0.5626465367659851, -0.5690040956550702, -0.0012174893885495092, 0.05079333422429664, -0.005883976540696624, -0.03277512114622325, 0.005000120815247253], [-2.6985921800461417, -0.03023787279000673, -0.20362001905429228, -0.09780046113655634, -0.101137695408035, 0.005676831049513093, -0.011091584545311584, -0.021340191030785764], [6.8700288856173, -0.6449111732158244, 0.30456750024381063, -0.04186906776342842, -0.0025769908118251036, -0.0015484992208071378, -0.012813834394584266, -0.001277384646709968]], "cov": [[[9.393348399944513, -3.2976033791893893, 2.1663031993459225, -0.5862217496899789, 0.09705543143298473, -0.04949775069046052, -0.3723965536127251, -0.021476857209299628], [-3.2976033791893893, 1.166732322302956, -0.7548719087877926, 0.20208140380373205, -0.03387509546267193, 0.016990463363943945, 0.13447532799801395, 0.008332903372904394], [2.1663031993459225, -0.7548719087877926, 0.5046241219311991, -0.13806008215726867, 0.022588320076230996, -0.011887348175534926, -0.08359145534906126, -0.004534975632992978], [-0.5862217496899789, 0.20208140380373205, -0.13806008215726867, 0.038481448082308654, -0.006372728373931134, 0.0031434914280284837, 0.021747459213568725, 0.0008520260421256816], [0.09705543143298473, -0.03387509546267193, 0.022588320076230996, -0.006372728373931134, 0.0013182859759152594, -0.00025030266557510256, -0.003858122515349552, -3.1114377836521026e-06], [-0.04949775069046052, 0.016990463363943945, -0.011887348175534926, 0.0031434914280284837, -0.00025030266557510256, 0.0009127444575345778, 0.00180458489415275, 0.00034244056447975754], [-0.3723965536127251, 0.13447532799801395, -0.08359145534906126, 0.021747459213568725, -0.003858122515349552, 0.00180458489415275, 0.016527012109658585, 0.0011643100439076362], [-0.021476857209299628, 0.008332903372904394, -0.004534975632992978, 0.0008520260421256816, -3.1114377836521026e-06, 0.00034244056447975754, 0.0011643100439076362, 0.0005197677166331189]], [[11.726432693232107, 6.854276910015188, 2.855791234737687, -0.8217704481405145, -0.16520501834655602, 0.026011384323689893, -0.021087061924061207, -0.043443461497340255], [6.854276910015188, 4.0107919955932, 1.6710930386962861, -0.4848269906398337, -0.09236496669760778, 0.014842036386596577, -0.010779244944194907, -0.025326536552200705], [2.855791234737687, 1.6710930386962861, 0.6964464458297563, -0.20166235226834783, -0.03853184451518026, 0.00635491942816243, -0.004541105066528173, -0.010816130031281667], [-0.8217704481405145, -0.4848269906398337, -0.20166235226834783, 0.07569263450766028, 0.0029759370117155106, -0.00043722345206623084, -0.0016656699727563486, 0.002152405006003], [-0.16520501834655602, -0.09236496669760778, -0.03853184451518026, 0.0029759370117155106, 0.017793296484472948, -0.00139000024826007, 0.004083243617801421, 0.001137271699087875], [0.026011384323689893, 0.014842036386596577, 0.00635491942816243, -0.00043722345206623084, -0.00139000024826007, 0.004141260803935955, -0.0009880578870143314, -0.00018536886783650648], [-0.021087061924061207, -0.010779244944194907, -0.004541105066528173, -0.0016656699727563486, 0.004083243617801421, -0.0009880578870143314, 0.0014072613995259546, 3.816316368108881e-05], [-0.043443461497340255, -0.025326536552200705, -0.010816130031281667, 0.002152405006003, 0.001137271699087875, -0.00018536886783650648, 3.816316368108881e-05, 0.0028126920731380194]], [[0.7531755377091356, 0.26627334980992756, -0.1715026612240336, -0.05811624599844639, -0.058380099875471214, 0.0012247313897203048, 0.002284381777438491, -0.005946388777870907], [0.26627334980992756, 0.09554094408987941, -0.060117528761744136, -0.022973690496215764, -0.021788667901234574, 6.427337683283262e-05, 0.001567206057165126, -0.0016525623615438417], [-0.1715026612240336, -0.060117528761744136, 0.03989304460695626, 0.014084085835970284, 0.012084088994281062, -0.0003281489176044878, -0.0006650459074333345, 0.0014587045812215263], [-0.05811624599844639, -0.022973690496215764, 0.014084085835970284, 0.021578124077550227, -0.00037122436751205835, 0.001009195605515627, -0.0025293096296685985, -0.0005844550093689035], [-0.058380099875471214, -0.021788667901234574, 0.012084088994281062, -0.00037122436751205835, 0.011051933076496179, 0.0006690398827491142, -0.00020179363190645435, -0.00033895959944850527], [0.0012247313897203048, 6.427337683283262e-05, -0.0003281489176044878, 0.001009195605515627, 0.0006690398827491142, 0.0034925512591342154, -0.0005231336610311087, -0.00015700148868603674], [0.002284381777438491, 0.001567206057165126, -0.0006650459074333345, -0.0025293096296685985, -0.00020179363190645435, -0.0005231336610311087, 0.0009229200756642216, -0.000152059594245971], [-0.005946388777870907, -0.0016525623615438417, 0.0014587045812215263, -0.0005844550093689035, -0.00033895959944850527, -0.00015700148868603674, -0.000152059594245971, 0.0030032714564671957]], [[0.23997458004314626, 0.014089908736202465, 0.004748962341022941, 0.01768289472438767, -0.002379553057907657, 0.0033894657662313795, -0.005786444732941127, -0.006860082422720008], [0.014089908736202465, 0.001770684484963897, 0.0009791834606276103, 0.0008445744379191964, -0.0014981588291957013, 0.0005515641983249819, -2.290937647936941e-05, -0.00036324750940667854], [0.004748962341022941, 0.0009791834606276103, 0.0014607696523368605, 0.0005532230412157326, -0.0015770205765035627, -0.00023708978026825545, -0.00044794079288831286, -0.00012646749562139674], [0.01768289472438767, 0.0008445744379191964, 0.0005532230412157326, 0.0025163767720825926, -0.0005397115672000323, -0.00035939577108661625, -0.000716858644779659, -0.0011202968443432396], [-0.002379553057907657, -0.0014981588291957013, -0.0015770205765035627, -0.0005397115672000323, 0.0030856978551635186, -0.00024239810511226444, -8.76203021088345e-05, 0.0002131633788801859], [0.0033894657662313795, 0.0005515641983249819, -0.00023708978026825545, -0.00035939577108661625, -0.00024239810511226444, 0.003177766149591555, 0.00022839738505365178, 0.00025389120805419324], [-0.005786444732941127, -2.290937647936941e-05, -0.00044794079288831286, -0.000716858644779659, -8.76203021088345e-05, 0.00022839738505365178, 0.0008010706040298815, -6.063403970808559e-05], [-0.006860082422720008, -0.00036324750940667854, -0.00012646749562139674, -0.0011202968443432396, 0.0002131633788801859, 0.00025389120805419324, -6.063403970808559e-05, 0.0021862476031835063]], [[33.30262994455043, 2.8231088405196916, -1.248251368961805, 1.2685786633458125, 0.499711918709862, -0.04083636633815771, 0.2524943061484385, 0.10316088878930675], [2.8231088405196916, 0.2633175170062092, -0.11836518504199993, 0.10963319314541466, 0.0491273148146553, -0.00761801411408201, 0.008378531385954447, 0.007425824660841414], [-1.248251368961805, -0.11836518504199993, 0.057879587892836835, -0.051377730588620094, -0.02242987965627381, 0.0034008445919055832, -0.00322699794997106, -0.002382509461948009], [1.2685786633458125, 0.10963319314541466, -0.051377730588620094, 0.052063414896123796, 0.01771777297743797, -0.001731189599190707, 0.01039721626457083, 0.003421666898893462], [0.499711918709862, 0.0491273148146553, -0.02242987965627381, 0.01771777297743797, 0.012691220768540828, -0.001116924468059178, -0.001871684623022316, 0.000652920076280363], [-0.04083636633815771, -0.00761801411408201, 