,X,Y,Z,id,nugget
0,100.0,0.0,-824.9999999999999,59314226,1e-05
1,300.0,0.0,-821.0527344287007,59314226,1e-05
2,900.0,0.0,-824.9999999999999,59314226,1e-05
3,100.0,0.0,-844.9999999999999,81443048,1e-05
4,300.0,0.0,-847.6854610766587,81443048,1e-05
5,900.0,0.0,-844.9999999999999,81443048,1e-05
