{"weights": [0.4243314439844568, 0.4204770690948791, 0.1551914869206641], "means": [[1.7409491715466185, -0.6318761375519211, 0.06361607488555199, 0.20125222690003786, 0.050424940639019054, 0.03481204087700634, 0.013752585222654589, -0.0008772676413924236], [-0.9923343934642413, -0.27280228706075316, 0.08752835935758135, -0.18103861608344063, -0.05377343643754011, -0.043195633799795845, -0.013906513785933506, -0.0018169946452965186], [-2.0715415833626185, 2.4668364713080035, -0.411091936729643, -0.05976527157423317, 0.007820075046073042, 0.021849973808043106, 7.549262025246758e-05, 0.007321644057892726]], "cov": [[[1.9744518528694486, 0.5961555612983321, -0.0060282031330940395, -0.09154903988894265, 0.020534886421852958, 0.044669537962358605, -0.023394812461581222, 0.036231363007832466], [0.5961555612983321, 0.3596111190910082, 0.025343015635389918, -0.06077723688401328, -0.01904159473565967, 0.0166842369069552, 0.014200860266782413, 0.019598870196643598], [-0.0060282031330940395, 0.025343015635389918, 0.055847729565042116, 0.07742817161604738, 0.030092643964797522, 0.006636822766291322, -0.014131522172917734, 0.005526565420686953], [-0.09154903988894265, -0.06077723688401328, 0.07742817161604738, 0.5200181451402478, 0.1252923327663093, 0.06272300050452403, -0.006236534296502487, 0.026191178564957965], [0.020534886421852958, -0.01904159473565967, 0.030092643964797522, 0.1252923327663093, 0.10716721839936526, 0.00833040136477571, -0.0009885502218747763, 0.00337765592672145], [0.044669537962358605, 0.0166842369069552, 0.006636822766291322, 0.06272300050452403, 0.00833040136477571, 0.05827900741037851, -0.008419132842224977, -0.008847738296014724], [-0.023394812461581222, 0.014200860266782413, -0.014131522172917734, -0.006236534296502487, -0.0009885502218747763, -0.008419132842224977, 0.054824275987861874, 0.006568870528648741], [0.036231363007832466, 0.019598870196643598, 0.005526565420686953, 0.026191178564957965, 0.00337765592672145, -0.008847738296014724, 0.006568870528648741, 0.03784168974084166]], [[7.665859423340454, 1.4961672463609308, -0.19660649747168243, -0.5185243117380954, -0.09797380932944007, -0.1156979328789366, -0.013734528839488475, -0.01955029554996949], [1.4961672463609308, 5.963371268748987, 0.5138678308517303, 0.027865937293245026, 0.0755278640778906, -0.002159943227225221, -0.02098005276229592, 0.014637892790862512], [-0.19660649747168243, 0.5138678308517303, 1.4397478896054412, -0.012745133613060735, -0.002010474949805038, -0.001738561874672253, 0.013980352624626404, -0.007810663888593631], [-0.5185243117380954, 0.027865937293245026, -0.012745133613060735, 0.7473780497729554, -0.09079142520672681, -0.05758529364652042, 0.01862372703113479, -0.01901917068478748], [-0.09797380932944007, 0.0755278640778906, -0.002010474949805038, -0.09079142520672681, 0.4241161738896525, 0.0008490059894895958, 0.02526135908111141, -0.007454929267415467], [-0.1156979328789366, -0.002159943227225221, -0.001738561874672253, -0.05758529364652042, 0.0008490059894895958, 0.15512238304063067, -0.014689952906523553, 0.012436036614675449], [-0.013734528839488475, -0.02098005276229592, 0.013980352624626404, 0.01862372703113479, 0.02526135908111141, -0.014689952906523553, 0.09864533030334016, 0.003271999619287733], [-0.01955029554996949, 0.014637892790862512, -0.007810663888593631, -0.01901917068478748, -0.007454929267415467, 0.012436036614675449, 0.003271999619287733, 0.09764542928676229]], [[1.1695939795514894, 1.7007693228925178, -0.36991607583436037, 0.08666079957349797, -0.15910591896974194, -0.0452504404519717, -0.0015184166727493927, -0.03163787025619076], [1.7007693228925178, 5.8191835517819674, -0.2728702633277597, 0.45200343356016154, -0.1244886266355277, -0.0654493377158321, 0.031310308523343766, -0.1141680822418447], [-0.36991607583436037, -0.2728702633277597, 3.134768272897784, -0.1938176701960402, -0.06963731117831076, -0.0002652992026927908, 0.0016973681127055882, 0.009644658469865163], [0.08666079957349797, 0.45200343356016154, -0.1938176701960402, 0.3140637362119919, -0.15024520551801782, -0.05451597888880778, -0.0477914783623877, -0.020053319785268347], [-0.15910591896974194, -0.1244886266355277, -0.06963731117831076, -0.15024520551801782, 0.4242069903351489, -0.036341556551296436, -0.06966320659228478, 0.010762080169170097], [-0.0452504404519717, -0.0654493377158321, -0.0002652992026927908, -0.05451597888880778, -0.036341556551296436, 0.0823949544912363, 0.059882815970464895, -0.009791546389901831], [-0.0015184166727493927, 0.031310308523343766, 0.0016973681127055882, -0.0477914783623877, -0.06966320659228478, 0.059882815970464895, 0.17538147575043866, -0.026862105634986096], [-0.03163787025619076, -0.1141680822418447, 0.009644658469865163, -0.020053319785268347, 0.010762080169170097, -0.009791546389901831, -0.026862105634986096, 0.07139566433818023]]]}