{"weights": [0.5035920428509831, 0.2925053072235947, 0.20390264992542212], "means": [[-2.082324308524661, -0.5267333293179168, 0.057602576603500495, -0.20722224017440874, 0.044272990581540134, -0.055986489954734465, -0.020313777334680018, -0.003976508374422228], [2.348165604111716, -1.5918772020932341, 0.25541192736206225, 0.3935996628865043, -0.06685455620145062, 0.09751895286233217, 0.01975810246138285, 0.0031165679788280457], [1.7743322663925436, 3.584510763723533, -0.5086620676326796, -0.05284148619977906, -0.013438831079830939, -0.0016206774109104112, 0.021826625583322486, 0.00535022620823251]], "cov": [[[0.024328507118142228, -0.010882185045943292, 0.006459342402177426, -0.05773915442410498, 0.01918420177924509, -0.01518712447300147, -0.008277379064174084, 0.004715863201570642], [-0.010882185045943292, 0.03187289492594559, -0.016043852455582902, 0.05555171664122342, -0.035700567376572886, 0.004771663263373263, -0.019377987156862925, -0.004777109092515314], [0.006459342402177426, -0.016043852455582902, 0.01892104399176211, -0.0800167772168576, 0.030538212982464345, -0.00802182118188254, 0.01626629616995349, -0.006460545342468849], [-0.05773915442410498, 0.05555171664122342, -0.0800167772168576, 0.44836647135146307, -0.14350846728964345, 0.06981272682688605, -0.02124288856890306, 0.02970480808144181], [0.01918420177924509, -0.035700567376572886, 0.030538212982464345, -0.14350846728964345, 0.06871182760405446, -0.011551566621004499, 0.010431139058315565, -0.01392862120582353], [-0.01518712447300147, 0.004771663263373263, -0.00802182118188254, 0.06981272682688605, -0.011551566621004499, 0.02958942408927205, -0.004268126499416345, -0.012212862922065922], [-0.008277379064174084, -0.019377987156862925, 0.01626629616995349, -0.02124288856890306, 0.010431139058315565, -0.004268126499416345, 0.05054127257677611, 0.00960580363284711], [0.004715863201570642, -0.004777109092515314, -0.006460545342468849, 0.02970480808144181, -0.01392862120582353, -0.012212862922065922, 0.00960580363284711, 0.024819997961927746]], [[7.297313154194212, -2.480158799487623, 0.020371051503664913, -1.541807507678632, 0.23347466589862634, -0.4037659889952956, -0.14016224718774326, -0.045598267038056486], [-2.480158799487623, 3.822863640321299, 1.6284949516096852, 0.5314640071592698, 0.11799782053459378, 0.10243078338606694, -0.008377699810572858, -0.014412419563027625], [0.020371051503664913, 1.6284949516096852, 1.0433027261027752, -0.06397710855134241, 0.05257521654475212, -0.00026042761621803095, -0.002802909105522604, 0.02310523845868444], [-1.541807507678632, 0.5314640071592698, -0.06397710855134241, 1.0345032486034533, 0.28801933514230027, -0.16812261969585496, 0.06402360435909671, -0.060346581508449994], [0.23347466589862634, 0.11799782053459378, 0.05257521654475212, 0.28801933514230027, 0.7073874690454757, -0.013132517639331048, -0.10436419798314821, 0.02755632841318651], [-0.4037659889952956, 0.10243078338606694, -0.00026042761621803095, -0.16812261969585496, -0.013132517639331048, 0.255976491673811, -0.0556732109737274, 0.03924382550228874], [-0.14016224718774326, -0.008377699810572858, -0.002802909105522604, 0.06402360435909671, -0.10436419798314821, -0.0556732109737274, 0.07857764299668227, 0.013977095870325865], [-0.045598267038056486, -0.014412419563027625, 0.02310523845868444, -0.060346581508449994, 0.02755632841318651, 0.03924382550228874, 0.013977095870325865, 0.16325961187012095]], [[0.1159421015260943, -0.12200184068036624, 0.2932401113380657, 0.056572175462886794, 0.09442783632272306, 0.0031750125074954446, 0.01175657102942702, 0.013323264471413495], [-0.12200184068036624, 0.35872132264002743, 0.18499258691516074, -0.08094433082967803, -0.1280022735119165, -0.003054830461843477, 0.0003327131001812866, 0.015239437997922971], [0.2932401113380657, 0.18499258691516074, 3.7200295368999887, 0.14778836009915647, -0.13948221448456463, -0.00840450417435977, -0.029400090296321856, -0.015043937542969591], [0.056572175462886794, -0.08094433082967803, 0.14778836009915647, 0.09453826299511885, 0.0009555263704373653, -0.015044874879542007, -0.059778168527654336, 0.009693133699860584], [0.09442783632272306, -0.1280022735119165, -0.13948221448456463, 0.0009555263704373653, 0.23587008866534365, 0.06282129717297483, 0.12836093596278741, -0.004324440781401454], [0.0031750125074954446, -0.003054830461843477, -0.00840450417435977, -0.015044874879542007, 0.06282129717297483, 0.0489383988525439, 0.08486886833596596, -0.027110845282685897], [0.01175657102942702, 0.0003327131001812866, -0.029400090296321856, -0.059778168527654336, 0.12836093596278741, 0.08486886833596596, 0.2121863176217268, -0.04417933295564546], [0.013323264471413495, 0.015239437997922971, -0.015043937542969591, 0.009693133699860584, -0.004324440781401454, -0.027110845282685897, -0.04417933295564546, 0.03891572174469295]]]}