,X,Y,Z,id,nugget
0,100.0,0.0,-793.0000000000001,94182397,1e-05
1,300.0,0.0,-719.0341909926711,94182397,1e-05
2,900.0,0.0,-793.0000000000001,94182397,1e-05
3,100.0,0.0,-824.0000000000001,65914217,1e-05
4,300.0,0.0,-745.0503484856342,65914217,1e-05
5,900.0,0.0,-824.0000000000001,65914217,1e-05
6,100.0,0.0,-847.0000000000001,65203932,1e-05
7,300.0,0.0,-859.1494813009786,65203932,1e-05
8,900.0,0.0,-847.0000000000001,65203932,1e-05
