{"weights": [2.6910529460095705e-10, 0.05870889434086442, 0.7595481772633215, 0.1817429281267089], "means": [[1.6828749757108588, 3.57372311776014, -1.4491767660066297, -0.10749330843961474, -0.0014831794451384858, -0.009397309674027616, 0.009040286302780715, 0.015447844987678514], [2.1476126664972908, 3.6918221121009585, 3.267240675821749, 0.23944461583443086, -0.0030323931733079513, 0.03750744021643907, 0.061834687246604146, 0.034282822481770815], [4.012127797389303, -2.714593551288136, -0.04630464747635221, 0.0687622362295475, -0.022009784998405932, -0.006018467898835858, -0.01245332558222005, -0.010369783052157834], [-2.1102406135189553, -0.5228298173165139, 0.03633298260367017, -0.024256865595483828, 0.010820354870100291, -0.002525702976045497, -0.007624669864688581, -0.005158271888702384]], "cov": [[[0.046853831221079105, -0.02995058410228022, 0.007843179260184229, 0.006814702973025284, 0.07198104847024991, 0.0015846933722474038, 0.012656726495048664, 0.02442862948610368], [-0.02995058410228022, 0.04463882938104941, 0.029111338213494074, -0.012314381257756026, -0.06170660383463782, -0.01045576695915488, -0.016370786843215895, -0.006333932894869849], [0.00784317926018423, 0.029111338213494074, 0.1152283048569888, -0.021410053528390434, -0.03337134534851498, -0.04665668863171852, -0.05678620140614753, 0.036948499454872254], [0.006814702973025286, -0.012314381257756033, -0.02141005352839044, 0.05712358634186747, -0.03340526482140141, -0.019602197349670378, -0.07056526252813833, 0.016312387934218752], [0.07198104847024991, -0.06170660383463781, -0.033371345348514964, -0.033405264821401416, 0.21844619154450276, 0.07450196059050511, 0.15151722756138272, -0.008349548291244064], [0.0015846933722474027, -0.010455766959154879, -0.04665668863171852, -0.019602197349670378, 0.07450196059050511, 0.05622947224221379, 0.099258490865988, -0.034958127469765385], [0.01265672649504866, -0.01637078684321589, -0.05678620140614753, -0.07056526252813833, 0.15151722756138275, 0.099258490865988, 0.2345199766980123, -0.06121114056376781], [0.024428629486103675, -0.006333932894869847, 0.036948499454872254, 0.016312387934218756, -0.008349548291244072, -0.034958127469765385, -0.06121114056376781, 0.037501096154200775]], [[0.1985495939762014, -0.3045720708063444, -0.1359599213296637, 0.1836043745658082, 0.3019393310981873, 0.03544027215280968, 0.031089204287617803, 0.0951423807884675], [-0.3045720708063444, 0.5149141252948515, 0.08339722507873738, -0.2801716400144005, -0.4628062670148843, -0.050660738867338385, -0.030128060376041092, -0.13163717316302834], [-0.13595992132966367, 0.08339722507873738, 0.6182214750871454, -0.10045305511768335, -0.2841206331821991, -0.042642408711222865, -0.105454398588151, -0.12683470132535357], [0.1836043745658082, -0.2801716400144005, -0.10045305511768333, 0.21406974268755685, 0.25753606700034154, 0.029942528876702075, 0.0028086185706096005, 0.08933691643795544], [0.3019393310981873, -0.46280626701488425, -0.28412063318219916, 0.25753606700034154, 0.5037514594157518, 0.06774987757870315, 0.07911580729311768, 0.14559574801652042], [0.03544027215280968, -0.05066073886733839, -0.042642408711222865, 0.029942528876702075, 0.06774987757870315, 0.021027068953259287, 0.0156515649527481, 0.008844613590881501], [0.031089204287617796, -0.030128060376041092, -0.105454398588151, 0.002808618570609602, 0.07911580729311767, 0.0156515649527481, 0.10752301494483074, 0.02562461411231022], [0.09514238078846751, -0.13163717316302836, -0.12683470132535357, 0.08933691643795544, 0.14559574801652042, 0.008844613590881503, 0.025624614112310224, 0.06283497693125563]], [[0.4428412565494906, 0.11923085775366445, -0.002082734574717218, -0.2572598548877311, -0.10058993131897148, 0.06126485050042741, -0.051278280672111924, -0.12295306710151553], [0.11923085775366446, 0.17068863043510207, 0.010618441352008864, 0.1090330895704726, 0.2903540749908678, -0.005969792772118794, -0.07100357444989452, -0.059410562818481547], [-0.002082734574717218, 0.010618441352008862, 0.010157907168270726, -0.046961378972212205, 0.0245013377491479, 0.041666928330681474, -0.015368809963520505, 0.01152631730075118], [-0.25725985488773107, 0.10903308957047259, -0.046961378972212205, 1.039713486260134, 0.4677276624170873, -0.4052089573150494, 0.06238947206335303, -0.1231610589225145], [-0.10058993131897148, 0.2903540749908678, 0.024501337749147898, 0.4677276624170872, 0.8861038503697692, -0.030189593313132163, -0.17362415027067618, -0.0018373128370539026], [0.06126485050042741, -0.00596979277211881, 0.041666928330681474, -0.40520895731504936, -0.03018959331313212, 0.3171260829937876, -0.09513582878118568, 0.06565866861640171], [-0.051278280672111924, -0.07100357444989451, -0.015368809963520505, 0.062389472063353046, -0.1736241502706762, -0.09513582878118568, 0.08694068252654685, 0.017216677321148253], [-0.12295306710151553, -0.059410562818481547, 0.011526317300751184, -0.1231610589225145, -0.0018373128370538997, 0.06565866861640171, 0.017216677321148253, 0.22195472450427475]], [[0.02531402604490926, -0.010124256104761633, 0.008305349985995827, -0.08423463881122122, 0.02587035116364908, -0.02491177098425701, -0.012641836059619308, 0.006367380996943399], [-0.010124256104761635, 0.03666616734810829, -0.016715436456139703, 0.056577689677901874, -0.043305676300683174, 0.0012058954426697756, -0.018916857616933003, -0.003190275297561184], [0.008305349985995828, -0.016715436456139703, 0.021388756119152072, -0.10247828922843756, 0.03489760263699064, -0.014548052029645804, 0.01444338837292827, -0.006736395971571532], [-0.08423463881122123, 0.05657768967790186, -0.10247828922843756, 0.6662532962685698, -0.18141468644196196, 0.1394272589835854, -0.0032790167034635847, 0.02643978620821762], [0.02587035116364908, -0.043305676300683174, 0.03489760263699065, -0.181414686441962, 0.0842863736657256, -0.019012327143527477, 0.006749866648811561, -0.014159445921904991], [-0.02491177098425701, 0.001205895442669773, -0.014548052029645804, 0.1394272589835854, -0.019012327143527477, 0.0544230204857398, 0.002107250023884253, -0.014340738476199363], [-0.01264183605961931, -0.018916857616933007, 0.01444338837292827, -0.0032790167034635847, 0.006749866648811564, 0.0021072500238842563, 0.05134897033903606, 0.007971052184039186], [0.0063673809969434, -0.0031902752975611847, -0.006736395971571532, 0.02643978620821762, -0.01415944592190499, -0.014340738476199363, 0.007971052184039188, 0.025212384552667933]]]}