{"weights": [0.17222149240614884, 0.16666781287989044, 0.2659095030363317, 0.12728918695201696, 0.10284077109725381, 0.16507123362835824], "means": [[3.7001443821903286, 0.46551857984040784, -0.38464270948613416, 0.13489952261579466, -0.031683945126422856, -0.08371351053515624, 0.060883373223713025, -0.015394323098289859], [1.0528260681911372, 0.5544730090131372, -0.5251584230933701, 0.004258358604415322, 0.04700878383281605, 0.04294440451858357, -0.02155011724656422, 0.011538987436623509], [-3.928591225760366, -0.4463804233398529, 0.09896518549555855, 0.03326536323234778, 0.026932931381728704, -0.0048706904896374395, 0.008024121075546167, -0.00019207986914395754], [-2.6440382757862344, -0.010962269679093382, -0.2128345844440928, -0.07901158534300738, -0.11120633081377117, -0.00796610181182074, -0.020561881759289705, -0.01857424554231809], [-0.7010417788285598, 1.4428717994396392, 1.0610912333697888, -0.011398162252681861, 0.008632365233689402, -0.0017478082070898101, -0.010363746864304173, -0.0046494282065761335], [6.852245049730103, -0.6621020561039931, 0.2848508036682294, -0.03323076622473608, -0.0018710569780217043, 0.009832255877147091, -0.012799147428000352, 0.002067799908761102]], "cov": [[[0.188309646004615, -0.021507019076043958, 0.034366372295567015, -0.009673089207043033, -0.006563420989863451, 0.0005528954692924057, 0.010410747979127114, 0.0005538495012315168], [-0.021507019076043958, 0.003351638628289094, -0.002441460803092638, -2.778473934373099e-05, 0.0013934087972136615, 0.0001187617596093167, -0.0013232622694745555, -0.00015290808196097633], [0.03436637229556702, -0.0024414608030926383, 0.009336306471302814, -0.0038941076360677084, -0.0005147870517765174, 0.0006196999922394212, 0.0013365752504285447, 0.00010056986522552192], [-0.009673089207043033, -2.7784739343730817e-05, -0.0038941076360677076, 0.0028420630769707554, -0.0010457098070589161, -0.0005082915080827909, -5.9287256783785977e-05, 0.00044625824484727196], [-0.006563420989863451, 0.0013934087972136612, -0.0005147870517765173, -0.0010457098070589161, 0.0027205342024089235, -0.00016403366762362832, -0.0005585760841390589, -0.0010255231947406424], [0.0005528954692924058, 0.0001187617596093167, 0.0006196999922394213, -0.0005082915080827909, -0.0001640336676236283, 0.0009532351401503667, 0.00023057597718466745, -0.0003823443685474732], [0.010410747979127114, -0.0013232622694745553, 0.0013365752504285442, -5.928725678378588e-05, -0.0005585760841390589, 0.00023057597718466745, 0.0010476897529239945, -2.7795064883346584e-05], [0.0005538495012315168, -0.00015290808196097633, 0.00010056986522552189, 0.00044625824484727196, -0.0010255231947406424, -0.0003823443685474732, -2.7795064883346584e-05, 0.0009615990339909529]], [[0.36620474716231166, 0.004192778043076833, 0.0337880388537774, 0.03345495612174257, -0.01542994385671035, 0.024250473822661996, -0.01223587055366486, -0.0030348966102283033], [0.004192778043076833, 0.0012473983562239783, 0.000879334318690001, 0.00013704244637537805, -0.0013005875512061564, -0.0007696520696961955, -8.90521483432381e-05, 5.698060948742774e-05], [0.0337880388537774, 0.0008793343186900011, 0.005371482428262528, 0.003648917981878025, -0.0025893081113033374, 0.0033556551849036396, -0.001709772485994057, 9.257125951464238e-07], [0.03345495612174257, 0.000137042446375378, 0.003648917981878025, 0.005557823571524501, -0.0028502985787771493, 0.003232327633849518, -0.00154320211544887, -0.0008865409847233596], [-0.01542994385671035, -0.0013005875512061564, -0.002589308111303337, -0.0028502985787771497, 0.00425301357450355, -0.0009942004470600597, 0.00021526993189333304, 0.0006205470571203916], [0.024250473822661992, -0.0007696520696961957, 0.003355655184903639, 0.0032323276338495194, -0.0009942004470600595, 0.0052704543695395725, 0.00011093147137714657, -0.0005004718988290679], [-0.01223587055366486, -8.90521483432381e-05, -0.001709772485994057, -0.00154320211544887, 0.00021526993189333315, 0.00011093147137714654, 0.002359396562664697, -2.8015759123088586e-05], [-0.0030348966102283033, 5.6980609487427765e-05, 9.257125951464249e-07, -0.0008865409847233598, 0.0006205470571203916, -0.0005004718988290679, -2.8015759123088583e-05, 0.0014971828228676945]], [[0.04194970507780349, 0.017267327759126403, -0.014983164893225803, -0.03636917992651123, -0.007376570751159217, -0.0011772499714590194, 0.0002384271963819408, 0.0004316020177235478], [0.017267327759126403, 0.008857528931110593, -0.0049797744488906575, -0.015387869232255111, -0.002510533709429288, -0.0007645501093393554, 0.001217141547897322, 0.0004409552452151741], [-0.014983164893225803, -0.0049797744488906575, 0.006775850797097621, 0.015215997242622046, 0.0013243862952122404, 0.00037863806192224553, 0.0003552475583229628, 0.00036664694478126195], [-0.03636917992651123, -0.015387869232255115, 0.015215997242622046, 0.049715121923366884, -0.0017753403867614536, 0.0012702148060653163, -0.001686224629105699, 0.0010565382111224094], [-0.007376570751159217, -0.0025105337094292876, 0.0013243862952122404, -0.001775340386761454, 0.01313892171423719, -0.00040861103745987745, 0.0010755812263225097, -0.001437204721500958], [-0.0011772499714590194, -0.0007645501093393554, 0.00037863806192224553, 0.0012702148060653163, -0.0004086110374598774, 0.0018966179590796156, 0.0011469527202594523, -0.00029866789138686457], [0.00023842719638194072, 0.0012171415478973218, 0.00035524755832296273, -0.001686224629105699, 0.0010755812263225097, 0.0011469527202594523, 0.0022390326682768602, 0.0003330017156386816], [0.0004316020177235478, 0.0004409552452151742, 0.00036664694478126195, 0.0010565382111224096, -0.001437204721500958, -0.0002986678913868647, 0.00033300171563868154, 0.0036362333801521858]], [[0.036610502733015346, 0.01144357437590993, -0.007548126191707861, 0.005260765180327768, -0.0031804508213100304, -0.0023501552905340318, -0.001482826044232483, -0.004088487944066961], [0.011443574375909928, 0.0039605861244176145, -0.0020368533300100756, 0.0014972367483337124, -0.0016848700823660944, -0.00023030195589327716, 0.0002025788760259996, -0.0011725580072767877], [-0.007548126191707861, -0.0020368533300100756, 0.002683389703096301, -0.001630907264959729, 0.00043115696803555317, 0.001044934488980754, 9.612188427886207e-05, 0.0012293756485228838], [0.005260765180327768, 0.0014972367483337126, -0.001630907264959729, 0.0015757271324425013, -0.000876672472542847, -0.0005061871289229208, -8.083608730843886e-05, -0.0014071545950460013], [-0.003180450821310031, -0.0016848700823660946, 0.0004311569680355533, -0.0008766724725428471, 0.0031586631558213176, -0.0014915835000283396, -0.002244426510817616, 0.0010828297741398388], [-0.0023501552905340318, -0.00023030195589327713, 0.001044934488980754, -0.0005061871289229207, -0.0014915835000283398, 0.002014301284912175, 0.00205349816869101, 0.00023912860142979571], [-0.0014828260442324832, 0.0002025788760259996, 9.612188427886206e-05, -8.083608730843886e-05, -0.0022444265108176164, 0.0020534981686910095, 0.0032662437036680377, 0.00028691390611142165], [-0.00408848794406696, -0.0011725580072767874, 0.0012293756485228838, -0.0014071545950460013, 0.0010828297741398388, 0.00023912860142979566, 0.0002869139061114216, 0.0031800168949513495]], [[0.3223536324889884, 0.021295513569475063, -0.061870451864081584, 0.01662724047789462, 0.03232651942057627, -0.014093614946549173, 0.001016675967627358, -0.00549239835210315], [0.021295513569475066, 0.001797956457512737, -0.003504041856177353, 0.0012572574491810302, 0.0020764481537747805, -0.0003326525755282025, 0.00033625026913292234, -0.001282683051974153], [-0.06187045186408159, -0.003504041856177353, 0.012889266639927094, -0.00296355042275495, -0.0062940585375665685, 0.003262299707472339, -7.658694290188294e-05, -0.00021827970113597357], [0.01662724047789462, 0.00125725744918103, -0.00296355042275495, 0.0016260818216110283, 0.000854635677084784, -0.0001837216085184725, 0.0003573114789538582, -0.001169480139575436], [0.03232651942057627, 0.0020764481537747805, 