{"weights": [0.17095702873770163, 0.0005995763916860119, 0.46937099932601845, 0.12417310803183687, 0.15435892562294978, 0.08054036188980723], "means": [[6.875903684518846, -0.6621678279176108, 0.29149916238313617, -0.029489279495012722, -0.002436417634165341, -0.005378896187748457, -0.013808103363227991, 0.006964843341862391], [-1.3549139900242448, -1.6668492259752048, 1.721922660235476, -0.573312957145386, -0.9156938859122666, -0.47931608522784946, 1.0821754812486377, -0.030176358352515326], [-3.549514997498823, -0.32040398130666004, 0.017765673086578046, 0.03293635678645327, -0.010544065479199323, 0.010510069976820538, 0.004515858632863043, -0.011128583073087742], [0.6437685804336234, 0.5373917434467459, -0.5904005347762926, -0.040573255159586354, 0.056476000083734365, 0.008036958643922353, -0.012952852313042372, 0.020962433271326728], [2.9412182249131824, 0.4554202482980031, -0.4266898823525607, 0.09749539990550843, -0.011961748346351577, -0.02002414615511052, 0.009719441869186024, -0.017950871426839522], [-0.7598018836891081, 1.4427464918479813, 1.0772152811955265, -0.0530998918167744, 0.027903766311665485, -0.09132346598764018, -0.09411256058810616, -0.0017257270664028847]], "cov": [[[0.7598673403036951, -0.13252713922392773, -0.2839087451310578, 0.3606829494055243, -0.11388774611304409, 0.07285193084026075, 0.2894192178757011, -0.04967525800107116], [-0.1325271392239277, 2.7835754939850172, 2.292976262972436, -1.1832455678095741, 0.5175412697194312, 0.3334165297859043, 0.9470152659279967, -0.45271787144148995], [-0.2839087451310578, 2.2929762629724366, 4.348654005768394, -3.1153298403300385, 1.1377081131453595, -0.15035549284721503, -1.0262171282103143, -0.12075577753231743], [0.3606829494055243, -1.1832455678095741, -3.1153298403300385, 4.530861775676714, -0.9886868598112438, 0.24310191659902974, 1.6894123926587767, -0.210835442296148], [-0.11388774611304411, 0.5175412697194312, 1.1377081131453597, -0.988686859811244, 1.6956884058151984, -0.06709060928219449, -0.3663469248533629, 1.0174227709006], [0.07285193084026075, 0.33341652978590436, -0.15035549284721497, 0.2431019165990298, -0.06709060928219442, 0.7831196784365569, 0.4692984686061488, -0.7397773139898617], [0.2894192178757011, 0.9470152659279966, -1.0262171282103143, 1.6894123926587767, -0.3663469248533629, 0.4692984686061488, 2.0415638110773946, -0.380276354258734], [-0.04967525800107116, -0.45271787144148995, -0.12075577753231743, -0.21083544229614803, 1.0174227709005998, -0.7397773139898617, -0.380276354258734, 3.2706369820128423]], [[2621.3986859962697, 17.520956313946503, -365.5220730886716, -143.4786135242599, 223.65223838384605, -0.1485708829246331, 64.75565249643046, -186.32553947668112], [17.520956313946517, 636.0988860768347, -328.7946037699181, 550.2079658357453, 287.81449836853454, 2.264187213088322, 184.3432717609916, 176.0187899577769], [-365.52207308867156, -328.7946037699182, 600.568075470108, -318.09976912524445, -204.83130080019933, 53.429228981696596, -220.77647041153594, -74.80707168547987], [-143.47861352425988, 550.2079658357453, -318.09976912524445, 1226.6191771011222, 691.4559670570998, -238.92573147734404, 37.66708658623767, 400.8406215330797], [223.652238383846, 287.81449836853454, -204.83130080019933, 691.4559670570999, 786.3927849161191, 286.8282525229793, -101.53762667041462, 265.981397154453], [-0.14857088292464649, 2.2641872130883365, 53.42922898169661, -238.92573147734404, 286.8282525229793, 1316.7802981340765, -110.7480775472802, -34.169363400893594], [64.75565249643046, 184.34327176099163, -220.77647041153594, 37.66708658623769, -101.53762667041462, -110.74807754728022, 398.5705828088199, -11.631702503849146], [-186.32553947668112, 176.0187899577769, -74.80707168547987, 400.8406215330797, 265.981397154453, -34.169363400893594, -11.63170250384915, 257.1090633563237]], [[114.14825976959716, 47.1310804954747, -38.198823976743846, -76.6926340767727, -24.108325791349145, 11.897108453447405, 0.31494749124626564, -2.493864515130307], [47.131080495474706, 29.330082435024934, -10.116398462300642, -37.365952962169786, -5.446076523157333, 4.269151467260186, 4.556991302980874, 0.19957669235910128], [-38.198823976743846, -10.11639846230064, 19.980914626316785, 35.728159485910304, 5.4088829412458015, -1.830911572759385, 1.5339047081396469, 0.8582958555756945], [-76.6926340767727, -37.365952962169786, 35.72815948591031, 148.23629365690726, -10.103266523363946, 8.45315999093644, -10.294905481976256, -0.97141572031955], [-24.10832579134915, -5.446076523157333, 5.408882941245801, -10.10326652336394, 67.70617137656757, 7.7632689698499355, 7.436871625938012, -5.704506302573464], [11.897108453447409, 4.269151467260188, -1.8309115727593845, 8.45315999093644, 7.7632689698499355, 29.866436873608144, -3.0749378960220843, -4.7078463362215786], [0.3149474912462646, 4.556991302980873, 1.5339047081396466, -10.294905481976256, 7.436871625938011, -3.0749378960220843, 4.431137465840442, -0.3865620714629084], [-2.493864515130308, 0.1995766923591009, 0.8582958555756947, -0.9714157203195505, -5.704506302573466, -4.7078463362215786, -0.3865620714629084, 15.99853253896944]], [[55.057620859874625, 0.034866435305941246, 3.9390276369100277, 4.429107427059136, -0.5764222722182855, -0.5463964753291675, -2.6554479304530747, -1.3958012691856347], [0.03486643530594125, 1.1849759447026968, 0.47285813883045397, -0.1680773246170664, -1.1916729832783903, 0.4030161776305484, 0.5010979658538839, 0.32004124327093], [3.9390276369100277, 0.472858138830454, 2.3794963268585523, -0.10564201843877612, -0.9039022775788953, -0.3018192615164437, -1.3006313409764612, 0.4079433503608422], [4.429107427059136, -0.1680773246170664, -0.10564201843877598, 2.8211401134229313, -0.8750263850067379, -0.7517256274605765, -0.02292246380636883, -1.0355267287220573], [-0.5764222722182855, -1.19167298327839, -0.9039022775788951, -0.8750263850067377, 2.5972366333571633, 0.1460444741310699, -0.33315471230732946, -0.19992447964475976], [-0.5463964753291675, 0.4030161776305484, -0.30181926151644367, -0.7517256274605765, 0.14604447413107002, 2.770583389848117, 0.26676642872983686, 0.2662280310590421], [-2.6554479304530747, 0.5010979658538839, -1.3006313409764612, -0.022922463806368826, -0.3331547123073295, 0.2667664287298369, 1.6092812764036264, -0.24648878271825977], [-1.3958012691856347, 0.32004124327093, 0.4079433503608422, -1.0355267287220573, -0.19992447964475976, 0.26622803105904214, -0.24648878271825977, 2.028688410825739]], [[788.957430645165, 198.5311039406185, -132.0404820011314, 85.24597899670927, -45.93560174905739, 79.8033953690673, 23.72686714125534, -3.600064696662767], [198.5311039406185, 151.30685079929972, -102.52316572647453, 31.56457728940837, -10.197320549866673, 15.104720140910079, -59.742100264754356, -10.313433723397711], [-132.0404820011314, -102.52316572647453, 78.78334033499489, -18.79159103406489, 10.349511600606892, -10.891643073059535, 45.5319659120097, 7.748402394326658], [85.24597899670928, 31.56457728940837, -18.79159103406489, 19.604547753365, -2.032313278658542, 6.512645953825141, -6.367243996649654, -1.2249298624899199], [-45.93560174905739, -10.197320549866669, 10.349511600606892, -2.032313278658541, 9.527343064348235, -6.785289128190886, -3.260943731391968, 0.19335417731416524], [79.8033953690673, 15.104720140910079, -10.891643073059534, 6.512645953825139, -6.785289128190886, 15.537923024295809, 11.618269394099267, 0.1954268161821108], [23.726867141255337, -59.74210026475434, 45.531965912009696, -6.367243996649653, -3.260943731391968, 11.618269394099267, 65.14256050259691, 9.010630741905784], [-3.600064696662768, -10.313433723397711, 7.748402394326658, -1.2249298624899203, 0.19335417731416518, 0.1954268161821108, 9.010630741905786, 7.310415217823811]], [[74.47017944103314, 1.6710290188505912, -28.655821759045047, -4.341155087386844, 5.67766126214044, 14.345097949831306, 31.664113904727696, -9.349549762541631], [1.671029018850592, 27.55880953070622, -7.1943180187952676, 19.05081615807356, 