{"weights": [0.17113430611408584, 0.07644825150789353, 0.393344901705924, 0.12417395320893729, 0.15435831547461182, 0.08054027198854748], "means": [[6.819755600617225, -0.640673857812775, 0.3015057519782675, -0.04639875967272172, -0.0010256310202029374, -0.00037814107485280616, -0.016097190536200113, -0.005985573749191516], [-2.6130239432467848, -0.5578500773747475, 0.184425967140596, 0.2152102722796901, 0.013596989178989074, -0.0728983550539644, -0.014052788717919882, -0.003892117485714684], [-3.3874366935123223, -0.26461064346088675, -0.04126071975219389, -0.08037396420885816, -0.007702511883974903, 0.011154289466644847, 0.004810245186100666, -0.008550165899580986], [0.8317813383039308, 0.5408915076294873, -0.5743151476586309, -0.02610940728528859, 0.05396002711666103, -0.0027881271100550355, -0.02165441495934331, 0.013494995524317828], [2.9165283282538983, 0.43886757898348705, -0.4029956844432677, 0.1007404580936136, -0.0060002066657366075, -0.011287851554816614, 0.04849879372402263, 0.009357360590474541], [-0.6900061361668978, 1.491591046571214, 0.9695921928088341, -0.05532208971515178, -0.04432804951293816, -0.11080314597284363, -0.00980006219812922, -0.027696364174565245]], "cov": [[[38.37614516318917, -5.126786406550835, 5.83037871087669, -0.7204744987425051, -1.5884078921260485, -0.03718705085493842, 1.5650839747241367, 0.7858163599684334], [-5.126786406550834, 3.313255401548496, 1.3176284437171988, -0.8398928947923882, 0.7552583798506131, 0.24688709665356634, 0.7770601423919798, -0.2336742782118246], [5.830378710876689, 1.3176284437171983, 4.9642722984332295, -3.045472031576058, 0.6945426274708628, -0.21799790180695258, -0.6951076169896817, 0.12787338714783006], [-0.7204744987425049, -0.8398928947923882, -3.0454720315760584, 4.181710029361714, -0.8589212284709444, 0.19446162370936523, 1.6228654600672079, -0.026377137114042378], [-1.5884078921260483, 0.7552583798506131, 0.694542627470863, -0.8589212284709442, 1.997104150964677, 0.14207265970583868, -0.2291822548716727, 0.918524201677773], [-0.03718705085493843, 0.24688709665356634, -0.21799790180695253, 0.19446162370936515, 0.14207265970583868, 0.8417322203490277, 0.393746360966859, -0.7065328200209426], [1.5650839747241365, 0.7770601423919801, -0.6951076169896817, 1.6228654600672077, -0.22918225487167262, 0.393746360966859, 2.0221587427835885, -0.062089666466068], [0.7858163599684334, -0.23367427821182454, 0.12787338714783011, -0.02637713711404227, 0.9185242016777732, -0.7065328200209425, -0.062089666466067985, 3.2076205956154724]], [[295.95485591932413, 19.75580446540836, -58.9424585624242, 8.022922995895463, 42.8702179733433, 4.606011985648277, 13.207176486225464, -12.574890647409493], [19.75580446540836, 6.995060201404706, -3.0920141331249313, 1.131815706711295, 4.755988076174974, -0.16259344380163404, 1.921625294734267, -0.2698303990756017], [-58.9424585624242, -3.0920141331249313, 17.325754164446032, -2.8204891241062393, -9.339289671179007, -0.7452164803793554, -2.887511101160457, 1.9597097207717145], [8.022922995895463, 1.1318157067112953, -2.8204891241062393, 9.071659408313202, 0.22555598534769158, 0.6451718589447994, -0.04585385546913385, -0.9055721472201768], [42.87021797334331, 4.755988076174974, -9.339289671179008, 0.22555598534769172, 15.013280786718775, 0.15909408340907974, 2.401543112176856, -2.6197332810270133], [4.606011985648278, -0.16259344380163393, -0.7452164803793555, 0.6451718589447994, 0.15909408340907988, 7.134247533707055, -0.5571912156285174, -0.07255924708099662], [13.207176486225466, 1.9216252947342671, -2.887511101160457, -0.04585385546913391, 2.401543112176856, -0.5571912156285174, 3.756785070787808, -0.9214064368240176], [-12.574890647409493, -0.26983039907560186, 1.9597097207717145, -0.9055721472201768, -2.6197332810270124, -0.07255924708099663, -0.9214064368240173, 10.638865863742668]], [[79.33829440450373, 32.61090322061534, -25.457711454894053, -45.76708418153146, -16.997642171335976, 8.96396837789602, -0.11685544858680609, -2.553438406081486], [32.61090322061534, 23.14393241614002, -4.766954428376694, -22.27085337437437, -2.727221906105787, 2.2938533401641115, 4.179149252694129, 1.7988443100509917], [-25.457711454894053, -4.766954428376694, 15.010339099933242, 23.246857830839, 4.17998807933324, -1.9006868952683142, 1.936691733090251, 2.1883085467668097], [-45.767084181531445, -22.27085337437437, 23.246857830838998, 102.52813533484445, -8.303271615453783, 6.565205892281026, -6.98100991527048, -1.21906086439631], [-16.997642171335976, -2.7272219061057883, 4.17998807933324, -8.30327161545378, 55.149622387966176, 6.18557946983098, 6.371525152759939, -4.993350416290299], [8.96396837789602, 2.293853340164112, -1.9006868952683154, 6.5652058922810275, 6.185579469830982, 27.920263804026728, -3.3419840446300033, -3.4357993902249127], [-0.11685544858680573, 4.179149252694129, 1.936691733090251, -6.98100991527048, 6.371525152759939, -3.3419840446300033, 4.118609777507651, 0.3058018942875483], [-2.553438406081485, 1.798844310050992, 2.1883085467668097, -1.21906086439631, -4.993350416290299, -3.435799390224912, 0.3058018942875484, 15.07721918828327]], [[349.29183876236834, 0.2108341535210862, 25.907421722561047, 29.20031330615985, -4.401422041551055, -4.126587765713648, -17.525198049049596, -9.273575841406805], [0.2108341535210862, 1.1196001578083798, 0.28987808087548494, 0.02805936007434123, -1.369746615522375, 0.4217070806916951, 0.6473294096247455, 0.10756334266724346], [25.907421722561047, 0.28987808087548494, 3.8647681511810132, 2.0083843747532617, -1.1536963746964515, -0.9995136353780777, -2.4273025334445504, -0.4153829904737631], [29.200313306159853, 0.028059360074341257, 2.0083843747532617, 4.7440226844350475, -1.5708656443727622, -0.9921244339592453, -1.3441277980771058, -1.4146861038601972], [-4.401422041551055, -1.369746615522375, -1.1536963746964513, -1.5708656443727622, 2.8437226001312945, 0.2840932252220513, -0.3208911369046204, 0.05544050819501719], [-4.126587765713648, 0.4217070806916951, -0.9995136353780779, -0.9921244339592455, 0.2840932252220512, 3.008401080331394, 0.7840313789929765, 0.25110399209066253], [-17.525198049049596, 0.6473294096247455, -2.4273025334445504, -1.3441277980771058, -0.3208911369046204, 0.7840313789929765, 2.4379399920234768, 0.16673373416896725], [-9.273575841406805, 0.1075633426672434, -0.4153829904737632, -1.4146861038601972, 0.05544050819501719, 0.2511039920906625, 0.1667337341689672, 1.9804873684459294]], [[206.42180255598427, 47.183551553583996, -31.015751078553812, 21.767951668546313, -11.482204246968568, 20.11959519133903, 7.662896283020215, -0.7107207852835683], [47.18355155358399, 49.931112605745426, -31.756671660261393, 7.9076542975551405, -2.0615308468505176, 3.6570580362950054, -18.82022721650768, -3.2889378139046483], [-31.01575107855382, -31.756671660261386, 27.820371880623014, -4.009187655904284, 4.370478117408147, -3.6668715180064586, 14.751264544445437, 2.007276466512915], [21.767951668546313, 7.907654297555139, -4.009187655904283, 11.196978830764358, 0.364176556827347, 0.9068713993441074, -3.4658872781111505, -0.2241077836827467], [-11.482204246968568, -2.061530846850518, 4.370478117408147, 0.3641765568273469, 6.8794734362247985, -2.7196962910180966, -2.2222081948805954, -0.14806500285545118], [20.11959519133903, 3.6570580362950067, -3.6668715180064586, 0.9068713993441081, -2.7196962910180966, 9.031157498307994, 5.82368053643137, 3.3200663117855366e-05], [7.662896283020215, -18.82022721650768, 14.751264544445437, -3.465887278111151, -2.2222081948805963, 5.823680536431371, 28.321718434058173, 3.5645099829596107], [-0.7107207852835677, -3.2889378139046483, 2.0072764665129155, -0.2241077836827469, -0.14806500285545113, 3.3200663117832245e-05, 3.5645099829596107, 6.868540118565617]], [[29.043362981457616, 1.0824728194412296, -4.997214837487383, 1.4797689677909824, 2.3923904351016687, 2.1384410759741423, 3.6610211704732487, -3.8386682348054957], [1.0824728194412296, 14.734224048545334, -7.887665249043935, 