{"weights": [0.5720139623424821, 0.19795720613407136, 0.23002883152344658], "means": [[-2.10820125669275, -0.5242710027446664, 0.0401040858137654, -0.04144258276128673, 0.012319453802114407, -0.004960160262010998, -0.0063867846810607394, -0.006273708098887453], [4.022548717518828, -2.702843118753891, -0.043719854180748724, 0.05713730301160741, 0.0014585114161791608, 0.0071638512833741815, -0.018081278207192616, -0.005284342935022238], [1.822305043845606, 3.603008157236192, -0.04580268886947522, -0.004331020884646402, 0.009317556670620413, 0.006967140210162302, 0.0317460136165676, 0.02173823419589076]], "cov": [[[0.025756264300648833, -0.010052930009318811, 0.008635289415003496, -0.08645097063143875, 0.026273442545025075, -0.02538031670580407, -0.012706655559185686, 0.006240118353074846], [-0.01005293000931881, 0.03746219168193193, -0.01721544942186471, 0.058090438086059806, -0.04423451602247611, 0.00106474071061856, -0.0195611316726564, -0.003027049910229821], [0.008635289415003496, -0.01721544942186471, 0.021892861416307495, -0.10498532642410593, 0.03585342034214301, -0.014889575306565506, 0.014749500405100853, -0.006842869374380287], [-0.08645097063143874, 0.058090438086059806, -0.10498532642410593, 0.6827702422230097, -0.18596428852042415, 0.1429260373403603, -0.003255962619975339, 0.02697677749202554], [0.026273442545025078, -0.04423451602247612, 0.03585342034214302, -0.18596428852042418, 0.08626924467126984, -0.019556366957910794, 0.007282922384070273, -0.014583946081043301], [-0.02538031670580407, 0.0010647407106185573, -0.014889575306565506, 0.1429260373403603, -0.01955636695791079, 0.05565354671598238, 0.0023597645279518353, -0.01439022084951803], [-0.012706655559185686, -0.019561131672656402, 0.014749500405100854, -0.003255962619975339, 0.007282922384070273, 0.002359764527951833, 0.05222783104066139, 0.008067134190161985], [0.006240118353074846, -0.0030270499102298203, -0.006842869374380287, 0.026976777492025542, -0.014583946081043304, -0.014390220849518028, 0.008067134190161989, 0.025370759398345884]], [[0.47099041812987913, 0.1314259462681566, -0.0014569514328174034, -0.2698040052759705, -0.09373927942041885, 0.0682960831853471, -0.05828235766917175, -0.13029841694380362], [0.1314259462681566, 0.18455142558748414, 0.012477335824634818, 0.10536193604686145, 0.3124138405282725, 0.0006906114669246131, -0.07900544195396653, -0.062373189804222275], [-0.0014569514328174027, 0.012477335824634818, 0.01115922811788274, -0.05019571651153341, 0.028323524119197366, 0.04501551688180423, -0.01709748957534679, 0.012241619337421137], [-0.2698040052759705, 0.10536193604686143, -0.05019571651153341, 1.0830605074365312, 0.4664846419609012, -0.42523536942873047, 0.07129127375588754, -0.12751193385897322], [-0.09373927942041888, 0.3124138405282725, 0.02832352411919737, 0.46648464196090134, 0.9421628599842213, -0.016036956538421725, -0.19157751370445142, -0.0003787872897258043], [0.06829608318534712, 0.0006906114669246099, 0.04501551688180423, -0.4252353694287305, -0.01603695653842177, 0.33991853790979576, -0.10530029600691504, 0.0703677257414219], [-0.05828235766917174, -0.07900544195396653, -0.017097489575346788, 0.07129127375588754, -0.19157751370445142, -0.10530029600691503, 0.09597714871802746, 0.017809809550196287], [-0.1302984169438036, -0.062373189804222275, 0.012241619337421137, -0.12751193385897322, -0.00037878728972581073, 0.07036772574142192, 0.01780980955019629, 0.23462910135894688]], [[0.14719980025491727, -0.10805843571265619, 0.44886275917233553, 0.09943533027729357, 0.15153615971400128, 0.017664942529453494, 0.0257959464294583, 0.05076906259344344], [-0.10805843571265619, 0.20072751396817565, 0.16923244949698232, -0.08915355710502508, -0.1951324633058893, -0.02318991252489947, -0.022441776544428083, -0.046217580471006915], [0.44886275917233553, 0.1692324494969823, 5.179882957439321, 0.31453972453704726, -0.11558639936612264, 0.0004756019631994341, -0.02265167164846545, 0.008342835132261913], [0.09943533027729357, -0.08915355710502508, 0.31453972453704726, 0.13637658528938423, 0.058079493959341776, -0.0007762629680401411, -0.04634024356305568, 0.041569295779544296], [0.15153615971400125, -0.1951324633058893, -0.11558639936612264, 0.05807949395934177, 0.32657596440401376, 0.07781889699625134, 0.13883742058749293, 0.04073445680377933], [0.017664942529453487, -0.023189912524899464, 0.00047560196319943425, -0.0007762629680401433, 0.07781889699625134, 0.04924492858588269, 0.07905742586486078, -0.022855669008959776], [0.02579594642945831, -0.0224417765444281, -0.022651671648465446, -0.046340243563055675, 0.13883742058749293, 0.07905742586486078, 0.20827606382776584, -0.036526737106966516], [0.05076906259344343, -0.046217580471006915, 0.00834283513226191, 0.0415692957795443, 0.04073445680377933, -0.022855669008959772, -0.03652673710696652, 0.04787895066931293]]]}