,X,Y,Z,id,nugget
0,100.0,0.0,-825.0,78804253,1e-05
1,300.0,0.0,-805.0864865015598,78804253,1e-05
2,900.0,0.0,-825.0,78804253,1e-05
3,100.0,0.0,-845.0,39716320,1e-05
4,300.0,0.0,-856.7249425841599,39716320,1e-05
5,900.0,0.0,-845.0,39716320,1e-05
