{"weights": [0.17113923783867555, 0.16777409345586494, 0.28136543658497715, 0.1448182200198356, 0.1543611118847928, 0.0805419002158539], "means": [[-3.8148430911892683, 0.4306217633837078, 0.40114726689288077], [-1.148334229916489, 0.5380639957999194, 0.5412975536962756], [3.920860088216324, -0.4446553523206972, -0.10751096072428176], [2.7016813672908198, -0.033757150581123725, 0.20158331870903198], [0.6358132587012473, 1.4839987964841823, -1.005963912295551], [-6.86986126001954, -0.6490451107467262, -0.3058827911914663]], "cov": [[[188.34645279797672, 25.194356976973076, 30.101044372945207], [25.194356976973076, 4.546576567621198, 2.204181056551464], [30.101044372945207, 2.2041810565514646, 8.622605183067556]], [[454.6469514304643, -0.21834509723521092, 33.650180779989114], [-0.21834509723521092, 1.3565724356243236, -0.446746856156224], [33.650180779989114, -0.4467468561562239, 4.688294765255351]], [[44.99331462090783, -19.283145100580196, -16.18946964742777], [-19.283145100580196, 10.266247397121692, 5.724060065147696], [-16.18946964742777, 5.724060065147696, 7.318870151447531]], [[47.992112183965936, -14.515723995232483, -9.734283258897532], [-14.515723995232484, 4.875870051382213, 2.5333606267774296], [-9.734283258897534, 2.5333606267774296, 2.9199738627199454]], [[291.19360610289925, -19.958397874481943, -58.98548210843875], [-19.958397874481946, 2.184378456903993, 3.320973924968071], [-58.985482108438745, 3.32097392496807, 12.928930803173769]], [[0.5690440400304564, -0.48629480331437147, 0.9662026508224274], [-0.48629480331437147, 8.896017052639468, -6.389102208718072], [0.9662026508224274, -6.389102208718073, 5.656277651433396]]]}