{"entropy_prior_gmm": 0.0009597588643864887, "entropy_Mean_gmm": 0.001218463759869337, "entropy_z_nk_prior": 0.00127887914225473, "entropy_Mean_z_nk": 0.011713341270619371, "entropy_mixing_prior": 88.99072030499339, "entropy_Mean_mixing": 1.671694450794846}