{"MAP index": 139, "entropy_prior_gmm": 1.1512992384279826e-08, "entropy_MAP_gmm": 1.1588665138617671e-08, "entropy_z_nk_prior": 0.0010043481942180821, "entropy_MAP_z_nk": 0.00904656057494344, "entropy_mixing_prior": 53.75278407684164, "entropy_MAP_mixing": 1.6985823323811333}