,X,Y,Z,id,nugget
0,100.0,0.0,-825.0,23341838,1e-05
1,300.0,0.0,-696.356194366874,23341838,1e-05
2,900.0,0.0,-825.0,23341838,1e-05
3,100.0,0.0,-844.9999999999999,39576086,1e-05
4,300.0,0.0,-968.809616220831,39576086,1e-05
5,900.0,0.0,-844.9999999999999,39576086,1e-05
