{"weights": [0.17112196851951791, 0.16780991219353047, 0.3019443027238607, 0.12422501638085014, 0.15435808763471748, 0.08054071254752335], "means": [[3.805339327327756, 0.4325730052302514, -0.40210788652867246, 0.14823029855484715, -0.03666384439805498, 0.016694250071092983, 0.10409789176108371, 0.004572140130347716], [-0.6808779626088171, 1.480994141939289, 1.0147577530698235, -0.007970067549053435, 0.003057594499226558, 0.0020191333703820486, -0.005533584970304882, -0.0024531087270458093], [-3.9152925283513125, -0.4437827250280842, 0.1050971816707709, 0.026356041436778156, 0.025908091888512487, -0.0004610753698911964, 0.009434651063967433, 0.005267309491668505], [1.102533116095576, 0.5384056332186696, -0.5449217274298673, 0.003938040886947579, 0.048701135868218504, -0.012313544072633527, -0.04409075564204091, 0.005724400085166869], [-2.6985074437184027, -0.032467571145181465, -0.2023243460875314, -0.09915935098260323, -0.10032814201970819, 0.007169796996817286, -0.00813508276888127, -0.019827031712487224], [6.870138394285355, -0.6477813419409701, 0.30718974780554215, -0.04274228325505867, -0.0018639344337852012, -0.0008669826194348703, -0.012272873667429011, -0.0008756663714203978]], "cov": [[[1.000000120210419e-08, -1.6126993600969206e-16, 1.8494844621030354e-16, -2.819621747590789e-17, -4.6290101433807355e-17, -3.0294700987657114e-19, 4.209394069904872e-17, 2.3813511922259395e-17], [-1.6126993608043932e-16, 1.0000000051916774e-08, 6.693823274902795e-18, -2.326741102275405e-17, 3.619923182812264e-18, -5.7716686077476975e-18, -1.874962915023479e-17, -4.583830037612639e-18], [1.8494844628523895e-16, 6.69382338540172e-18, 1.0000000108449301e-08, -6.161363480492114e-17, -6.310012781986665e-18, -1.620455219562267e-17, -1.1262216961315637e-17, 1.139395794565423e-17], [-2.819621743254548e-17, -2.326741097827576e-17, -6.161363492340867e-17, 1.0000000069218568e-08, -2.827335701309661e-17, -2.5400910481730617e-18, 1.6803716935066753e-17, -4.888538687304497e-18], [-4.6290101397255324e-17, 3.619923750829018e-18, -6.3100123534432505e-18, -2.8273356930617647e-17, 1.0000000074270329e-08, 3.6268336938396245e-17, -9.370436972301683e-18, -1.7081439048967086e-17], [-3.0294698155257995e-19, -5.771668641799951e-18, -1.6204552363110046e-17, -2.5400911551542015e-18, 3.6268337165778394e-17, 1.0000000025489318e-08, 4.997218172542752e-18, -1.524746894168728e-17], [4.209394078410554e-17, -1.874962916246348e-17, -1.1262216315797212e-17, 1.6803716888445258e-17, -9.3704371557182e-18, 4.997218331428094e-18, 1.0000000020668105e-08, -6.252069198511163e-18], [2.3813511881686584e-17, -4.583829715105466e-18, 1.1393958000239042e-17, -4.888538580772034e-18, -1.7081439380485158e-17, -1.5247468977696147e-17, -6.2520689512423615e-18, 1.0000000016466352e-08]], [[1.0000001906715541e-08, 1.212878875407448e-16, -3.824065450281266e-16, 5.867624648552301e-17, 2.68794246982417e-16, 3.3379020608128524e-17, 7.869932020706975e-17, -6.07071219688865e-17], [1.2128788752304098e-16, 1.0000000039046942e-08, -3.6250264981764844e-17, -6.143853629223226e-18, 3.790395775461943e-17, -6.195904896288208e-19, 2.823593331431404e-17, -3.6338578894153255e-17], [-3.8240654498834583e-16, -3.6250265129281254e-17, 1.0000000108955756e-08, -1.1519608433267276e-17, -3.4712560670123795e-17, -1.8058051292828624e-17, -3.451370679872025e-17, 8.19992895213877e-20], [5.867624654534696e-17, -6.1438538629574845e-18, -1.1519608390302794e-17, 1.000000003626582e-08, -1.1935636532622045e-17, 7.879240608462785e-18, -1.1770301016811044e-17, 3.213942581703384e-17], [2.6879424705224866e-16, 3.79039579966403e-17, -3.4712560965596165e-17, -1.1935636208501631e-17, 1.0000000149288725e-08, -3.215321951284907e-17, 1.930617727429533e-17, -1.2203940454385766e-16], [3.3379020564563964e-17, -6.195904174450314e-19, -1.8058051217530362e-17, 7.879240499089305e-18, -3.215321953524059e-17, 1.000000001444483e-08, 4.219039037526291e-18, 3.268135989382639e-17], [7.869932012855086e-17, 2.82359339307919e-17, -3.4513707166492607e-17, -1.1770301197586044e-17, 1.9306177109858825e-17, 4.219039112893914e-18, 1.0000000035126708e-08, -3.143156361936833e-17], [-6.070712194673649e-17, -3.633857898009734e-17, 8.199920243329238e-20, 3.2139425815017236e-17, -1.2203940466273282e-16, 3.268136005129683e-17, -3.143156352557207e-17, 1.0000000183625775e-08]], [[1.0000001270939961e-08, 4.817802455364622e-16, -4.706940779574803e-16, -1.1389789379618611e-15, -2.8894200276824604e-16, 1.1140906480352408e-18, 1.7369327533501256e-17, 2.452106927782464e-17], [4.817802455250556e-16, 1.0000000318934386e-08, -1.4487746895357173e-16, -5.6736331909802e-16, -1.3376476003285742e-16, 4.9289742997894126e-17, 3.2900774167434134e-17, -4.8176468794780006e-17], [-4.70694077656249e-16, -1.4487746947596684e-16, 1.0000000285326088e-08, 4.3673382816292335e-16, 2.8676939885058634e-17, 3.846045966928903e-17, 9.28513418108344e-18, -5.749269853516123e-17], [-1.1389789371055283e-15, -5.673633187046778e-16, 4.367338280949231e-16, 1.0000001654071815e-08, -9.96515590066655e-17, -3.359228427713637e-17, -1.1617669429795723e-16, 3.141138737062371e-17], [-2.889420023666197e-16, -1.3376476016850252e-16, 2.867694006110827e-17, -9.965155858761439e-17, 1.0000000426745605e-08, -6.768515547751328e-17, 3.5018966180637995e-17, 1.8383828180815438e-17], [1.1140904308841874e-18, 4.92897427729975e-17, 3.8460459453181765e-17, -3.359228434147083e-17, -6.768515561755672e-17, 1.0000000076509906e-08, 1.243762268050865e-17, 2.843370244305829e-17], [1.7369327929150384e-17, 3.290077383570841e-17, 9.285134402502215e-18, -1.1617669433950878e-16, 3.501896638552696e-17, 1.2437622658477714e-17, 1.0000000078253033e-08, -3.919662268608329e-17], [2.452106928251587e-17, -4.817646904180983e-17, -5.749269856899525e-17, 3.141138709723321e-17, 1.838382793981913e-17, 2.843370322626525e-17, -3.919662267900967e-17, 1.0000000216787335e-08]], [[1.0000294334064452e-08, 1.6647817410333137e-16, 2.197507175087893e-14, 2.475532552896555e-14, -3.819339814096351e-15, -3.611150437230739e-15, -1.4880234770051802e-14, -7.858304612718833e-15], [1.6647817405903875e-16, 1.0000000115646912e-08, 4.619485125993567e-17, 8.923398100117003e-17, -1.5687536850833282e-16, -4.446726599156469e-17, 1.4262606326093796e-17, 6.744294558942469e-18], [2.197507175098285e-14, 4.619485110880849e-17, 1.0000001793400992e-08, 1.9366639262046725e-15, -4.193538406990715e-16, -3.1505306773803173e-16, -1.1502575696388637e-15, -5.919683403597219e-16], [2.4755325529048975e-14, 8.923398055966153e-17, 1.936663926365313e-15, 1.0000002302894228e-08, -5.450872010095264e-16, -3.965278035295709e-16, -1.2391367355499105e-15, -7.444126709777726e-16], [-3.81933981408662e-15, -1.5687536855310936e-16, -4.1935384118893985e-16, -5.450872018355771e-16, 1.0000000452902015e-08, 1.8362995931563345e-16, 1.5349648122319924e-16, 1.277255682340718e-16], [-3.6111504372529996e-15, -4.4467266004456256e-17, -3.1505306864635093e-16, -3.9652780352553407e-16, 1.8362995932670637e-16, 1.0000000260405766e-08, 1.6769018061166836e-16, 7.777233122025631e-17], [-1.4880234770118805e-14, 1.4262606409475414e-17, -1.150257568994745e-15, -1.2391367358028735e-15, 1.5349648152515658e-16, 1.6769018040475493e-16, 1.0000000865749543e-08, 4.202836368729431e-16], [-7.858304612746138e-15, 6.7442945063168584e-18, -5.919683406554154e-16, -7.444126710980451e-16, 1.2772556849877378e-16, 7.777233115554972e-17, 4.202836367437677e-16, 1.0000000286935065e-08]], [[1.0000000032221418e-08, -3.5130501253719774e-17, 1.6674081428453208e-17, -1.3457796066850906e-17, -6.917330578461608e-18, 1.7641036984172542e-18, 2.016962184429448e-17, 4.794163473541755e-18], [-3.5130501529541446e-17, 1.0000000115714859e-08, -1.994236265643807e-17, 3.297919297092321e-17, 2.6477135237519765e-17, -1.0479351802058797e-17, -3.510450169081845e-17, 7.126900721886166e-18], [1.6674081523090182e-17, -1.9942362656245945e-17, 1.0000000078774587e-08, 1.0925591899977753e-17, 3.497498465997226e-18, 1.2745267977860124e-17, 5.2581795578554143e-17, 1.4322220897540006e-17], 