{"weights": [0.2578503391601607, 0.2938743258994286, 0.2350252084605935, 0.21325012647981725], "means": [[-1.9985255291195763, -0.5994850291875928, 0.1455825833638064, -0.6546322019741025, 0.20567975159685428, -0.12202806277591696, 0.008651062427739319, -0.022233237321159963], [-2.181547401005832, -0.44421753131913533, -0.05225311082639734, 0.4389912102735299, -0.16528650399431483, 0.06713456383491427, -0.034138875088877314, 0.014026498182808243], [3.306114943050559, -2.065724913447212, 0.21116000626647863, 0.21202695934263488, 0.003484531502107196, 0.050210137675881276, 0.014921175269597558, 0.0027320835058346118], [1.779135656187892, 3.6136858945529644, -0.3367435061007108, -0.04709395101081769, -0.024760062729406656, -0.0003038469092078305, 0.0201407017444962, 0.00454260734184512]], "cov": [[[0.011181843725994428, -0.003099567031215332, -0.007068491743125162, 0.010026385311386892, -0.0015184015164010948, -0.005980226746459208, -0.014476481115058823, 0.011201421523875824], [-0.003099567031215332, 0.027641806919423598, -0.008032605888658815, 0.004693189239406565, -0.021299402252818407, -0.006172428827411939, -0.018370004186631126, -0.007288562430767595], [-0.007068491743125162, -0.008032605888658815, 0.008981807291345432, -0.011512764040737547, 0.010203791466418616, 0.007371793740198826, 0.01761207631118473, -0.006828217180725639], [0.010026385311386892, 0.004693189239406565, -0.011512764040737547, 0.020312047344298468, -0.011514873202806277, -0.011333178062999508, -0.017641506544048356, 0.01459623007376302], [-0.0015184015164010948, -0.021299402252818407, 0.010203791466418616, -0.011514873202806277, 0.028830015482579772, 0.014481259880217959, 0.011450125945991124, -0.009579193002317634], [-0.005980226746459208, -0.006172428827411939, 0.007371793740198826, -0.011333178062999508, 0.014481259880217959, 0.016532150387409395, 0.003530907098182995, -0.016880344700013674], [-0.014476481115058823, -0.018370004186631126, 0.01761207631118473, -0.017641506544048356, 0.011450125945991124, 0.003530907098182995, 0.050757769792532305, 0.0016424630931202709], [0.011201421523875824, -0.007288562430767595, -0.006828217180725639, 0.01459623007376302, -0.009579193002317634, -0.016880344700013674, 0.0016424630931202709, 0.02726411219060266]], [[0.08954795707156686, -0.02854844970509076, 0.0055732135500893435, -0.06884207332499999, 0.023011024894513548, -0.017664266518595092, -0.012155436609810994, 0.008532923052424632], [-0.02854844970509076, 0.037818682036914235, -0.0134088575184144, 0.05062320205759546, -0.0362156111303582, 0.003810239183016354, -0.016626173342776378, -0.004981224854186362], [0.0055732135500893435, -0.0134088575184144, 0.014176917194988994, -0.07781042973619817, 0.02599336470715901, -0.013293477062431487, 0.00865516311100205, -0.003297877187714246], [-0.06884207332499999, 0.05062320205759546, -0.07781042973619817, 0.5864644205556547, -0.1554798399433084, 0.12685140170200812, 0.017024615478648867, 0.02660042283138502], [0.023011024894513548, -0.0362156111303582, 0.02599336470715901, -0.1554798399433084, 0.07077170538181687, -0.020309122491806567, -0.0011850737692036242, -0.011105949784133743], [-0.017664266518595092, 0.003810239183016354, -0.013293477062431487, 0.12685140170200812, -0.020309122491806567, 0.04908113787276172, -0.001078062307245804, -0.012701598010877288], [-0.012155436609810994, -0.016626173342776378, 0.00865516311100205, 0.017024615478648867, -0.0011850737692036242, -0.001078062307245804, 0.04926878118372584, 0.01622431310935156], [0.008532923052424632, -0.004981224854186362, -0.003297877187714246, 0.02660042283138502, -0.011105949784133743, -0.012701598010877288, 0.01622431310935156, 0.024525649023561302]], [[3.769213141598432, -1.4184380021232357, -0.26786002536896664, -0.8326553582238242, -0.07309403072937408, -0.22544395087295044, -0.1360876614543667, -0.06346530625664078], [-1.4184380021232357, 2.9828604883539938, 1.431440922916489, 0.38703590101081153, 0.30517576835082594, 0.06866341249454697, -0.005465821816207261, -0.00770270546146021], [-0.26786002536896664, 1.431440922916489, 0.8259926642806603, 0.0213350250867044, 0.06087557157161606, 0.025742412862254614, 0.00463174591826881, 0.03937381842134589], [-0.8326553582238242, 0.38703590101081153, 0.0213350250867044, 1.0238871743546665, 0.4502961892238019, -0.269282592215159, 0.07309134608030994, -0.08330533317260864], [-0.07309403072937408, 0.30517576835082594, 0.06087557157161606, 0.4502961892238019, 0.8388968028942342, -0.004696616981604372, -0.134562808207091, 0.03429090266610976], [-0.22544395087295044, 0.06866341249454697, 0.025742412862254614, -0.269282592215159, -0.004696616981604372, 0.29630590610048463, -0.07343044168255886, 0.05439759419181191], [-0.1360876614543667, -0.005465821816207261, 0.00463174591826881, 0.07309134608030994, -0.134562808207091, -0.07343044168255886, 0.08458048599340809, 0.0171563241123971], [-0.06346530625664078, -0.00770270546146021, 0.03937381842134589, -0.08330533317260864, 0.03429090266610976, 0.05439759419181191, 0.0171563241123971, 0.19527069275316225]], [[0.10001802901329773, -0.0801075341568349, 0.32049684415776286, 0.04947736538140355, 0.08215813724641068, 0.004574583252616338, 0.012310053652131678, 0.015047361872684685], [-0.0801075341568349, 0.2373566072489022, 0.2217492055078403, -0.054882914393770084, -0.11535999936439324, -0.005409226985407883, -0.0022914980968932437, 0.0064415577348795735], [0.32049684415776286, 0.2217492055078403, 4.244752065424648, 0.17928004182393806, -0.17250690811970829, -0.004437546596177548, -0.03899907528591223, -0.024775643298917575], [0.04947736538140355, -0.054882914393770084, 0.17928004182393806, 0.0880730063047044, -0.007273777608500323, -0.013279784558829015, -0.05772256941275999, 0.010996779126138105], [0.08215813724641068, -0.11535999936439324, -0.17250690811970829, -0.007273777608500323, 0.22264535668068783, 0.061093037645434944, 0.1266051863116033, -0.0020786890761194114], [0.004574583252616338, -0.005409226985407883, -0.004437546596177548, -0.013279784558829015, 0.061093037645434944, 0.04704515662076791, 0.08176002277736066, -0.026765632951335393], [0.012310053652131678, -0.0022914980968932437, -0.03899907528591223, -0.05772256941275999, 0.1266051863116033, 0.08176002277736066, 0.2071517448528517, -0.04249639836650374], [0.015047361872684685, 0.0064415577348795735, -0.024775643298917575, 0.010996779126138105, -0.0020786890761194114, -0.026765632951335393, -0.04249639836650374, 0.036964243170958616]]]}