{"MAP index": 27, "entropy_prior_gmm": 0.0008925289686521987, "entropy_MAP_gmm": 0.008696243166923523, "entropy_z_nk_prior": 0.00127887914225473, "entropy_MAP_z_nk": 0.005318311873160445, "entropy_mixing_prior": 88.99072030499339, "entropy_MAP_mixing": 1.6590128965283442}