{"weights": [0.17114010289307202, 0.16779037845591613, 0.3483251230485737, 0.0778501862480431, 0.15435418396050413, 0.08054002539389093], "means": [[-3.7491419102023515, 0.4446836717667602, 0.3981659696558834], [-1.116810017556646, 0.538461808320808, 0.5422397138356019], [3.946559519317336, -0.44630106513764106, -0.12226284022186754], [2.6916783152804653, -0.03090351096225486, 0.2014715042230595], [0.774042161627567, 1.4718219194864968, -1.0288183216629785], [-6.86777409224546, -0.6514317847900454, -0.2980709462642087]], "cov": [[[125.21000786653869, 16.753068588119703, 19.972891580881345], [16.753068588119703, 3.172528000967499, 1.311176054439974], [19.972891580881345, 1.3111760544399735, 6.087484420527106]], [[369.0682811874493, -0.17996032361354078, 27.282157014131624], [-0.17996032361354075, 1.6372826387399293, -0.32215849765072], [27.282157014131624, -0.32215849765072013, 4.260949354992188]], [[42.910159389562004, -18.40429275225675, -15.441470666123701], [-18.40429275225675, 9.723980132080712, 5.509427169116435], [-15.4414706661237, 5.509427169116436, 6.921294517578994]], [[40.52869214188798, -12.242362314747869, -8.21012220850247], [-12.24236231474787, 4.160490106732862, 2.143488626412847], [-8.21012220850247, 2.143488626412847, 2.503526385731288]], [[346.4188749746785, -23.743188817072465, -70.18046580744158], [-23.743188817072465, 2.5550088732274476, 3.9677337720758], [-70.18046580744158, 3.9677337720757984, 15.335989312830016]], [[0.6377325773477275, -0.3997683623405173, 0.9994466157254732], [-0.39976836234051727, 8.581937206742017, -6.0558740051177455], [0.9994466157254732, -6.0558740051177455, 5.495553326355604]]]}