{"weights": [0.09439415567739386, 0.17800526265751287, 0.3195079311720208, 0.15789037981471074, 0.10717016505941486, 0.1430321056189469], "means": [[3.8456987535470915, 0.44608754561969155, -0.3637839381854761, 0.12907347309783088, -0.03287727391433565, -0.0870602282088151, 0.06756142919348254, -0.017240257239600286], [0.9771607384677683, 0.553637273920587, -0.54159288034037, -0.01719760984941025, 0.0532828373354298, 0.028257135021618494, -0.015546391141496096, 0.022800097987608934], [-3.8815347816420123, -0.42290945550200126, 0.07992855759132471, -0.03499929286780121, 0.03960816765399099, -0.007963736224663287, 0.012332106782068367, 0.0058301119518803434], [-2.646552276893909, -0.010758235196656007, -0.2101520252091201, -0.08413326151874424, -0.11377918804227156, -0.0069829231900011765, -0.018230709018226095, -0.007963752106012748], [-0.894719984868516, 1.4285100979421197, 1.0980191349250834, -0.02270973988069872, -0.012328225586110802, 0.001879973736992941, -0.012422937838289346, 0.015995363256339747], [6.848103256375098, -0.6319525371787859, 0.29860299599560136, -0.0428797127043143, -0.002373366815087101, 0.0002302553285619505, 0.0014536219485652326, 0.003673276241696353]], "cov": [[[0.11975598678541124, -0.013913098165518658, 0.021396532207642566, -0.005755708822160728, -0.004384437745600107, 0.0002538979330611021, 0.006704210249127898, 0.0004151080964462241], [-0.013913098165518658, 0.0031534013246107425, 0.00022308304001735527, -0.001655347275003946, 0.0019481377306681635, 0.00037410441859786074, -0.0011904860248607785, -0.00042154484079276027], [0.021396532207642562, 0.00022308304001735537, 0.009138143856100957, -0.005332504570501758, 0.0013967087021140117, 0.0009756426318876626, 0.00019261057292826618, -0.0004293564080528675], [-0.005755708822160728, -0.0016553472750039462, -0.005332504570501758, 0.004603897646160263, -0.002572376792808787, -0.0008847215925216484, 0.0005448272325661021, 0.000941539537552451], [-0.004384437745600107, 0.0019481377306681635, 0.0013967087021140114, -0.002572376792808787, 0.003567066952679445, 0.0001092253698671697, -0.0007494793936950399, -0.001316776018374968], [0.00025389793306110207, 0.0003741044185978608, 0.0009756426318876627, -0.0008847215925216485, 0.00010922536986716967, 0.0010806338170366735, 0.00015763780771899544, -0.0005073907230933303], [0.0067042102491278975, -0.0011904860248607785, 0.00019261057292826618, 0.0005448272325661021, -0.0007494793936950398, 0.00015763780771899542, 0.0008813151195281184, 3.157149259064444e-05], [0.0004151080964462241, -0.00042154484079276027, -0.00042935640805286747, 0.000941539537552451, -0.001316776018374968, -0.0005073907230933301, 3.1571492590644455e-05, 0.0010596824429225794]], [[0.3549048128144649, 0.004082902585168881, 0.032752233452328326, 0.03240356397166452, -0.01494595642234349, 0.02344567315564528, -0.01189478799807458, -0.002922303218081922], [0.004082902585168881, 0.0019178342926609133, 0.0010680825367769017, -4.575556584579801e-05, -0.0021094813462839423, -0.0018809302759895336, -0.00037634893878190246, 0.00021764053862668734], [0.03275223345232832, 0.0010680825367769017, 0.005314378699413206, 0.0033069297976657352, -0.0027752562356114945, 0.0032664277858977086, -0.001356782395170807, 0.00010851113537388572], [0.032403563971664516, -4.575556584579804e-05, 0.0033069297976657352, 0.005749266966802381, -0.002809373877529665, 0.0031343757721975308, -0.0016157176406722438, -0.0011426318962014276], [-0.014945956422343488, -0.0021094813462839428, -0.0027752562356114945, -0.002809373877529665, 0.005162638291304491, 0.0003998703802011534, 0.0006917413453071007, 0.0005196487430889303], [0.02344567315564528, -0.0018809302759895336, 0.003266427785897709, 0.003134375772197531, 0.00039987038020115336, 0.007322589884902241, 0.0007725615181948319, -0.000485299277307168], [-0.01189478799807458, -0.00037634893878190257, -0.0013567823951708075, -0.0016157176406722438, 0.0006917413453071008, 0.0007725615181948319, 0.002258540633674885, 0.00018450153414900346], [-0.002922303218081922, 0.0002176405386266874, 0.00010851113537388562, -0.0011426318962014276, 0.0005196487430889303, -0.000485299277307168, 0.00018450153414900349, 0.0015686025546997058]], [[0.041520957113284025, 0.017052022666509653, -0.014872542787842597, -0.036344688990944084, -0.007642580320670002, -0.0010490477117800633, 0.00030524712554426875, 0.0005024614320789737], [0.017052022666509653, 0.00865956656910392, -0.004990971348708595, -0.0154244029169339, -0.002728298716050156, -0.0007603947094940463, 0.0010558291499102122, 5.875157499748845e-05], [-0.014872542787842597, -0.004990971348708595, 0.006687828673608997, 0.015146375907148932, 0.0013039215893260988, 0.00029994288968146206, 0.00019583141667009888, 4.368007877535043e-05], [-0.036344688990944084, -0.0154244029169339, 0.01514637590714893, 0.04920594848951758, -0.002123395391455658, 0.0013937902581204903, -0.0016197868773828604, 0.0010765980104516066], [-0.007642580320670002, -0.002728298716050156, 0.0013039215893260985, -0.002123395391455658, 0.012835425759805024, -0.0003415555632398083, 0.0010532213908469752, -0.0013712446564444092], [-0.0010490477117800633, -0.0007603947094940465, 0.00029994288968146206, 0.0013937902581204905, -0.0003415555632398083, 0.0022042801292946695, 0.0013254091174562455, -0.0006939581716989766], [0.00030524712554426886, 0.0010558291499102122, 0.00019583141667009875, -0.0016197868773828604, 0.0010532213908469755, 0.0013254091174562455, 0.0021508494595692666, -0.0002598720228469343], [0.0005024614320789737, 5.8751574997488446e-05, 4.3680078775350435e-05, 0.0010765980104516066, -0.001371244656444409, -0.0006939581716989765, -0.0002598720228469343, 0.0038460036942442647]], [[0.036953850489017843, 0.011552345074644211, -0.007673884429209756, 0.005368319500344685, -0.003299764945229023, -0.002326800999318059, -0.0014131271930732233, -0.004296602755719828], [0.011552345074644211, 0.00391191972041633, -0.0021306015360810166, 0.0015807831267256574, -0.0015091206552881116, -0.0004386227567563883, -5.161596865240081e-05, -0.001258403693814633], [-0.007673884429209756, -0.0021306015360810166, 0.002564678567257864, -0.0015348907542547569, 0.0004854613574700644, 0.0009040619911142674, 2.381150106164735e-05, 0.0011296092661892737], [0.005368319500344685, 0.0015807831267256574, -0.001534890754254757, 0.001487703088951737, -0.0008631969918705879, -0.0005593571125384903, -0.00014778467376945625, -0.0011225642745903476], [-0.0032997649452290233, -0.0015091206552881116, 0.0004854613574700644, -0.0008631969918705879, 0.002351345968092149, -0.0007240848425795163, -0.0012507240010619957, 0.000792189715395243], [-0.0023268009993180584, -0.00043862275675638824, 0.0009040619911142673, -0.0005593571125384903, -0.0007240848425795163, 0.0014839625858552455, 0.0013475438500710796, 0.0001917597287092325], [-0.0014131271930732236, -5.161596865240081e-05, 2.38115010616473e-05, -0.00014778467376945622, -0.0012507240010619957, 0.0013475438500710796, 0.002213737604492778, 0.00026733791702340397], [-0.004296602755719828, -0.0012584036938146329, 0.0011296092661892735, -0.0011225642745903471, 0.000792189715395243, 0.00019175972870923247, 0.000267337917023404, 0.0025235510137265895]], [[0.20928545980637014, 0.01382943346886722, -0.040153637894568515, 0.010797457647058108, 0.020967061811516353, -0.00916373961879163, 0.0006535913157204599, -0.0035396504547791975], [0.01382943346886722, 0.0011814362009206724, -0.0022465155222692735, 0.000776591913230868, 0.0013786875235998726, -0.00025271293364764486, 0.00019418222861692454, -0.0007221826573793027], [-0.040153637894568515, -0.002246515522269273, 0.008450443020156939, -0.0019492211815285972, -0.004091386067697346, 0.002033666033611491, -0.00011329166700579699, -1.0369241223829943e-05], [0.01079745764705811, 0.000776591913230868, -0.0019492211815285976, 0.0012187312755745812, 0.0003776076221703847, -0.0002587025868098173, 0.00012030492130437223, -0.0006884993670137613], [0.020967061811516353, 0.0013786875235998726, 