{"accuracy_init": 0.7722222208976746, "accuracy_final_MAP": 0.9333333373069763, "accuracy_final_mean": 0.9388889074325562}