{"weights": [0.11193511276110364, 0.19790305219556706, 0.3362187556063341, 0.11901694925918678, 0.08504540664129683, 0.14988072353651163], "means": [[-3.859012197633671, 0.41840500266106423, 0.4019989432433043], [-1.0541782566973663, 0.5373182758647148, 0.5441999884555082], [3.9317508443835134, -0.45345575839113533, -0.10986369892693398], [2.7268897213399206, -0.042688419275486264, 0.2021218430443142], [0.6361163964292231, 1.4799781712632922, -0.999316189819306], [-6.869270357991653, -0.6401132314621069, -0.3126748018545623]], "cov": [[[0.20270898164279827, 0.027135400971815334, 0.032379364130751105], [0.027135400971815337, 0.004918739056024356, 0.002224646812955168], [0.032379364130751105, 0.002224646812955168, 0.009506962006212004]], [[0.44158794843385735, -0.0002237135715469701, 0.03269305134592021], [-0.0002237135715469701, 0.0014873307786344688, -0.00022119694622910234], [0.0326930513459202, -0.00022119694622910245, 0.004312012450522324]], [[0.039469249484663224, -0.016839722479174934, -0.01422248755655211], [-0.016839722479174934, 0.009491020636583055, 0.004614768684938892], [-0.014222487556552109, 0.004614768684938892, 0.006831105720150259]], [[0.04324694623895667, -0.013080052436502326, -0.008764525623293239], [-0.013080052436502324, 0.004494128671633257, 0.002134448248087743], [-0.008764525623293237, 0.002134448248087743, 0.0028914495274625462]], [[0.2711192839972244, -0.018600555683464828, -0.05490011985823838], [-0.01860055568346483, 0.0021498113863403214, 0.002963261108870824], [-0.05490011985823839, 0.002963261108870824, 0.012171938581094508]], [[0.0005428808883287066, -0.0004600046792875578, 0.000934220980823005], [-0.0004600046792875579, 0.008528157824605318, -0.006123023156617493], [0.000934220980823005, -0.006123023156617492, 0.0054217983089424535]]]}