{"MAP index": 148, "entropy_prior_gmm": 1.1512925464970228e-08, "entropy_MAP_gmm": 1.1512924835699323e-08, "entropy_z_nk_prior": 9.616358581884957e-06, "entropy_MAP_z_nk": 9.173806752856945e-08, "entropy_mixing_prior": 88.99072030499339, "entropy_MAP_mixing": 1.7135301088856696}