{"weights": [0.08715228734476356, 0.1913712025881223, 0.32546127410873393, 0.14433738360938694, 0.08053691275167785, 0.1711409395973154], "means": [[-3.805973274863967, 0.43248006866491473, 0.4020448565368049], [-1.1036007387080982, 0.5383948457289572, 0.5448787539976051], [3.9153431612613345, -0.4438029808149324, -0.10511210137264713], [2.698748048396588, -0.03254181597827447, 0.20226836298526452], [0.6808779774036897, 1.4809941378876967, -1.0147577476136884], [-6.870138391021983, -0.6477813436909956, -0.3071897529774329]], "covariances": [[[0.16796856230097637, 0.022446050658997893, 0.026851873108961238], [0.022446050658997893, 0.004073419086710607, 0.0020875621858625344], [0.026851873108961238, 0.0020875621858625344, 0.007540853606076256]], [[0.424472884422763, -0.0002048099852448106, 0.03141079520592893], [-0.0002048099852448107, 0.0013749276009274072, -0.00040343446548218127], [0.03141079520592893, -0.00040343446548218127, 0.004458623644372439]], [[0.04330752007023689, -0.018523310251373364, -0.015551087004343126], [-0.018523310251373364, 0.009946980259419074, 0.005500565956126882], [-0.015551087004343121, 0.005500565956126882, 0.0071162026566339]], [[0.043492289398657014, -0.01312325030780292, -0.008799257445071424], [-0.01312325030780292, 0.004527625964528686, 0.0022669110717784113], [-0.008799257445071424, 0.0022669110717784113, 0.0027844870917072043]], [[0.2525445433544265, -0.01730803435556314, -0.0511349026612853], [-0.01730803435556314, 0.002006108474318435, 0.0028478499692622195], [-0.0511349026612853, 0.0028478499692622195, 0.01132593211455791]], [[0.00061902148430538, -0.00044804839199937804, 0.0008776252233916972], [-0.00044804839199937804, 0.008223673364211362, -0.005837306932149608], [0.0008776252233916972, -0.005837306932149608, 0.005264692322936374]]]}