{"entropy_prior_gmm": 4.6051701859880925e-09, "entropy_Mean_gmm": 0.01304803229868412, "entropy_z_nk_prior": 0.060316246767939175, "entropy_Mean_z_nk": 0.12486131015392062, "entropy_mixing_prior": 85.69175851611257, "entropy_Mean_mixing": 0.9244234830346327}