,X,Y,Z,id,nugget
0,100.0,0.0,-825.0,60868164,1e-05
1,300.0,0.0,-808.5103174419481,60868164,1e-05
2,900.0,0.0,-825.0,60868164,1e-05
3,100.0,0.0,-844.9999999999999,93840598,1e-05
4,300.0,0.0,-825.4790922711396,93840598,1e-05
5,900.0,0.0,-844.9999999999999,93840598,1e-05
