{"weights": [0.2043475901087345, 0.6215409058914739, 0.1741115039997915], "means": [[-1.9897725013869938, -0.6209887927775115, 0.14654365339148406, -0.6537006471948931, 0.22430864603464173, -0.10593574035145896, 0.0009894794935491997, -0.02365652096789358], [0.16976927628857358, -0.7988228967286191, 0.2179527778596905, 0.23617524548086952, -0.07044708478107653, 0.03652592257087941, -0.003558481288715048, 0.005060451116131855], [1.7292749693695209, 3.5804565226713594, -0.9500372210267789, -0.07587335595320673, -0.011780877876345146, -0.006057277846627473, 0.011541706823803162, 0.009699966058576726]], "cov": [[[0.013140278613690489, -0.00286112102138399, -0.008579549554621894, 0.012198838448191827, -0.002747288827149677, -0.007744449077675468, -0.016901715483163413, 0.013612044912506461], [-0.00286112102138399, 0.02806409726099958, -0.008679043543106165, 0.005695198743849566, -0.021659027832608257, -0.005345583010814685, -0.0203447128648874, -0.007819906348670533], [-0.008579549554621894, -0.008679043543106165, 0.010498557967066077, -0.013771750451848582, 0.011609327640720838, 0.008497757545050723, 0.020375746358173494, -0.008455395213170272], [0.012198838448191827, 0.005695198743849566, -0.013771750451848582, 0.024018105950347254, -0.013604554362006268, -0.013128169191252185, -0.02164749464104731, 0.01704045038943744], [-0.002747288827149677, -0.021659027832608257, 0.011609327640720838, -0.013604554362006268, 0.03103734602289726, 0.014753268945406246, 0.013967622930126171, -0.0111799239678333], [-0.007744449077675468, -0.005345583010814685, 0.008497757545050723, -0.013128169191252185, 0.014753268945406246, 0.01695687621294038, 0.005717505095961532, -0.01859994720113844], [-0.016901715483163413, -0.0203447128648874, 0.020375746358173494, -0.02164749464104731, 0.013967622930126171, 0.005717505095961532, 0.05592736171412335, -0.0006828701268730527], [0.013612044912506461, -0.007819906348670533, -0.008455395213170272, 0.01704045038943744, -0.0111799239678333, -0.01859994720113844, -0.0006828701268730527, 0.03057855574527074]], [[8.435994922180619, -1.9822366271901708, 0.4705304087892837, -0.44433640216977854, 0.14202472930491114, -0.07076261259501157, -0.00263803959541668, -0.030873848038446117], [-1.9822366271901708, 3.146765017202347, 1.1235518165833986, 0.14242485815249806, 0.034561939047104334, 0.01673633355116415, -0.00630931994662401, -0.009488788025257098], [0.4705304087892837, 1.1235518165833986, 0.9053939402247273, -0.054800149475324335, 0.022370830822561687, -0.0018016367754112824, 0.0031913816263268464, 0.0036061795237351743], [-0.44433640216977854, 0.14242485815249806, -0.054800149475324335, 0.7628905319476187, 0.07329981425589306, -0.022126663340148133, 0.026330170828945232, -0.01564140573196743], [0.14202472930491114, 0.034561939047104334, 0.022370830822561687, 0.07329981425589306, 0.3740779675985909, -0.013691399401465824, -0.04366646245550095, 0.007274779163878631], [-0.07076261259501157, 0.01673633355116415, -0.0018016367754112824, -0.022126663340148133, -0.013691399401465824, 0.1423891544166085, -0.027243232973859846, 0.013478362782176241], [-0.00263803959541668, -0.00630931994662401, 0.0031913816263268464, 0.026330170828945232, -0.04366646245550095, -0.027243232973859846, 0.06753813340763172, 0.014438595556981166], [-0.030873848038446117, -0.009488788025257098, 0.0036061795237351743, -0.01564140573196743, 0.007274779163878631, 0.013478362782176241, 0.014438595556981166, 0.08881113800866541]], [[0.0870520687200326, -0.07815998449251142, 0.18338940827367992, 0.033346105105591994, 0.08312390297930314, 0.0026419650908847416, 0.013762638169671887, 0.019150970034455643], [-0.07815998449251142, 0.22510143646157332, 0.12923842138091488, -0.04640172853867847, -0.09318361942000974, -0.004834179629037126, -0.00435019254589212, 0.00550950208564541], [0.18338940827367992, 0.12923842138091488, 2.244466158030894, 0.06838221787218225, -0.08844513003862746, -0.01949532637056085, -0.021743209516591, 0.0063972729398661604], [0.033346105105591994, -0.04640172853867847, 0.06838221787218225, 0.07528380331444842, -0.015103337296124772, -0.018135168837932363, -0.0639513089853328, 0.014156523221345746], [0.08312390297930314, -0.09318361942000974, -0.08844513003862746, -0.015103337296124772, 0.22804698043306462, 0.06856312723507216, 0.13846730817172953, -0.0052332436696134205], [0.0026419650908847416, -0.004834179629037126, -0.01949532637056085, -0.018135168837932363, 0.06856312723507216, 0.05180724901289099, 0.0911990488232842, -0.029827225992422685], [0.013762638169671887, -0.00435019254589212, -0.021743209516591, -0.0639513089853328, 0.13846730817172953, 0.0911990488232842, 0.2221763016100999, -0.0507614459494914], [0.019150970034455643, 0.00550950208564541, 0.0063972729398661604, 0.014156523221345746, -0.0052332436696134205, -0.029827225992422685, -0.0507614459494914, 0.03796445840924269]]]}