{"weights": [0.17072904474232392, 0.0004755583136648263, 0.46971719512675447, 0.12417946463768983, 0.15435847827242424, 0.08054025890714273], "means": [[6.869610274029438, -0.6408457817033674, 0.31051239670610004], [4.8399932652266395, -1.0253389585842558, -0.9785199455161058], [-3.4930968332762404, -0.29508808396645775, -0.00916482814027602], [0.6778975363774346, 0.5491350408122694, -0.5909484106512486], [2.983409079429277, 0.4774760751716085, -0.44496232462755575], [-0.6582209460660303, 1.478990115159142, 1.0204620508192044]], "cov": [[[0.8803208194563658, 0.00020861130526402205, -0.8996304565323227], [0.0002086113052640384, 4.673523166421308, 3.2394855967544847], [-0.8996304565323227, 3.2394855967544856, 8.963141494858997]], [[1752.059105935028, -12.418543691877218, 89.79249906336032], [-12.418543691877217, 197.65974072991898, 178.56416324007418], [89.79249906336034, 178.56416324007418, 550.0611411528484]], [[306.4580191903446, 131.53738266251295, -108.34506252847713], [131.53738266251295, 60.955338176781865, -48.57045679715331], [-108.34506252847714, -48.57045679715331, 42.98408079017912]], [[42.435514603525945, 11.396435688277869, -7.737702678663606], [11.39643568827787, 7.3841347893414575, -3.80377936141818], [-7.737702678663606, -3.8037793614181807, 3.9017956500148374]], [[782.205420864724, 43.29177895776421, -148.07794848335377], [43.29177895776421, 50.31861427596556, -43.86380170627982], [-148.07794848335377, -43.86380170627982, 71.24161939352372]], [[139.80302367649446, 38.0510734331015, -65.05399831433925], [38.0510734331015, 38.000023139578786, -51.003909555605304], [-65.05399831433925, -51.0039095556053, 74.5685169753522]]]}