{"weights": [0.11683393636637154, 0.22205903968105833, 0.29998657240069904, 0.10659586677645026, 0.09895839289742159, 0.15556619187799917], "means": [[3.722556067373404, 0.46320622307499887, -0.38141387464683674, 0.13236578616915554, -0.029664376655432333, -0.0817565952587549, 0.0634948073211655, -0.017780942046433393], [0.9765746703721284, 0.5560717197221251, -0.5339730334743168, -0.005970358852219826, 0.0500109465044133, 0.03295038665730457, -0.018284204327117658, 0.013336977035288964], [-3.9225692318611465, -0.44444690978506324, 0.09690135158714898, 0.029269427405777707, 0.02079575461617196, -0.004943738976368111, 0.008030909765434592, 0.004330048750462292], [-2.684779723321486, -0.02272270119145509, -0.20393166553602238, -0.08521246603523022, -0.11072611796253043, -0.002306624779180168, -0.014872005882030255, -0.01233523172510608], [-0.6967881181373116, 1.4454478465867062, 1.0637239490995543, -0.010936787778854897, 0.008275367118869725, 0.0013055605352243474, -0.008451388522630705, -0.007229640934950914], [6.852834981300395, -0.6527166541638236, 0.2926891634960829, -0.03773059789423812, -0.0016978527211660543, 0.008388310731543287, -0.008445513941964992, 0.0015599103123310565]], "cov": [[[0.18969863799423375, -0.0216839764076882, 0.03458528554101331, -0.00971173347356599, -0.006631386744353248, 0.0005486020169993383, 0.010493750788959899, 0.0005650887179771974], [-0.0216839764076882, 0.0034651583316210057, -0.0023147536371190026, -0.00015161305624702666, 0.0014982736915028158, 0.00014019412974492718, -0.0013523574402767378, -0.000180055664526872], [0.03458528554101331, -0.0023147536371190026, 0.009651619409285574, -0.004155984048152147, -0.00036280452776439414, 0.0006662311256854436, 0.0013012733674950554, 5.9029301008907836e-05], [-0.009711733473565989, -0.0001516130562470268, -0.004155984048152147, 0.003088103662826109, -0.0012038629600012178, -0.0005600278626616595, 1.0582319458488414e-06, 0.0005114092526950756], [-0.006631386744353247, 0.0014982736915028158, -0.00036280452776439403, -0.0012038629600012178, 0.0028685023273513012, -0.0001534281150671218, -0.0005958074922334051, -0.0010680318835782085], [0.0005486020169993382, 0.00014019412974492716, 0.0006662311256854436, -0.0005600278626616595, -0.00015342811506712176, 0.0010289002344286706, 0.00024467318868708125, -0.0004273900773059921], [0.010493750788959897, -0.0013523574402767376, 0.0013012733674950554, 1.0582319458488408e-06, -0.000595807492233405, 0.0002446731886870813, 0.0010864843971709773, -3.137295528041524e-05], [0.0005650887179771973, -0.00018005566452687193, 5.902930100890786e-05, 0.0005114092526950756, -0.0010680318835782085, -0.00042739007730599216, -3.137295528041526e-05, 0.0010006154679529943]], [[0.3361255778171159, 0.003854463154738329, 0.03100909183000212, 0.030710978342014094, -0.014183793398344574, 0.022259438125003302, -0.011215957266741136, -0.0027927799519065983], [0.003854463154738329, 0.0012978212428707678, 0.0008342118532056489, 8.871715168466717e-05, -0.0013209502441749786, -0.0008982374031215832, -9.77362559560839e-05, 5.766690562719492e-05], [0.031009091830002115, 0.0008342118532056489, 0.005046408003715423, 0.0032835534231643714, -0.0023149984085802976, 0.0030554582481856435, -0.0016729803421273654, 6.1024378492386796e-05], [0.030710978342014094, 8.871715168466717e-05, 0.0032835534231643714, 0.0051735806368234305, -0.002553677794624659, 0.0029237904358029305, -0.0014667346681736728, -0.0008022686714477947], [-0.014183793398344574, -0.0013209502441749786, -0.0023149984085802976, -0.002553677794624659, 0.004067698611069063, -0.0006417571992153436, 0.00020019060449455697, 0.0005604758732894076], [0.022259438125003302, -0.0008982374031215834, 0.0030554582481856435, 0.00292379043580293, -0.0006417571992153435, 0.005180036191049837, 0.00020931606183756464, -0.00045326667303854695], [-0.011215957266741135, -9.773625595608394e-05, -0.0016729803421273654, -0.0014667346681736726, 0.00020019060449455702, 0.00020931606183756464, 0.0023954787196476313, -5.066589516650239e-05], [-0.0027927799519065983, 5.7666905627194947e-05, 6.102437849238664e-05, -0.0008022686714477947, 0.0005604758732894076, -0.00045326667303854706, -5.066589516650234e-05, 0.0015183493847291982]], [[0.04632912454600729, 0.019113353116452143, -0.016581993265232388, -0.04062335911101817, -0.007965794619207944, -0.001306460157014929, 0.00033187013858269714, 0.00047474660606815845], [0.019113353116452143, 0.009680184139627035, -0.005621471308921308, -0.01715632828403882, -0.0027031360795172752, -0.0008468181245527869, 0.0012653016221698295, 0.0004433990411942111], [-0.016581993265232384, -0.005621471308921308, 0.0074058206552974895, 0.01693050726668258, 0.0014819977434524377, 0.00040868655313928916, 0.00031575270090154756, 0.0003593088191373726], [-0.04062335911101817, -0.01715632828403882, 0.016930507266682583, 0.054862944516497224, -0.0016840134728231622, 0.0014136641372269523, -0.0018127182017865927, 0.0011598310746771961], [-0.007965794619207944, -0.0027031360795172752, 0.0014819977434524377, -0.0016840134728231626, 0.013875476016995276, -0.0004194475760645516, 0.001155608095882189, -0.0014998141469256367], [-0.001306460157014929, -0.0008468181245527866, 0.0004086865531392892, 0.0014136641372269523, -0.0004194475760645517, 0.0019460559587327953, 0.0011600530579440828, -0.00030511906239055845], [0.00033187013858269686, 0.0012653016221698295, 0.0003157527009015477, -0.0018127182017865927, 0.001155608095882189, 0.0011600530579440828, 0.0022699345533688776, 0.00031644686769438576], [0.00047474660606815824, 0.0004433990411942111, 0.00035930881913737276, 0.0011598310746771961, -0.0014998141469256367, -0.00030511906239055845, 0.00031644686769438576, 0.0036960954500058403]], [[0.03402724032910783, 0.010624955430615077, -0.007013693898171507, 0.004873910367059856, -0.002903047060097553, -0.0022108174171833615, -0.0014174127879704702, -0.0037652127848105082], [0.010624955430615075, 0.0037161792421506047, -0.0018804988635200955, 0.0013899151018755766, -0.0016818461135970073, -0.0001246605122354014, 0.0003225582693238126, -0.0010772881414606067], [-0.007013693898171507, -0.001880498863520096, 0.002484539069531401, -0.0015135087978221363, 0.000360358059187741, 0.0010021958435411109, 0.00015643320985522788, 0.0011828299584796217], [0.004873910367059855, 0.0013899151018755766, -0.0015135087978221363, 0.001496718012564218, -0.0008623745675966605, -0.00045720349867467636, -6.385997067575292e-05, -0.001360180088424228], [-0.0029030470600975525, -0.0016818461135970075, 0.000360358059187741, -0.0008623745675966605, 0.0034448255754547623, -0.001747756076759013, -0.0025985410913778803, 0.0010781143095302376], [-0.0022108174171833615, -0.00012466051223540138, 0.0010021958435411109, -0.00045720349867467625, -0.0017477560767590128, 0.002181357118210996, 0.0023274511043956205, 0.00019362352034999776], [-0.0014174127879704702, 0.0003225582693238126, 0.00015643320985522782, -6.385997067575286e-05, -0.0025985410913778803, 0.002327451104395621, 0.0035934907637426173, 0.00020907949718923315], [-0.0037652127848105074, -0.0010772881414606067, 0.0011828299584796217, -0.001360180088424228, 0.0010781143095302376, 0.00019362352034999776, 0.00020907949718923315, 0.0030963472225884383]], [[0.29289676881056104, 0.019341781954815063, -0.056228385088575694, 0.015104954895170466, 0.029381249086644287, -0.012821535926566596, 0.0009115839734614842, -0.004987867405731583], [0.019341781954815063, 0.0016054604956655095, -0.0032297346696147037, 0.0011295138918526342, 0.0018976149267110661, -0.00033776965706115215, 0.0002899881368388433, -0.0011053884297336153], [-0.0562283850885757, -0.0032297346696147037, 0.011636345206809227, -0.0027010116335250242, -0.005721619668314082, 0.002926436049596835, -7.723120929009839e-05, -0.00012182751612155867], [0.015104954895170466, 0.0011295138918526342, -0.0027010116335250242, 0.0014797245134400697, 0.0007813878162433106, -0.00022873510079924497, 0.00027653112684664565, -0.0010074554015965598], 