{"MAP index": 0, "entropy_prior_gmm": 1.1512925464970228e-08, "entropy_MAP_gmm": 2.9369555250013946e-06, "entropy_z_nk_prior": 9.616358581884957e-06, "entropy_MAP_z_nk": 0.01036755234082743, "entropy_mixing_prior": 88.99072030499339, "entropy_MAP_mixing": 1.6715486390711578}