{"weights": [0.10076652280644567, 0.09351433767231805, 0.3407565048923729, 0.2066728130417069, 0.11060152902673666, 0.14768829256041965], "means": [[3.856768165801831, 0.41547141679603256, -0.4107956710603851, 0.16728679474269728, -0.05653493829067661, 0.014475368379629176, 0.1088329429456269, 0.0049307949477516485], [-0.6646088672372817, 1.4830456501448768, 1.0110623467645095, 0.0019307014374222214, -0.0007631576103893437, -0.014701237164743752, 3.147542562451665e-05, -0.02530321426432218], [-3.901388015866559, -0.44270810861960885, 0.09880823365728585, 0.035512379949991554, 0.020103720170225107, -0.004248917595664544, 0.010179212626287022, -0.008084196500503762], [1.092519503745466, 0.5358214122112753, -0.5436202530265019, 0.012067712827796185, 0.05239167139145944, -0.014525928923930271, -0.05062009853796218, 0.008861460322005518], [-2.6420193661822866, -0.019859404819494563, -0.22427766476911562, -0.08300663756383665, -0.10307121114520566, 0.02844531543005107, -0.007509055677205449, -0.016966059099566944], [6.873260245284674, -0.6355618323099375, 0.3184178933657107, -0.04957844450687964, -0.0021730655329832435, -0.0011451078103703839, -0.006538945968103623, 0.0006723497805830677]], "cov": [[[0.19182062359730015, -0.025616735898888642, 0.03073959089942238, -0.005164649991695234, -0.007732703095015406, -0.000552595637755508, 0.006705392504766487, 0.004091253026554317], [-0.025616735898888646, 0.004360638410338481, -0.0027362676651276, -0.000381223675099318, 0.00124106237371035, -5.760842396774704e-05, -0.0010383015967735945, -0.0006089650685300334], [0.03073959089942238, -0.0027362676651276, 0.007740737836879242, -0.00318390726945064, -0.0008465056981968057, -0.0002308117340034163, 0.00023939412422011128, 0.0009232839968923908], [-0.005164649991695234, -0.0003812236750993182, -0.0031839072694506403, 0.0026875240090782964, -0.0007898929079099796, 0.00016092124798254136, 0.0006839746513122645, -0.00021176731909896046], [-0.0077327030950154075, 0.0012410623737103502, -0.0008465056981968058, -0.0007898929079099796, 0.0019144234518975992, 0.0002724415428586639, -0.00045160304722794315, -0.00039813975899444953], [-0.000552595637755508, -5.760842396774703e-05, -0.0002308117340034163, 0.00016092124798254136, 0.0002724415428586639, 0.0013016268495230111, -5.301169511038531e-05, -5.138318905138228e-05], [0.006705392504766488, -0.0010383015967735945, 0.00023939412422011128, 0.0006839746513122644, -0.00045160304722794304, -5.301169511038531e-05, 0.0007907330122739242, -0.00011371672568371323], [0.004091253026554317, -0.0006089650685300335, 0.0009232839968923908, -0.00021176731909896046, -0.00039813975899444953, -5.138318905138221e-05, -0.0001137167256837132, 0.0008434535150871848]], [[0.2437591374898714, 0.016739583191659267, -0.04931906730948863, 0.0070829970718421, 0.036119410644486996, 0.0037297423228582574, 0.011103972925541062, -0.01033078761250533], [0.016739583191659267, 0.0021822886711940254, -0.0024114983368032526, 0.00016999187052807647, 0.0028129500336737806, 0.00011368329919342674, 0.0010402424055285307, -0.0010286447220649363], [-0.04931906730948864, -0.0024114983368032526, 0.011208629412490631, -0.0014437192196214614, -0.007370922556703911, -0.0005601329197731813, -0.0021260551438312676, 0.0018806478897383354], [0.007082997071842099, 0.0001699918705280764, -0.0014437192196214612, 0.001277610129094813, -0.00014622157798995452, 0.0002484898293550953, 0.00015282993201369202, -0.00043881497299673775], [0.036119410644486996, 0.0028129500336737806, -0.007370922556703911, -0.00014622157798995452, 0.00797927486696379, 0.000945559770475901, 0.0018218335778018282, -0.0031295753817258583], [0.0037297423228582574, 0.00011368329919342663, -0.0005601329197731813, 0.0002484898293550953, 0.000945559770475901, 0.0036638824592267892, -0.0004676613114961996, 0.000322030271394099], [0.011103972925541062, 0.0010402424055285307, -0.0021260551438312676, 0.00015282993201369202, 0.0018218335778018284, -0.0004676613114961997, 0.0007410389371172186, -0.0008284755389623651], [-0.01033078761250533, -0.001028644722064936, 0.001880647889738335, -0.00043881497299673775, -0.0031295753817258587, 0.0003220302713940991, -0.0008284755389623651, 0.004142888815712382]], [[0.03931287061724032, 0.016786454631586824, -0.014045236415025822, -0.03486263645267962, -0.008276551457308472, 0.0013133914804748209, 0.00086401300613162, -0.00022564567425639154], [0.016786454631586824, 0.009267336445136802, -0.004694961576439788, -0.016304195438855015, -0.002434955438153103, 0.00031943520238439583, 0.001470558626017391, 0.0004414953230671272], [-0.01404523641502582, -0.0046949615764397875, 0.006548929088831501, 0.014555333917716526, 0.00196951907362754, -0.0003682342903049486, -8.849370393176419e-05, 0.00036949022794652335], [-0.03486263645267962, -0.016304195438855015, 0.014555333917716528, 0.05179585963800219, -0.0021779944507008225, -2.8829868171037855e-05, -0.00315953577249447, 0.0003163673394956351], [-0.00827655145730847, -0.0024349554381531036, 0.0019695190736275406, -0.002177994450700823, 0.013852555254602827, -0.0005022976188013276, 0.001748544628783975, -0.0006837556105751044], [0.0013133914804748209, 0.0003194352023843956, -0.0003682342903049487, -2.8829868171037574e-05, -0.0005022976188013275, 0.004242465601911732, -0.0006200162150282776, -5.0925249806098785e-05], [0.0008640130061316199, 0.001470558626017391, -8.849370393176431e-05, -0.00315953577249447, 0.001748544628783975, -0.0006200162150282776, 0.001052073562644398, -5.5184582905237823e-05], [-0.0002256456742563917, 0.0004414953230671272, 0.00036949022794652346, 0.0003163673394956351, -0.0006837556105751044, -5.092524980609833e-05, -5.5184582905237796e-05, 0.003339298415987052]], [[0.38668792711246264, 0.00020834182508166604, 0.02864401595300332, 0.03228032021266275, -0.004828016551240044, -0.0045501440344738525, -0.019394549766021525, -0.010251726370436327], [0.00020834182508166598, 0.0014775125940228876, 0.0004120113495897481, 0.00028970115139999146, -0.00157961706662896, 0.0003645476800134103, 0.0008168475162123428, 0.00014489087822577441], [0.028644015953003317, 0.00041201134958974804, 0.004402921702785497, 0.0024847879069001483, -0.001376687472758023, -0.0012038918479815221, -0.0027091023369980064, -0.0005172213021605582], [0.03228032021266274, 0.00028970115139999146, 0.0024847879069001483, 0.005488319648847663, -0.002023641838394117, -0.0012021829786925224, -0.001465660963524329, -0.0016443538525121686], [-0.004828016551240044, -0.00157961706662896, -0.001376687472758023, -0.002023641838394117, 0.0038468132895033923, 0.0005460185012121006, -0.0003858183126989922, 0.00015995952613278222], [-0.0045501440344738525, 0.0003645476800134103, -0.0012038918479815221, -0.0012021829786925226, 0.0005460185012121008, 0.0035744589794811142, 0.0008398421072914368, 0.00018259324715116384], [-0.019394549766021525, 0.0008168475162123426, -0.0027091023369980064, -0.001465660963524329, -0.0003858183126989922, 0.0008398421072914368, 0.002800016931805987, 0.00027677809844657445], [-0.010251726370436327, 0.00014489087822577444, -0.0005172213021605583, -0.0016443538525121686, 0.00015995952613278224, 0.00018259324715116376, 0.00027677809844657445, 0.0021493415478073858]], [[0.03511595793560578, 0.010649901847678975, -0.007056013396380642, 0.0037136009523363075, -0.001820497804398232, 0.0033799009900687027, -0.00020516165778102635, -0.0003203116331774501], [0.010649901847678977, 0.0038941529440773425, -0.0014591619728910321, 0.0005865038252558648, -0.0009858410985313468, 0.0004907883368697022, 0.0001878832752984737, -0.000502388032338525], [-0.007056013396380643, -0.0014591619728910328, 0.0027832629602796474, -0.0014956971135577865, 0.00021628601828732656, -0.0006653130046295328, -0.0003486478123187188, -0.00031818892408938586], [0.0037136009523363075, 0.0005865038252558648, -0.0014956971135577863, 0.002505762031673429, -0.0015829159890909936, 0.00037469591204422734, 0.00010117445732098836, -1.124981989916381e-05], [-0.0018204978043982324, 