{"weights": [0.17113707903797137, 0.16779518475437466, 0.3020102267443833, 0.12416263406029428, 0.2218463840706882, 0.013048491332288123], "means": [[-5.663359915231097, -0.49022984814865267, -0.10979300852422327], [0.6617199969594176, -0.521171417452264, -0.4385478968235904], [3.2104566156127823, -0.1967643325834371, 0.09057262421473983], [1.2044867562995427, -0.03523935519384062, 0.21288428616495775], [-0.4444963186289765, 0.6170642546112041, -0.20729754861638855], [-5.383320499757906, 0.679333970609889, -1.0355280116371934]], "cov": [[[5212.338776889142, 693.5255744782828, 841.8731583130625], [693.5255744782828, 96.88437885326373, 108.51152800388502], [841.8731583130625, 108.511528003885, 145.74030391514043]], [[10352.97501251835, -5.714541452601161, 769.7981831069891], [-5.714541452601161, 2.365466067147742, -0.4030618824542331], [769.7981831069891, -0.40306188245423297, 59.57142898464697]], [[248.17071618278024, -104.8447530287131, -85.8353769570864], [-104.84475302871309, 50.32863295663292, 41.10039916496967], [-85.8353769570864, 41.10039916496969, 36.53886447680077]], [[5409.663730955816, -1640.9642135297372, -1103.0570875702479], [-1640.964213529737, 502.43160989364964, 336.3635509753792], [-1103.0570875702476, 336.36355097537916, 227.71590540858784]], [[6128.025073796516, -440.6384082453027, -1192.9861117701748], [-440.6384082453027, 317.28279731304724, -125.68489233229873], [-1192.9861117701748, -125.6848923322987, 567.4351870558304]], [[9529.842003974714, 1098.312494574401, 292.20156707538035], [1098.312494574401, 3976.129774880848, 4738.106880716519], [292.20156707538035, 4738.106880716519, 6190.359965470201]]]}