,X,Y,Z,id,nugget
0,100.0,0.0,-825.0,78804253,1e-05
1,300.0,0.0,-805.0317833546003,78804253,1e-05
2,900.0,0.0,-825.0,78804253,1e-05
3,100.0,0.0,-845.0,39716320,1e-05
4,300.0,0.0,-856.5847670876221,39716320,1e-05
5,900.0,0.0,-845.0,39716320,1e-05
