{"weights": [0.47795750724436725, 0.3245611143495286, 0.19748137840610416], "means": [[-2.123995154316386, -0.5160426519039132, 0.03959038856613145, 0.025503558192658798, 0.003503826449052706, 0.03122060090981919, 0.0035241158600993238, -0.02584767324601128], [4.047360396898757, -2.686112734933732, -0.02496590581922777, 0.01831758264649715, -0.04073403509517938, -0.006791683211929826, 0.011455229589553273, -0.011263896036813197], [1.8116386021596682, 3.6039930717514737, -0.06811540696054338, -0.045081997173721, -0.014895827707899625, 0.0009424619902320945, 0.02326923941991367, 0.0026571495795928092]], "cov": [[[0.022570837856769083, -0.009292766019118225, 0.006185331870627254, -0.06120694128620773, 0.018519087345519436, -0.018103918821986042, -0.009557718458151404, 0.006024189202147471], [-0.009292766019118225, 0.030063383471256474, -0.014492443949570982, 0.04675663883541937, -0.03199601045686918, 0.0038326702865332856, -0.01908762032679701, -0.005841205500042732], [0.006185331870627254, -0.014492443949570982, 0.01781082749654706, -0.07392101900204787, 0.02738138005194685, -0.007718968582272144, 0.016314746252407756, -0.005507016047014897], [-0.06120694128620773, 0.04675663883541937, -0.07392101900204787, 0.433116633842412, -0.12759098809759822, 0.0788079991756043, -0.017508028001282157, 0.019604305310552073], [0.018519087345519436, -0.03199601045686918, 0.02738138005194685, -0.12759098809759822, 0.06094373668029232, -0.010908285855527585, 0.00957023541440056, -0.011332099959082307], [-0.018103918821986042, 0.0038326702865332856, -0.007718968582272144, 0.0788079991756043, -0.010908285855527585, 0.03550383798676596, -0.0020698384506588202, -0.015020405737158678], [-0.009557718458151404, -0.01908762032679701, 0.016314746252407756, -0.017508028001282157, 0.00957023541440056, -0.0020698384506588202, 0.05178652990299371, 0.008570968905160545], [0.006024189202147471, -0.005841205500042732, -0.005507016047014897, 0.019604305310552073, -0.011332099959082307, -0.015020405737158678, 0.008570968905160545, 0.02505963870231956]], [[12.385252840554886, -5.353646733417715, -0.4565024963319889, -2.517044246813243, 0.45344233379434123, -0.6335952938203391, -0.11444292007892132, -0.08454027643783138], [-5.353646733417715, 5.799545982956218, 2.074836574137586, 1.0692195031610194, -0.0071106333317963516, 0.23981159542043615, -0.007202692132745504, 0.008337584013895335], [-0.4565024963319889, 2.074836574137586, 1.224729405239244, 0.029655943909382716, 0.0372307458058341, 0.024724599543641056, -0.001961027260704775, 0.02125071505080125], [-2.517044246813243, 1.0692195031610194, 0.029655943909382716, 1.2055167517373673, 0.20649366763631793, -0.08883614802638691, 0.06066966208444029, -0.041449185456201965], [0.45344233379434123, -0.0071106333317963516, 0.0372307458058341, 0.20649366763631793, 0.6596357797851093, -0.021718243341539368, -0.09245338061842949, 0.0219172074966109], [-0.6335952938203391, 0.23981159542043615, 0.024724599543641056, -0.08883614802638691, -0.021718243341539368, 0.24753538885549353, -0.04942068498357922, 0.036685358460668185], [-0.11444292007892132, -0.007202692132745504, -0.001961027260704775, 0.06066966208444029, -0.09245338061842949, -0.04942068498357922, 0.07634279252803006, 0.014234642534283883], [-0.08454027643783138, 0.008337584013895335, 0.02125071505080125, -0.041449185456201965, 0.0219172074966109, 0.036685358460668185, 0.014234642534283883, 0.15024270044085533]], [[0.11565140810615149, -0.12097091835018406, 0.29626839804194255, 0.05345438546557989, 0.09282892382539121, 0.00284194484969854, 0.01229059050147142, 0.013765849901993489], [-0.12097091835018406, 0.36236789758441174, 0.18237269788745256, -0.07787440660134072, -0.12145810312325098, -0.0025262750894917514, -0.00014550214969541355, 0.015171535125239445], [0.29626839804194255, 0.18237269788745256, 3.685782921926515, 0.13573283666813063, -0.1273704946661855, -0.009444895184779863, -0.02547643745227209, -0.011603086051888156], [0.05345438546557989, -0.07787440660134072, 0.13573283666813063, 0.09197556686355254, -0.0015227620775972275, -0.01592601249303886, -0.060775012374748034, 0.010116847491201576], [0.09282892382539121, -0.12145810312325098, -0.1273704946661855, -0.0015227620775972275, 0.23526139239182975, 0.06402497638788716, 0.13067917150317282, -0.004986661062824096], [0.00284194484969854, -0.0025262750894917514, -0.009444895184779863, -0.01592601249303886, 0.06402497638788716, 0.049868704572750215, 0.08667119180496628, -0.02770780505463352], [0.01229059050147142, -0.00014550214969541355, -0.02547643745227209, -0.060775012374748034, 0.13067917150317282, 0.08667119180496628, 0.2152156688475705, -0.04567521147758351], [0.013765849901993489, 0.015171535125239445, -0.011603086051888156, 0.010116847491201576, -0.004986661062824096, -0.02770780505463352, -0.04567521147758351, 0.039033737916064654]]]}