{"weights": [0.1710494460534614, 0.00048194457832167244, 0.469393674285183, 0.12417609542091486, 0.1543585759775362, 0.08054026368458281], "means": [[6.870203633066261, -0.648166247240704, 0.30684779994392153, -0.04250669285624043, -0.0020278114459332908, -0.0009803630711363502, -0.012561746244162338, -0.001166631743028969], [-1.1046595840111557, -0.6348205408984046, 0.3218571462140167, 0.11030044865377071, -0.16946480355743132, -0.007531678009552225, -0.05220723118202065, -0.011316777609418661], [-3.5396263855882, -0.31698892774241716, 0.009628328272235137, -0.0144871637076573, -0.011716441478598395, 0.0014018079931829386, 0.0041181395334528624, -0.0018759090494077657], [0.6572231367887805, 0.5394615767035345, -0.5857968604935777, -0.040852412832413164, 0.058370997667330685, -9.119943849572875e-06, -0.014026541336499223, 0.018747436799081207], [2.985036689731509, 0.47959990593932456, -0.4324579521133088, 0.12188960230307803, -0.005760529035654396, -0.00769765652387801, 0.013877598473825277, -0.006103940838655133], [-0.6793960717835297, 1.4827150790170143, 1.013264022669401, -0.009158182230867255, 0.0006850558369052945, 0.0021559539868666005, -0.007911115424000819, -0.004158127358931392]], "cov": [[[1.4080482104234735, -0.2350463384392563, -0.14922324044762617, 0.3386474675014176, -0.11395246378264562, 0.06560051056190992, 0.30438758113550535, -0.010222670689809355], [-0.2350463384392563, 2.5825561693788313, 2.203234996326899, -1.0845762270341608, 0.6312669708734335, 0.22729728853124428, 0.8995156995094334, -0.09277495860530587], [-0.14922324044762617, 2.203234996326899, 4.07666845690061, -3.097496501479638, 1.0432671414021162, -0.17666279455429063, -0.9702644149465185, 0.015701700348293563], [0.33864746750141755, -1.0845762270341608, -3.0974965014796374, 4.227401188675872, -0.950717348253312, 0.2182373109505441, 1.729976058947245, -0.002821798572204819], [-0.11395246378264565, 0.6312669708734335, 1.0432671414021164, -0.9507173482533124, 1.7264381434333012, 0.040717122106105105, -0.18749165385776054, 0.9837737113348036], [0.06560051056190994, 0.22729728853124428, -0.17666279455429063, 0.21823731095054413, 0.04071712210610512, 0.7253047909233438, 0.3777777853283814, -0.6495860651859934], [0.30438758113550535, 0.8995156995094334, -0.9702644149465187, 1.729976058947245, -0.18749165385776054, 0.3777777853283814, 1.8809382883298356, -0.06528377225876975], [-0.010222670689809369, -0.09277495860530588, 0.015701700348293525, -0.002821798572204887, 0.9837737113348036, -0.6495860651859935, -0.06528377225876997, 3.0470380081220587]], [[268.0434815172041, 17.873985718026862, -52.73776765038878, 7.127250768377509, 38.762917039646595, 4.061547062893701, 11.784092828037474, -11.31049598037695], [17.873985718026862, 8.486746222910021, -2.5686457560252323, 2.0002279777386702, 3.0240690845198706, 0.46701006678429846, 2.3801063450919155, -1.0127811406623208], [-52.73776765038878, -2.5686457560252323, 18.580267199181268, -1.9628512734852708, -8.658889952729455, -0.7628996649999245, -3.296299059301973, 1.7140051896141586], [7.127250768377509, 2.0002279777386702, -1.9628512734852703, 7.360444854186768, 2.3688881312387915, -0.39749292017822496, 0.031013644320112877, 1.4752697902051966], [38.762917039646595, 3.02406908451987, -8.658889952729453, 2.368888131238791, 13.694362147655404, 0.5667261276895744, 1.334376135393297, -3.360263583035357], [4.061547062893701, 0.46701006678429846, -0.7628996649999243, -0.3974929201782249, 0.5667261276895744, 7.3798866364321745, -0.037749567979431804, 0.4632600192995047], [11.784092828037476, 2.3801063450919155, -3.2962990593019725, 0.03101364432011296, 1.3343761353932972, -0.037749567979431846, 5.311934642137137, -1.2413938901625905], [-11.31049598037695, -1.012781140662321, 1.7140051896141586, 1.4752697902051963, -3.360263583035356, 0.4632600192995047, -1.241393890162591, 8.21990343420777]], [[97.26646005413242, 40.49278172052727, -32.444976917815445, -66.13092390338367, -20.588470075889898, 8.844240682461187, 0.5904671620498995, -2.0085869823344473], [40.492781720527276, 26.356671420852276, -7.859608806476653, -31.68976491513184, -4.272756033680951, 2.2770665590667463, 4.545165679069217, 1.2648456980541405], [-32.444976917815445, -7.859608806476653, 17.536612807136578, 30.97461671291324, 4.929803222705259, -1.9367877679709755, 1.6276925736984533, 1.5007317068811448], [-66.13092390338367, -31.68976491513184, 30.97461671291324, 126.50360123637266, -8.45488192240435, 5.763952236077625, -8.405312050284792, -0.5618073232353137], [-20.588470075889898, -4.27275603368095, 4.92980322270526, -8.454881922404345, 56.60780340905046, 5.095104421937748, 6.568708344326712, -4.4784515769047], [8.844240682461187, 2.277066559066746, -1.936787767970976, 5.763952236077625, 5.095104421937745, 25.93160972100091, -3.1603058203994228, -3.5742155838063403], [0.5904671620498992, 4.545165679069217, 1.6276925736984533, -8.405312050284795, 6.568708344326713, -3.1603058203994228, 4.045036879081717, 0.038929642463230545], [-2.0085869823344473, 1.2648456980541403, 1.5007317068811445, -0.561807323235314, -4.4784515769047, -3.5742155838063403, 0.03892964246323072, 14.516516780564714]], [[365.558826902342, 0.22237457068758446, 27.129720656419813, 30.571962378756208, -4.616000918531483, -4.342410562113644, -18.3490192479138, -9.705285935065998], [0.22237457068758446, 1.0341785435865434, 0.3198651222896418, -0.02692263777650359, -1.3640164261616514, 0.3829859029753783, 0.6389480636945066, 0.1083464059526519], [27.129720656419813, 0.31986512228964176, 3.901358455009148, 2.0775490743017717, -1.189369613081571, -0.9299608411889952, -2.493975405315339, -0.4810129581673432], [30.571962378756208, -0.02692263777650358, 2.0775490743017717, 4.857312177144921, -1.5627231959189252, -0.9754863875564579, -1.4529390766100925, -1.4401414960216823], [-4.6160009185314825, -1.3640164261616514, -1.189369613081571, -1.5627231959189252, 2.7337936335252415, 0.297320859820028, -0.2890870932838328, 0.03879368302472042], [-4.342410562113643, 0.3829859029753785, -0.9299608411889952, -0.9754863875564577, 0.2973208598200279, 2.9349436077455335, 0.6863737292330627, 0.2532853367319458], [-18.3490192479138, 0.6389480636945066, -2.493975405315339, -1.4529390766100927, -0.28908709328383275, 0.6863737292330627, 2.4044190275262505, 0.194347601517089], [-9.705285935065996, 0.1083464059526519, -0.481012958167343, -1.4401414960216823, 0.03879368302472042, 0.2532853367319458, 0.19434760151708894, 2.0562511486649435]], [[195.78647456385647, 44.7617029720635, -29.43961409075256, 20.668233324069433, -10.887283008587415, 19.07318287132451, 7.208393072371736, -0.7155039851717152], [44.7617029720635, 47.41166906291279, -29.92574066811784, 7.502227632217609, -2.037234724855962, 3.598426873923344, -17.770721623541128, -3.0879529211907575], [-29.43961409075257, -29.92574066811784, 26.675460509528566, -3.777821593424901, 3.9821312616255145, -3.403974747177792, 13.79610329858764, 1.9529479413776254], [20.66823332406943, 7.502227632217608, -3.777821593424901, 10.642350855006145, 0.46743042078779967, 0.7572356573964372, -3.3026638791561984, -0.05649402494291151], [-10.887283008587415, -2.037234724855962, 3.9821312616255145, 0.4674304207877995, 6.689749345802606, -2.7528750608404997, -1.9978793533500434, -0.2515932405439331], [19.073182871324505, 3.5984268739233425, -3.403974747177793, 0.7572356573964375, -2.7528750608404993, 8.462238114956861, 5.566242335231885, 0.15367750991371018], [7.208393072371736, -17.770721623541128, 13.796103298587639, -3.302663879156199, -1.9978793533500439, 5.566242335231885, 26.963402440395406, 3.3895722176417546], [-0.7155039851717151, -3.0879529211907575, 1.9529479413776258, -0.05649402494291188, -0.25159324054393306, 0.1536775099137104, 3.3895722176417546, 6.2715921373233785]], [[24.90072237199401, 0.7095194578393532, -5.750402605957397, 0.04602636479554368, 0.6950457723269259, 2.3635993678843317, 5.331902856769479, -3.9327843693352644], [0.7095194578393519, 11.909686403659267, 