{"weights": [0.0913842993036475, 0.20182891490144947, 0.29899179412958643, 0.14155379957746728, 0.09440616390151801, 0.17183502818633128], "means": [[-3.7912492911144198, 0.4327765714995226, 0.40818499436971295], [-1.1557710071189788, 0.5353938645043663, 0.5435254390879075], [3.9079524225816926, -0.4384265201370982, -0.10445954179122555], [2.691517908095713, -0.028155331331558092, 0.19876691251627696], [0.4611787945160704, 1.5009368106902767, -0.972802859412953], [-6.869646294621617, -0.6423061714442737, -0.3086852697086104]], "cov": [[[0.18283997055582946, 0.02443308220964125, 0.029277148378784614], [0.024433082209641247, 0.004231258063542893, 0.002443688753865297], [0.029277148378784614, 0.0024436887538652977, 0.007779099415497843]], [[0.4949116600118144, -0.00023650914849442686, 0.03663001826509175], [-0.00023650914849442686, 0.0014380569383551135, -0.00044080828988024], [0.03663001826509175, -0.00044080828988024004, 0.00497660769223391]], [[0.04388510943748169, -0.018810233119736026, -0.015800626834797906], [-0.018810233119736026, 0.010043793779343302, 0.005547350874447245], [-0.015800626834797906, 0.005547350874447244, 0.007160584097617781]], [[0.04544293024926001, -0.013744609999651517, -0.00922102816450471], [-0.013744609999651517, 0.004580091456667111, 0.0024562102499916558], [-0.00922102816450471, 0.0024562102499916553, 0.002667155722063928]], [[0.3728801947960381, -0.025542836651756426, -0.07557076485471775], [-0.025542836651756426, 0.002583065550751263, 0.004397530967696463], [-0.07557076485471775, 0.004397530967696463, 0.016324409017871286]], [[0.0005398210688472612, -0.000559285025101252, 0.0009222819006178711], [-0.0005592850251012519, 0.009104641455864348, -0.006608010221986852], [0.0009222819006178711, -0.006608010221986852, 0.00576828078968187]]]}