,X,Y,Z,id,nugget
0,100.0,0.0,-825.0,25959772,1e-05
1,300.0,0.0,-828.087030174098,25959772,1e-05
2,900.0,0.0,-825.0,25959772,1e-05
3,100.0,0.0,-844.9999999999999,13927539,1e-05
4,300.0,0.0,-842.0626566904344,13927539,1e-05
5,900.0,0.0,-844.9999999999999,13927539,1e-05
