,X,Y,Z,id,nugget
0,100.0,0.0,-793.0000000000001,1719800,1e-05
1,300.0,0.0,-719.1258415299708,1719800,1e-05
2,900.0,0.0,-793.0000000000001,1719800,1e-05
3,100.0,0.0,-824.0000000000001,78609077,1e-05
4,300.0,0.0,-746.1741507263729,78609077,1e-05
5,900.0,0.0,-824.0000000000001,78609077,1e-05
6,100.0,0.0,-847.0000000000001,83303272,1e-05
7,300.0,0.0,-857.7814900058158,83303272,1e-05
8,900.0,0.0,-847.0000000000001,83303272,1e-05
