{"weights": [3.3391785404954857e-10, 0.0621478338459883, 0.7419560334736135, 0.19589613234648037], "means": [[1.6851018447808528, 3.5755813527791545, -1.4499468463143383, -0.10644282310893113, 0.0002501173575897053, -0.00948482075053066, 0.008138570505468274, 0.014524812987627235], [2.1483233705665015, 3.693267409347834, 3.264293891530126, 0.23937909712307545, -0.0042528538404545575, 0.036256737447274645, 0.06256005545589924, 0.0335357644388596], [4.014159344116731, -2.7159896140616517, -0.04416850279287175, 0.06900098527341714, -0.020861989251501834, -0.005365776140197332, -0.010155210004663028, -0.010054207384340168], [-2.111101131624052, -0.5249064892250755, 0.03747701589441581, -0.02152464752212925, 0.009485111237654921, -0.00329213528209886, -0.008748901901015061, -0.004841998576686553]], "cov": [[[0.046929698325865084, -0.029948464789102378, 0.007917638506962355, 0.006965885031606496, 0.07172653176437827, 0.0014569574914327385, 0.012776307221758008, 0.024485137769385622], [-0.029948464789102375, 0.04451676323877144, 0.02903291559115708, -0.01211375340579498, -0.06156890689268704, -0.010324868893737222, -0.016311617872789775, -0.006437158232173097], [0.007917638506962353, 0.029032915591157078, 0.11474258946865697, -0.021235946799410835, -0.03320171993958783, -0.046516445979965765, -0.056727349016478384, 0.03692226053804771], [0.006965885031606493, -0.01211375340579498, -0.021235946799410835, 0.057079481608494076, -0.033379002214215706, -0.01960875137647529, -0.07018026958287038, 0.016399586400396175], [0.07172653176437827, -0.06156890689268704, -0.03320171993958783, -0.033379002214215706, 0.2180833589749305, 0.07438246039449704, 0.15083368149997933, -0.00835672074265888], [0.0014569574914327383, -0.010324868893737219, -0.04651644597996576, -0.019608751376475286, 0.07438246039449704, 0.05621251519990559, 0.09884611150131556, -0.03495370205130508], [0.012776307221758017, -0.016311617872789775, -0.056727349016478384, -0.07018026958287038, 0.15083368149997933, 0.09884611150131556, 0.23418011863268615, -0.06094042760632908], [0.024485137769385622, -0.006437158232173095, 0.03692226053804771, 0.016399586400396175, -0.008356720742658879, -0.03495370205130508, -0.06094042760632908, 0.03747663158916818]], [[0.19892220901357993, -0.305458979143406, -0.13658344941523115, 0.18414978258711842, 0.3029997981081189, 0.0354869459280443, 0.031231115684061773, 0.09543429467785224], [-0.30545897914340603, 0.5161970163962598, 0.0844046724888146, -0.281002803250434, -0.4641059195081715, -0.0508576045644801, -0.030378771096881745, -0.13213371670721943], [-0.13658344941523118, 0.08440467248881461, 0.6186130345690504, -0.10101638507108714, -0.2850910700307669, -0.042777180597719996, -0.10566101935891037, -0.12713585712545694], [0.18414978258711842, -0.281002803250434, -0.10101638507108711, 0.21415981462134503, 0.25859089982805283, 0.03015751353353144, 0.0029076861797642734, 0.08947893677499533], [0.3029997981081189, -0.4641059195081715, -0.28509107003076684, 0.25859089982805283, 0.5051907517337134, 0.0678968013296175, 0.07935797451709757, 0.14614624671554477], [0.03548694592804431, -0.05085760456448011, -0.042777180597719996, 0.03015751353353144, 0.0678968013296175, 0.021065441935170817, 0.015685894149730643, 0.008895860390715058], [0.03123111568406178, -0.030378771096881745, -0.10566101935891037, 0.002907686179764261, 0.07935797451709758, 0.01568589414973064, 0.10704693196687788, 0.025652016937557233], [0.09543429467785225, -0.13213371670721943, -0.12713585712545694, 0.08947893677499534, 0.1461462467155448, 0.008895860390715058, 0.025652016937557233, 0.06295799349242971]], [[0.44183371458434, 0.11891051384607662, -0.0020798364478103342, -0.2567939451965065, -0.10039141599515368, 0.06123507245379639, -0.0512734925398804, -0.12290669493661428], [0.11891051384607663, 0.17044088418658696, 0.010656590472530652, 0.10883121324745772, 0.2897749876073104, -0.005877287103182796, -0.07079689745570651, -0.05938591385368573], [-0.002079836447810335, 0.010656590472530654, 0.010133821013718994, -0.046880629601220435, 0.02444433652955423, 0.04156785710769674, -0.01530581512862285, 0.011531293540399955], [-0.25679394519650656, 0.10883121324745774, -0.046880629601220435, 1.0376517534644765, 0.4669001123198612, -0.4045752464803417, 0.06228236562738101, -0.12290085182793356], [-0.10039141599515367, 0.2897749876073104, 0.024444336529554234, 0.4669001123198612, 0.8843813128147318, -0.030073041723015035, -0.17333574481612674, -0.0018756329924473538], [0.06123507245379639, -0.005877287103182782, 0.04156785710769674, -0.40457524648034165, -0.03007304172301502, 0.31618421322410745, -0.09486071603989303, 0.06576291696883546], [-0.0512734925398804, -0.07079689745570651, -0.01530581512862285, 0.06228236562738101, -0.17333574481612674, -0.09486071603989303, 0.086744600371044, 0.01704644968849981], [-0.12290669493661428, -0.05938591385368573, 0.011531293540399957, -0.12290085182793353, -0.0018756329924473542, 0.06576291696883545, 0.017046449688499807, 0.22099399115147036]], [[0.025057107383607745, -0.009839355628691081, 0.00835891157486361, -0.08446143730558248, 0.02567369928810549, -0.02492728689358946, -0.012551414133931175, 0.006141838688368889], [-0.009839355628691081, 0.03680377971145106, -0.016913382627222837, 0.0566823767757455, -0.04343542526140789, 0.0008925162970330056, -0.019344177689049287, -0.002936167341754105], [0.00835891157486361, -0.016913382627222837, 0.021424277336684783, -0.10254916677378356, 0.03511021720413578, -0.014509043411127798, 0.01449969182254506, -0.006699056872818414], [-0.08446143730558246, 0.05668237677574549, -0.10254916677378356, 0.6670789568232279, -0.1816427739946011, 0.1396859696114827, -0.003136906425665859, 0.026361237799160962], [0.025673699288105492, -0.04343542526140789, 0.03511021720413577, -0.1816427739946011, 0.0844671061627723, -0.018883815634842954, 0.007251917676761404, -0.014298971729185676], [-0.02492728689358946, 0.0008925162970330048, -0.014509043411127801, 0.1396859696114827, -0.018883815634842954, 0.05448955738573537, 0.0023811309493336407, -0.014160782346303108], [-0.012551414133931177, -0.019344177689049287, 0.01449969182254506, -0.003136906425665859, 0.0072519176767614065, 0.0023811309493336355, 0.05135582535309115, 0.00791922740181666], [0.006141838688368889, -0.0029361673417541037, -0.006699056872818414, 0.026361237799160966, -0.014298971729185676, -0.014160782346303108, 0.007919227401816657, 0.024887610176889487]]]}