,X,Y,Z,id,nugget
0,100.0,0.0,-825.0,72981754,1e-05
1,300.0,0.0,-786.2039890407785,72981754,1e-05
2,900.0,0.0,-825.0,72981754,1e-05
3,100.0,0.0,-844.9999999999999,10039935,1e-05
4,300.0,0.0,-804.6957723577123,10039935,1e-05
5,900.0,0.0,-844.9999999999999,10039935,1e-05
