{"weights": [0.2387267935324651, 0.1757039505948135, 0.5855692558727216], "means": [[1.8566194291618816, 3.580801032298754, 0.07355589934110962, 0.011426822210928512, 0.057437541759752776, 0.019990655373221047, 0.05841632367468829, 0.02738687322238821], [4.023584422917811, -2.7188796146035568, -0.04486711626083399, 0.009569676650086283, -0.04287528973885955, 0.009074562597089835, -0.0141531991047688, -0.004579466464259487], [-2.110942186048487, -0.5247376977954789, 0.03606857633953409, -0.012009211073180611, 0.010380932530497008, 0.006243939547396936, -0.008851074724688173, -0.008843769987265184]], "cov": [[[0.15301253088904834, -0.10840177797583851, 0.49352183781791736, 0.10410251158607586, 0.1516848073513136, 0.01687969738054512, 0.02330906731069046, 0.052418185688203514], [-0.10840177797583853, 0.20487888895601142, 0.1855004167636951, -0.0915157094664379, -0.1965031995472164, -0.022371964656500168, -0.018371497707815928, -0.04752487137773828], [0.49352183781791736, 0.18550041676369508, 5.690288383693564, 0.34598175816191623, -0.1264315398557327, 0.0005874285922521254, -0.02481299114919697, 0.009391085788813314], [0.10410251158607585, -0.09151570946643789, 0.34598175816191623, 0.14406359155608578, 0.05634128632599799, -0.0025221671667565054, -0.05237577720817263, 0.04384127422218436], [0.1516848073513136, -0.1965031995472164, -0.1264315398557327, 0.05634128632599799, 0.3300391091151666, 0.07864516388248227, 0.1423618201028885, 0.04086798700013025], [0.016879697380545112, -0.02237196465650016, 0.0005874285922521252, -0.0025221671667565054, 0.07864516388248227, 0.05094738537299297, 0.083930582581152, -0.024564311120731198], [0.023309067310690455, -0.018371497707815924, -0.02481299114919697, -0.052375777208172616, 0.14236182010288853, 0.083930582581152, 0.2194885606558585, -0.040920847595642774], [0.052418185688203514, -0.04752487137773828, 0.009391085788813314, 0.043841274222184354, 0.04086798700013026, -0.024564311120731194, -0.040920847595642774, 0.050128686765110564]], [[0.4841125165016727, 0.12583924612970626, -0.0049657518496035846, -0.25708819387473764, -0.1259430304515161, 0.05480688186567236, -0.04755562138007422, -0.14092491735934923], [0.12583924612970623, 0.17481897870723842, 0.008967502288130366, 0.12468885778812816, 0.2910205341111916, -0.016660586389401322, -0.06878539429524719, -0.0672057681463951], [-0.0049657518496035846, 0.008967502288130364, 0.01058268182812733, -0.04810058110774482, 0.02316839859429534, 0.04289326465794379, -0.014903086796102397, 0.01324826136921589], [-0.25708819387473764, 0.12468885778812813, -0.04810058110774482, 1.096676187222325, 0.5068519479574891, -0.4141574994724456, 0.059157831768316606, -0.12843406934343435], [-0.12594303045151609, 0.2910205341111916, 0.023168398594295342, 0.5068519479574891, 0.9107749716041884, -0.04916832202243274, -0.1706355327308198, -0.0010323499115692577], [0.054806881865672355, -0.01666058638940132, 0.04289326465794379, -0.4141574994724456, -0.04916832202243276, 0.33685624265726133, -0.0927546753475736, 0.07930750834007923], [-0.04755562138007422, -0.0687853942952472, -0.014903086796102397, 0.059157831768316606, -0.1706355327308198, -0.09275467534757359, 0.085983687688017, 0.018336972927152882], [-0.1409249173593492, -0.06720576814639512, 0.01324826136921589, -0.12843406934343435, -0.0010323499115692586, 0.07930750834007921, 0.018336972927152886, 0.2462429497652097]], [[0.02513817005997476, -0.00953249692320566, 0.008112235744661841, -0.08293179845039543, 0.025096417846006122, -0.024583408735671154, -0.012670334650635415, 0.00622513986435038], [-0.00953249692320566, 0.03717850298922056, -0.016884653400066653, 0.05539408577900605, -0.043508182755267376, 0.0003900678025927822, -0.019767697181801675, -0.0029714406610338298], [0.00811223574466184, -0.016884653400066653, 0.021227974240242083, -0.1006564007039805, 0.034697269592464185, -0.013986580628393959, 0.014734555546523524, -0.006643211602761744], [-0.08293179845039543, 0.05539408577900605, -0.10065640070398052, 0.6552340878478781, -0.17812512015293075, 0.1372999113239948, -0.0029257438887921464, 0.02592111968216377], [0.025096417846006122, -0.043508182755267376, 0.034697269592464185, -0.17812512015293072, 0.08404931034290541, -0.01775426748014068, 0.0073320997966264245, -0.0144403384547808], [-0.024583408735671154, 0.0003900678025927824, -0.013986580628393957, 0.1372999113239948, -0.01775426748014068, 0.05455429038192251, 0.0024107316272100584, -0.014615765764113477], [-0.012670334650635412, -0.01976769718180168, 0.014734555546523526, -0.0029257438887921464, 0.0073320997966264245, 0.0024107316272100575, 0.052368780909113004, 0.008234157887414667], [0.0062251398643503805, -0.0029714406610338306, -0.006643211602761745, 0.02592111968216377, -0.014440338454780799, -0.014615765764113478, 0.008234157887414667, 0.025254840620777437]]]}