{"MAP index": 0, "entropy_prior_gmm": 7.321111038329212e-09, "entropy_MAP_gmm": 6.907755256690962e-09, "entropy_z_nk_prior": 0.2076536539080619, "entropy_MAP_z_nk": 0.16887153595124363, "entropy_mixing_prior": 81.09822012551359, "entropy_MAP_mixing": 1.2236946808513076}