,X,Y,Z,id,nugget
0,100.0,0.0,-825.0,10529765,1e-05
1,300.0,0.0,-821.1650529378015,10529765,1e-05
2,900.0,0.0,-825.0,10529765,1e-05
3,100.0,0.0,-844.9999999999999,9713408,1e-05
4,300.0,0.0,-837.953401042578,9713408,1e-05
5,900.0,0.0,-844.9999999999999,9713408,1e-05
6,100.0,0.0,-855.0,7356400,1e-05
7,300.0,0.0,-845.2829857086172,7356400,1e-05
8,900.0,0.0,-855.0,7356400,1e-05
