,X,Y,Z,id,nugget
0,100.0,0.0,-824.9999999999999,3620708,1e-05
1,300.0,0.0,-825.8786550042893,3620708,1e-05
2,900.0,0.0,-824.9999999999999,3620708,1e-05
3,100.0,0.0,-844.9999999999999,37401766,1e-05
4,300.0,0.0,-842.2750782245633,37401766,1e-05
5,900.0,0.0,-844.9999999999999,37401766,1e-05
