{"accuracy_init": 0.7751677632331848, "accuracy_final_MAP": 0.6711409687995911, "accuracy_final_mean": 0.7315436005592346}