{"weights": [0.5834540580447788, 0.17946484714107513, 0.23708109481414616], "means": [[-2.104517094960979, -0.5235248028632418, 0.039430063195713065, -0.05095213431618042, 0.014339563633841349, -0.008432449980900052, -0.01197929707183297, -0.005880447537523372], [4.014322065012306, -2.721048790220921, -0.04784904815581819, 0.06708939176127482, -0.037067279180024316, -0.010457668703423755, -0.006497165513878989, -0.013721488075119671], [1.8118399971826709, 3.6031658840181278, -0.07620804676247785, -0.011163700425582734, -0.002899878527985836, 0.0036422715155729553, 0.024681770156592273, 0.016281041208755963]], "cov": [[[0.025770772278114154, -0.009960151804562086, 0.0091402893204649, -0.08953989615622947, 0.026822646834648082, -0.025922944337914623, -0.012608358904826715, 0.005802804706331228], [-0.009960151804562086, 0.03779546618637872, -0.017808467388353875, 0.06031351440385181, -0.04498541163212901, 0.0011821514070777354, -0.020225827023989465, -0.0026649327952272097], [0.0091402893204649, -0.017808467388353875, 0.022470205226481913, -0.10840535138145474, 0.03702415551132513, -0.01560311863125677, 0.014942950574874733, -0.006833433299546922], [-0.08953989615622947, 0.06031351440385181, -0.10840535138145473, 0.7051394523689637, -0.19237092684540644, 0.1476829316363848, -0.0032923445927815482, 0.027643432448645155], [0.026822646834648082, -0.04498541163212902, 0.037024155511325124, -0.19237092684540646, 0.08851280118744703, -0.020170245551123445, 0.007335873993498259, -0.015484496663238477], [-0.025922944337914623, 0.0011821514070777376, -0.015603118631256773, 0.1476829316363848, -0.020170245551123445, 0.0572297754920175, 0.0018105114445875507, -0.014707564697037968], [-0.012608358904826715, -0.02022582702398947, 0.014942950574874736, -0.0032923445927815474, 0.00733587399349826, 0.0018105114445875542, 0.05343411018617593, 0.008996396946078015], [0.005802804706331228, -0.0026649327952272092, -0.006833433299546922, 0.027643432448645155, -0.015484496663238477, -0.014707564697037968, 0.008996396946078015, 0.025753961760802302]], [[0.4736499743382609, 0.12275785377219095, -0.002108254234852767, -0.285711280508287, -0.11848162298965428, 0.06925333294864126, -0.05367420543173415, -0.12946439777228907], [0.12275785377219092, 0.1838606528095843, 0.011150365276183325, 0.12724863279756532, 0.3146816411853145, -0.010660305096625878, -0.07459923848634258, -0.06422714287889701], [-0.002108254234852771, 0.011150365276183323, 0.01104292981763134, -0.05098540866508194, 0.024698028898508032, 0.04455071656307041, -0.0158397447053897, 0.012348885453896438], [-0.285711280508287, 0.1272486327975653, -0.05098540866508194, 1.1545429284706064, 0.5368658232919532, -0.4464148505297266, 0.06419453764456913, -0.1350149310985675], [-0.11848162298965427, 0.31468164118531444, 0.024698028898508036, 0.5368658232919532, 0.9677469895039198, -0.04706949149863201, -0.1840590514384182, -0.005666241844398579], [0.06925333294864128, -0.010660305096625853, 0.044550716563070414, -0.4464148505297266, -0.04706949149863201, 0.3422224956849338, -0.09956693093732485, 0.07190194146684892], [-0.05367420543173415, -0.07459923848634258, -0.015839744705389708, 0.06419453764456913, -0.1840590514384182, -0.09956693093732485, 0.09245363017752883, 0.018202864638530276], [-0.12946439777228907, -0.06422714287889703, 0.012348885453896436, -0.1350149310985675, -0.005666241844398595, 0.07190194146684893, 0.018202864638530276, 0.23602476494854852]], [[0.14632831407508243, -0.10637296407550713, 0.45230198930270926, 0.09924587768847547, 0.14906396067879885, 0.017100348645616444, 0.02440067141512943, 0.05050261232786565], [-0.10637296407550714, 0.19879514018824593, 0.17040784485514696, -0.08845098302416833, -0.19233893025358262, -0.022583114745923304, -0.02017114858271236, -0.045753471016193564], [0.45230198930270926, 0.17040784485514696, 5.218766250598889, 0.3169358584894768, -0.11630587589254025, 0.0005252274547558295, -0.022730521182484625, 0.008413020557614153], [0.09924587768847547, -0.08845098302416832, 0.3169358584894768, 0.1366830181293694, 0.05651566926594279, -0.00153701669323042, -0.047842230958026394, 0.041892553046514], [0.14906396067879885, -0.19233893025358262, -0.11630587589254027, 0.05651566926594281, 0.321909936929738, 0.07661894376175257, 0.1379841384478609, 0.04012675367958442], [0.017100348645616444, -0.022583114745923297, 0.0005252274547558296, -0.0015370166932304238, 0.07661894376175257, 0.04881947763102526, 0.07976884834639122, -0.02293551131359557], [0.024400671415129433, -0.020171148582712368, -0.022730521182484625, -0.0478422309580264, 0.13798413844786087, 0.07976884834639122, 0.20875759437334762, -0.03767640301323104], [0.05050261232786565, -0.045753471016193564, 0.008413020557614155, 0.041892553046514, 0.04012675367958442, -0.02293551131359557, -0.037676403013231045, 0.04783885165791337]]]}