{"weights": [0.17113679525914932, 0.16779546713528146, 0.3020118118974091, 0.1241611228284833, 0.22290972104649925, 0.011985081833177485], "means": [[-5.701859886361151, -0.4969361154201356, -0.10281603551491439], [0.77857468581308, -0.5254331108369223, -0.43899087742906595], [3.1656069822868393, -0.18807849784305725, 0.09645330982268308], [1.2376989256810715, -0.039408650565248574, 0.21389407283892303], [-0.4966918276802262, 0.5920546297668975, -0.17264533592982864], [-5.400044363790057, 0.641506531474203, -1.0231516431796706]], "cov": [[[5078.148987469345, 675.4139198016807, 820.0507257060957], [675.4139198016805, 95.59766421506161, 106.26615029468705], [820.0507257060957, 106.26615029468707, 142.39850053379155]], [[9849.716991385787, -5.432566662147766, 732.3793367028684], [-5.4325666621477655, 2.1251843814450364, -0.4407511423517547], [732.3793367028684, -0.44075114235175505, 56.66137838530644]], [[253.41826743727003, -107.33439196409127, -87.9449556008509], [-107.33439196409125, 51.17244563178065, 41.75115712289811], [-87.94495560085089, 41.751157122898114, 36.98236578501708]], [[5028.239073995242, -1525.4205947827709, -1025.3728500701163], [-1525.4205947827709, 466.733676016433, 312.37932638691666], [-1025.3728500701163, 312.37932638691666, 211.68326893315822]], [[5881.070542945941, -420.9438266842628, -1143.63334864031], [-420.9438266842628, 309.34621264485105, -112.84103194228685], [-1143.6333486403098, -112.84103194228685, 547.8481720811958]], [[9669.49810333108, 860.6564587682102, -31.93394146558015], [860.6564587682107, 3920.0766781642706, 4734.802327673561], [-31.933941465579707, 4734.802327673561, 6193.242131041739]]]}