{"entropy_prior_gmm": 7.321111038329212e-09, "entropy_Mean_gmm": 0.017884591594338417, "entropy_z_nk_prior": 0.2076536539080619, "entropy_Mean_z_nk": 0.16480210262485215, "entropy_mixing_prior": 81.09822012551359, "entropy_Mean_mixing": 1.2060873837898267}