,X,Y,Z,id,nugget
0,100.0,0.0,-825.0,35617254,1e-05
1,300.0,0.0,-823.0441669936403,35617254,1e-05
2,900.0,0.0,-825.0,35617254,1e-05
3,100.0,0.0,-844.9999999999999,14963173,1e-05
4,300.0,0.0,-838.5011099955559,14963173,1e-05
5,900.0,0.0,-844.9999999999999,14963173,1e-05
6,100.0,0.0,-855.0,14466698,1e-05
7,300.0,0.0,-846.2116245331745,14466698,1e-05
8,900.0,0.0,-855.0,14466698,1e-05
