{"weights": [0.3866435791609932, 0.2906747068081014, 0.2858633433265192, 0.03681837070438621], "means": [[2.0430547273616795, -0.5662710714849019, 0.09689612663205587, 0.4329057600096643, 0.13039579195425446, 0.10079884012966177, 0.013037728568558522, 0.0076375927418473495, -0.00314742090317189, 0.002986348176977871], [-0.04960273279172241, -1.262515133996035, -0.0687340920297684, -0.4057906809517097, -0.21727621138049485, -0.19544356105043936, 0.007863027825986454, -0.05833158811006024, -0.020804165767538005, -0.023394262552873503], [-2.4813092237078385, 1.6024257970561984, 0.12609576679339426, -0.17475887164668766, 0.035691031457892555, 0.05013709658821204, -0.054142855346089286, 0.06673091826303282, 0.016615107880331197, 0.01687351823017571], [-1.798025839145918, 3.4724919121682665, -1.4539252989781144, 0.014395260743584017, 0.06891249402972437, 0.09519479978102513, 0.2213818847689149, -0.13779622028885877, 0.06829537895040273, 0.022324391603881555]], "cov": [[[0.014141375495188608, 0.004566158394931517, -0.000646173679993369, -0.02232264119647283, -0.007634547378586699, -0.00855101449025914, -0.009279574333584012, 0.006005109233634608, -0.0013694123996544653, -0.002147520214393201], [0.004566158394931517, 0.02663057473636049, -0.010219871252168089, -0.016518458131745344, -0.022725837226654194, 0.0036578270482701437, 0.019013076855224402, 0.0063276440119370975, -0.0003503187935496298, 0.0002547377889067571], [-0.000646173679993369, -0.010219871252168089, 0.014109629153950053, 0.04294609346841263, 0.017623275640645565, -0.0005373818173175462, -0.01850203436625556, 0.0063135381155936445, -0.0017309898590021305, -0.003592811649043978], [-0.02232264119647283, -0.016518458131745344, 0.04294609346841263, 0.18778169688841415, 0.054831094114126275, 0.0168163321130804, -0.0301941551317272, 0.021749998909353224, -0.003949966038605499, -0.008244923286132043], [-0.007634547378586699, -0.022725837226654194, 0.017623275640645565, 0.054831094114126275, 0.0380634204713559, -0.006751570747637436, -0.011845588398934648, 0.011124793792771944, 0.00516584753283614, -0.0016502590589449217], [-0.00855101449025914, 0.0036578270482701437, -0.0005373818173175462, 0.0168163321130804, -0.006751570747637436, 0.019588866909477278, -0.0036348560513275695, -0.014011435391106004, -0.006729240153293556, -0.003198795532901856], [-0.009279574333584012, 0.019013076855224402, -0.01850203436625556, -0.0301941551317272, -0.011845588398934648, -0.0036348560513275695, 0.05213229277893515, 0.006634963577644396, 0.01144331872055478, 0.010573337305006031], [0.006005109233634608, 0.0063276440119370975, 0.0063135381155936445, 0.021749998909353224, 0.011124793792771944, -0.014011435391106004, 0.006634963577644396, 0.024941771512070325, 0.0064291035187888914, 0.00035595868024348846], [-0.0013694123996544653, -0.0003503187935496298, -0.0017309898590021305, -0.003949966038605499, 0.00516584753283614, -0.006729240153293556, 0.01144331872055478, 0.0064291035187888914, 0.005406462204339998, 0.0027579151088880116], [-0.002147520214393201, 0.0002547377889067571, -0.003592811649043978, -0.008244923286132043, -0.0016502590589449217, -0.003198795532901856, 0.010573337305006031, 0.00035595868024348846, 0.0027579151088880116, 0.004605549332428461]], [[9.53155726124987, 3.388060366823244, -0.07493090795101273, -1.8479481978038899, -0.03713651513885948, -0.045512940196675566, -0.0689973108365779, 0.1687143123322315, 0.08535028503313125, 0.00612386216612115], [3.388060366823244, 1.267417176183645, -0.0356275964340517, -0.6359043498265647, -0.04912831112293957, -0.01861439153935901, 0.008967253294561826, 0.08962737481736871, 0.023554694213029966, -0.00431761167228939], [-0.07493090795101273, -0.0356275964340517, 0.013471047342051923, 0.08055937656205724, 0.03077459490367788, -0.014749523170747592, 0.004489909895031854, -0.005016232460447383, -9.05812936719738e-05, 0.0006836032661330358], [-1.8479481978038899, -0.6359043498265647, 0.08055937656205724, 0.9462739069315954, 0.10474503317643645, -0.0613449844421446, 0.10197015873551676, -0.0010610314188570847, -0.018568025517484536, 0.009239617264796905], [-0.03713651513885948, -0.04912831112293957, 0.03077459490367788, 0.10474503317643645, 0.256489020551498, -0.05877401052946007, 0.05854650228252239, -0.06179116070176575, 0.009050405372335606, 0.01352120965775049], [-0.045512940196675566, -0.01861439153935901, -0.014749523170747592, -0.0613449844421446, -0.05877401052946007, 0.18207873066524052, -0.058305883092919585, 0.0022486363475101904, -0.013224733104700466, 0.009864485475812352], [-0.0689973108365779, 0.008967253294561826, 0.004489909895031854, 0.10197015873551676, 0.05854650228252239, -0.058305883092919585, 0.07445260053563779, 0.0025023913668158018, 0.0056485104827364765, 0.005840103101992271], [0.1687143123322315, 0.08962737481736871, -0.005016232460447383, -0.0010610314188570847, -0.06179116070176575, 0.0022486363475101904, 0.0025023913668158018, 0.09667275310700632, 0.010868207199242625, -0.0014163537859533861], [0.08535028503313125, 0.023554694213029966, -9.05812936719738e-05, -0.018568025517484536, 0.009050405372335606, -0.013224733104700466, 0.0056485104827364765, 0.010868207199242625, 0.007707439507461891, 0.0029406148147407083], [0.00612386216612115, -0.00431761167228939, 0.0006836032661330358, 0.009239617264796905, 0.01352120965775049, 0.009864485475812352, 0.005840103101992271, -0.0014163537859533861, 0.0029406148147407083, 0.014704542864327503]], [[1.1730724591503974, 2.8194146404538345, -0.22007547903117228, 0.2560421993410733, -0.19835271368692606, -0.08485764430724085, -0.03509225392446388, -0.07684914108774984, -0.011611793835236833, 0.034487870007617535], [2.8194146404538345, 8.95931421761455, 0.4798134561698918, 0.7483225620128611, -0.16643360498918394, -0.2853330856699308, -0.028836931681609463, -0.2182821827661116, -0.10622029756772916, -0.059449315156557055], [-0.22007547903117228, 0.4798134561698918, 3.6671854439733758, -0.20061590016867045, -0.06896476701990097, -0.004301986761404378, 0.06213605657132095, -0.0411342150037732, 0.00776510654972305, 0.006261203410593338], [0.2560421993410733, 0.7483225620128611, -0.20061590016867045, 0.47787973467582867, -0.3348661646564643, -0.09019303820167825, -0.07303580992332043, -0.04899433576805087, 0.02270719635675487, -0.006860175039725968], [-0.19835271368692606, -0.16643360498918394, -0.06896476701990097, -0.3348661646564643, 0.590814881475886, 0.014867744319029612, -0.034388111545543394, 0.038126733348791166, -0.027611025976695104, -0.022178035094038], [-0.08485764430724085, -0.2853330856699308, -0.004301986761404378, -0.09019303820167825, 0.014867744319029612, 0.09067928355478398, 0.05703401214990128, 0.005216898431764715, 0.012135817923337724, -0.009278149960048838], [-0.03509225392446388, -0.028836931681609463, 0.06213605657132095, -0.07303580992332043, -0.034388111545543394, 0.05703401214990128, 0.15554239015798638, 0.0009052521951456581, -0.027585948444929762, -0.017282060969635655], [-0.07684914108774984, -0.2182821827661116, -0.0411342150037732, -0.04899433576805087, 0.038126733348791166, 0.005216898431764715, 0.0009052521951456581, 0.09068327124720336, -0.012925774578656651, -0.0026177473435784284], [-0.011611793835236833, -0.10622029756772916, 0.00776510654972305, 0.02270719635675487, -0.027611025976695104, 0.012135817923337724, -0.027585948444929762, -0.012925774578656651, 0.14785116475894267, -0.004159491149273753], [0.034487870007617535, -0.059449315156557055, 0.006261203410593338, -0.006860175039725968, -0.022178035094038, -0.009278149960048838, -0.017282060969635655, -0.0026177473435784284, -0.004159491149273753, 0.03891362146006964]], [[0.10163990140171432, 0.08318615226438585, 0.016311251080142187, 0.047956442687125775, -0.15781032905350922, 0.005864013090839619, -0.007037707961693616, 0.052756282315787176, -0.0670176920431204, -0.0015844945591251677], [0.08318615226438585, 0.08428094635727718, 0.03428855209097783, 0.03767905695167879, -0.15487040839049995, 