{"entropy_prior_gmm": 0.0009597588643864824, "entropy_Mean_gmm": 0.22495853900909424, "entropy_z_nk_prior": 0.5947685701538927, "entropy_Mean_z_nk": 0.6032146017397394, "entropy_mixing_prior": 88.99072030499339, "entropy_Mean_mixing": 1.6370440903441008}