{"weights": [0.14655119477902231, 0.076771650582353, 0.3787548609890845, 0.16511562427625417, 0.14532968118290598, 0.08747698819038008], "means": [[-6.859222921163484, -0.6447288021486381, -0.3081984701666285], [0.24637021129145553, -0.44852707941603426, -0.11657024613211388], [3.4013288258172927, -0.28957881249017187, 0.008487595451013661], [0.38836162594687873, 0.2777881029150335, 0.39242877455939934], [-2.511013838013728, 0.5491073112105807, 0.35046082433440245], [-0.013220526178168504, 1.2909746801357254, -0.7410755342960843]], "cov": [[[0.11299022913043504, 0.0021574402728594512, 0.003554936958028033], [0.0021574402728594512, 0.008166053683575642, -0.005764543921017244], [0.003554936958028033, -0.005764543921017244, 0.00530506357687886]], [[24.20057778976298, 0.6435298029823164, 0.5561664775652932], [0.6435298029823164, 0.05473687107071816, 0.03756586884397993], [0.5561664775652932, 0.03756586884397993, 0.0340100327146739]], [[0.9410158039422633, -0.23377299611136373, -0.16976098737087664], [-0.23377299611136373, 0.06610428057967785, 0.04666244492054566], [-0.16976098737087664, 0.04666244492054566, 0.036385145343248125]], [[4.934923372682653, -0.7988858016747302, -0.5207300678153559], [-0.7988858016747302, 0.15772337764204566, 0.10650048366053189], [-0.5207300678153559, 0.10650048366053189, 0.07669480683026893]], [[2.0900885189709135, 0.26852172580788525, -0.24505820082471874], [0.26852172580788525, 0.06717091228787948, -0.08633317107619407], [-0.24505820082471874, -0.08633317107619407, 0.13989018608429615]], [[2.4615732156352084, 0.562536994396461, -0.8458751314779097], [0.562536994396461, 0.15719986799513483, -0.21984335210358386], [-0.8458751314779097, -0.21984335210358386, 0.3309961438699777]]]}