{"weights": [0.09428648136127771, 0.1957655018706219, 0.3224474833218004, 0.12584982552852658, 0.08957132345342114, 0.17207938446435225], "means": [[-3.72089961153488, 0.46213659867705065, 0.38325648590917455, -0.13397134693342772, -0.031003612809262313, 0.08185870876962542, -0.06337077945924045, 0.017467077963839953], [-1.0519160847118583, 0.5559126913584335, 0.5259137482608646, -0.0021489815856466405, 0.04685572384582585, -0.040198721617148735, 0.020835183163249445, -0.012615022685921578], [3.9209699509494302, -0.44313659762145396, -0.09577111273722382, -0.021118776743166597, 0.02599301077262921, 0.004097694782628702, -0.009631704356356768, -0.0020861211220942117], [2.6888362463945517, -0.02516262135711551, 0.20390677112655645, 0.08549317082194587, -0.10692849237370185, 0.00478117493772273, 0.018229813747233706, 0.013177204377719926], [0.7301433867660421, 1.4417575425338918, -1.0683009108739063, 0.012548754425808946, 0.003354685593278374, -0.000955876701677366, 0.008714975285858703, 0.0007392476274633722], [-6.8525381913273105, -0.6536003412339921, -0.2912918012292401, 0.03715328715389061, -0.00165269207115465, -0.008086941145434502, 0.008877955483116344, -0.0017627704334825854]], "cov": [[[0.1663606286368131, 0.01900527924051474, 0.03035731125607777, -0.008533513890938883, 0.005819616990505351, 0.0004895081042508896, 0.009197928536250193, 0.0004984942556037339], [0.01900527924051474, 0.00297578681318645, 0.002120361683183168, 7.837788872730861e-05, 0.0012807516784811828, -0.00011585219470842399, 0.0011888986120057112, 0.00016162763255512258], [0.03035731125607777, 0.002120361683183168, 0.008285842223825059, -0.003539342604265565, 0.00033433013926939694, 0.0005571144979368279, 0.001173771312728428, 3.696236704361411e-05], [-0.008533513890938883, 7.837788872730861e-05, -0.003539342604265565, 0.002568300814639338, 0.0009841745729042336, -0.0004610056342176511, -3.360048583853857e-05, 0.00042178216727649875], [0.005819616990505351, 0.0012807516784811828, 0.00033433013926939694, 0.0009841745729042336, 0.0023348776852977694, 0.00010856266691336645, 0.000516118480771315, 0.0008662999240942923], [0.0004895081042508896, -0.00011585219470842399, 0.0005571144979368279, -0.0004610056342176511, 0.00010856266691336645, 0.0008045247583188956, 0.0001881473408809927, -0.0003333044460986488], [0.009197928536250193, 0.0011888986120057112, 0.001173771312728428, -3.360048583853857e-05, 0.000516118480771315, 0.0001881473408809927, 0.0009011144225605375, -1.773712105896621e-05], [0.0004984942556037339, 0.00016162763255512258, 3.696236704361411e-05, 0.00042178216727649875, 0.0008662999240942923, -0.0003333044460986488, -1.773712105896621e-05, 0.0007938883471391912]], [[0.3027795444197614, -0.003469855142802651, 0.027927005194681484, 0.02765655201017175, 0.012764395147370565, 0.02004528218923859, -0.010105506645130172, -0.002512863934248536], [-0.003469855142802651, 0.0011330359659266613, -0.0007451124061712217, -9.337789958895127e-05, -0.0011596978409078227, 0.0007566138386289122, 7.933412867981661e-05, -4.9859566938592004e-05], [0.027927005194681484, -0.0007451124061712217, 0.004542259829107489, 0.0029951793029428866, 0.002116467922902035, 0.0027744886714408277, -0.0014941635342690513, 4.275907407518537e-05], [0.02765655201017175, -9.337789958895127e-05, 0.0029951793029428866, 0.00466444390614322, 0.002339852454200644, 0.0026638537469599534, -0.0013101058940555898, -0.0007339255035335931], [0.012764395147370565, -0.0011596978409078227, 0.002116467922902035, 0.002339852454200644, 0.003660800595629954, 0.000673361457293358, -0.00016749642476531027, -0.0005193088358024009], [0.02004528218923859, 0.0007566138386289122, 0.0027744886714408277, 0.0026638537469599534, 0.000673361457293358, 0.004595203044303714, 0.00016299324004131758, -0.00041508620858779315], [-0.010105506645130172, 7.933412867981661e-05, -0.0014941635342690513, -0.0013101058940555898, -0.00016749642476531027, 0.00016299324004131758, 0.002124362709937305, -4.986367882575956e-05], [-0.002512863934248536, -4.9859566938592004e-05, 4.275907407518537e-05, -0.0007339255035335931, -0.0005193088358024009, -0.00041508620858779315, -4.986367882575956e-05, 0.0013313978511909283]], [[0.04398947673991543, -0.018156841870420423, -0.015756537009269756, -0.03868346990275294, 0.0074659688015814045, -0.0012523029514747192, 0.0003225557456437237, 0.0004298879878269523], [-0.018156841870420423, 0.009182362012724377, 0.005357331605891032, 0.016328685763228098, -0.0025271665620193776, 0.0007905491657530369, -0.0012120500931097544, -0.00043471003533704453], [-0.015756537009269756, 0.005357331605891032, 0.007027014897711831, 0.01610078911723348, -0.0014076285945536578, 0.00040461588987114437, 0.0003068986392365885, 0.00035927897421378303], [-0.03868346990275294, 0.016328685763228098, 0.01610078911723348, 0.052075785815182435, 0.0014687562863917767, 0.0013349002196802776, -0.0017135017936163108, 0.0010798880483574758], [0.0074659688015814045, -0.0025271665620193776, -0.0014076285945536578, 0.0014687562863917767, 0.01297855750208388, 0.00039952587881157415, -0.001075123011984171, 0.001398982364133062], [-0.0012523029514747192, 0.0007905491657530369, 0.00040461588987114437, 0.0013349002196802776, 0.00039952587881157415, 0.0018181496303573844, 0.0010882541909431128, -0.0002868079491697506], [0.0003225557456437237, -0.0012120500931097544, 0.0003068986392365885, -0.0017135017936163108, -0.001075123011984171, 0.0010882541909431128, 0.0021496986167395178, 0.00031755082679730894], [0.0004298879878269523, -0.00043471003533704453, 0.00035927897421378303, 0.0010798880483574758, 0.001398982364133062, -0.0002868079491697506, 0.00031755082679730894, 0.0034850587334051843]], [[0.031330055725409124, -0.00978990664295164, -0.006466725115217246, 0.004504187837336002, 0.002714095882148033, -0.002018824560805103, -0.001272706137678098, -0.0035011694029496907], [-0.009789906642951639, 0.0033888474906387665, 0.0017529273285349814, -0.0012902103052882456, -0.0014593390035229359, 0.0001858485316429272, -0.0001968417514126563, 0.0010036833719530367], [-0.006466725115217246, 0.0017529273285349814, 0.002253692115218722, -0.0013776774490790022, -0.0003669471885292449, 0.000882333647734899, 0.00011377579147944538, 0.001064161729888116], [0.004504187837336002, -0.0012902103052882456, -0.0013776774490790022, 0.0013381379796615837, 0.0007603651775992975, -0.00042850034215541073, -7.3497123084142e-05, -0.0012020766920397409], [0.002714095882148033, -0.0014593390035229359, -0.00036694718852924496, 0.0007603651775992975, 0.002780156404100749, 0.001328264607092077, 0.0020016388421993524, -0.0009257363248531126], [-0.002018824560805103, 0.0001858485316429272, 0.000882333647734899, -0.00042850034215541073, 0.001328264607092077, 0.0017632769961774216, 0.0018297059569749596, 0.00019751983782871423], [-0.001272706137678098, -0.0001968417514126563, 0.00011377579147944546, -7.3497123084142e-05, 0.0020016388421993524, 0.0018297059569749596, 0.002865580844327678, 0.0002212639111518715], [-0.0035011694029496903, 0.0010036833719530367, 0.001064161729888116, -0.0012020766920397409, -0.0009257363248531124, 0.00019751983782871423, 0.0002212639111518715, 0.0026959562013823112]], [[0.2716804228734915, -0.01792639554439543, -0.05217997083987364, 0.01400320564859495, -0.02726829942433328, -0.011914640470516083, 0.000831746954311808, -0.004603830533662272], [-0.01792639554439543, 0.0014269179193662812, 0.003086185912941466, -0.0010174623856149185, 0.0017738093921002306, 0.0004079181746901473, -0.00022624824074402372, 0.0008764653679641458], [-0.05217997083987364, 0.003086185912941466, 0.01064799124598957, -0.0025414770069158835, 0.005286621882416006, 0.0026141626188172637, -0.00010765604671325773, 7.15415106344485e-05], [0.01400320564859495, -0.0010174623856149185, -0.0025414770069158835, 0.0012838816935162032, -0.000789315306075943, -0.00029726021996943474, 0.000217989196225584, -0.0007735467834477329], [-0.02726829942433328, 0.0017738093921002306, 0.005286621882416006, 