{"weights": [0.16072891214569213, 0.17816544549529875, 0.29998614654046907, 0.12742281918282544, 0.10865904624035502, 0.1250376303953596], "means": [[3.7209681397897003, 0.4622854598968279, -0.38298850978442367, 0.13369887857171492, -0.03092726342831026, -0.08173699727957107, 0.06336782796922306, -0.017323942840753326], [1.0517998754511737, 0.555721975382089, -0.5258746952696357, 0.002316077476905637, 0.04682818677173477, 0.04040477724902176, -0.020925144078042315, 0.012205495567825337], [-3.921065082317585, -0.44338489026484845, 0.09571545513122082, 0.02118964493615729, 0.025704264336033365, -0.004062415731641346, 0.009438840918082161, 0.002640374338307371], [-2.6885910905290005, -0.025121774982156182, -0.20393643156945612, -0.08553349731597124, -0.10712259084509552, -0.00468161236121023, -0.018135178603224802, -0.013713012342622207], [-0.7299832962397087, 1.441802918043132, 1.0683433901173558, -0.012755697490810803, 0.00371258340319702, 0.000858747921394553, -0.008838702317462315, -0.0009182645278107162], [6.852420635651309, -0.6531843504804097, 0.2915311802082806, -0.03728141074483453, -0.0016253915842910072, 0.008234209455985223, -0.008577982473802396, 0.001479102234903878]], "cov": [[[0.11519233646687368, -0.013265902672590368, 0.020780246929217816, -0.005748094616560561, -0.004028445407352878, 0.0002776778168088244, 0.006410519374707491, 0.0003261136251508207], [-0.013265902672590367, 0.0025582469212599088, -0.0006550173511501265, -0.0006689750912292714, 0.0012133939934496631, 0.0001916091257280787, -0.0009121385660566746, -0.0001487042918895864], [0.020780246929217816, -0.0006550173511501259, 0.007315150994465446, -0.003561748491908158, 6.482434668635984e-05, 0.0006652585272474134, 0.0005120263535725515, 7.675155026069368e-05], [-0.005748094616560561, -0.0006689750912292715, -0.0035617484919081574, 0.0029826958272013374, -0.001426281820827585, -0.0005676087821843292, 0.0002510563038434526, 0.0005631601697579767], [-0.004028445407352878, 0.001213393993449663, 6.482434668635966e-05, -0.0014262818208275849, 0.00305213434191496, -0.00016116028584719903, -0.0004503283761942556, -0.0012103820681891434], [0.0002776778168088244, 0.0001916091257280787, 0.0006652585272474135, -0.0005676087821843292, -0.00016116028584719903, 0.0010290674095763093, 0.00021810345096522703, -0.00040965989008163236], [0.006410519374707491, -0.0009121385660566746, 0.0005120263535725515, 0.00025105630384345267, -0.0004503283761942556, 0.00021810345096522703, 0.0008584009272067637, -5.723132356732565e-05], [0.0003261136251508207, -0.0001487042918895864, 7.675155026069366e-05, 0.0005631601697579767, -0.0012103820681891434, -0.0004096598900816324, -5.723132356732565e-05, 0.0010694078737884785]], [[0.22850070471726383, 0.0026145986908388524, 0.020967756831555745, 0.020754512001309164, -0.009522380267144354, 0.01501921668115204, -0.007607368007392131, -0.0018730538037310584], [0.0026145986908388524, 0.001205159420799751, 0.0007285771688940606, -2.8820674016426868e-05, -0.001172480109628634, -0.0008371824624400544, -2.402136181315305e-05, 9.081931591587514e-05], [0.02096775683155574, 0.0007285771688940606, 0.004057996584091333, 0.0023360688786546774, -0.0019229786298568328, 0.002404304506864951, -0.0012225014421081014, 0.00014397736536502103], [0.020754512001309164, -2.882067401642689e-05, 0.0023360688786546774, 0.004266956627952891, -0.0021393527716558097, 0.0022525841248586327, -0.0011305663565219619, -0.0007763033355073179], [-0.009522380267144354, -0.001172480109628634, -0.0019229786298568324, -0.0021393527716558093, 0.003740099438826016, -0.0005108765840602013, 4.6894511338085625e-05, 0.0005134352876857387], [0.01501921668115204, -0.0008371824624400544, 0.002404304506864951, 0.0022525841248586327, -0.0005108765840602013, 0.004449710837414114, 0.00038639823789364005, -0.00037731041725033477], [-0.007607368007392131, -2.4021361813153083e-05, -0.0012225014421081014, -0.0011305663565219619, 4.689451133808556e-05, 0.00038639823789364015, 0.0021210842920970597, -3.0985706504511526e-05], [-0.0018730538037310584, 9.081931591587516e-05, 0.00014397736536502103, -0.0007763033355073179, 0.0005134352876857387, -0.00037731041725033477, -3.09857065045115e-05, 0.001444635479194437]], [[0.03977455471529356, 0.016347587697220528, -0.014175302810646382, -0.03415936871839419, -0.007157860960738946, -0.0010941985345372365, 0.00020087910934099413, 0.00044551828538905164], [0.016347587697220528, 0.00846780008898024, -0.004638983438823749, -0.014469227283917887, -0.002439416417022984, -0.000760788217942865, 0.0011642509079915029, 0.0004070530105969077], [-0.014175302810646384, -0.004638983438823751, 0.006470241775258571, 0.014346500676560172, 0.0012482176908316552, 0.000325149975060322, 0.0003452875236465661, 0.0003286122873412251], [-0.03415936871839419, -0.014469227283917887, 0.01434650067656017, 0.047172672780969066, -0.0019207915970659091, 0.0012108987260449691, -0.001616424095779439, 0.001039248734688516], [-0.007157860960738946, -0.0024394164170229845, 0.0012482176908316552, -0.0019207915970659096, 0.01294179100083575, -0.000395060519465443, 0.0010667512791106316, -0.0014137199202304464], [-0.0010941985345372367, -0.0007607882179428652, 0.00032514997506032187, 0.0012108987260449691, -0.000395060519465443, 0.0019089952887475464, 0.0011433957227673602, -0.00028622761892721326], [0.00020087910934099413, 0.0011642509079915029, 0.00034528752364656605, -0.0016164240957794393, 0.0010667512791106316, 0.0011433957227673602, 0.002202162936047624, 0.0003120984607991201], [0.00044551828538905164, 0.0004070530105969077, 0.00032861228734122513, 0.0010392487346885162, -0.0014137199202304467, -0.0002862276189272132, 0.0003120984607991202, 0.003593024351706515]], [[0.028211986745326243, 0.008814557100526976, -0.005761021337785955, 0.003977688428302998, -0.002359676209884425, -0.0018120875021487954, -0.001187546585323334, -0.0029963104908385806], [0.008814557100526978, 0.0031394268470313707, -0.0014876256380910173, 0.001089514420994129, -0.0014392458610359077, -4.965168860639563e-05, 0.00032591720796050516, -0.0008094852647944795], [-0.0057610213377859544, -0.0014876256380910169, 0.0022447397118543766, -0.0013529499888017679, 0.00027444610189189967, 0.0009192109315632123, 8.79260239201931e-05, 0.0010747845445083523], [0.003977688428302999, 0.001089514420994129, -0.0013529499888017679, 0.0013964669088734794, -0.0007674740753323843, -0.0004154579463080219, -5.4777103209854326e-05, -0.0013269902023927103], [-0.002359676209884425, -0.0014392458610359075, 0.00027444610189189967, -0.0007674740753323843, 0.0031365677802552357, -0.0015927419673802126, -0.002351666597006411, 0.0010188191568065484], [-0.0018120875021487954, -4.965168860639557e-05, 0.0009192109315632123, -0.0004154579463080219, -0.0015927419673802126, 0.002010613282237442, 0.002102938758837871, 0.00020545155997678583], [-0.0011875465853233337, 0.00032591720796050516, 8.792602392019311e-05, -5.477710320985431e-05, -0.0023516665970064105, 0.002102938758837871, 0.0033071850915455327, 0.0002497026034196934], [-0.00299631049083858, -0.0008094852647944795, 0.0010747845445083523, -0.0013269902023927106, 0.0010188191568065484, 0.00020545155997678583, 0.0002497026034196935, 0.003196848370105796]], [[0.4191472248026601, 0.02762838720156667, -0.08054793953806084, 0.021576609252582347, 0.042127853794138435, -0.01845141750814792, 0.0012291846720436572, -0.007064256901525943], [0.02762838720156667, 0.0020693977183343757, -0.004942762454320191, 0.0014990065975582383, 0.0027668700425046797, -0.0008557020543670163, 0.00023984998371889276, -0.0009881425788598774], [-0.08054793953806086, -0.0049427624543201916, 0.016140739801040953, -0.004014289351184456, -0.008131147302292972, 0.0038164928944441493, -0.00023120480373810593, 0.0005920785941357668], [0.021576609252582347, 0.0014990065975582383, -0.0040142893511844555, 0.0017529195751359702, 0.0014525425219216628, -0.0006655587633373773, 0.00021940225774710558, -0.0008364435592207308], [0.04212785379413843, 