{"weights": [0.17222220978658792, 3.058526673782667e-07, 0.32884971775275357, 0.2594543651480299, 0.14527198374688036, 0.09420141771308095], "means": [[3.7406767980904245, 0.46272475598322466, -0.37301100173511686, 0.12909160856996954, -0.030016232159975828, -0.08301308900671228, 0.061717280345640925, -0.016322394492674905], [1.1506981229001105, 0.5536868647737991, -0.5181587921978118, 0.011717924271714919, 0.0453313295909661, 0.05123994465735826, -0.022295392357292082, 0.010898985898950431], [-3.8966731321632007, -0.4325253248559056, 0.08664516162268979, -0.004067139599437524, 0.027642833464030604, -0.00574537947828552, 0.0099076679997525, 0.0021673205445991227], [-2.631918637122381, -0.0076659208616496775, -0.21672428168480753, -0.07784461276760034, -0.10908666863941581, -0.01112430826692914, -0.02222410252331223, -0.01635459662814817], [-0.7093544226259346, 1.4439394537416885, 1.065285009462177, -0.009481097095164571, 0.00525011189175116, 0.0014900632552574133, -0.00881661985766899, -0.007426299275887671], [6.852429506647879, -0.6540638499036274, 0.2904679795529469, -0.036473862594171395, -0.0020411448840080876, 0.008210618935344173, -0.008885866943932038, 0.001744048882271594]], "cov": [[[0.22394665427050975, -0.02557795789023704, 0.040875278971008, -0.011503342902551953, -0.007813867863035761, 0.0006619172126834949, 0.01237928579259482, 0.0006603730423092795], [-0.02557795789023704, 0.003950235928032477, -0.0029179816712912683, -5.759993404431344e-05, 0.0016563263815171363, 0.00015212514657909253, -0.0016104073653092999, -0.00019907463727671625], [0.040875278971008, -0.0029179816712912674, 0.011063171642181208, -0.004661617509037186, -0.0005833246309196312, 0.0007409441488113, 0.0015935671952874656, 0.00010432045664064204], [-0.011503342902551953, -5.7599934044313433e-05, -0.004661617509037186, 0.0033287899967405737, -0.0012589317674020052, -0.0005946058003190351, -8.593786750731788e-05, 0.0005395514834199922], [-0.007813867863035761, 0.0016563263815171363, -0.0005833246309196315, -0.001258931767402005, 0.00316329652315971, -0.00016049019495775386, -0.0006753336536268795, -0.0012065822526523616], [0.0006619172126834949, 0.00015212514657909253, 0.0007409441488113, -0.000594605800319035, -0.00016049019495775386, 0.0010289121792581863, 0.00023907712644713182, -0.00040922190679531834], [0.01237928579259482, -0.0016104073653092999, 0.0015935671952874658, -8.59378675073179e-05, -0.0006753336536268796, 0.00023907712644713182, 0.001168376920938355, -3.0308514121922462e-05], [0.0006603730423092796, -0.00019907463727671625, 0.00010432045664064217, 0.0005395514834199922, -0.0012065822526523614, -0.0004092219067953184, -3.0308514121922445e-05, 0.0010701724289538582]], [[0.43660911344280245, 0.005002312641092173, 0.04036376699962007, 0.03997614058355997, -0.01848654151156135, 0.02899809200533709, -0.014595516335202735, -0.0036386606533143195], [0.005002312641092173, 0.0012496034240527185, 0.0009427360131305046, 0.0002162089125669606, -0.0013066232297320051, -0.0006952048905320365, -0.00010122916065378588, 3.3971760749889276e-05], [0.040363766999620077, 0.0009427360131305045, 0.005995954968202364, 0.004243872785363371, -0.0028111988234589312, 0.0037732360282444963, -0.0019959973151718164, -4.8053045200899815e-05], [0.03997614058355997, 0.0002162089125669606, 0.004243872785363371, 0.00612958606398012, -0.0030852729562139657, 0.0036419460509158536, -0.0017650591685610772, -0.0008976056472730133], [-0.01848654151156135, -0.0013066232297320051, -0.0028111988234589312, -0.0030852729562139657, 0.004328097950427002, -0.0011926019685807576, 0.00028428683053810056, 0.0006423307579881619], [0.02899809200533709, -0.0006952048905320364, 0.0037732360282444967, 0.0036419460509158536, -0.001192601968580758, 0.005513006464880082, -6.749059306571305e-05, -0.0005367527746113391], [-0.014595516335202735, -0.00010122916065378573, -0.0019959973151718164, -0.0017650591685610775, 0.0002842868305381006, -6.749059306571307e-05, 0.002513627622803684, -3.3804243014682674e-05], [-0.0036386606533143195, 3.397176074988924e-05, -4.805304520089986e-05, -0.0008976056472730131, 0.000642330757988162, -0.0005367527746113392, -3.3804243014682566e-05, 0.00154390224849036]], [[0.040345182790778394, 0.016602504807364058, -0.014311730055096422, -0.03430473971477809, -0.007469671917288318, -0.001110504761028279, 0.00018978998399388206, 0.0005022453901746989], [0.016602504807364055, 0.008587276323615252, -0.004699299223244164, -0.014513993852529723, -0.0025139537541796634, -0.0007468726137187103, 0.0011866770877116321, 0.0004230584177631035], [-0.014311730055096424, -0.004699299223244165, 0.00651936185837647, 0.014498788758115878, 0.0012877197765861477, 0.00034865959263659846, 0.00035648443467717046, 0.0003231594336142223], [-0.03430473971477809, -0.014513993852529723, 0.014498788758115878, 0.047902803350154094, -0.0022366431255324065, 0.0012222480497287192, -0.0016490263732572101, 0.0011112632837295727], [-0.007469671917288318, -0.0025139537541796634, 0.0012877197765861475, -0.002236643125532408, 0.013688321971356434, -0.0004270906462038312, 0.0011493955184075687, -0.0014925851380519915], [-0.001110504761028279, -0.0007468726137187103, 0.00034865959263659846, 0.0012222480497287192, -0.00042709064620383115, 0.0019431103991667366, 0.001170451902940119, -0.00035561452290265355], [0.00018978998399388208, 0.0011866770877116321, 0.0003564844346771705, -0.0016490263732572101, 0.0011493955184075687, 0.001170451902940119, 0.0022458893530291637, 0.0002518967132225715], [0.0005022453901746989, 0.00042305841776310365, 0.00032315943361422233, 0.0011112632837295727, -0.0014925851380519915, -0.0003556145229026536, 0.0002518967132225714, 0.003692499192585804]], [[0.03422980915707907, 0.01070491151905307, -0.007042479625170336, 0.004889365756481836, -0.002956563832740022, -0.0021861795032917307, -0.0013722085031866154, -0.0037463601709390067], [0.01070491151905307, 0.003712255021409451, -0.0019010797578832618, 0.001379280149250768, -0.001564473438355273, -0.0002121864346245876, 0.00020813129759607248, -0.00102942250929557], [-0.0070424796251703356, -0.0019010797578832613, 0.0024769929444388864, -0.0015367053339603244, 0.00042535075903617274, 0.0009707178227791611, 0.00013342283885862434, 0.001258914751917545], [0.004889365756481836, 0.0013792801492507679, -0.0015367053339603244, 0.001526657030705821, -0.0008502059383083266, -0.00048752660143327813, -0.00010840573812545806, -0.001454495405350185], [-0.002956563832740022, -0.0015644734383552727, 0.00042535075903617274, -0.0008502059383083266, 0.002976356294444973, -0.0013808463438341925, -0.0020988806167117798, 0.00106242148317593], [-0.0021861795032917307, -0.00021218643462458752, 0.0009707178227791611, -0.00048752660143327813, -0.0013808463438341925, 0.001894997239364015, 0.0019452157479229494, 0.00028092020873621965], [-0.001372208503186615, 0.00020813129759607248, 0.0001334228388586243, -0.00010840573812545806, -0.0020988806167117793, 0.001945215747922949, 0.0030507844522557263, 0.0002979074151921145], [-0.003746360170939006, -0.0010294225092955702, 0.0012589147519175448, -0.001454495405350185, 0.00106242148317593, 0.00028092020873621965, 0.00029790741519211445, 0.0033014961428708424]], [[0.29038495406962506, 0.01916542707424569, -0.055760873954019574, 0.014972369920046516, 0.02912896475365424, -0.012732698134857862, 0.0008923348339649363, -0.0049173352481516035], [0.01916542707424569, 0.0015466653623131552, -0.003264537294770117, 0.00108135082571256, 0.0019066136386681313, -0.0004178278535994275, 0.00024837749407157904, -0.0009431070557868553], [-0.055760873954019574, -0.0032645372947701164, 0.01144790379649498, -0.002711357183974455, -0.005659636733755353, 0.0027904737780759963, -0.00013046715230215347, 6.16672724397413e-05], [0.014972369920046517, 0.00108135082571256, -0.002711357183974455, 0.0014870238129984276, 0.0007277203458642528, -0.00035480202543028194, 0.00019212831078676195, -0.000850648504926505], [0.02912896475365424, 0.0019066136386681311, 