{"weights": [0.13240910291984634, 0.19798994051864713, 0.308481261145208, 0.11677924456086625, 0.10565909955067568, 0.13868135130475667], "means": [[3.8316019017255667, 0.4494384382201875, -0.35644204783949174, 0.11668517199492395, -0.014347904036577255, -0.09126844377084067, 0.05736472376789358, -0.022167009033912416], [1.1241564482307878, 0.5574260903466194, -0.5193498346124895, 0.007128926336651574, 0.043834852049101126, 0.04602861112472445, -0.019786726448343617, 0.011012791768813942], [-3.9553757179668554, -0.4540038587110378, 0.1072154944516209, 0.03053368706940349, 0.05045639867399471, -0.0068523594020901395, 0.010242109297349884, 0.00018051325210989225], [-2.6585179593665567, -0.019047553161010616, -0.21174246873396257, -0.07638391584879857, -0.10482381405223384, -0.003314222328462717, -0.0189744733292973, -0.010522576196152933], [-0.7720079018719841, 1.4391071851125201, 1.0759240229965297, -0.015963627612030466, 0.001221579969999065, 0.008791416056957739, -0.0037914330614541325, -0.0026136216229073897], [6.850534177138943, -0.6585242512502825, 0.2802322487426502, -0.030585478197998367, -0.004487675952135348, 0.008373189907091865, -0.008399220740503345, 0.00037894009495579076]], "cov": [[[0.19516472022573875, -0.02225497338551592, 0.03568923884866444, -0.010083836712088153, -0.006780852780291633, 0.0005907311170700463, 0.01077679412652886, 0.0005653788443335515], [-0.02225497338551592, 0.0033018605036400387, -0.002807432425935982, 0.000186382488865851, 0.0012808418955214452, 8.113022937634363e-05, -0.0013466656156065353, -0.00013698003909195185], [0.03568923884866444, -0.002807432425935982, 0.009173020704464553, -0.003637542014567208, -0.0007533391503595717, 0.000564773953497572, 0.001483620814773466, 0.00016146876087794142], [-0.010083836712088153, 0.00018638248886585095, -0.003637542014567208, 0.002499389552213152, -0.0008126497926951927, -0.00043066812768223126, -0.0001618458824652779, 0.00037440564524961835], [-0.006780852780291633, 0.0012808418955214452, -0.0007533391503595718, -0.0008126497926951926, 0.0024876798665136477, -0.00015661568608412216, -0.0005300361795141822, -0.0009422511722154589], [0.0005907311170700463, 8.113022937634363e-05, 0.000564773953497572, -0.00043066812768223126, -0.00015661568608412214, 0.0008163778568745339, 0.00019823701459103338, -0.0002976071968415736], [0.010776794126528861, -0.0013466656156065353, 0.0014836208147734659, -0.0001618458824652779, -0.0005300361795141822, 0.00019823701459103336, 0.000988931739691987, -2.763712415613517e-05], [0.0005653788443335515, -0.00013698003909195185, 0.0001614687608779415, 0.0003744056452496183, -0.0009422511722154589, -0.0002976071968415736, -2.7637124156135185e-05, 0.0008746402346201961]], [[0.29515316652880097, 0.003385542769270828, 0.02715717377624043, 0.02688755793916454, -0.012369468225682101, 0.019453439033224686, -0.009855036013306095, -0.0024324077838138404], [0.0033855427692708285, 0.0014005200052031714, 0.0007264317016131192, 0.00016295371995761774, -0.0015984534978432032, -0.0013375163238468595, -0.00027055403395065885, 1.8223302003754336e-05], [0.02715717377624043, 0.0007264317016131192, 0.004567923315030228, 0.0032308405095423775, -0.0023245951650954872, 0.0028042005761745085, -0.0015699321446680252, -4.016619930838204e-05], [0.02688755793916454, 0.00016295371995761772, 0.0032308405095423775, 0.004657159140937755, -0.0025969947697954475, 0.0028772243788886876, -0.001208572607059044, -0.0007233288744671096], [-0.012369468225682101, -0.0015984534978432032, -0.0023245951650954872, -0.0025969947697954475, 0.004474730955281407, -0.00019084183931007326, 0.00030282114528435377, 0.0006164812962357146], [0.019453439033224683, -0.0013375163238468595, 0.0028042005761745085, 0.0028772243788886876, -0.00019084183931007326, 0.005772905397715989, 0.0004803152891295862, -0.000522359314349505], [-0.009855036013306093, -0.0002705540339506589, -0.001569932144668025, -0.0012085726070590443, 0.00030282114528435366, 0.0004803152891295862, 0.0022278087496668338, -0.0001599111002896429], [-0.0024324077838138404, 1.8223302003754336e-05, -4.016619930838206e-05, -0.0007233288744671098, 0.0006164812962357146, -0.000522359314349505, -0.00015991110028964293, 0.0012170401294056702]], [[0.03584536242575606, 0.01462312248359682, -0.012754256890809413, -0.030190030242111632, -0.006796942588258199, -0.0008833460319361033, 0.000141785375196555, 0.0005272309494743177], [0.01462312248359682, 0.00783357971058277, -0.00393590036311881, -0.012869215006410148, -0.00237004102398342, -0.000965007515124271, 0.0009401745363925329, 0.00031878541690267376], [-0.012754256890809414, -0.00393590036311881, 0.006033611929784792, 0.012742744138133985, 0.0010858563391808087, 5.460426851475791e-05, 0.00020580515982367444, 0.00020599326425136373], [-0.03019003024211164, -0.012869215006410147, 0.012742744138133985, 0.04256347538316675, -0.002228386634137877, 0.0011290765527436895, -0.001492565560088519, 0.0010664278937140648], [-0.006796942588258199, -0.0023700410239834197, 0.0010858563391808087, -0.0022283866341378765, 0.012565981346687983, -0.00029016076375702743, 0.0010828623543682038, -0.0013841654339444244], [-0.0008833460319361032, -0.000965007515124271, 5.4604268514757854e-05, 0.0011290765527436895, -0.00029016076375702743, 0.0019273260813127545, 0.0010120440323754048, 9.071240205818851e-05], [0.00014178537519655512, 0.0009401745363925328, 0.0002058051598236744, -0.0014925655600885191, 0.001082862354368204, 0.001012044032375405, 0.0020028270948276063, 0.00048694367650304205], [0.0005272309494743177, 0.0003187854169026739, 0.00020599326425136376, 0.001066427893714065, -0.0013841654339444244, 9.071240205818851e-05, 0.0004869436765030422, 0.0031804722600320295]], [[0.022923303969765156, 0.007158897214933959, -0.004627978238916341, 0.0031550106688291424, -0.001851773583612592, -0.0014021639204153486, -0.0009582500183776063, -0.002409388728771012], [0.007158897214933958, 0.0026116879208695726, -0.0010937909409924915, 0.0008448250024595628, -0.0012277313143328908, -4.772533674575195e-05, 0.0002157007463650348, -0.0006180270571535294], [-0.00462797823891634, -0.0010937909409924915, 0.002206649634612776, -0.0012044829878791136, 0.00010655963241815287, 0.0008377833825896098, -0.00015003002784578107, 0.0008472864777693106], [0.003155010668829142, 0.0008448250024595628, -0.0012044829878791136, 0.0013818954781028552, -0.00080005303384826, -0.0005052970491234296, -7.94000344492156e-05, -0.0010388604601597848], [-0.001851773583612592, -0.0012277313143328908, 0.000106559632418153, -0.0008000530338482601, 0.0029083548051451738, -0.0011095933875828214, -0.0017524939711493343, 0.0007447098331588348], [-0.0014021639204153486, -4.772533674575193e-05, 0.0008377833825896098, -0.0005052970491234296, -0.001109593387582822, 0.0018733715987084437, 0.0017579836757327374, 5.349332873031868e-05], [-0.0009582500183776063, 0.00021570074636503473, -0.00015003002784578105, -7.940003444921563e-05, -0.0017524939711493343, 0.0017579836757327374, 0.002914957675460629, 0.0002461008601657556], [-0.002409388728771012, -0.0006180270571535294, 0.0008472864777693106, -0.0010388604601597848, 0.0007447098331588348, 5.349332873031865e-05, 0.0002461008601657556, 0.003062530260470935]], [[0.3313358729825779, 0.02183523282943152, -0.06367947963579688, 0.017070981830795546, 0.033274670094416675, -0.014587893276901196, 0.0009755077871180356, -0.005565667091552798], [0.021835232829431523, 0.0016212095703492513, -0.003932758495333449, 0.0011547236836855091, 0.0022143223105507925, -0.0006899702289283097, 0.00018954685377285674, -0.0007331312508479131], [-0.0636794796357969, -0.003932758495333449, 0.012727850434429394, -0.00316678841360041, -0.006429005374947332, 0.002955779135722165, -0.00022724394682026774, 0.0005018549099983349], [0.017070981830795546, 0.0011547236836855091, -0.0031667884136004094, 0.0015426383883696336, 0.0009006337205772592, -0.0006656366470038553, 7.813667297331489e-05, -0.0006311145276813134], [0.033274670094416675, 