{"entropy_prior_gmm": 4.6051701859880925e-09, "entropy_Mean_gmm": 4.605170023097571e-09, "entropy_z_nk_prior": 0.16198771762772968, "entropy_Mean_z_nk": 0.21671518232824638, "entropy_mixing_prior": 85.69175851611257, "entropy_Mean_mixing": 0.9825974925845723}