,X,Y,Z,id,nugget
0,100.0,0.0,-824.9999999999999,19733655,1e-05
1,300.0,0.0,-799.0415343056384,19733655,1e-05
2,900.0,0.0,-824.9999999999999,19733655,1e-05
3,100.0,0.0,-844.9999999999999,41462565,1e-05
4,300.0,0.0,-835.6793737912327,41462565,1e-05
5,900.0,0.0,-844.9999999999999,41462565,1e-05
