{"MAP index": 110, "entropy_prior_gmm": 1.1512992384279826e-08, "entropy_MAP_gmm": 1.1675423294832399e-08, "entropy_z_nk_prior": 0.0010043481942180821, "entropy_MAP_z_nk": 0.00630032599131745, "entropy_mixing_prior": 53.75278407684164, "entropy_MAP_mixing": 1.6737367186275744}