{"weights": [0.17222143805577197, 0.1666420086852967, 0.3000173021225531, 0.12778663305415153, 0.15555126805147296, 0.07778135003075383], "means": [[6.852089985666406, -0.653594964047976, 0.2912869256775454, -0.037143131847622496, -0.0016505356141627943, 0.008086662110268369, -0.00887712054246792, 0.0017631265026743456], [-4.115118159997615, -0.5195713639192528, 0.17420521962947258, 0.2228287896041521, 0.04236996637216739, 0.0005233818015168514, 0.007827085170054107, 0.00881629716035809], [-3.2423931652170332, -0.20718224247672137, -0.08652681901776242, -0.14027357848351613, -0.04463498439722035, -0.006980343373907286, -0.0022642852496886205, -0.008717521369209436], [0.6909011461797887, 0.5551513704150699, -0.5681403905648021, -0.0384902238070522, 0.06463569988635934, 0.005459810291345204, -0.004630618247946125, 0.015160092460344146], [2.8731798483270135, 0.5029058111955176, -0.40963257896183025, 0.1108472338637211, -0.012249930599422731, -0.0010139011206989456, 0.01397136294521419, -0.006667384898802613], [-0.729813573292156, 1.441671771469498, 1.0681660388461949, -0.012537512108831927, 0.00335328053043883, 0.000955661546656554, -0.008712860921370627, -0.0007398097876409037]], "cov": [[[0.00546453464446231, 0.000303747713435358, 0.000965565679825458, -0.0004342759309193322, -9.342238362844604e-05, -7.169039446202026e-05, 4.284650898636646e-05, -0.00010608309828580318], [0.000303747713435358, 0.008260297141478735, 0.006192134667991331, -0.0038265628179581677, 0.0003085513699388736, -0.001961910463374611, 0.0037223977664761006, -0.00022088158363517424], [0.000965565679825458, 0.006192134667991331, 0.005659736517191472, -0.0031950866133811776, 0.00020498111652160676, -0.0012618371073488427, 0.002655056494615556, -0.00031032528070988174], [-0.0004342759309193322, -0.0038265628179581677, -0.0031950866133811776, 0.0019527276105395567, -0.0002271600104304351, 0.0008731467016031646, -0.0016358591150731953, 0.00012059195290134415], [-9.342238362844604e-05, 0.0003085513699388736, 0.00020498111652160676, -0.0002271600104304351, 0.00017034010088174526, -0.00013600851450089178, 4.908322386562735e-05, 2.9169182569186884e-07], [-7.169039446202026e-05, -0.001961910463374611, -0.0012618371073488427, 0.0008731467016031646, -0.00013600851450089178, 0.0008123824439772293, -0.0007484166607446867, -5.455667088570107e-05], [4.284650898636646e-05, 0.0037223977664761006, 0.002655056494615556, -0.0016358591150731953, 4.908322386562735e-05, -0.0007484166607446867, 0.0018209591900094641, -9.788709110248235e-05], [-0.00010608309828580318, -0.00022088158363517424, -0.00031032528070988174, 0.00012059195290134415, 2.9169182569186884e-07, -5.455667088570107e-05, -9.788709110248235e-05, 0.00017695036364056833]], [[0.007283806789645081, 0.0008889521485522186, 0.00043694601725154905, 0.0006141139534500145, -0.0017993648225295474, -5.840307833728714e-05, -0.0005519310295344648, 0.00027282516655349715], [0.0008889521485522186, 0.0026001573460602166, 0.0011587307069877081, -0.0023887453477021035, 0.003008980821491492, -0.0003180052105282325, 0.0013014396874534593, -0.0001754181082203321], [0.00043694601725154905, 0.0011587307069877081, 0.000681899836887212, -0.00047645291902001757, 0.0011872757543153146, -0.00010914227392224497, 0.0004468154866249452, -0.000386295215233222], [0.0006141139534500145, -0.0023887453477021035, -0.00047645291902001757, 0.016311076131957394, -0.005941427909733657, 0.001100078876801456, -0.0022777683042799093, -0.000951609955117729], [-0.0017993648225295474, 0.003008980821491492, 0.0011872757543153146, -0.005941427909733657, 0.014385639633847865, -0.0012351773091843158, 0.0036143641513350015, -0.000274366729640516], [-5.840307833728714e-05, -0.0003180052105282325, -0.00010914227392224497, 0.001100078876801456, -0.0012351773091843158, 0.0011570658662884144, 0.0005637841393324827, -0.0006703136855044375], [-0.0005519310295344648, 0.0013014396874534593, 0.0004468154866249452, -0.0022777683042799093, 0.0036143641513350015, 0.0005637841393324827, 0.0023653761023824586, -0.0001921817218484005], [0.00027282516655349715, -0.0001754181082203321, -0.000386295215233222, -0.000951609955117729, -0.000274366729640516, -0.0006703136855044375, -0.0001921817218484005, 0.003060708322070991]], [[0.2833039486012306, 0.09394551603866433, -0.05921848813708382, 0.029921941500894566, -0.03454021586702269, -0.00020154491022020938, -0.007950349403669447, -0.0019505755486503968], [0.09394551603866433, 0.032127126135757064, -0.01896069730013139, 0.01010125124030896, -0.013465151932707435, -2.8906835126811286e-05, -0.0019681982079940725, -1.0393804227165132e-05], [-0.05921848813708382, -0.01896069730013139, 0.01327253851166193, -0.006202195300501027, 0.005898341585695235, 0.0002790073196239946, 0.0019150115297968673, 0.0009542431379779294], [0.029921941500894566, 0.01010125124030896, -0.006202195300501027, 0.005065093769336945, -0.005330228172854713, -0.00030028373804240213, -0.000983564942092261, -0.0005925528527757853], [-0.03454021586702269, -0.013465151932707435, 0.005898341585695235, -0.005330228172854713, 0.010515559542430901, -0.0005688494269986314, -0.0008690125991470842, -0.0008324889241857894], [-0.00020154491022020938, -2.8906835126811286e-05, 0.0002790073196239946, -0.00030028373804240213, -0.0005688494269986314, 0.0021384333031034706, 0.0017019061387340214, 0.00010682783301039025], [-0.007950349403669447, -0.0019681982079940725, 0.0019150115297968673, -0.000983564942092261, -0.0008690125991470842, 0.0017019061387340214, 0.0025757580705908062, 0.0006311696867649009], [-0.0019505755486503968, -1.0393804227165132e-05, 0.0009542431379779294, -0.0005925528527757853, -0.0008324889241857894, 0.00010682783301039025, 0.0006311696867649009, 0.0033197649727984167]], [[0.04809411497959304, 0.005131302847472574, -0.000506438782625277, 0.0004987819280564419, -0.0003749119488495644, -0.006761909233241989, -0.00293829855949934, -0.0002729440928842978], [0.005131302847472574, 0.001506595127029758, 0.0006807201432388414, 0.00014041718218152477, -0.001758077764923586, -0.0011602735767839696, -0.00010130517278797296, -7.467228806601059e-05], [-0.000506438782625277, 0.0006807201432388414, 0.0008051309931891272, 0.00029964464494188885, -0.0015597084201876194, -0.00023049037024369746, 6.177934211946947e-05, 3.338041875278514e-05], [0.0004987819280564419, 0.00014041718218152477, 0.00029964464494188885, 0.0011001606932459582, -0.0007509786277054461, 0.00026922343469845206, -0.00022652139183231273, -0.0005560456690914312], [-0.0003749119488495644, -0.001758077764923586, -0.0015597084201876194, -0.0007509786277054461, 0.004007451506574161, 0.0006074300308298828, -0.00030323049613896355, 0.0006592441400191957], [-0.006761909233241989, -0.0011602735767839696, -0.00023049037024369746, 0.00026922343469845206, 0.0006074300308298828, 0.0030943980779438275, 0.0017041600141562586, -0.0004074608619549772], [-0.00293829855949934, -0.00010130517278797296, 6.177934211946947e-05, -0.00022652139183231273, -0.00030323049613896355, 0.0017041600141562586, 0.0016214679369200484, -8.737700602980445e-05], [-0.0002729440928842978, -7.467228806601059e-05, 3.338041875278514e-05, -0.0005560456690914312, 0.0006592441400191957, -0.0004074608619549772, -8.737700602980445e-05, 0.0016891186638287776]], [[1.0821523100158565, -0.05718210031919485, 0.04569940724030199, 0.020363654936271243, -0.024762236817748893, -0.09048420696902236, 0.06486677197870017, -0.012628832212509088], [-0.05718210031919485, 0.004163804298602242, -0.0023456132418639467, -0.0013606684157157277, 0.0017809023233203334, 0.004410195774082022, -0.0033535589558951803, 0.0006239018986904511], [0.04569940724030199, -0.0023456132418639467, 0.006468042354456148, -0.0018348874037406244, -0.0004171973489368713, -0.0023899817580333976, 0.002132603200190264, -7.580327652575247e-05], [0.020363654936271243, -0.0013606684157157277, -0.0018348874037406244, 0.003152217556749235, -0.0017160244346392168, -0.0030283624903048863, 0.0016294264035066138, -0.0003044022059128522], 