{"entropy_prior_gmm": 1.1512992384279826e-08, "entropy_Mean_gmm": 0.00304710166528821, "entropy_z_nk_prior": 0.0010043481942180821, "entropy_Mean_z_nk": 0.028947829922927056, "entropy_mixing_prior": 53.75278407684164, "entropy_Mean_mixing": 1.5827344784922464}