{"weights": [0.17220579945911918, 0.01909710948747595, 0.3020363337129608, 0.27332022985803445, 0.15555908042706731, 0.07778144705534232], "means": [[3.7194144514834657, 0.4332067368514069, -0.3671943500940923, 0.1281502807947556, -0.027708789699118525, -0.08328569395580097, 0.07716228237610033, -0.005302075043474032], [1.0485783134513784, 0.5531956549057014, -0.5253270202227337, -0.0015308149625348796, 0.047089219183889836, 0.03613014045041188, -0.02087615523763447, 0.011189865826034295], [-3.9130232143591837, -0.4371068830449672, 0.09440776577040434, 0.024376398266270527, 0.035114190165815636, -0.0037632063509148886, 0.01228501165309509, -0.002217687357915243], [-2.6728688435771333, -0.026037605693063636, -0.20263065889093743, -0.08601694205538327, -0.10312529701569799, -0.0040268246492936085, -0.016561306785383575, -0.008834204751288554], [-0.7272795722760611, 1.4419385709954236, 1.0503851783755729, -0.008488675781953968, 0.006922461265131441, 0.02164650403902524, -0.029607268091971204, -4.1027989668708426e-05], [6.851920522404979, -0.6505797043238014, 0.2903825705336832, -0.03799195132198735, 0.00014176731197267174, 0.0053598436950261915, -0.009709187062572096, -0.0013581027594132041]], "cov": [[[9.81700706792824, -3.404722848057429, 2.064034376771846, -0.5182442485061952, 0.08156710589835137, 0.2862030012895535, -0.2695140689821505, 0.022036071028721953], [-3.404722848057429, 1.189399910561997, -0.7094529334316568, 0.17582608275783906, -0.028009623906228565, -0.10126461371603032, 0.09722817031037409, -0.007900262130476043], [2.064034376771846, -0.7094529334316568, 0.4392655057161102, -0.11204545891771986, 0.01736276991365881, 0.05890499260463249, -0.053999363977493324, 0.004342484073581572], [-0.5182442485061952, 0.17582608275783906, -0.11204545891771986, 0.02927548117889419, -0.00453471482466961, -0.014230960664208625, 0.012586390614007768, -0.0010474548036754011], [0.08156710589835137, -0.028009623906228565, 0.01736276991365881, -0.00453471482466961, 0.0008485733867556475, 0.0022448296913016113, -0.002192887112354777, 0.00018441123131999505], [0.2862030012895535, -0.10126461371603032, 0.05890499260463249, -0.014230960664208625, 0.0022448296913016113, 0.00916110542095636, -0.008609808651021757, 0.0005911138808639656], [-0.2695140689821505, 0.09722817031037409, -0.053999363977493324, 0.012586390614007768, -0.002192887112354777, -0.008609808651021757, 0.009223326611330098, -0.0007058830683437518], [0.022036071028721953, -0.007900262130476043, 0.004342484073581572, -0.0010474548036754011, 0.00018441123131999505, 0.0005911138808639656, -0.0007058830683437518, 0.00022672858791695122]], [[26.684956040397946, 5.75267678096406, -3.4827108939811526, -0.45653217445773286, 0.8296275176898623, 0.22746011455558604, 0.06509461505177079, -0.25413171521764244], [5.75267678096406, 1.2470717700329281, -0.7537679041540929, -0.10689623294375422, 0.180893841906929, 0.04904915640639736, 0.015120493485133661, -0.05637255938195763], [-3.4827108939811526, -0.7537679041540929, 0.4567402441249792, 0.05754971977462545, -0.10820050227181947, -0.029796605801986214, -0.008274331780330007, 0.03278716883436007], [-0.45653217445773286, -0.10689623294375422, 0.05754971977462545, 0.05397871936102338, -0.02283722961127223, -0.0030617043206649388, -0.006762160823570045, 0.012267140395577194], [0.8296275176898623, 0.180893841906929, -0.10820050227181947, -0.02283722961127223, 0.027848150224072835, 0.006729381194321766, 0.0031896683464826586, -0.008484142580283596], [0.22746011455558604, 0.04904915640639736, -0.029796605801986214, -0.0030617043206649388, 0.006729381194321766, 0.0021411827795735205, 0.00039239540379560765, -0.0028349704632981663], [0.06509461505177079, 0.015120493485133661, -0.008274331780330007, -0.006762160823570045, 0.0031896683464826586, 0.00039239540379560765, 0.000892820509938808, -0.001265350690611484], [-0.25413171521764244, -0.05637255938195763, 0.03278716883436007, 0.012267140395577194, -0.008484142580283596, -0.0028349704632981663, -0.001265350690611484, 0.007552998122245793]], [[0.04895508284274621, 0.018944491475773876, -0.017337102151918905, -0.04073060045223421, -0.008962321209778464, -0.0009901527420110468, -0.0005640206298619997, 0.00016052286415106165], [0.018944491475773876, 0.008998876361502425, -0.005607128431209808, -0.016413840198758398, -0.003482745020078903, -0.0007051364591938489, 0.0007969138788635177, 0.0005805403197374844], [-0.017337102151918905, -0.005607128431209808, 0.00766894486410569, 0.017293470731959224, 0.0017482589452327963, 0.00033822649062262663, 0.000560363845501362, 0.0005147614472556492], [-0.04073060045223421, -0.016413840198758398, 0.017293470731959224, 0.052987811247644276, -0.0009232109927934267, 0.0012833844071991273, -0.0012535485096108478, 0.0008449723895196825], [-0.008962321209778464, -0.003482745020078903, 0.0017482589452327963, -0.0009232109927934267, 0.01207855317517699, -0.0005786954623493356, 0.0007153907074170732, -0.0004666602722236846], [-0.0009901527420110468, -0.0007051364591938489, 0.00033822649062262663, 0.0012833844071991273, -0.0005786954623493356, 0.0019285672267896957, 0.0011684194690243727, -0.00020208744259940062], [-0.0005640206298619997, 0.0007969138788635177, 0.000560363845501362, -0.0012535485096108478, 0.0007153907074170732, 0.0011684194690243727, 0.002167613035482976, 0.0005082977021905239], [0.00016052286415106165, 0.0005805403197374844, 0.0005147614472556492, 0.0008449723895196825, -0.0004666602722236846, -0.00020208744259940062, 0.0005082977021905239, 0.0027618873210751653]], [[5.354551856109739, 0.9288951554944748, -0.584435765594923, 0.07782365473234833, 0.2626228930611046, 0.011725366117685616, 0.01586460536111057, 0.032454429970157], [0.9288951554944748, 0.16252127395137267, -0.10165790460419435, 0.013798710537605985, 0.04412827858594004, 0.002227192459906131, 0.0030289974542139298, 0.004956050091036307], [-0.584435765594923, -0.10165790460419435, 0.06540298862869884, -0.008816036670137185, -0.0292591237940688, -0.0014989447644848358, -0.0017445649081968525, -0.002781767265244447], [0.07782365473234833, 0.013798710537605985, -0.008816036670137185, 0.0022666998992969247, 0.0030164089590796507, 0.00013415820259914257, 8.507964960227958e-05, -0.00042689457713535327], [0.2626228930611046, 0.04412827858594004, -0.0292591237940688, 0.0030164089590796507, 0.01638791803158814, 0.00033668126445807254, -0.00021985255728876611, 0.0026421290507004833], [0.011725366117685616, 0.002227192459906131, -0.0014989447644848358, 0.00013415820259914257, 0.00033668126445807254, 0.0024169844467385846, 0.0017591757980542594, -4.59641312732224e-05], [0.01586460536111057, 0.0030289974542139298, -0.0017445649081968525, 8.507964960227958e-05, -0.00021985255728876611, 0.0017591757980542594, 0.002316396303011606, 0.0003702274019373459], [0.032454429970157, 0.004956050091036307, -0.002781767265244447, -0.00042689457713535327, 0.0026421290507004833, -4.59641312732224e-05, 0.0003702274019373459, 0.0030025769273316454]], [[14.044905351078182, -3.4379669971068236, -5.210830301222848, 0.4500065351583807, -0.0937779579358736, -0.17206244574141402, 0.22175908914559966, -0.03648296169749224], [-3.4379669971068236, 0.8859616268514712, 1.3686689072325675, -0.11341365182447352, 0.01978328539143382, 0.02568861367262985, -0.044274085944867425, 0.006846056901141044], [-5.210830301222848, 1.3686689072325675, 2.1381300303141613, -0.17605693344412457, 0.027570598872666194, 0.03069386930989586, -0.06149128472444824, 0.00959790392781338], [0.4500065351583807, -0.11341365182447352, -0.17605693344412457, 0.017392482962683562, -0.004003685729940264, -0.005732234157013446, 0.006829552766323267, -0.0010951026943959565], [-0.0937779579358736, 0.01978328539143382, 0.027570598872666194, -0.004003685729940264, 0.002696804173850155, 0.0025338830636669036, -0.0025978378364312836, -9.87324600336102e-05], [-0.17206244574141402, 0.02568861367262985, 0.03069386930989586, -0.005732234157013446, 0.0025338830636669036, 0.00999640031420811, 