,X,Y,Z,id,nugget
0,100.0,0.0,-824.9999999999999,22564604,1e-05
1,300.0,0.0,-824.0081463114551,22564604,1e-05
2,900.0,0.0,-824.9999999999999,22564604,1e-05
3,100.0,0.0,-844.9999999999999,13286703,1e-05
4,300.0,0.0,-845.7889928267938,13286703,1e-05
5,900.0,0.0,-844.9999999999999,13286703,1e-05
