{"weights": [0.5763155169755929, 0.18231656350813896, 0.24136791951626813], "means": [[2.1098170588269514, -0.5248196210451032, 0.03829804322615603, 0.026161849771786955, 0.011577722406954555, -0.000730655409022502, 0.005903584332993406, 0.007248379359108245], [-4.016981775494214, -2.7074568884271826, -0.045507378561077214, -0.06540617136081481, -0.006955716834718055, -0.0008314754078878628, 0.01674908953455983, 0.008761619740675542], [-1.8198537558761099, 3.611844694016843, -0.022235736894337586, 0.0034242347286843823, -0.005341545255305606, -0.0012744540556242812, -0.020354346900641973, -0.022617494213941252]], "cov": [[[0.0255747532920902, 0.009865351122472183, -0.008438051960575406, -0.08534385761072898, -0.02588555901173246, -0.025178613349363017, -0.012771894963208078, 0.006256863926815393], [0.009865351122472183, 0.03755567325382614, -0.01717688120885628, -0.057193451777956504, -0.044158217723258265, -0.0007401861027953565, 0.019799819916911394, 0.003008890776558831], [-0.008438051960575408, -0.01717688120885628, 0.02171351322796271, 0.1036062312100066, 0.035541307644184256, 0.014567036205502605, -0.014833882004357642, 0.006784078777139436], [-0.08534385761072899, -0.05719345177795652, 0.1036062312100066, 0.6741076756152293, 0.1834484202306884, 0.14118169079427986, -0.0031149363934714347, 0.02664269423760255], [-0.025885559011732465, -0.04415821772325827, 0.035541307644184256, 0.1834484202306884, 0.08577444285323825, 0.018805245741630842, -0.007345328259844782, 0.0146382967207544], [-0.02517861334936302, -0.0007401861027953554, 0.014567036205502605, 0.14118169079427986, 0.01880524574163084, 0.055497858752833196, 0.0023599587107919085, -0.014603716218012187], [-0.01277189496320808, 0.019799819916911397, -0.014833882004357644, -0.003114936393471433, -0.007345328259844782, 0.0023599587107919085, 0.0526583385142076, 0.00824048285440059], [0.006256863926815394, 0.0030088907765588304, 0.006784078777139436, 0.02664269423760255, 0.014638296720754401, -0.014603716218012187, 0.008240482854400587, 0.02548970814548921]], [[0.4805674458073831, -0.13073417087745243, 0.0028383985216021896, -0.26948862125427514, 0.1064168821302953, 0.06260233941046937, -0.055091762392617594, -0.13660785203288475], [-0.13073417087745245, 0.18324503743258796, 0.011407859601944858, -0.11386518733815791, 0.3080924992913817, 0.005794136859820774, 0.07589426573797718, 0.0649301288700514], [0.0028383985216021857, 0.011407859601944861, 0.011100427050450517, 0.05004524938927073, 0.026698095666046806, -0.04470213118238157, 0.016451087155812564, -0.012721863514824417], [-0.2694886212542752, -0.11386518733815788, 0.05004524938927073, 1.0992701393300681, -0.4881622542554992, -0.42850484299550934, 0.06743670817725707, -0.13082444217556555], [0.10641688213029529, 0.3080924992913817, 0.026698095666046803, -0.4881622542554992, 0.9412109730669797, 0.027737175916006836, 0.18598878468543156, 1.8817224060130275e-05], [0.06260233941046937, 0.0057941368598207615, -0.04470213118238157, -0.4285048429955093, 0.027737175916006798, 0.33981941379838543, -0.1019801501228044, 0.07266904690999487], [-0.05509176239261758, 0.07589426573797718, 0.01645108715581256, 0.06743670817725705, 0.18598878468543156, -0.10198015012280438, 0.09333865490351216, 0.018136560406571398], [-0.13660785203288472, 0.06493012887005138, -0.012721863514824414, -0.13082444217556555, 1.881722406013847e-05, 0.07266904690999486, 0.018136560406571394, 0.24054580677283854]], [[0.14659369917573106, 0.10642003455833518, -0.4534824331811968, 0.0995098400317554, -0.14906070407002692, 0.016959788187354066, 0.02425655139299837, 0.05071909495648921], [0.10642003455833518, 0.19940387383074556, 0.17084160124435369, 0.08858614214817903, -0.19218523358036893, 0.022310843908928707, 0.019958338018822155, 0.04588947866207597], [-0.4534824331811968, 0.1708416012443537, 5.232469539329998, -0.3177360182518911, -0.1165887435419801, -0.0005414968901651231, 0.02276093010447286, -0.008415681887295873], [0.09950984003175542, 0.08858614214817903, -0.317736018251891, 0.13735998145034906, -0.05636798417182493, -0.0016527606032059729, -0.048332386869145316, 0.04210152849910618], [-0.14906070407002692, -0.19218523358036896, -0.1165887435419801, -0.05636798417182493, 0.32234580637749016, -0.07689648408233989, -0.13797977786678986, -0.03998880457772833], [0.016959788187354073, 0.022310843908928707, -0.0005414968901651227, -0.0016527606032059724, -0.07689648408233989, 0.04922813155601928, 0.07991482701579836, -0.02325272844810333], [0.024256551392998364, 0.01995833801882216, 0.02276093010447286, -0.04833238686914531, -0.13797977786678986, 0.07991482701579836, 0.21007241428104786, -0.03786931230355195], [0.0507190949564892, 0.04588947866207597, -0.008415681887295873, 0.04210152849910617, -0.03998880457772833, -0.02325272844810333, -0.03786931230355195, 0.04819588101134192]]]}