{"MAP index": 79, "entropy_prior_gmm": 6.907755278982138e-09, "entropy_MAP_gmm": 6.907755256690962e-09, "entropy_z_nk_prior": 0.09482914514214456, "entropy_MAP_z_nk": 0.1937489827989913, "entropy_mixing_prior": 81.09822012551359, "entropy_MAP_mixing": 0.618714828224639}