,X,Y,Z,id,nugget
0,100.0,0.0,-793.0000000000001,29861201,1e-05
1,300.0,0.0,-719.036857850058,29861201,1e-05
2,900.0,0.0,-793.0000000000001,29861201,1e-05
3,100.0,0.0,-824.0000000000001,12043437,1e-05
4,300.0,0.0,-745.0641341000065,12043437,1e-05
5,900.0,0.0,-824.0000000000001,12043437,1e-05
6,100.0,0.0,-847.0000000000001,89472627,1e-05
7,300.0,0.0,-863.9766411944927,89472627,1e-05
8,900.0,0.0,-847.0000000000001,89472627,1e-05
