{"weights": [2.667047082640694e-10, 0.05937931018767387, 0.8019065951098991, 0.13871409443572247], "means": [[1.6795647294875158, 3.5734858129764557, -1.4489833234106961, -0.10796622259366122, -0.0014963860736140946, -0.008905184482439373, 0.009081273285297375, 0.016925388746159283], [2.1483980585285662, 3.6913170405183995, 3.263917742059204, 0.24074147352175068, -0.0019910971716105993, 0.03894558864266728, 0.06232864449823034, 0.035577971798530186], [4.01264570368277, -2.714173024316348, -0.04610761021318114, 0.06962042017050092, -0.02130917202133192, -0.0030024179323039192, -0.011576872128563773, -0.006398922349002641], [-2.1117417166883614, -0.52176732878588, 0.035676433989203976, -0.019658713379773974, 0.010900553535748238, -0.001610437621205758, -0.008338700802456994, -0.007180932154545861]], "cov": [[[0.04710059664446001, -0.0299125306591991, 0.007928417121037853, 0.006882627258058754, 0.07191379573862408, 0.0014634854474540066, 0.012690486683688502, 0.024597961055656713], [-0.0299125306591991, 0.04478224727308275, 0.028655978038502276, -0.012071791276390622, -0.06164217454267927, -0.010291058756519877, -0.016422143948259606, -0.006336921815298335], [0.007928417121037852, 0.028655978038502276, 0.11450053318671347, -0.020765082969828347, -0.033202579024944924, -0.04649131775539763, -0.056985979046980786, 0.03684406879273762], [0.0068826272580587555, -0.012071791276390622, -0.02076508296982834, 0.057037254257323436, -0.03337707809901429, -0.01960971147352962, -0.07017124425040537, 0.01634839180990014], [0.07191379573862407, -0.06164217454267927, -0.03320257902494492, -0.03337707809901429, 0.218419959793872, 0.07442432795664779, 0.1510122595001484, -0.008257513609155838], [0.0014634854474540075, -0.010291058756519875, -0.046491317755397624, -0.01960971147352962, 0.07442432795664779, 0.056299110612925966, 0.09903645426922343, -0.03504226416616136], [0.012690486683688504, -0.016422143948259606, -0.05698597904698079, -0.07017124425040538, 0.15101225950014843, 0.09903645426922343, 0.23438365367627717, -0.06111348286256341], [0.024597961055656713, -0.006336921815298335, 0.03684406879273762, 0.01634839180990014, -0.00825751360915584, -0.03504226416616136, -0.06111348286256341, 0.03766278326208884]], [[0.19935304572834386, -0.3057254410061361, -0.13709418582777616, 0.18425849847003153, 0.3034047329127047, 0.03561773800122967, 0.03129038401111559, 0.09555704054406355], [-0.3057254410061361, 0.5163876303213821, 0.08563369247855944, -0.28136965047621115, -0.46466378648503126, -0.05098044121179442, -0.03073252637113114, -0.1323885742766303], [-0.13709418582777616, 0.08563369247855944, 0.6171921880249116, -0.10166052847250492, -0.28559130395359567, -0.042802363302941834, -0.10543427846923903, -0.12718009937642089], [0.18425849847003153, -0.28136965047621115, -0.10166052847250494, 0.21380555088554903, 0.2592451047895526, 0.0302154766011336, 0.002597821994245931, 0.08949858002792566], [0.3034047329127047, -0.46466378648503126, -0.28559130395359567, 0.2592451047895526, 0.5057809292406971, 0.0678678700241228, 0.0797121248596589, 0.1465173121310913], [0.03561773800122967, -0.05098044121179441, -0.042802363302941834, 0.0302154766011336, 0.0678678700241228, 0.020966123727857854, 0.015773748653953965, 0.009085856939771268], [0.03129038401111559, -0.03073252637113114, -0.10543427846923903, 0.002597821994245931, 0.0797121248596589, 0.015773748653953965, 0.10675279528581119, 0.0255100859374746], [0.09555704054406354, -0.1323885742766303, -0.1271800993764209, 0.08949858002792564, 0.1465173121310913, 0.009085856939771266, 0.0255100859374746, 0.06289417294748781]], [[0.4420684279697432, 0.11906910662704825, -0.0019954901368535566, -0.25635070831542583, -0.10062311024513612, 0.06185891361215039, -0.05128458504296655, -0.12330524466477516], [0.11906910662704827, 0.1700463451663873, 0.01049044920828888, 0.10887083578016349, 0.28981317454759364, -0.005811959717728269, -0.07117452048536303, -0.059588254657767015], [-0.0019954901368535584, 0.01049044920828888, 0.010135597452611384, -0.046874475888346825, 0.024502833111638072, 0.04150912358139305, -0.015389147654175445, 0.011642038362060864], [-0.25635070831542583, 0.10887083578016353, -0.04687447588834683, 1.0380225757677057, 0.4665553266550568, -0.4040743253557634, 0.06239658759997003, -0.12237963484945778], [-0.10062311024513612, 0.28981317454759364, 0.02450283311163807, 0.46655532665505667, 0.8844650880596706, -0.03013378686546217, -0.17332932996163478, -0.002138245217586379], [0.061858913612150374, -0.005811959717728284, 0.04150912358139305, -0.4040743253557634, -0.030133786865462163, 0.31650713852517337, -0.09465844339409658, 0.06701353465183367], [-0.05128458504296655, -0.07117452048536303, -0.015389147654175445, 0.06239658759997003, -0.17332932996163478, -0.0946584433940966, 0.08656556812484328, 0.016767213514084733], [-0.12330524466477516, -0.059588254657767015, 0.011642038362060864, -0.12237963484945778, -0.002138245217586381, 0.06701353465183366, 0.016767213514084733, 0.22035617257995208]], [[0.025234720766289388, -0.009954742176800284, 0.008482991370625755, -0.0847756287341717, 0.02590571699974561, -0.024902639647154556, -0.012407746465372226, 0.006127822587999239], [-0.009954742176800284, 0.036558220745225446, -0.01677213607258959, 0.057085618556797176, -0.04308373463600085, 0.00119442976326269, -0.01886138604198321, -0.0030642285553950737], [0.008482991370625755, -0.01677213607258959, 0.02144261865314483, -0.10303122397731812, 0.03507451569482828, -0.014699821060027209, 0.014347752909720454, -0.006707792786478766], [-0.0847756287341717, 0.05708561855679718, -0.10303122397731812, 0.6698825573127768, -0.18247829172923344, 0.1401471177892946, -0.003259296193099385, 0.026474811606752396], [0.02590571699974561, -0.043083734636000855, 0.03507451569482828, -0.18247829172923344, 0.08447975286957829, -0.019456116685564382, 0.006940323276361298, -0.014258559893456584], [-0.024902639647154556, 0.0011944297632626923, -0.014699821060027214, 0.1401471177892946, -0.01945611668556439, 0.05445673713559288, 0.0021213896969182033, -0.01403130765688674], [-0.012407746465372226, -0.01886138604198321, 0.014347752909720454, -0.003259296193099386, 0.006940323276361297, 0.0021213896969182033, 0.050908998389530356, 0.007886015863048738], [0.0061278225879992385, -0.0030642285553950715, -0.006707792786478766, 0.026474811606752396, -0.014258559893456584, -0.01403130765688674, 0.00788601586304874, 0.024882419156898736]]]}