{"accuracy_init": 0.7751677632331848, "accuracy_final_MAP": 0.6375839114189148, "accuracy_final_mean": 0.7718120813369751}