{"accuracy_init": 0.7905982732772827, "accuracy_final_MAP": 0.7948718070983887, "accuracy_final_mean": 0.7948718070983887}