{"accuracy_init": 0.7751677632331848, "accuracy_final_MAP": 0.7114093899726868, "accuracy_final_mean": 0.7885906100273132}