,X,Y,Z,id,nugget
0,100.0,0.0,-825.0,85890056,1e-05
1,300.0,0.0,-787.3121195079656,85890056,1e-05
2,900.0,0.0,-825.0,85890056,1e-05
3,100.0,0.0,-844.9999999999999,76663598,1e-05
4,300.0,0.0,-804.8186201693035,76663598,1e-05
5,900.0,0.0,-844.9999999999999,76663598,1e-05
