{"weights": [0.24544158184718537, 0.17287984323193295, 0.5816785749208818], "means": [[1.768785642903918, 3.650723657463656, 0.037230411685385024, 0.05893782099942989, -0.030841354400416496, -0.00378687316697801, 0.018315515043036204, 0.009043364914390605], [3.9912575274408337, -2.7658367872395284, -0.06402774381390272, 0.06960613837260865, -0.0337806847187521, -0.005567644128775271, -0.021915856397812947, -0.048901083783509575], [-2.1391624129446374, -0.5250274651204146, 0.050819678132059586, 0.0002218120044944253, 0.025472643187793, -0.013430412517858249, 0.008746867810034123, -0.006235873640461885]], "cov": [[[0.812952970778218, -0.03282062781744728, 0.10390797994214543, 0.02444046662716247, 0.06626262472319248, 0.007911784952009247, 0.04280242021004281, 0.012319782475469644], [-0.032820627817447275, 0.8073705621601828, 0.0326167851915837, -0.03246558080297225, -0.04423525313393191, -0.01941806029166943, -0.009834082670902914, -0.011027120363361455], [0.10390797994214543, 0.0326167851915837, 1.610178408885842, 0.09992569812298904, 0.00022642817867197986, -0.004020475877830431, -0.01638379824188521, -0.038475668019872664], [0.024440466627162462, -0.03246558080297226, 0.09992569812298904, 0.8151431568908514, 0.026432101793319576, -0.02078717020998458, 0.014687908274786861, 0.011012953647538768], [0.06626262472319247, -0.0442352531339319, 0.00022642817867198073, 0.02643210179331958, 0.8525482722042348, 0.03759840838373831, 0.0506219685344895, 0.017364582506636816], [0.007911784952009244, -0.019418060291669422, -0.004020475877830431, -0.02078717020998458, 0.0375984083837383, 0.8000471761352331, 0.031337602457544814, -0.030654436292488083], [0.04280242021004281, -0.009834082670902914, -0.016383798241885208, 0.014687908274786858, 0.05062196853448949, 0.03133760245754482, 0.8145494808727068, -0.0209829078537188], [0.012319782475469644, -0.011027120363361455, -0.038475668019872664, 0.011012953647538766, 0.017364582506636812, -0.030654436292488083, -0.020982907853718796, 0.8169176552371513]], [[0.9231090531430818, 0.02372694790193284, -0.002398679282789992, -0.0897020168665838, 0.019422167978767862, 0.0019398160242021373, -0.015539261917803537, -0.048534096695782104], [0.023726947901932843, 0.8514783238909659, 0.02338089273130086, 0.025504302143876875, 0.10299558130691884, 0.03601467446013223, -0.014881820121992479, -0.028091550598033588], [-0.0023986792827899914, 0.02338089273130086, 0.8425167804483631, 0.0367310441924856, 0.05238769699287667, 0.03996695985025401, -0.0048545888959472564, 0.004693375755304093], [-0.0897020168665838, 0.025504302143876875, 0.0367310441924856, 1.053596228014922, 0.1265145733592971, -0.1368444944851437, 0.007686913012902416, -0.038353034810702145], [0.019422167978767856, 0.10299558130691884, 0.05238769699287667, 0.12651457335929708, 0.9655070672716135, -0.004838127831036198, -0.06539858633185107, -0.026382365915866214], [0.0019398160242021355, 0.036014674460132214, 0.03996695985025401, -0.1368444944851437, -0.0048381278310361975, 0.8621982080716611, -0.05805971317810556, 0.05573818566291754], [-0.015539261917803533, -0.014881820121992479, -0.004854588895947258, 0.007686913012902415, -0.06539858633185107, -0.05805971317810557, 0.835701931305144, 0.005040140661177372], [-0.048534096695782104, -0.02809155059803359, 0.004693375755304093, -0.038353034810702145, -0.026382365915866214, 0.05573818566291755, 0.0050401406611773735, 0.8643173354616515]], [[0.5808794470289543, 0.0006202346178100105, -0.020176283673609567, -0.053786703067164834, 0.01999631091360424, -0.011185954087257343, 0.022698411058616415, -0.008847370610852015], [0.0006202346178100105, 0.5790627678463942, -0.014357062608507859, 0.0402768627684448, -0.07578549268517128, -0.02409832883149421, -0.026392326204461712, -0.005235334659272756], [-0.020176283673609567, -0.014357062608507862, 0.5597766892357896, -0.06916676495259777, 0.029408153553417322, -0.025816287972364092, 0.01084630111202371, -0.001534130962967051], [-0.053786703067164834, 0.040276862768444784, -0.06916676495259774, 0.9173412595490792, -0.1675752474183593, 0.1379556653781065, -0.013195443157936977, 0.007219178840835826], [0.019996310913604244, -0.07578549268517129, 0.02940815355341733, -0.16757524741835936, 0.6108515201966843, -0.013732794750147288, 0.01412533712264976, -0.0306559974260127], [-0.011185954087257345, -0.024098328831494223, -0.025816287972364092, 0.13795566537810652, -0.013732794750147286, 0.5941172560675928, -0.0034133527452532794, -0.029016566460472883], [0.022698411058616415, -0.0263923262044617, 0.010846301112023705, -0.01319544315793698, 0.01412533712264976, -0.0034133527452532794, 0.5862463681739175, 0.011076517370312277], [-0.008847370610852019, -0.005235334659272759, -0.001534130962967051, 0.007219178840835828, -0.0306559974260127, -0.029016566460472883, 0.011076517370312277, 0.5703263125199148]]]}