{"weights": [0.171140290946604, 0.1677894012246168, 0.3019068881019096, 0.12426461226971985, 0.15435816383660825, 0.08054064362054147], "means": [[-3.799297474634088, 0.43425357136063697, 0.401608519322927], [-1.1161942007768528, 0.5374505271096506, 0.5438305965057213], [3.92411155054087, -0.44697854228250655, -0.10857698300870496], [2.6972878635838167, -0.03216757162436765, 0.2021946285538247], [0.6841090214448708, 1.4794309024695482, -1.014422092019176], [-6.869525101940452, -0.6516394607437267, -0.30454463793271097]], "cov": [[[192.85623743359596, 25.792719114320207, 30.84568139945176], [25.792719114320203, 4.565754347700704, 2.363656593171859], [30.845681399451752, 2.3636565931718585, 8.596732686683632]], [[447.88197627062374, -0.2105419779622069, 33.14032412030888], [-0.2105419779622069, 1.3404888265934114, -0.5012997473549454], [33.140324120308875, -0.5012997473549455, 4.740490122448534]], [[43.367581002542465, -18.58429889476305, -15.606628252261102], [-18.58429889476305, 9.915094882417536, 5.498896892441505], [-15.606628252261102, 5.498896892441506, 7.070565363955271]], [[46.9420675754024, -14.195897638831559, -9.517303716072577], [-14.195897638831559, 4.807364971481452, 2.4298364463809947], [-9.517303716072577, 2.429836446380995, 2.945737777426016]], [[295.02990364007854, -20.23327559189694, -59.754551432201524], [-20.23327559189694, 2.26616175043527, 3.2878463066709793], [-59.75455143220152, 3.287846306670978, 13.16382029641096]], [[0.5354398154298025, -0.45483476265364836, 0.8937259883991842], [-0.4548347626536483, 8.270314395187933, -5.936719551510225], [0.8937259883991842, -5.936719551510225, 5.2607247271616995]]]}