{"weights": [0.08734261944953665, 0.22008701877738632, 0.333501224518513, 0.11901176143010893, 0.08561040490606052, 0.15444697091839465], "means": [[-3.7833941431683056, 0.43301202162001373, 0.4083596116180342], [-1.1859104306361634, 0.5410734477828556, 0.5394618119428384], [3.9007218930531704, -0.4349830365786877, -0.1041375156432722], [2.7152067024968716, -0.039134675882433724, 0.20055226012019553], [0.6943216960860503, 1.4706340321153708, -1.0094823926754217], [-6.868716783040903, -0.6345747847224358, -0.31473558347241976]], "cov": [[[0.15652099599957717, 0.02101783939163783, 0.02486578201316947], [0.02101783939163783, 0.004222993746982915, 0.0009531190603773035], [0.02486578201316947, 0.000953119060377304, 0.008796498262941346]], [[0.549821129524905, -0.0002471460446526672, 0.040687774529275696], [-0.00024714604465266715, 0.0012693515831626672, -0.0007019645168942431], [0.040687774529275696, -0.000701964516894243, 0.005611080938326141]], [[0.03801205757330043, -0.016254518518189865, -0.013673597580506337], [-0.016254518518189865, 0.008850264590231522, 0.004703489072172724], [-0.013673597580506337, 0.004703489072172724, 0.006338593319443296]], [[0.04661633317119795, -0.014103683712658872, -0.009457831757535536], [-0.014103683712658873, 0.00473751497400348, 0.0024424491866210677], [-0.009457831757535536, 0.0024424491866210677, 0.0028582000655967875]], [[0.36878176420206765, -0.025265431538105988, -0.07473336488356105], [-0.025265431538105988, 0.0025931554194433054, 0.004319412899785861], [-0.07473336488356105, 0.00431941289978586, 0.016187235991853042]], [[0.0004697714262006594, -0.00046902118497035606, 0.0008353784720395812], [-0.00046902118497035606, 0.007984083523434254, -0.005784163666172487], [0.0008353784720395812, -0.005784163666172487, 0.005058437161984454]]]}