{"weights": [2.2603426912331308e-10, 0.05551696296647128, 0.749217348017223, 0.19526568879027154], "means": [[1.682981853843946, 3.5734774832532774, -1.4486190022843155, -0.10794098845698466, -0.0006088481818063522, -0.009387272926042618, 0.00910801843882136, 0.016170922758778006], [2.1479082830828506, 3.6920447863413726, 3.2675099999099975, 0.23925130867942443, -0.0032008543419781016, 0.03766865943229058, 0.06187212551928994, 0.033944012932124054], [4.011896292980587, -2.7139580881769394, -0.04548857601225921, 0.06805954900928486, -0.0210515063670152, -0.005931781925891108, -0.012439740974042723, -0.009740538945041214], [-2.1109582655557455, -0.5235205241202103, 0.036765373977743473, -0.023538097834004734, 0.010989347436812635, -0.003007547978774386, -0.00667237539181124, -0.005297648056562295]], "cov": [[[0.04665778281804814, -0.029802630171426616, 0.007745640897368805, 0.00681224685512082, 0.0716525236106284, 0.0016004289269921522, 0.012705204495256391, 0.024306753640180076], [-0.029802630171426616, 0.044655760082170794, 0.029230647632586496, -0.012248133899637435, -0.06143366386647315, -0.010382174897627659, -0.01631958116089027, -0.006271325344124598], [0.007745640897368803, 0.029230647632586496, 0.11521186218859049, -0.02153458317199558, -0.033330653568423685, -0.04650436561542587, -0.056463740861829745, 0.036802168979872506], [0.006812246855120821, -0.012248133899637437, -0.02153458317199558, 0.0572331645455866, -0.033321803316430254, -0.019445164603661688, -0.07038528862611165, 0.01622404492358046], [0.0716525236106284, -0.06143366386647315, -0.03333065356842368, -0.03332180331643025, 0.21772287376122593, 0.07435816409631676, 0.15109107968654706, -0.008421928956348067], [0.0016004289269921487, -0.010382174897627655, -0.04650436561542586, -0.019445164603661684, 0.07435816409631676, 0.05612334692641501, 0.09889723803879429, -0.03485513860217414], [0.012705204495256384, -0.01631958116089026, -0.056463740861829745, -0.07038528862611164, 0.15109107968654706, 0.09889723803879429, 0.2338758680703684, -0.060952073430893594], [0.02430675364018008, -0.0062713253441246, 0.036802168979872506, 0.016224044923580455, -0.008421928956348074, -0.03485513860217414, -0.06095207343089361, 0.037353232389730935]], [[0.19871126814076912, -0.30473550724383036, -0.13630191446977843, 0.18372008512846183, 0.3021879404833828, 0.03548540933598199, 0.031126279435492895, 0.09524395423261504], [-0.30473550724383036, 0.5149861349113658, 0.08423043835825757, -0.2802816545087673, -0.46317934825727025, -0.05071615096368093, -0.030348978585089385, -0.13181401094588202], [-0.13630191446977843, 0.08423043835825757, 0.6171747335302983, -0.10090658126202791, -0.28442391725566935, -0.04264557533198979, -0.10516663364497421, -0.1268625029593502], [0.18372008512846183, -0.2802816545087673, -0.10090658126202791, 0.21420208086873951, 0.2577497828368465, 0.029969042495198182, 0.002589236562005228, 0.08942168610216783], [0.30218794048338277, -0.4631793482572702, -0.28442391725566935, 0.2577497828368465, 0.5041860967767746, 0.06781019841702408, 0.07935240546780939, 0.14573497942988506], [0.03548540933598199, -0.05071615096368093, -0.04264557533198978, 0.029969042495198175, 0.06781019841702408, 0.02103159795409567, 0.0157218385096176, 0.008840753034579023], [0.031126279435492895, -0.030348978585089385, -0.10516663364497421, 0.0025892365620052327, 0.07935240546780939, 0.015721838509617597, 0.10785402001998799, 0.02555989378580015], [0.09524395423261504, -0.13181401094588197, -0.1268625029593502, 0.08942168610216783, 0.14573497942988506, 0.008840753034579023, 0.025559893785800154, 0.06284839437725025]], [[0.4422654818139776, 0.11921874470525078, -0.002013989567116819, -0.2569604818532431, -0.10008027333864374, 0.061594250110507405, -0.05140223912864865, -0.1228682169351593], [0.11921874470525076, 0.17057550147918799, 0.010631489481296764, 0.10862578167964684, 0.2903068627971316, -0.0056689358551600426, -0.0711629260683449, -0.059371301515838935], [-0.0020139895671168182, 0.010631489481296762, 0.010135438776192631, -0.04694018267819219, 0.024569134209746064, 0.0416363834161827, -0.015380298767020838, 0.011540025663368448], [-0.25696048185324305, 0.10862578167964686, -0.04694018267819219, 1.0383657932096775, 0.4664262126731879, -0.40472541985070865, 0.06253610758777535, -0.1228183813376464], [-0.10008027333864376, 0.2903068627971316, 0.024569134209746064, 0.46642621267318785, 0.8855331428810034, -0.02966025649937491, -0.17373579411759923, -0.0019092194091896875], [0.06159425011050745, -0.005668935855160035, 0.0416363834161827, -0.4047254198507087, -0.029660256499374902, 0.31687207772792847, -0.09511771650118725, 0.06594238249668036], [-0.05140223912864865, -0.07116292606834487, -0.01538029876702084, 0.06253610758777535, -0.17373579411759923, -0.09511771650118724, 0.08695535350256527, 0.01706321522742481], [-0.12286821693515933, -0.05937130151583895, 0.011540025663368448, -0.1228183813376464, -0.0019092194091896856, 0.06594238249668036, 0.01706321522742481, 0.22125307583091222]], [[0.025327402402548937, -0.01008739583441372, 0.008252096793557437, -0.0842275670033889, 0.02584650614380747, -0.0250047221378957, -0.012751919334012405, 0.006409645462959794], [-0.010087395834413716, 0.03696132919848733, -0.01681143943661597, 0.056506207637597915, -0.04353433231669372, 0.0010059805485736586, -0.019162166805527483, -0.0031840260388002473], [0.008252096793557439, -0.01681143943661597, 0.021414429337190042, -0.10245066632515312, 0.0349907781692342, -0.014468815747841608, 0.014564658137538627, -0.00675793527505715], [-0.0842275670033889, 0.056506207637597915, -0.10245066632515312, 0.6662295800364486, -0.18132301418489036, 0.1394555076460632, -0.0032157931307067586, 0.026435623809187913], [0.025846506143807468, -0.04353433231669372, 0.0349907781692342, -0.18132301418489036, 0.0845453245379853, -0.018835730803049795, 0.006965107480943834, -0.014209332275643121], [-0.0250047221378957, 0.00100598054857366, -0.014468815747841608, 0.1394555076460632, -0.018835730803049795, 0.05458850662651371, 0.002261466739282435, -0.014406310316463819], [-0.012751919334012407, -0.01916216680552749, 0.014564658137538627, -0.0032157931307067586, 0.0069651074809438385, 0.002261466739282436, 0.05168442362176991, 0.00794033090590667], [0.006409645462959793, -0.003184026038800247, -0.00675793527505715, 0.026435623809187913, -0.01420933227564312, -0.014406310316463817, 0.007940330905906668, 0.02528500005524363]]]}