{"weights": [0.08869356461159753, 0.0821335178537606, 0.342238035260888, 0.20906136558231278, 0.10624536100982854, 0.17162815568161255], "means": [[3.7049677336811015, 0.4460985529856636, -0.4193650738993149, 0.1610395110204972, -0.04727130609806187, 0.022276796020679262, 0.10228802071527286, 0.008579200970257425], [-0.5352188882077776, 1.5019292231414814, 0.9928975708314232, -0.011819427524385551, 0.0432838996196385, 0.02475915534512195, 0.0005894044913645044, -0.006665397083727694], [-3.921496194067809, -0.44516085201073635, 0.11240072874557236, 0.04057944129669843, 0.04371610224482556, 0.0007594813740229853, 0.01016404824920945, -0.00034849414051241564], [1.3442434915129886, 0.5437784727249649, -0.5195352334362966, 0.0306268294110087, 0.033292264452757146, -0.023200775097625224, -0.05428514237685106, 0.0016216738119890866], [-2.6428446098041727, -0.009443420428982227, -0.21238337488435424, -0.09707117565522, -0.1079689395174511, 0.014927334263863716, -0.0055798404239259785, -0.021932457958517938], [6.874226823100825, -0.6364728197486734, 0.3204274647860359, -0.04911646442360566, -0.004297754311441796, -0.003620964692785038, -0.00858436860031526, 0.0024278274488290113]], "cov": [[[0.23989172957739777, -0.032043203157011244, 0.03843958043226412, -0.006474434358296193, -0.009631309249431836, -0.0006589557165599325, 0.008376298719869816, 0.005119275950281219], [-0.032043203157011244, 0.005375748321238395, -0.003465901783896282, -0.0004351936103816464, 0.0014747176894593858, -0.00015547829606156322, -0.0013518325874654013, -0.0006069125977456953], [0.03843958043226412, -0.003465901783896283, 0.009626587512952582, -0.003871009356121267, -0.001228815611333159, -0.00045412683865592813, 0.0003141093989519077, 0.0012210353456859895], [-0.0064744343582961925, -0.0004351936103816465, -0.003871009356121267, 0.003281600440803757, -0.0010100101536994937, 0.00010607945523242894, 0.0008071504363200782, -0.00020118468776980547], [-0.009631309249431836, 0.0014747176894593858, -0.001228815611333159, -0.0010100101536994937, 0.002868508009517552, 0.0007709452945129848, -0.0005216420731176403, -0.0006648162353052432], [-0.0006589557165599324, -0.00015547829606156322, -0.000454126838655928, 0.00010607945523242894, 0.0007709452945129848, 0.00158031964196958, -3.771670188496832e-05, -0.0001971166873964232], [0.008376298719869814, -0.0013518325874654013, 0.00031410939895190756, 0.0008071504363200782, -0.0005216420731176402, -3.7716701884968314e-05, 0.0009259269605926296, -2.157565886167535e-05], [0.005119275950281218, -0.0006069125977456952, 0.0012210353456859893, -0.00020118468776980555, -0.0006648162353052431, -0.0001971166873964232, -2.157565886167533e-05, 0.0009430881080835641]], [[0.22034421230166482, 0.015073624282740127, -0.044658961574326875, 0.006411836942333563, 0.032615174504178605, 0.0031952760796482528, 0.01005492759221912, -0.009349418324326345], [0.015073624282740127, 0.0017249765881989375, -0.0024853299905576243, 7.893390401843698e-05, 0.002671976533739055, 7.391062386016096e-05, 0.0009050816904968578, -0.0008863762552636182], [-0.044658961574326875, -0.002485329990557624, 0.00980166504931004, -0.0013878755075899922, -0.006436629612983291, -0.000245552124150929, -0.002018430901360799, 0.0017239095766609126], [0.0064118369423335625, 7.893390401843697e-05, -0.001387875507589992, 0.0012831011570617501, -0.0003011500556828237, -0.00011518541491513976, 0.00017518023072348406, -0.000498570913586916], [0.032615174504178605, 0.002671976533739055, -0.006436629612983291, -0.0003011500556828237, 0.007679781451672056, 0.002248029514726523, 0.0014477796405352793, -0.002715142240927854], [0.0031952760796482536, 7.391062386016102e-05, -0.000245552124150929, -0.00011518541491513974, 0.002248029514726523, 0.007494226536223959, -0.001086748211814307, 0.000339638137964805], [0.01005492759221912, 0.0009050816904968578, -0.002018430901360799, 0.00017518023072348406, 0.0014477796405352793, -0.0010867482118143072, 0.0007718785618322441, -0.0007449599809046241], [-0.009349418324326347, -0.0008863762552636182, 0.001723909576660913, -0.000498570913586916, -0.0027151422409278543, 0.0003396381379648051, -0.0007449599809046242, 0.003801384291775865]], [[0.04914525125201761, 0.02097122174423182, -0.017474633325759735, -0.043052213768748765, -0.0107231596502034, 0.001817497653904079, 0.001012821649248673, -0.00039887703096308275], [0.02097122174423182, 0.011347592769892327, -0.00601604048839266, -0.020199169760043684, -0.0031014793816892083, 0.0005205088621782482, 0.001703181609148375, 0.0006289531602684347], [-0.01747463332575974, -0.00601604048839266, 0.007971136894417632, 0.018068696552929503, 0.0025481205942425814, -0.00045551036861225596, -0.00017373722960974718, 0.0006118426228616374], [-0.04305221376874877, -0.020199169760043684, 0.018068696552929503, 0.06475141175666399, -0.003206898807640471, 0.00016194376980534716, -0.004024472210052011, 0.00029288096381903004], [-0.010723159650203398, -0.0031014793816892083, 0.002548120594242581, -0.0032068988076404703, 0.018105415700128916, -0.0005003323727935032, 0.002314352581694696, -0.0010557512307379975], [0.001817497653904079, 0.0005205088621782484, -0.00045551036861225596, 0.0001619437698053473, -0.0005003323727935036, 0.005325545877019634, -0.000761729998587664, 3.029365489456374e-05], [0.001012821649248673, 0.001703181609148375, -0.00017373722960974718, -0.004024472210052011, 0.002314352581694696, -0.0007617299985876641, 0.0012528814444449934, -2.3612660524461177e-05], [-0.0003988770309630828, 0.0006289531602684346, 0.0006118426228616375, 0.00029288096381903, -0.0010557512307379972, 3.029365489456383e-05, -2.3612660524461214e-05, 0.003927910617181303]], [[0.37901365666334147, 0.00016997039994398906, 0.028047357794546722, 0.03157676699911952, -0.004641568843851128, -0.004463081647914571, -0.01901866364900497, -0.010018322674500167], [0.00016997039994398906, 0.0014852663017969087, 0.0005560992601950643, 0.0004258444132560756, -0.0018793147399825936, 8.644751532896663e-05, 0.0006995706664381177, 0.000213158372463685], [0.028047357794546722, 0.0005560992601950642, 0.004429343550986467, 0.0026478441921177864, -0.001760024433259565, -0.0010286837163063205, -0.0025970107562480137, -0.0005247417181136083], [0.03157676699911953, 0.0004258444132560754, 0.0026478441921177864, 0.005739116278276795, -0.0024985075368159897, -0.001413761509403709, -0.0014229776590852213, -0.0018719869757429274], [-0.004641568843851129, -0.0018793147399825936, -0.001760024433259565, -0.0024985075368159897, 0.004497752712077361, 0.00099421664196618, -0.0003721501163060175, 0.00018570769354269912], [-0.004463081647914571, 8.644751532896663e-05, -0.0010286837163063205, -0.001413761509403709, 0.00099421664196618, 0.0035460558112806696, 0.0004758594562056378, 0.00014172391209872902], [-0.01901866364900497, 0.0006995706664381177, -0.0025970107562480133, -0.001422977659085221, -0.0003721501163060176, 0.00047585945620563764, 0.002687672837736599, 0.00038508108354190946], [-0.010018322674500165, 0.00021315837246368505, -0.0005247417181136081, -0.0018719869757429274, 0.00018570769354269912, 0.00014172391209872902, 0.0003850810835419095, 0.002137676414989227]], [[0.02141521991029006, 0.0064743045301746, -0.004300067296335494, 0.0022259878751293614, -0.001075210053301417, 0.0020141431953651064, -0.00016322801436838123, -6.133496488755776e-05], [0.006474304530174599, 0.0024496951285918546, -0.0008833627322852304, 0.0003870470751633661, -0.0008068780899464538, 9.352045269085035e-05, 0.00020992556554313762, -0.00018076378852192946], [-0.004300067296335494, -0.0008833627322852307, 0.0017837630804238712, -0.000822411819802442, 3.5397837495318464e-05, -0.0003928574864051093, -0.00028883591667198635, -0.00010975141898396699], [0.0022259878751293614, 0.0003870470751633661, -0.0008224118198024419, 0.0017976708219250785, -0.0011195931119578947, 0.0002221043268212228, 0.00016512068771936273, -0.00078514673337567], [-0.001075210053301417, -0.0008068780899464538, 3.539783749531856e-05, 