,X,Y,Z,id,nugget
0,100.0,0.0,-825.0,43307780,1e-05
1,300.0,0.0,-783.9747991705278,43307780,1e-05
2,900.0,0.0,-825.0,43307780,1e-05
3,100.0,0.0,-844.9999999999999,49944221,1e-05
4,300.0,0.0,-806.9713319183461,49944221,1e-05
5,900.0,0.0,-844.9999999999999,49944221,1e-05
