{"weights": [0.23112292423009614, 0.19135157274451264, 0.5775255030253912], "means": [[1.8170650057437283, 3.607845176585224, -0.05330031990910318, -0.006102264304766134, 0.0007002728429360768, 0.003074488421413649, 0.026423017955573527, 0.019432682200488216], [4.010888074159342, -2.7150122419515093, -0.04726837178447712, 0.06914144647247711, -0.02281365646948033, -0.004886513824532931, -0.011814934964961936, -0.0074459037403498], [-2.1098580773178144, -0.5229463782573884, 0.03576541757887217, -0.020842330417385473, 0.007879159657062205, 0.0014507057740651315, -0.005835173374536406, -0.004998437465943889]], "cov": [[[0.8603449043691629, -0.12213997856405484, 0.18632541296969035, 0.051402707287188376, 0.08806993865518992, 0.1651391443070594, 0.14409884280384966, -0.03925362797587997], [-0.12213997856405484, 0.9577552877041231, 0.08992647450281013, 0.07519603620143404, -0.13299725922482494, -0.06646453420178017, -0.1833261731879413, 0.10787190759893009], [0.18632541296969035, 0.08992647450281013, 1.7290427891857656, 0.11597210203926572, -0.09835059057419215, -0.052047624466370304, 0.12786061294930273, 0.0013614167440657975], [0.051402707287188376, 0.07519603620143406, 0.11597210203926571, 0.931369432109379, -0.008931806531026912, 0.1151968560706047, 0.014092247664457847, -0.10494585077299624], [0.08806993865518992, -0.13299725922482494, -0.09835059057419215, -0.008931806531026912, 0.6573570276983118, 0.07632751852547248, -0.051660891677056626, 0.009953036241994864], [0.16513914430705945, -0.06646453420178018, -0.05204762446637032, 0.11519685607060474, 0.07632751852547248, 0.7421293352675324, 0.02623756938112865, -0.08709312053904213], [0.14409884280384969, -0.1833261731879413, 0.12786061294930273, 0.014092247664457852, -0.05166089167705663, 0.02623756938112865, 0.8911909422855696, -0.015575215050746952], [-0.039253627975879966, 0.1078719075989301, 0.0013614167440657984, -0.10494585077299626, 0.009953036241994864, -0.08709312053904211, -0.015575215050746952, 0.8388119202370388]], [[0.8767495682657107, 0.040223221260607074, -0.10222386743419877, -0.1837150398702007, 0.07572670939935205, -0.07004217682203703, -0.0757993146413154, -0.07826209021475636], [0.040223221260607095, 0.9613825004271148, 0.2939162500528203, 0.009280988724581421, 0.299845180074648, 0.03280156681437561, -0.0016146248475412835, 0.1205971300760821], [-0.10222386743419874, 0.29391625005282024, 1.0018194625741512, -0.05239028149885501, 0.1662279232357194, -0.0041478437522071854, 0.004549926743665627, 0.21224842160351592], [-0.18371503987020069, 0.009280988724581418, -0.052390281498855024, 1.1189263685350157, 0.2510281078282738, -0.1810244861923588, -0.04287902153247733, -0.11704362612296595], [0.07572670939935208, 0.2998451800746479, 0.16622792323571942, 0.2510281078282738, 1.1347338746342297, -0.1558566564591129, 0.02009724924700005, 0.14477938680064883], [-0.07004217682203703, 0.03280156681437561, -0.004147843752207188, -0.1810244861923588, -0.1558566564591129, 1.1144469591750248, 0.1142282188113507, 0.09063581970437726], [-0.0757993146413154, -0.0016146248475412794, 0.0045499267436656275, -0.042879021532477316, 0.020097249247000043, 0.11422821881135067, 0.7291622779704872, 0.09291673770421449], [-0.07826209021475636, 0.1205971300760821, 0.21224842160351592, -0.11704362612296593, 0.14477938680064883, 0.09063581970437724, 0.09291673770421449, 0.872033673749358]], [[0.4360721764643626, -0.06947290697631588, 0.021048103657824276, -0.0840323452492025, 0.07423833805576366, -0.036155411834018374, -0.062310391403972064, 0.014552401066020154], [-0.06947290697631588, 0.7090731232555324, -0.05784197626192722, 0.06763643381553382, -0.1557007126446684, 0.06260210631976412, -0.04720485155604122, -0.15908907512966322], [0.021048103657824273, -0.057841976261927226, 0.5530918465139236, -0.11320044024250381, 0.13791789950670416, -0.13283973687786635, -0.014633463884558452, -0.08434658395980452], [-0.0840323452492025, 0.0676364338155338, -0.11320044024250384, 0.9038807358912466, -0.1465864254470084, 0.09692811635155654, 0.1026982081012788, 0.028555215446751367], [0.07423833805576367, -0.15570071264466845, 0.13791789950670424, -0.14658642544700845, 0.5629682680284641, -0.040077733980464575, -0.06008292639732269, -0.00492648126488655], [-0.03615541183401836, 0.06260210631976411, -0.13283973687786635, 0.09692811635155654, -0.040077733980464575, 0.5488428893526389, 0.04691660018672819, -0.020532654403204363], [-0.062310391403972064, -0.04720485155604123, -0.014633463884558454, 0.1026982081012788, -0.060082926397322683, 0.04691660018672822, 0.49945482735206503, -0.06666725175693725], [0.01455240106602015, -0.15908907512966317, -0.08434658395980453, 0.028555215446751374, -0.004926481264886548, -0.020532654403204363, -0.06666725175693725, 0.5746803210545066]]]}