{"weights": [0.57119533745634, 0.19838826681378013, 0.23041639572987982], "means": [[-2.109855380952268, -0.5226367219160475, 0.03666053659104706, -0.020911429648813266, 0.006368196098310348, 0.0001946847638725797, -0.006284325591424295, -0.005360147266834944], [4.0120269603060175, -2.7140211827319374, -0.046223627828555214, 0.06737762250822675, -0.02181687592904146, -0.003323148805948177, -0.010365230319898099, -0.007902853951679402], [1.818685529668385, 3.6077258653169713, -0.052541207155227136, -0.002945909936889893, 0.0005024584983050696, 0.004325645015095489, 0.026903054097737727, 0.022082596395068096]], "cov": [[[0.024118779828079036, -0.011259623522573686, 0.00893240784078216, -0.08235692920929036, 0.026714955016677307, -0.022971829538981525, -0.010603360244620115, 0.005553293270455959], [-0.011259623522573689, 0.029895784605674856, -0.014079712258432985, 0.05709371102451903, -0.036815594674862936, 0.00556646102253168, -0.012904232803739297, -0.004048337015498989], [0.00893240784078216, -0.014079712258432985, 0.019972577229575, -0.1011097152462899, 0.031946199965124794, -0.016262160623571532, 0.011882396878714962, -0.005896359560089904], [-0.08235692920929037, 0.05709371102451903, -0.1011097152462899, 0.6531965832911516, -0.17940201072130005, 0.1357563083902795, -0.004679898717620894, 0.026052415461391], [0.02671495501667731, -0.03681559467486294, 0.031946199965124794, -0.17940201072130005, 0.07846729354583638, -0.02138904987629128, -0.00044892305809976664, -0.014507921871796938], [-0.022971829538981525, 0.005566461022531678, -0.016262160623571532, 0.1357563083902795, -0.02138904987629127, 0.05176884688784684, -0.004735207083772005, -0.015047798612655218], [-0.010603360244620115, -0.012904232803739294, 0.011882396878714962, -0.004679898717620894, -0.00044892305809976566, -0.0047352070837720075, 0.047198574950861605, 0.011631620303358528], [0.00555329327045596, -0.004048337015498989, -0.005896359560089903, 0.026052415461391, -0.014507921871796935, -0.01504779861265522, 0.011631620303358528, 0.02636972268219906]], [[0.49426862152585854, 0.12359966484043068, -0.005852345784992019, -0.2794936650587909, -0.14393168409387658, 0.046660461586511603, -0.04526923297875008, -0.14958268021840276], [0.12359966484043065, 0.17667510621768764, 0.007780042319412093, 0.14279010616491403, 0.29847625165241976, -0.025830199097694323, -0.0672502395329801, -0.07020740350309082], [-0.005852345784992016, 0.007780042319412095, 0.010407709674960216, -0.04981095388355117, 0.02120085806344038, 0.04318670950833653, -0.014757080639821613, 0.013503961660692053], [-0.2794936650587909, 0.14279010616491403, -0.04981095388355117, 1.158313683594097, 0.5711370730683064, -0.4504583972137001, 0.054573268847896816, -0.14517235494177633], [-0.14393168409387658, 0.29847625165241976, 0.021200858063440374, 0.5711370730683065, 0.9445410631338937, -0.06631180261279801, -0.1683272715627662, -0.00044706577362770147], [0.04666046158651161, -0.025830199097694333, 0.04318670950833653, -0.4504583972137001, -0.06631180261279802, 0.3294647823236133, -0.09190854150020697, 0.07129084017446306], [-0.04526923297875009, -0.0672502395329801, -0.014757080639821615, 0.054573268847896816, -0.1683272715627662, -0.09190854150020698, 0.08414300523607468, 0.01904218379548711], [-0.14958268021840276, -0.07020740350309083, 0.013503961660692057, -0.14517235494177635, -0.000447065773627694, 0.07129084017446306, 0.01904218379548711, 0.24850385575576642]], [[0.13135092848772528, -0.08503220813413925, 0.4399704493493414, 0.08782325477340906, 0.12687566589929833, 0.014232939635552257, 0.023581990845533772, 0.045339139915162564], [-0.08503220813413924, 0.17781700423022584, 0.16381314512161024, -0.06847665300824568, -0.16330486608840494, -0.01987954861396302, -0.020107545979273736, -0.03386867881164621], [0.43997044934934143, 0.16381314512161027, 5.070245626819782, 0.3085512386782143, -0.11247770950366298, 0.00010690889157401657, -0.023504972221104033, 0.00856422792311927], [0.08782325477340908, -0.0684766530082457, 0.3085512386782143, 0.12451578481166267, 0.046400686241765, 0.002924132699905712, -0.03317292599641183, 0.033958273124567506], [0.12687566589929833, -0.16330486608840497, -0.11247770950366297, 0.046400686241765, 0.27770794272601207, 0.06534383725437179, 0.11370636171557102, 0.03518964289254507], [0.014232939635552255, -0.01987954861396302, 0.00010690889157401633, 0.0029241326999057157, 0.06534383725437179, 0.04384817247540624, 0.06385828694977794, -0.021080364453560988], [0.023581990845533776, -0.020107545979273743, -0.023504972221104026, -0.03317292599641182, 0.11370636171557104, 0.06385828694977795, 0.17415207407586777, -0.027369451511132944], [0.04533913991516257, -0.0338686788116462, 0.008564227923119267, 0.033958273124567506, 0.03518964289254507, -0.021080364453560988, -0.027369451511132944, 0.044586219355208186]]]}