,X,Y,Z,id,nugget
0,100.0,0.0,-793.0000000000001,99470070,1e-05
1,300.0,0.0,-719.0217278297852,99470070,1e-05
2,900.0,0.0,-793.0000000000001,99470070,1e-05
3,100.0,0.0,-824.0000000000001,98141191,1e-05
4,300.0,0.0,-744.0317391365603,98141191,1e-05
5,900.0,0.0,-824.0000000000001,98141191,1e-05
6,100.0,0.0,-847.0000000000001,15731840,1e-05
7,300.0,0.0,-858.6417056015819,15731840,1e-05
8,900.0,0.0,-847.0000000000001,15731840,1e-05
