{"weights": [2.2663038832378529e-10, 0.05579999085723984, 0.759964128918611, 0.18423587999751886], "means": [[1.682953433164317, 3.574218684085562, -1.448729471715812, -0.10722324935691396, -0.0009971162830367483, -0.009035285642053246, 0.009277221342823739, 0.016165093098331314], [2.14785714092694, 3.691763081568694, 3.2680733427186572, 0.2393913576597994, -0.0031699438496999065, 0.03760561624528697, 0.06173958998741421, 0.03420161147720694], [4.012421535980366, -2.7141813734400375, -0.046511101813418006, 0.06899914254384334, -0.021176451800927306, -0.00564324511207714, -0.01388421176967475, -0.009711346749963868], [-2.1104628870474813, -0.5239938770100036, 0.03588518958655648, -0.024202587607563848, 0.010850629725207043, -0.0028990665580284096, -0.007611982558614255, -0.005332899249221224]], "cov": [[[0.04693604347621583, -0.02998475035576313, 0.007863509966397113, 0.00683914081283753, 0.0720283068785736, 0.001553263672530791, 0.012624157681585733, 0.0244866545529536], [-0.02998475035576313, 0.04468392014139435, 0.02913807900627235, -0.012428255579923107, -0.06175009888757258, -0.010476425379920723, -0.01631718696606783, -0.006338667272182629], [0.007863509966397116, 0.02913807900627235, 0.11546000888801766, -0.021532279347981485, -0.033331706450229585, -0.04669662397829094, -0.05673454485467697, 0.03698012485232863], [0.006839140812837531, -0.012428255579923107, -0.021532279347981482, 0.05719478904374129, -0.03340072558213495, -0.01962489218165934, -0.07059483900930125, 0.016321607492129242], [0.0720283068785736, -0.06175009888757258, -0.0333317064502296, -0.03340072558213495, 0.2185156305517876, 0.07446938022213298, 0.15143561570518355, -0.008295459054790295], [0.0015532636725307909, -0.010476425379920726, -0.04669662397829094, -0.01962489218165934, 0.07446938022213297, 0.05622960525761984, 0.09924359174153134, -0.034982378210923634], [0.012624157681585731, -0.016317186966067827, -0.056734544854676966, -0.07059483900930125, 0.15143561570518355, 0.09924359174153134, 0.2345779656043517, -0.06122490419627126], [0.024486654552953603, -0.006338667272182629, 0.03698012485232863, 0.016321607492129242, -0.008295459054790288, -0.034982378210923634, -0.06122490419627126, 0.03755824832928704]], [[0.19860797297581873, -0.3046252829780347, -0.1359682521135552, 0.18362806283957916, 0.301988442303177, 0.03544198836325501, 0.031106398898300882, 0.09516997259082317], [-0.30462528297803465, 0.5150502539023258, 0.08338475209583372, -0.28020402877033046, -0.4628721852947083, -0.05064378109775553, -0.030101787710736527, -0.1316867332844123], [-0.13596825211355518, 0.08338475209583368, 0.6183995038964959, -0.10042406402376895, -0.2841776897217941, -0.04265700237819688, -0.10552603832171278, -0.12686134806195268], [0.18362806283957914, -0.28020402877033046, -0.10042406402376894, 0.2141361565441431, 0.2576001845724879, 0.029996311086614765, 0.002944476761242212, 0.08932049766646134], [0.301988442303177, -0.4628721852947083, -0.2841776897217941, 0.25760018457248796, 0.5038601190273704, 0.06777508897106653, 0.07905497040243883, 0.14559350736659235], [0.03544198836325501, -0.05064378109775553, -0.04265700237819689, 0.029996311086614765, 0.06777508897106652, 0.021121122580331633, 0.015628591081973914, 0.008765151032771612], [0.031106398898300882, -0.030101787710736527, -0.10552603832171278, 0.002944476761242208, 0.07905497040243883, 0.015628591081973914, 0.10739794345104718, 0.025664623989331455], [0.09516997259082317, -0.13168673328441233, -0.1268613480619527, 0.08932049766646136, 0.14559350736659235, 0.008765151032771616, 0.025664623989331455, 0.06289950468329349]], [[0.4427567828524152, 0.11920552627819236, -0.0020725725500230384, -0.2573282501059427, -0.10069907508617297, 0.06123884798028844, -0.051258407768908984, -0.12309109458454494], [0.11920552627819236, 0.1705614104138673, 0.010578214780751672, 0.10913364391711294, 0.2903375642851532, -0.00601616094370326, -0.07103860501591948, -0.05945174799084388], [-0.002072572550023038, 0.01057821478075167, 0.010141409986079401, -0.04696068419212418, 0.02449106128590446, 0.04164211619369238, -0.015382116687964048, 0.011544107413706107], [-0.25732825010594274, 0.10913364391711297, -0.04696068419212419, 1.0398106002911667, 0.468025969693486, -0.40537905693250753, 0.062356174753109846, -0.12321890110416729], [-0.10069907508617296, 0.2903375642851532, 0.024491061285904465, 0.46802596969348587, 0.8860735982423078, -0.030259560531470945, -0.17356073753060586, -0.0018519072753012357], [0.06123884798028845, -0.006016160943703277, 0.04164211619369238, -0.40537905693250753, -0.030259560531470987, 0.31687164567684134, -0.09507414749479047, 0.06572247885278337], [-0.051258407768908984, -0.07103860501591948, -0.015382116687964048, 0.062356174753109846, -0.17356073753060586, -0.09507414749479047, 0.08684653629510186, 0.01715944682791659], [-0.12309109458454497, -0.05945174799084388, 0.011544107413706107, -0.12321890110416729, -0.0018519072753012315, 0.06572247885278339, 0.01715944682791659, 0.22169844071278688]], [[0.025286061471242068, -0.010111162719869195, 0.008316640393350793, -0.08430475404637912, 0.025873414759503995, -0.02492209190860693, -0.012637018805790802, 0.006343429252706815], [-0.010111162719869197, 0.03666335347404239, -0.01673424253716114, 0.056626508031961884, -0.04331833550319238, 0.0012008020740400234, -0.018951413233925244, -0.003171443296401641], [0.00831664039335079, -0.01673424253716114, 0.021390907084215108, -0.10254765352016658, 0.03492688387239614, -0.014565003867971377, 0.014451972753139983, -0.006727693862245374], [-0.08430475404637912, 0.056626508031961884, -0.10254765352016658, 0.6667101373093686, -0.1815502509262122, 0.13953076541924483, -0.0032743877736212046, 0.026447985423735776], [0.025873414759503995, -0.043318335503192376, 0.03492688387239614, -0.18155025092621221, 0.08433951954653235, -0.018994391332070315, 0.006736447536220804, -0.014209119638070391], [-0.02492209190860693, 0.001200802074040023, -0.01456500386797138, 0.13953076541924483, -0.01899439133207032, 0.05447524406908626, 0.0020583704444614563, -0.014373048927319686], [-0.012637018805790802, -0.01895141323392524, 0.014451972753139981, -0.0032743877736212046, 0.006736447536220806, 0.002058370444461458, 0.05142122482835061, 0.008040770763972869], [0.006343429252706815, -0.0031714432964016397, -0.006727693862245374, 0.02644798542373578, -0.014209119638070391, -0.014373048927319686, 0.00804077076397287, 0.02523850573611022]]]}