{"entropy_prior_gmm": 1.1512925464970228e-08, "entropy_Mean_gmm": 0.00037627178244292736, "entropy_z_nk_prior": 9.616358581884957e-06, "entropy_Mean_z_nk": 0.004494057196507541, "entropy_mixing_prior": 88.99072030499339, "entropy_Mean_mixing": 1.6604384274882376}