{"entropy_prior_gmm": 0.0008925289686521987, "entropy_Mean_gmm": 0.014443803578615189, "entropy_z_nk_prior": 0.00127887914225473, "entropy_Mean_z_nk": 0.013703940830973175, "entropy_mixing_prior": 88.99072030499339, "entropy_Mean_mixing": 1.6467878285352575}