{"MAP index": 236, "entropy_prior_gmm": 3.7735939495554947e-07, "entropy_MAP_gmm": 0.017332807183265686, "entropy_z_nk_prior": 0.0012788791422551772, "entropy_MAP_z_nk": 0.00865922789506258, "entropy_mixing_prior": 88.99072030499339, "entropy_MAP_mixing": 1.4344733578860671}