{"weights": [0.11647463827768725, 0.2224179706035802, 0.29998731320020766, 0.1176220942082219, 0.13779978055962458, 0.10569820315067836], "means": [[3.772823434918828, 0.4408891733174865, -0.39866540581803545, 0.15084701056749983, -0.03550844390827029, -0.09302785148657806, 0.06620830127947272, -0.01482907152426388], [1.0456076397562108, 0.5521677601310138, -0.5367589029752216, -0.0015132646108525522, 0.05736758438398916, 0.027940203952883762, -0.028795361646621703, 0.010986467075293046], [-3.9271625039276516, -0.4499438675649694, 0.09378966065636586, 0.03132077627729748, 0.0259545352374014, -0.00596275986451723, 0.005304934615659234, -0.00043874555972746066], [-2.6585948949853258, -0.011796882952410905, -0.214898049101611, -0.07919229880607137, -0.13329807554148493, 0.007384704315762599, 0.005922673471086098, -0.022857047733198157], [-0.7756254439621905, 1.436690791824878, 1.074031944289894, -0.01365129885750656, -0.006989611292633007, -0.0012384622744947135, -0.010486607273208527, 0.0029958944776595207], [6.855480034643285, -0.6373117587989514, 0.30490197781762346, -0.04536455088326945, 0.0006105667304387469, 0.000690189702142856, -0.004716898260371021, -0.0002502058112229499]], "cov": [[[0.21119456558756947, -0.02423184016176673, 0.03837386443780332, -0.010628042699001762, -0.007605085569805478, 0.0005981233871334915, 0.011712746365534965, 0.000722943435321398], [-0.024231840161766733, 0.004268319018745481, -0.0018718212152896538, -0.0009301766733461098, 0.0023356373870720313, 0.000304268969309496, -0.0016586742305155346, -0.0004744661785364722], [0.03837386443780333, -0.0018718212152896534, 0.011808725344459656, -0.005991416281120413, 0.0009861906313553181, 0.0009448646544365728, 0.0012347792318301559, -0.0005180002315824967], [-0.010628042699001762, -0.0009301766733461098, -0.005991416281120413, 0.004664974012599755, -0.0022330348300894413, -0.0008542595333760082, 0.0002996809040881076, 0.0008854749879708354], [-0.007605085569805479, 0.0023356373870720313, 0.000986190631355318, -0.0022330348300894413, 0.0030354902746545, 0.0001826672554122234, -0.0009040539211314559, -0.0009940878114985965], [0.0005981233871334916, 0.000304268969309496, 0.0009448646544365725, -0.0008542595333760081, 0.00018266725541222334, 0.0009293753027506397, 0.00013867712635230742, -0.00048208965758840566], [0.011712746365534965, -0.0016586742305155346, 0.0012347792318301554, 0.0002996809040881076, -0.0009040539211314559, 0.00013867712635230736, 0.001192692240209231, 0.00010078906055390659], [0.0007229434353213982, -0.0004744661785364722, -0.0005180002315824966, 0.0008854749879708354, -0.0009940878114985965, -0.00048208965758840566, 0.0001007890605539066, 0.0008123327751646196]], [[0.2889670192747374, 0.0033197120054807056, 0.02657225519585171, 0.02636730766912126, -0.012201733350422872, 0.0191227724777698, -0.009544391958041428, -0.0024320321005610137], [0.003319712005480706, 0.0009947195692445077, 0.0005907213152780711, 8.351402597066107e-05, -0.001098220836294968, -0.0006023013693494586, 4.5749342931480886e-05, -5.272276515253124e-05], [0.02657225519585171, 0.0005907213152780711, 0.004854581349386236, 0.0030518807190827984, -0.0017462124967452656, 0.002668120595026334, -0.002216432262186585, 0.00022560368393253886], [0.02636730766912126, 8.35140259706611e-05, 0.003051880719082799, 0.004464973643842, -0.0022529381193129422, 0.002595919712936747, -0.0013742536719325955, -0.0005295895131154275], [-0.01220173335042287, -0.001098220836294968, -0.0017462124967452654, -0.002252938119312942, 0.0036259658958556888, -0.0008345817142852215, -0.000330836033619691, 0.0006725215086516159], [0.0191227724777698, -0.0006023013693494585, 0.0026681205950263346, 0.002595919712936747, -0.0008345817142852219, 0.004210721615940297, 9.130740122000324e-05, -0.00043107588426277563], [-0.009544391958041428, 4.574934293148097e-05, -0.002216432262186585, -0.0013742536719325955, -0.00033083603361969095, 9.130740122000322e-05, 0.003105295045938329, -0.0004658468159615204], [-0.002432032100561014, -5.272276515253124e-05, 0.00022560368393253886, -0.0005295895131154275, 0.0006725215086516159, -0.0004310758842627757, -0.0004658468159615206, 0.0015139779393540595]], [[0.039646315502063385, 0.01627429763085369, -0.014020005647314418, -0.033110003909288276, -0.007731234440143157, -0.001127723239374938, 7.773864536227788e-05, 0.0004915552323762067], [0.01627429763085369, 0.008447505969060007, -0.0045474645488166755, -0.014058917281278267, -0.0026120389281288486, -0.0006805132981759623, 0.0012328132277049713, 0.0005802961488649661], [-0.014020005647314418, -0.004547464548816676, 0.006368731953327607, 0.014102047239853295, 0.001253812439277862, 0.0003656589009891351, 0.0004958986405660387, 0.00045246501072180104], [-0.033110003909288276, -0.01405891728127827, 0.014102047239853295, 0.0471525091787762, -0.002733753249103912, 0.0011674997792330394, -0.0017369317864832758, 0.001120146824996134], [-0.007731234440143157, -0.0026120389281288486, 0.0012538124392778617, -0.002733753249103912, 0.014392483013930632, -0.00046687642523120547, 0.0011934088567552405, -0.0016656223427892987], [-0.001127723239374938, -0.0006805132981759625, 0.0003656589009891351, 0.0011674997792330392, -0.00046687642523120547, 0.0018134198684610573, 0.001178614820870655, -0.0002571307203115415], [7.773864536227795e-05, 0.0012328132277049713, 0.0004958986405660387, -0.001736931786483276, 0.0011934088567552405, 0.001178614820870655, 0.0022967082848051232, 0.000449445842902482], [0.0004915552323762065, 0.000580296148864966, 0.00045246501072180114, 0.0011201468249961335, -0.0016656223427892987, -0.0002571307203115414, 0.00044944584290248206, 0.003725048150005596]], [[0.041291754845444534, 0.01290899932808432, -0.008535964829225804, 0.0059734843174736865, -0.0036261299359649363, -0.0026502591943218614, -0.0016632799214453967, -0.0047338736312857056], [0.01290899932808432, 0.004418367011570768, -0.002313001546701099, 0.0017256602972471867, -0.0018673255566290072, -0.00030225644843069035, 0.00012483027008264623, -0.001405957607238893], [-0.008535964829225806, -0.0023130015467010996, 0.0030604027664351548, -0.0018221433971008772, 0.00046488727974447415, 0.001156315828283391, 1.895762398443912e-05, 0.001233627485731627], [0.0059734843174736865, 0.0017256602972471867, -0.001822143397100877, 0.0016811737065610146, -0.0009647319483236514, -0.0005924665212551017, -6.855823195823497e-05, -0.001370643167929464], [-0.0036261299359649363, -0.0018673255566290074, 0.00046488727974447415, -0.0009647319483236514, 0.0033136655538042277, -0.00148410432336377, -0.002250660516071682, 0.0010922646048378067], [-0.002650259194321861, -0.0003022564484306904, 0.001156315828283391, -0.0005924665212551017, -0.0014841043233637702, 0.00210653616065392, 0.0020927199783187223, 0.00018851809516517808], [-0.001663279921445397, 0.00012483027008264617, 1.895762398443914e-05, -6.855823195823499e-05, -0.002250660516071682, 0.0020927199783187223, 0.0034062118655901748, 0.00030125626257265786], [-0.004733873631285706, -0.0014059576072388933, 0.001233627485731627, -0.001370643167929464, 0.0010922646048378067, 0.00018851809516517802, 0.00030125626257265786, 0.0030973878941698714]], [[0.21992061897806367, 0.014540481923733022, -0.042174644589590145, 0.011334874278093697, 0.022021858450657975, -0.009631531227794473, 0.0006916622867979285, -0.0036792592729102147], [0.014540481923733022, 0.0012575158841320975, -0.0023105619971806536, 0.0007883888908138916, 0.0014582998066190501, -0.00032806510919475333, 0.0001608433568015821, -0.0006247880648824017], [-0.042174644589590145, -0.0023105619971806536, 0.008997042607813411, -0.0021076495713596927, -0.004270621590508285, 0.002046743924075478, -0.00019048437314646532, 0.00015729431667098304], [0.011334874278093697, 0.0007883888908138917, -0.0021076495713596927, 0.0012660007882237948, 0.00043573124471337507, -0.0002828623687238308, 0.0001303568549856553, -0.0005879541779512634], [0.022021858450657975, 0.0014582998066190501, -0.004270621590508285, 