{"weights": [0.17220122455418033, 0.00010407113577320479, 0.3297434717368594, 0.2501774369728333, 0.13715920496546863, 0.11061459063488517], "means": [[3.7587612999705597, 0.4510668227261743, -0.3891987251547531, 0.1446055640314349, -0.04054052223046936, -0.0834493732892009, 0.0686413515598011, -0.014916216542559611], [1.0197601628026889, 0.5553209356276333, -0.5303649917352997, -0.002323418040933367, 0.04933123471774246, 0.0378127004840818, -0.018361002453451885, 0.012954656088727269], [-3.9276607850526184, -0.4449965653844561, 0.09941215443311335, 0.031064711288693078, 0.02504931850866473, -0.003968689479499132, 0.009979533557801209, 0.0030306132191180624], [-2.7358309299940453, -0.039556877640083886, -0.19178235425425866, -0.09446529461968416, -0.10211994424783087, -0.0003970423523072117, -0.016903060516267086, -0.005172164120620514], [-0.6563381542027132, 1.4455044338479495, 1.0520042569990855, -0.009039749846182549, 0.009592729356120407, -0.0017265027928526286, -0.006836181280606259, 0.001993590140722071], [6.85381813230343, -0.6434750391958238, 0.30009294445862433, -0.04229578673411212, -0.0012735887229034404, 0.005953023069194687, -0.004431544511014169, 0.0013155627841481155]], "cov": [[[0.16840977856716463, -0.01928426402742329, 0.030630674263868958, -0.0085697977167814, -0.0058949601653851885, 0.0004701602018940151, 0.009329317435954205, 0.0004988998875515892], [-0.019284264027423288, 0.0032280315004656742, -0.0018000836424902859, -0.00034152326381098867, 0.0014439562760618534, 0.0001645690923671208, -0.0012359301598897595, -0.00018248524785975442], [0.030630674263868958, -0.0018000836424902863, 0.00905613622534202, -0.004055572271238634, -0.00019042951186874492, 0.0006815388012569299, 0.0010600738448092153, 4.3954519973579994e-05], [-0.0085697977167814, -0.0003415232638109886, -0.0040555722712386335, 0.0031255389434408924, -0.0013152000698230769, -0.0005732783007196164, 8.437737074158604e-05, 0.000539111554328888], [-0.005894960165385189, 0.0014439562760618536, -0.00019042951186874486, -0.0013152000698230769, 0.0029479369996493906, -0.00013856090444802307, -0.0005626428801026443, -0.0011215068315348024], [0.0004701602018940151, 0.00016456909236712078, 0.0006815388012569299, -0.0005732783007196164, -0.0001385609044480231, 0.0010047471437632097, 0.00022426985544208122, -0.00041058990505063014], [0.009329317435954205, -0.0012359301598897595, 0.0010600738448092153, 8.43773707415861e-05, -0.0005626428801026442, 0.00022426985544208124, 0.0010184185858455657, -2.8821035525738442e-05], [0.0004988998875515892, -0.00018248524785975442, 4.395451997357995e-05, 0.0005391115543288881, -0.0011215068315348024, -0.00041058990505063025, -2.8821035525738442e-05, 0.0010160552937186907]], [[0.2790274974393817, 0.0031979748982821506, 0.025683875665388975, 0.02542968046827711, -0.011713171181648344, 0.018418055009783763, -0.00930213396067207, -0.002304647179023546], [0.0031979748982821506, 0.0012811236003928991, 0.0007959835081279149, 5.011487637468782e-06, -0.001277683669326558, -0.0009072382411573946, -6.098086576517366e-05, 9.637339305193674e-05], [0.025683875665388975, 0.0007959835081279147, 0.0045387558736514995, 0.0027467162618680955, -0.0021133824021252784, 0.002712089810963597, -0.0014125882731518173, 0.00013615654266624206], [0.02542968046827711, 5.011487637468669e-06, 0.0027467162618680955, 0.004723714501352733, -0.002321873629401299, 0.002553598772667534, -0.0013127856653544065, -0.0008291763843299205], [-0.011713171181648344, -0.001277683669326558, -0.0021133824021252784, -0.002321873629401299, 0.003923529386630018, -0.0005123181007043136, 0.00013486597345771875, 0.0005299958804066378], [0.018418055009783763, -0.0009072382411573946, 0.0027120898109635975, 0.002553598772667534, -0.0005123181007043135, 0.004875147560683084, 0.0003339387012597566, -0.0004031592889546487], [-0.00930213396067207, -6.098086576517357e-05, -0.0014125882731518176, -0.0013127856653544062, 0.00013486597345771878, 0.0003339387012597565, 0.002260023177314786, -2.5756246271624925e-05], [-0.0023046471790235464, 9.637339305193672e-05, 0.00013615654266624198, -0.0008291763843299203, 0.0005299958804066378, -0.00040315928895464867, -2.5756246271624898e-05, 0.0014783052977961125]], [[0.046176861518837764, 0.019039544280256056, -0.016556924108624364, -0.0406431084360634, -0.00784725646813926, -0.001314490191535742, 0.00031826672002061577, 0.0004253249808643975], [0.019039544280256053, 0.00963690836746193, -0.005615368143965711, -0.017175542674617482, -0.0026805071453921215, -0.000809091586051689, 0.0012949701565399313, 0.00045899160658667885], [-0.01655692410862436, -0.005615368143965712, 0.007397859367470359, 0.01689540746892392, 0.001466263302882893, 0.00044446618408286903, 0.0003456291994882936, 0.0003948886051698441], [-0.04064310843606339, -0.01717554267461748, 0.01689540746892392, 0.05465817553738614, -0.0015514910291568437, 0.0014036079790632281, -0.0018156228105057077, 0.0011056611721123833], [-0.007847256468139259, -0.0026805071453921215, 0.001466263302882893, -0.0015514910291568433, 0.013574959222324599, -0.00042084851537368967, 0.0011030367052553738, -0.0014799240150211402], [-0.0013144901915357419, -0.0008090915860516892, 0.00044446618408286903, 0.0014036079790632281, -0.00042084851537368967, 0.0019408965891545464, 0.001175646785401018, -0.00032543010104575817], [0.0003182667200206154, 0.0012949701565399313, 0.0003456291994882936, -0.0018156228105057077, 0.001103036705255374, 0.001175646785401018, 0.0023119327973852226, 0.0003358082901933411], [0.00042532498086439777, 0.000458991606586679, 0.000394888605169844, 0.0011056611721123836, -0.0014799240150211402, -0.0003254301010457583, 0.00033580829019334125, 0.0037494210265289016]], [[0.03509901635650876, 0.010965947323640366, -0.0072431937881555376, 0.005046202876598795, -0.0030386246934035834, -0.0022598455399704676, -0.0014308739054012137, -0.003935669784097224], [0.010965947323640368, 0.003801399114187725, -0.0019533929524237995, 0.001446294699504644, -0.0016447372538254941, -0.00020593858781201767, 0.00021770349403807174, -0.0011368137466709447], [-0.007243193788155538, -0.0019533929524237995, 0.0025658641589280345, -0.0015510441582960444, 0.0003962737736498056, 0.0010008379505610906, 0.00010053558360488779, 0.0011647488127002408], [0.005046202876598795, 0.001446294699504644, -0.0015510441582960444, 0.0015073314415607172, -0.0008564483036940734, -0.00048771076726518534, -7.46743020240846e-05, -0.0013157549583733671], [-0.003038624693403584, -0.0016447372538254943, 0.0003962737736498056, -0.0008564483036940732, 0.0031509106584284093, -0.001493499945742057, -0.0022498913502155726, 0.0010253214854033853], [-0.002259845539970468, -0.0002059385878120175, 0.0010008379505610906, -0.00048771076726518523, -0.0014934999457420568, 0.002000559735444756, 0.002060273824969422, 0.0002000962443221822], [-0.0014308739054012135, 0.00021770349403807184, 0.00010053558360488776, -7.467430202408454e-05, -0.002249891350215572, 0.002060273824969422, 0.003248990426728108, 0.00024518178345270676], [-0.003935669784097224, -0.0011368137466709444, 0.0011647488127002408, -0.001315754958373367, 0.001025321485403385, 0.0002000962443221822, 0.00024518178345270676, 0.0029883503871760858]], [[0.41377279204225054, 0.027293644722716077, -0.07948303549284046, 0.021315986068101443, 0.04156844377569395, -0.018183147252663918, 0.001230192833074858, -0.0070192542929408365], [0.027293644722716077, 0.0021316630693802886, -0.004756452468121439, 0.0015289132802860101, 0.0027095088434449105, -0.0006870572054988946, 0.00031363354816260955, -0.0012330045632627114], [-0.07948303549284046, -0.004756452468121439, 0.016121848360652943, -0.0038911181958675494, -0.00806882732888589, 0.003941541856042657, -0.00015533591953380337, 0.0002667977864458735], [0.021315986068101443, 0.00152891328028601, -0.0038911181958675494, 0.0018706236939012113, 0.0013058754558056532, -0.0005440712504909691, 0.0002638653079488132, -0.0011105603807982213], [0.04156844377569395, 