{"accuracy_init": 0.5555555820465088, "accuracy_final_MAP": 0.49145299196243286, "accuracy_final_mean": 0.49145299196243286}