{"weights": [0.11057831677185342, 0.19493788645301563, 0.29361721115324574, 0.1507018479568026, 0.11070169721896055, 0.13946304044612196], "means": [[3.7807512182343, 0.45546836534263224, -0.37126625158601545, 0.13162041222583518, -0.03454036676535954, -0.08331316432394012, 0.06573978853109469, -0.015527002962306], [0.9510685532578039, 0.5542048328671166, -0.5382858728988933, -0.010171132769102833, 0.05592790142202836, 0.028364735555525194, -0.020034026412424407, 0.014518182614805957], [-3.9115205193345766, -0.43923789661962237, 0.09167407982720717, 0.0075029427179785025, 0.026433370618548734, -0.0041408933329743925, 0.010083360005664291, 0.0015587683387391438], [-2.6712651590493626, -0.016486409678686472, -0.20513704971786945, -0.08408510754415202, -0.11825301086876823, 0.0028968543524617737, -0.007935636421929853, -0.013430096872235175], [-0.8810374319094098, 1.4322647665655408, 1.0976066450021926, -0.021313856963382366, -0.012684248998488695, 0.009702245613639122, -0.006586332359967986, 0.005890733235983588], [6.851535264213382, -0.6522974436198768, 0.29092431523461687, -0.037185022236835244, -0.0018738499722575914, 0.00801386170868547, -0.007833030757495255, 0.001776795935645307]], "cov": [[[0.1514988176023715, -0.017373815785691478, 0.02750476302205067, -0.007659145500301879, -0.005338009177945421, 0.00040517667438022087, 0.008400303127432854, 0.0004671200903143845], [-0.017373815785691474, 0.00305047460209288, -0.001400605452943057, -0.0004955815407573391, 0.0014585513861668003, 0.00016118379591721765, -0.0011368934179269267, -0.0002010043668758754], [0.02750476302205067, -0.001400605452943057, 0.008522348208026883, -0.0039918365394281735, 0.00010594072451564895, 0.0006574624628843917, 0.0008741441049956981, -4.50543054601492e-05], [-0.00765914550030188, -0.000495581540757339, -0.0039918365394281735, 0.0031868566094917267, -0.001408529931927692, -0.0006042716070101219, 0.00015835018794341325, 0.0005747382185031174], [-0.005338009177945421, 0.0014585513861668003, 0.00010594072451564883, -0.001408529931927692, 0.0028195495454976065, -0.00014648848371001045, -0.000578673932766289, -0.0010034503321367284], [0.00040517667438022076, 0.0001611837959172176, 0.0006574624628843916, -0.0006042716070101218, -0.00014648848371001048, 0.0011989672350522199, 0.00029388788157921853, -0.0005384742316938942], [0.008400303127432856, -0.001136893417926927, 0.0008741441049956983, 0.00015835018794341317, -0.000578673932766289, 0.0002938878815792186, 0.0010121535201347675, -5.621125607831559e-05], [0.0004671200903143845, -0.00020100436687587534, -4.505430546014921e-05, 0.0005747382185031174, -0.0010034503321367284, -0.0005384742316938942, -5.621125607831556e-05, 0.0010216549109446072]], [[0.33566273301127403, 0.0038484422124634454, 0.03097284223549902, 0.03067325770998644, -0.014165840948478442, 0.022233293489476648, -0.011204898255679089, -0.0027883244658194525], [0.0038484422124634454, 0.00126808004772486, 0.0008294479690234869, 9.398491591409897e-05, -0.0012916334901306313, -0.0008634737755860548, -9.421526866281716e-05, 6.50441503516975e-05], [0.030972842235499027, 0.0008294479690234869, 0.0049952552400283085, 0.0032740418386783135, -0.0023133188868753934, 0.003044051544234884, -0.0016330704568069813, 6.01062357494731e-05], [0.03067325770998644, 9.398491591409895e-05, 0.0032740418386783127, 0.0051352452026139405, -0.002538504050913904, 0.00291124980744832, -0.0014590746901784544, -0.0008165559309434313], [-0.014165840948478444, -0.0012916334901306313, -0.0023133188868753934, -0.002538504050913904, 0.004000424993785599, -0.000671467222903514, 0.00021168022889677524, 0.0005539415531432497], [0.02223329348947665, -0.0008634737755860548, 0.0030440515442348845, 0.00291124980744832, -0.0006714672229035139, 0.0050945383034397464, 0.000188784994233924, -0.00044583007856884027], [-0.01120489825567909, -9.421526866281726e-05, -0.0016330704568069808, -0.0014590746901784546, 0.0002116802288967752, 0.00018878499423392409, 0.002325912048712445, -3.931924851311821e-05], [-0.002788324465819453, 6.504415035169752e-05, 6.010623574947313e-05, -0.0008165559309434313, 0.0005539415531432497, -0.00044583007856884027, -3.9319248513118207e-05, 0.0014615244589919587]], [[0.046340595210822025, 0.01911924038933019, -0.01652250782345486, -0.04023527439923372, -0.008247649846042046, -0.0013083599854544902, 0.0002946474808670205, 0.0005255333327859264], [0.01911924038933019, 0.0096723740402177, -0.005607989764254168, -0.016995900625393107, -0.0027818356882174885, -0.0008400866595480613, 0.0012575522157627407, 0.0004945812891043891], [-0.01652250782345486, -0.005607989764254168, 0.007371117230370006, 0.016858669317196758, 0.0014991185470306597, 0.00041514848807427566, 0.00032485603510856834, 0.00038075782282919797], [-0.04023527439923372, -0.016995900625393107, 0.016858669317196755, 0.054936030163210574, -0.0020641523855703986, 0.0014022565025011435, -0.0018495713800033332, 0.0012251275300136704], [-0.008247649846042046, -0.0027818356882174885, 0.0014991185470306595, -0.0020641523855703986, 0.014540561653551347, -0.0004371928771084675, 0.0012306599641929436, -0.001601747016086195], [-0.0013083599854544902, -0.0008400866595480613, 0.00041514848807427577, 0.0014022565025011437, -0.0004371928771084675, 0.0018967944525561063, 0.0011276304830639416, -0.0002694172960559158], [0.0002946474808670205, 0.001257552215762741, 0.00032485603510856845, -0.0018495713800033332, 0.0012306599641929436, 0.0011276304830639414, 0.0022599094010774317, 0.0003490715767282801], [0.0005255333327859264, 0.0004945812891043889, 0.0003807578228291981, 0.0012251275300136704, -0.001601747016086195, -0.00026941729605591593, 0.00034907157672828, 0.0036533047081308894]], [[0.03733372749133673, 0.01165409547047315, -0.007721753824878235, 0.005386065295927313, -0.0032140692689259856, -0.0024402587313561695, -0.001558348968138143, -0.004215682848107521], [0.01165409547047315, 0.004048758392887567, -0.002089751664520254, 0.001559226466969609, -0.0018308871330815076, -0.00015574384425368578, 0.0003202661083243862, -0.0012474527066572744], [-0.007721753824878233, -0.002089751664520254, 0.0026791394058059757, -0.0016230279240433763, 0.00039475078888005424, 0.0010730940418862138, 0.00016174722554085775, 0.0012035036150182918], [0.005386065295927313, 0.001559226466969609, -0.001623027924043376, 0.0015505858257903004, -0.0009050211471457601, -0.00048070971199878524, -4.779210699806888e-05, -0.0013519898809621637], [-0.0032140692689259856, -0.0018308871330815078, 0.00039475078888005424, -0.0009050211471457601, 0.003646999427332031, -0.001874807588470127, -0.0027751396567953722, 0.0011165796799990767], [-0.0024402587313561695, -0.00015574384425368578, 0.0010730940418862136, -0.00048070971199878524, -0.001874807588470127, 0.002301505544645118, 0.002467708258458947, 0.00016954021619957341], [-0.001558348968138143, 0.00032026610832438623, 0.00016174722554085784, -4.779210699806888e-05, -0.0027751396567953722, 0.002467708258458947, 0.0038149653502749935, 0.00019163170522081604], [-0.004215682848107522, -0.0012474527066572746, 0.0012035036150182918, -0.0013519898809621637, 0.0011165796799990767, 0.0001695402161995734, 0.00019163170522081604, 0.002995808467612976]], [[0.2138748384653534, 0.014150754715737486, -0.04101446758015821, 0.011056132966359069, 0.021381899566808256, -0.009289783158824677, 0.0007291910932744424, -0.003653567431482323], [0.014150754715737488, 0.0012946884590185187, -0.002183262449830091, 0.0008781095408449463, 0.0013646541927705075, -5.7518649363878276e-05, 0.00030009116757979926, -0.0010970695687442594], [-0.04101446758015821, -0.0021832624498300908, 0.008786909347008806, -0.001904668662791629, -0.004179163481791744, 0.0022896230170280072, -3.7197666384781384e-05, -0.000492963127853514], [0.011056132966359069, 0.0008781095408449463, -0.001904668662791629, 0.0013158323157417041, 0.0003092292900136409, 1.7478116826692923e-05, 0.0003163805620496407, -0.0010018396774529744], [0.021381899566808256, 0.0013646541927705075, 