{"weights": [0.1722098812984295, 0.010673486448302572, 0.3190499122264678, 0.26362802502583677, 0.14927208731735547, 0.08516660768360783], "means": [[3.7085088484273396, 0.4684312005376709, -0.37956683989587087, 0.12682960137247348, -0.019140200669738767, -0.08275520163013907, 0.061758416289647615, -0.02153347974329742], [1.0487428049689522, 0.5580472566721105, -0.5224965505476229, 0.0026643661419293073, 0.04399529059950949, 0.03870148994661759, -0.023059658108153493, 0.01410328486661323], [-3.9422131432006804, -0.450662607714462, 0.10293990215900345, 0.0326836145587429, 0.03940433409924548, -0.005558048381216674, 0.009895600563818717, 0.003980803939647131], [-2.6351195184024006, -0.010513980112990836, -0.2155526116556761, -0.07748506966008277, -0.10607094413303948, -0.012746137095399214, -0.027577553843276217, -0.020907685986061818], [-0.6985511925769468, 1.443924020314137, 1.0631924667553914, -0.012374471926833663, 0.008354788163925297, -0.004593207668705592, -0.012132772600375357, 0.0015376844106380523], [6.853780482423662, -0.6536287360129127, 0.29216958467796883, -0.037176262672423424, -0.0018115816322060018, 0.007245475065001323, -0.009489900267535515, 0.001693319832413371]], "cov": [[[0.13112249184744992, -0.015017689977080317, 0.02381631577207735, -0.006682161547268534, -0.004517275119477229, 0.0003545816513987093, 0.00726936588506859, 0.00035019139712628343], [-0.015017689977080317, 0.002553118574964113, -0.0013715671935344094, -0.00019180227540520573, 0.0010139580773013922, 0.0001224771622289204, -0.0009110608736492334, -6.392364476441322e-05], [0.023816315772077355, -0.0013715671935344094, 0.007200360786786284, -0.003049861256674889, -0.0005101348219920507, 0.0005603144563134066, 0.0008129061268956627, 0.0002351451021402599], [-0.006682161547268535, -0.00019180227540520578, -0.0030498612566748893, 0.00242865378517659, -0.0009596479862905963, -0.0004419486209447563, 7.814716681939767e-05, 0.0003971167334892075], [-0.00451727511947723, 0.0010139580773013924, -0.0005101348219920507, -0.0009596479862905963, 0.0027905438744800087, -0.00021987594521073465, -0.00036545937059659367, -0.0011440088805157616], [0.00035458165139870936, 0.00012247716222892036, 0.0005603144563134066, -0.00044194862094475623, -0.00021987594521073465, 0.000882425041667617, 0.00019808665137378598, -0.00030888222114868467], [0.00726936588506859, -0.0009110608736492335, 0.0008129061268956627, 7.814716681939762e-05, -0.00036545937059659367, 0.00019808665137378595, 0.000888217437109028, -4.78320778209591e-05], [0.00035019139712628343, -6.392364476441326e-05, 0.0002351451021402599, 0.0003971167334892075, -0.0011440088805157618, -0.00030888222114868467, -4.783207782095906e-05, 0.0010193165641112871]], [[0.27178859782053516, 0.0031105492217564845, 0.024944356773119947, 0.024701561918662466, -0.011343122263383642, 0.017882647435985513, -0.009036243305900199, -0.0022372287172659267], [0.003110549221756484, 0.0012717876650667666, 0.0007881343192446068, 6.583287065332892e-06, -0.0012994841097831921, -0.0008583658966337674, -1.0697544285302558e-05, 7.597498835111891e-05], [0.024944356773119947, 0.0007881343192446068, 0.00475231627696453, 0.0028548732724758634, -0.002192470700682521, 0.0028106240190611995, -0.0015768180482169341, 0.0001720323777838046], [0.024701561918662466, 6.583287065332865e-06, 0.0028548732724758634, 0.004868934612646729, -0.0025079858606736247, 0.002671619996583629, -0.0013220441516168609, -0.0008569772294163642], [-0.01134312226338364, -0.0012994841097831921, -0.002192470700682521, -0.0025079858606736247, 0.004226632218068655, -0.0007428381142852112, -3.4990894668651665e-05, 0.000638731523741817], [0.017882647435985513, -0.0008583658966337674, 0.0028106240190611995, 0.0026716199965836295, -0.0007428381142852112, 0.004944246517613169, 0.0003578467057487315, -0.00044850444172696096], [-0.009036243305900199, -1.0697544285302539e-05, -0.001576818048216934, -0.0013220441516168609, -3.4990894668651625e-05, 0.00035784670574873147, 0.002557962759322628, -0.000137184124707376], [-0.0022372287172659263, 7.597498835111894e-05, 0.00017203237778380467, -0.0008569772294163644, 0.0006387315237418169, -0.00044850444172696096, -0.00013718412470737612, 0.0015676964991854934]], [[0.04340857717386197, 0.017890328978240253, -0.015521941548534483, -0.03779304628987643, -0.0074176551690485395, -0.00122363465940599, 0.0002848694754305832, 0.00042669935984623116], [0.017890328978240253, 0.009201882910031434, -0.005149877543924383, -0.015962214150670746, -0.0025026591878600144, -0.0007886211208956947, 0.001285812499976269, 0.000419526521880495], [-0.015521941548534481, -0.005149877543924382, 0.007023623052110587, 0.015786473580325568, 0.001367753222711794, 0.0003917568003813622, 0.00037368551415359753, 0.00035609704728742364], [-0.03779304628987643, -0.015962214150670746, 0.015786473580325568, 0.05141623248910687, -0.00156093683989892, 0.0013155869822349322, -0.0017034295506294357, 0.0010634057337712646], [-0.0074176551690485395, -0.0025026591878600144, 0.0013677532227117943, -0.0015609368398989195, 0.01327192626751504, -0.0004294045473428696, 0.0010840014932489556, -0.0014036086239361104], [-0.0012236346594059898, -0.0007886211208956948, 0.00039175680038136215, 0.0013155869822349324, -0.0004294045473428695, 0.002024866926159223, 0.0012358965636000664, -0.0003873621916668589], [0.0002848694754305832, 0.001285812499976269, 0.0003736855141535974, -0.0017034295506294357, 0.0010840014932489556, 0.0012358965636000664, 0.002347035778338073, 0.00028257252067821574], [0.00042669935984623116, 0.00041952652188049507, 0.00035609704728742375, 0.0010634057337712646, -0.0014036086239361102, -0.00038736219166685896, 0.0002825725206782158, 0.003858210381019123]], [[0.037684296684486515, 0.011747471989938902, -0.0078064344285419494, 0.0054372589029243, -0.003191420818349457, -0.0025073413047123384, -0.0016248303529109887, -0.004243188864009959], [0.011747471989938902, 0.00411818574561448, -0.0021131568735501217, 0.0015861902878268395, -0.0019872034384418335, -5.159492766065319e-05, 0.0004888872795442281, -0.0012701669723040117], [-0.007806434428541948, -0.0021131568735501217, 0.0026400611020281524, -0.0016102987100153222, 0.00035630706277449983, 0.0011047296008966127, 0.000265769440467072, 0.0012365630190237856], [0.005437258902924299, 0.0015861902878268397, -0.0016102987100153222, 0.0015573748846412826, -0.0009461285851822467, -0.00044460703385170905, -2.5351524624145228e-05, -0.001382804399624541], [-0.0031914208183494567, -0.0019872034384418335, 0.00035630706277449983, -0.0009461285851822467, 0.004260296804490357, -0.0023531626999796058, -0.0034437071990050727, 0.0012002172338980621], [-0.002507341304712338, -5.159492766065314e-05, 0.0011047296008966129, -0.00044460703385170895, -0.0023531626999796058, 0.0026704940433656624, 0.002994306643720354, 0.00012849766056776516], [-0.0016248303529109883, 0.0004888872795442282, 0.00026576944046707184, -2.5351524624145235e-05, -0.0034437071990050722, 0.0029943066437203535, 0.004501315040441509, 0.00010026120054598674], [-0.004243188864009958, -0.0012701669723040115, 0.0012365630190237856, -0.001382804399624541, 0.001200217233898062, 0.00012849766056776513, 0.00010026120054598674, 0.0030213293276552225]], [[0.26020146833600083, 0.017184806427678206, -0.04995100447568994, 0.013434533136572644, 0.02605772732370822, -0.01135839572471605, 0.0008448904668617058, -0.004415939122932838], [0.017184806427678206, 0.0014429704012197163, -0.002851400203272023, 0.0010105213123232236, 0.001689590800691322, -0.00025410626680693503, 0.000283599489638723, -0.0010478863591508176], [-0.04995100447568994, -0.0028514002032720234, 0.010367508073843337, -0.0023783986112503736, -0.005063503771837026, 0.0026043630252273824, -9.336766229480556e-05, -0.00023215152245809702], [0.013434533136572644, 0.0010105213123232236, -0.0023783986112503736, 0.0014341522738045725, 0.0005164201966210534, -0.00017649141926003205, 0.00027252982337095885, -0.0009270464033042836], [0.026057727323708216, 