{"weights": [0.10779875790736122, 0.22548082849625123, 0.3056001967878344, 0.11107525695361378, 0.08928487479881589, 0.16076008505612344], "means": [[-3.7198082234508645, 0.4626162161147996, 0.38289595351380734, -0.1339026836632384, -0.031053455131497713, 0.08178743010502325, -0.0634090960602158, 0.01725391471884948], [-1.0420019460634427, 0.5558441348099393, 0.5266093018068627, -0.0013665620336285535, 0.0472774470908489, -0.03979205501702731, 0.020517864299944174, -0.012692845227883805], [3.9227603952695795, -0.4440571062504255, -0.09635056063757749, -0.02333632332971429, 0.025986754097814146, 0.004236411398396514, -0.009322345270254342, -0.0021325163452928604], [2.6797151892949533, -0.022184758513932822, 0.2056571495406435, 0.08420195038454327, -0.10811478216122859, 0.0052180520077133976, 0.018513658021663448, 0.014687430941857886], [0.7279978061751736, 1.4423069441900038, -1.06831801314205, 0.011947143447635923, 0.002523959570037085, -0.002620848896214069, 0.007269558688728123, 0.0017919644459629825], [-6.85256090779652, -0.6548722444840672, -0.2904080894709353, 0.03662649819164565, -0.0016371011921539741, -0.008327666045032078, 0.009533841386961735, -0.0017144714584316886]], "cov": [[[0.2023493318723794, 0.023138101605918462, 0.036882528216360864, -0.010343889164205098, 0.007096631436476868, 0.0005864288732607663, 0.011195697050359558, 0.0006117422166957235], [0.02313810160591846, 0.003714993036083625, 0.0024165095714353394, 0.00024008093371336096, 0.0016543432050329582, -0.00016794119108594387, 0.001472420789932808, 0.00022352067349221122], [0.036882528216360864, 0.0024165095714353394, 0.010372010302421662, -0.004558994939764194, 0.0002547310790533395, 0.0007304082453534361, 0.0013678332508243254, 9.536337397230325e-07], [-0.010343889164205098, 0.00024008093371336053, -0.004558994939764195, 0.0033829892215911897, 0.0013680713129265352, -0.0006122692714879261, 1.3810449055086173e-05, 0.0005699602001153379], [0.007096631436476868, 0.0016543432050329582, 0.0002547310790533395, 0.0013680713129265354, 0.0030126872074223666, 0.00011450230909423733, 0.0006606373115732137, 0.0011176909183203273], [0.0005864288732607663, -0.00016794119108594382, 0.0007304082453534361, -0.0006122692714879261, 0.0001145023090942373, 0.001021515021011566, 0.00022992381194541557, -0.0004292475482312643], [0.011195697050359558, 0.001472420789932808, 0.0013678332508243254, 1.3810449055086259e-05, 0.0006606373115732137, 0.0002299238119454156, 0.0011231476367616227, -1.4318718534296015e-05], [0.0006117422166957235, 0.00022352067349221125, 9.536337397230814e-07, 0.000569960200115338, 0.001117690918320327, -0.00042924754823126426, -1.4318718534296018e-05, 0.001010587043200021]], [[0.3351374409734367, -0.0038415517097340835, 0.03091761943198648, 0.030619378520083403, 0.01413741659137268, 0.022194061100047582, -0.011184943730850721, -0.002783469077267662], [-0.003841551709734084, 0.0012539827378530567, -0.0008225320923113414, -0.00010116688812494202, -0.0012788983147102846, 0.0008409727117655482, 8.797688845345077e-05, -5.5893238886118035e-05], [0.03091761943198649, -0.0008225320923113414, 0.005009419590742268, 0.003295446737410707, 0.002317591713179595, 0.0030526741807789027, -0.0016553177940012657, 5.263414314555814e-05], [0.030619378520083403, -0.00010116688812494192, 0.0032954467374107063, 0.005138176033777352, 0.002558858434614995, 0.002926402372113703, -0.0014521476724289304, -0.000804762269413099], [0.014137416591372682, -0.0012788983147102846, 0.0023175917131795947, 0.0025588584346149953, 0.004013011878237392, 0.0007167049121192857, -0.00018990756798212564, -0.0005652797813941733], [0.022194061100047582, 0.0008409727117655482, 0.0030526741807789023, 0.0029264023721137025, 0.0007167049121192857, 0.0050655109939907956, 0.0001780832811613033, -0.00045289829819973273], [-0.011184943730850721, 8.797688845345074e-05, -0.0016553177940012657, -0.0014521476724289307, -0.0001899075679821257, 0.00017808328116130333, 0.0023487896076476154, -5.386531136405117e-05], [-0.0027834690772676625, -5.589323888611803e-05, 5.263414314555805e-05, -0.000804762269413099, -0.0005652797813941732, -0.00045289829819973284, -5.386531136405119e-05, 0.0014707183139252688]], [[0.04666369078202025, -0.019262980995190988, -0.016724123592188146, -0.04109808948842225, 0.007857658438882765, -0.001330621255205666, 0.0003484751758720739, 0.0004452683093091679], [-0.019262980995190988, 0.009746232921162196, 0.005683728538545522, 0.017344583192639918, -0.002658448035862572, 0.000837999188342863, -0.0012929930796278044, -0.00045747418719571333], [-0.016724123592188143, 0.005683728538545522, 0.007461028297272682, 0.017091976899563988, -0.001490714393007133, 0.0004315160707255586, 0.0003279152726998583, 0.0003823673958314246], [-0.04109808948842225, 0.017344583192639918, 0.017091976899563988, 0.05523107062155514, 0.0014766409403108726, 0.0014153488787517032, -0.0018103348158608494, 0.0011325890060582577], [0.007857658438882765, -0.002658448035862572, -0.001490714393007133, 0.0014766409403108726, 0.013651342807932702, 0.00042333507648338993, -0.0011270873504923193, 0.0014641238939643488], [-0.001330621255205666, 0.0008379991883428632, 0.0004315160707255585, 0.0014153488787517032, 0.0004233350764833898, 0.0019365889833539492, 0.0011609774549490826, -0.00031135501344569137], [0.00034847517587207396, -0.0012929930796278044, 0.00032791527269985827, -0.0018103348158608494, -0.0011270873504923191, 0.0011609774549490828, 0.002287995463105517, 0.0003359962792397779], [0.0004452683093091679, -0.0004574741871957131, 0.0003823673958314246, 0.0011325890060582574, 0.0014641238939643488, -0.00031135501344569153, 0.000335996279239778, 0.0037109049968486085]], [[0.03686930135118162, -0.011521594727940895, -0.007613419541481826, 0.005305199651179897, 0.003200696987435093, -0.0023740630567946463, -0.0014930632280681123, -0.004128595571454813], [-0.011521594727940895, 0.003981452709465255, 0.002068685161500057, -0.0015210097363451114, -0.0017045415817495968, 0.00023082454567888725, -0.00021741240576675965, 0.0011853739993055816], [-0.007613419541481826, 0.002068685161500057, 0.002638626535360348, -0.0016148885705776386, -0.00043755032455121623, 0.0010296964774895822, 0.00013247547520823995, 0.0012472471825911214], [0.005305199651179897, -0.0015210097363451114, -0.0016148885705776386, 0.0015649981269737494, 0.0008889000038082102, -0.000502719576181797, -8.9431648951372e-05, -0.0014015207416252437], [0.003200696987435093, -0.0017045415817495968, -0.00043755032455121623, 0.0008889000038082102, 0.00321139552704588, 0.0015212467550427934, 0.0022985697182267644, -0.0010764134636201794], [-0.0023740630567946463, 0.0002308245456788872, 0.0010296964774895822, -0.000502719576181797, 0.0015212467550427937, 0.002036761301675083, 0.002107301661871242, 0.00023405525409105779], [-0.0014930632280681126, -0.0002174124057667597, 0.00013247547520823998, -8.9431648951372e-05, 0.002298569718226765, 0.0021073016618712425, 0.003302614143233229, 0.0002608837009993939], [-0.004128595571454813, 0.0011853739993055818, 0.0012472471825911218, -0.0014015207416252437, -0.0010764134636201794, 0.00023405525409105779, 0.000260883700999394, 0.003131378804571078]], [[0.3535174236122302, -0.023327674337250186, -0.06789558576471358, 0.01822337039025189, -0.03548011266126077, -0.01550230382737928, 0.0010825905416516773, -0.005995201317493178], [-0.023327674337250182, 0.001862660113433437, 0.004006854438452429, -0.00132694828617792, 0.0023082009521014257, 0.0005167878991678351, -0.00030149137673963225, 0.001161397674404723], [-0.06789558576471356, 0.0040068544384524295, 0.013868160477330683, -0.0032994058037888723, 0.006885076013915687, 0.003415356475515551, -0.00013408545545664222, 6.695529150222275e-05], [0.01822337039025189, -0.0013269482861779202, -0.0032994058037888727, 0.00169486535729433, -0.0010023709574824551, -0.00038729930928738235, 0.0002780803869689108, -0.00103286071938687], [-0.03548011266126077, 0.0023082009521014257, 0.006885076013915686, 