{"MAP index": 77, "entropy_prior_gmm": 4.6051701859880925e-09, "entropy_MAP_gmm": 0.0028316432144492865, "entropy_z_nk_prior": 0.1299423208949463, "entropy_MAP_z_nk": 0.07626950150592357, "entropy_mixing_prior": 85.69175851611257, "entropy_MAP_mixing": 0.9848682978373655}