{"weights": [0.5649629157022148, 0.2003320945982643, 0.23470498969952075], "means": [[-2.0572914123747172, -0.5168488724980127, 0.06300932881622892, -0.0780445065853571, 0.031818174915885906, -0.04522568633142514, 0.06296685520484009, -0.004528079066350117], [4.059038031545749, -2.817979317406928, 0.007621284531363157, 0.23973946441036093, 0.07778989994571768, -0.05659679014120535, -0.14102511809317264, -0.0781939712645579], [1.775801443304446, 3.7813745542952275, 0.025853058130650988, 0.030142913027422343, -0.07443289269471526, 0.0021689850464596157, 0.02429885257533094, 0.08339770279907924]], "cov": [[[0.6140042924995027, 0.06096054569257248, 0.027390018298284077, -0.07110597861813477, 0.07306290323868958, -0.17536787344820984, 0.008396098313121552, 0.05649585728176877], [0.0609605456925725, 0.5512486632792731, -0.03986312803964756, 0.05286888899436327, -0.0031064682486981613, -0.01601547164151383, -0.037918200431893624, 0.04557356019718375], [0.02739001829828408, -0.03986312803964757, 0.5803827079256415, -0.09513451085885796, 0.05045561946515408, -0.023141799583835672, -0.05369510726665312, -0.018085805882369726], [-0.0711059786181348, 0.05286888899436329, -0.09513451085885796, 0.8065816744275079, -0.03599596488141715, 0.04099496961883078, 0.003496461886773581, 0.021853236331259684], [0.0730629032386896, -0.0031064682486981604, 0.050455619465154075, -0.03599596488141714, 0.620791066623745, -0.0309944439940701, 0.11335492712544659, -0.023469537225992935], [-0.17536787344820987, -0.016015471641513828, -0.023141799583835672, 0.040994969618830764, -0.0309944439940701, 0.5999030868376658, -0.020872999024710577, 0.00998353485052012], [0.008396098313121556, -0.03791820043189363, -0.05369510726665312, 0.00349646188677358, 0.11335492712544658, -0.020872999024710577, 0.5844876208773021, 0.02565728077884017], [0.056495857281768785, 0.04557356019718375, -0.018085805882369726, 0.02185323633125968, -0.02346953722599295, 0.009983534850520129, 0.025657280778840177, 0.4789520397454905]], [[0.9549294455289008, 0.1547932138355682, 0.006155521352331564, -0.11556083631901154, 0.01604986980036128, 0.08506231952688552, -0.08623649562580307, -0.16723041173326275], [0.1547932138355682, 0.9063593257255322, 0.13949349266837957, 0.1389441172127603, 0.10401348328323357, -0.11161311671647665, 0.12009128481121713, -0.09926684772991069], [0.006155521352331563, 0.13949349266837957, 0.942329140455684, 0.09370437810485763, 0.013857506264847545, -0.1366615180337492, 0.03843000779322035, 0.0625309658220762], [-0.11556083631901154, 0.1389441172127603, 0.09370437810485763, 1.005690632227086, 0.16286315354134817, -0.25874564796556354, 0.03297226967628193, 0.08168286757993405], [0.01604986980036128, 0.10401348328323355, 0.013857506264847545, 0.16286315354134817, 1.0537087563619785, -0.04807148241047815, -0.13782018849314778, 0.07152603639073785], [0.0850623195268855, -0.11161311671647664, -0.13666151803374926, -0.25874564796556354, -0.04807148241047815, 0.772388030066071, -0.09148511285121286, -0.045104904085659626], [-0.08623649562580306, 0.12009128481121713, 0.038430007793220346, 0.03297226967628193, -0.13782018849314778, -0.09148511285121284, 0.8982378390447798, -0.040194932006399176], [-0.16723041173326275, -0.09926684772991072, 0.0625309658220762, 0.08168286757993407, 0.07152603639073785, -0.04510490408565963, -0.04019493200639919, 0.6605000586383388]], [[0.7681898814908614, -0.04562565398593873, 0.07332284429563897, -0.017531386415541878, 0.19411294000639953, -0.03287292595932905, -0.050808045913303075, 0.00413178278024658], [-0.04562565398593872, 0.8011435325708346, 0.07711573252394537, -0.013029266092333276, -0.08204262850136367, -0.012960271925262314, 0.10264831412864339, 0.050047968819693395], [0.07332284429563897, 0.07711573252394535, 1.9148996350624445, 0.19548241721120296, -0.029566194676218637, 0.014818516227469996, -0.14616405610481342, -0.08682377982053717], [-0.017531386415541878, -0.01302926609233328, 0.19548241721120296, 0.7861253695189977, -0.05311606732815344, 0.15265088887613912, -0.148426615313065, 0.05481139686401405], [0.19411294000639948, -0.08204262850136368, -0.02956619467621864, -0.05311606732815344, 0.8928102162870963, -0.1847032602377448, 0.08202700261107748, 0.04723743148237105], [-0.03287292595932905, -0.01296027192526232, 0.014818516227469996, 0.15265088887613912, -0.1847032602377448, 0.9107195408970054, 0.01809929317397905, 0.06963124798864885], [-0.05080804591330308, 0.10264831412864336, -0.14616405610481342, -0.148426615313065, 0.08202700261107748, 0.01809929317397905, 1.0039236023087297, 0.04994601671572656], [0.004131782780246578, 0.050047968819693416, -0.08682377982053716, 0.05481139686401406, 0.047237431482371056, 0.06963124798864885, 0.049946016715726564, 0.8461092542381653]]]}