{"entropy_prior_gmm": 0.0009597588643864824, "entropy_Mean_gmm": 0.030744466930627823, "entropy_z_nk_prior": 0.07189029527253496, "entropy_Mean_z_nk": 0.09050510483349086, "entropy_mixing_prior": 88.99072030499339, "entropy_Mean_mixing": 1.5092783331307198}