{"weights": [0.1696228355208298, 0.02608237965682081, 0.44341906503897144, 0.12613513062742746, 0.1537153006748301, 0.08102528848112035], "means": [[-6.869718001596541, -0.6475709355641582, -0.30726891905332754], [3.411038349780287, -0.55353929259047, -0.14871123156935198], [3.5065906755000826, -0.3035135944771057, -0.0026646316127374213], [-0.5967387526194126, 0.5225104881161894, 0.5728190881973036], [-2.958246426237224, 0.48134674259873056, 0.42717265186709985], [0.6343865100227079, 1.4682683499831968, -0.9964230683314922]], "cov": [[[0.004877573891300963, -0.0004352709042248184, 0.0009416737415708843], [-0.0004352709042248184, 0.0081204173652669, -0.005840789208511225], [0.0009416737415708843, -0.005840789208511225, 0.00517127758385764]], [[6.6418285661066445, 0.04339234973110096, 0.07578505191444716], [0.04339234973110096, 0.01635839132268832, 0.0076795278794034305], [0.07578505191444716, 0.0076795278794034305, 0.0071669330683125825]], [[0.3891570162102715, -0.1276744125785183, -0.09752159264693505], [-0.1276744125785183, 0.043906166982204925, 0.03186941050371202], [-0.09752159264693505, 0.03186941050371202, 0.026511810016933236]], [[0.4490426841985946, -0.0718088228726397, -0.04756502235274313], [-0.0718088228726397, 0.015324187997179217, 0.009299782902177237], [-0.04756502235274313, 0.009299782902177237, 0.008268207327772907]], [[1.079417217184472, 0.0750039232588065, 0.028839776278259403], [0.0750039232588065, 0.008997641384004742, -0.0022625731726759837], [0.028839776278259403, -0.0022625731726759837, 0.013412026384719023]], [[0.4303713932293556, 0.029765301045229633, -0.11627261714039555], [0.029765301045229633, 0.014561138493811125, -0.015320175799779706], [-0.11627261714039555, -0.015320175799779706, 0.037334140296103394]]]}