{"entropy_prior_gmm": 0.0008925289686521755, "entropy_Mean_gmm": 0.43565669655799866, "entropy_z_nk_prior": 0.5947685701538936, "entropy_Mean_z_nk": 0.6046032637588249, "entropy_mixing_prior": 88.99072030499339, "entropy_Mean_mixing": 1.6730406454326658}