{"weights": [0.14689903486478306, 0.053725637355055, 0.2933002997987716, 0.24662617719750438, 0.13911596485559713, 0.12033288592828889], "means": [[6.86338295715181, -0.6441240923546564, 0.3083575571742621], [2.159143362063356, -0.5238212104476621, 0.17631991759738053], [-3.3783305711560074, -0.28617056520475265, -0.011883657696194297], [-1.393221735939776, 0.091554297114313, -0.2660836469826517], [1.8969142843196227, 0.5104625461243032, -0.3428431301143667], [0.3482669387317328, 1.181246099242239, 0.5817881134202252]], "cov": [[[49.37768792355432, -6.220250751029533, 6.730957264601029], [-6.220250751029533, 6.9533214385013755, 1.9796800131334915], [6.730957264601029, 1.979680013133491, 11.301726182762492]], [[22265.5310250104, 11.110908475138343, 1649.917789990238], [11.110908475138343, 50.78327056749191, 16.377591966723003], [1649.9177899902377, 16.377591966723, 203.43841845305133]], [[790.2065475829401, 320.4791869221842, -258.346104436719], [320.4791869221842, 168.85322562026366, -143.99067222229252], [-258.3461044367189, -143.99067222229252, 130.81515873538055]], [[3642.3997937828353, 1070.0676691402002, -721.8125437735945], [1070.0676691402005, 410.7364571764951, -267.22540611540455], [-721.8125437735945, -267.2254061154045, 180.23038106649614]], [[3091.6546917795963, 211.41004246911788, -601.28037232674], [211.41004246911788, 153.0060454375177, 7.661169144651363], [-601.28037232674, 7.661169144651356, 269.6027271437917]], [[1771.3919997139812, 328.93702856090806, -585.8709507980809], [328.93702856090806, 765.4555785399879, -532.9709782656777], [-585.8709507980809, -532.9709782656777, 1130.047164278482]]]}