,X,Y,Z,id,nugget
0,100.0,0.0,-793.0000000000001,1719800,1e-05
1,300.0,0.0,-719.2088683041881,1719800,1e-05
2,900.0,0.0,-793.0000000000001,1719800,1e-05
3,100.0,0.0,-824.0000000000001,78609077,1e-05
4,300.0,0.0,-745.742010826792,78609077,1e-05
5,900.0,0.0,-824.0000000000001,78609077,1e-05
6,100.0,0.0,-847.0000000000001,83303272,1e-05
7,300.0,0.0,-858.2212006275333,83303272,1e-05
8,900.0,0.0,-847.0000000000001,83303272,1e-05
