{"weights": [3.1357115010181227e-10, 0.06119880298922054, 0.7476784152821668, 0.19112278141504155], "means": [[1.6850538945347733, 3.575593174561346, -1.4502360231967109, -0.10635221394538386, 9.141727256341765e-05, -0.009455767498092366, 0.008261880023987497, 0.014638634551965774], [2.148350323218523, 3.693368470346743, 3.2641661792709655, 0.2392778617801456, -0.004246222523013881, 0.036267462408885454, 0.06262203240949106, 0.03360781453784686], [4.014489897307995, -2.7159533016554582, -0.044210107842968964, 0.06870689209054112, -0.020807399552091134, -0.005531038089326577, -0.010234812473762954, -0.01040029423408738], [-2.1109755545681748, -0.5247939767949363, 0.03738302670377637, -0.021598919970565417, 0.009085209319206543, -0.0032000336541570707, -0.008962981431666031, -0.004818137634781885]], "cov": [[[0.04697151389138169, -0.02997980797645495, 0.007950141346622983, 0.006990259849020927, 0.0717580749687842, 0.0014323195128943108, 0.012756008163395385, 0.024519783409426333], [-0.02997980797645495, 0.04450784134071694, 0.02902864638164249, -0.01212595621878989, -0.06159460629431644, -0.01031759241507635, -0.016283619964240593, -0.006469066612838424], [0.007950141346622981, 0.02902864638164249, 0.11475821129100487, -0.02124959614857075, -0.03316202798915542, -0.04652670285658604, -0.05673224916608014, 0.0369513065084494], [0.006990259849020926, -0.012125956218789886, -0.02124959614857075, 0.05707713887065558, -0.033366737494539195, -0.01962164253191561, -0.0701739655589436, 0.016418725019253653], [0.0717580749687842, -0.061594606294316456, -0.03316202798915543, -0.033366737494539195, 0.21811357653499605, 0.07435547409459971, 0.15076179593616734, -0.008321104026743735], [0.0014323195128943104, -0.010317592415076349, -0.04652670285658604, -0.019621642531915607, 0.0743554740945997, 0.05621263979932403, 0.09883190337993658, -0.034961843977184465], [0.012756008163395385, -0.016283619964240593, -0.05673224916608012, -0.0701739655589436, 0.15076179593616734, 0.09883190337993658, 0.23418351207172045, -0.060945819308270345], [0.024519783409426333, -0.006469066612838423, 0.0369513065084494, 0.016418725019253653, -0.008321104026743737, -0.034961843977184465, -0.06094581930827036, 0.03749867507488857]], [[0.19888587716022177, -0.30542953976254145, -0.13659284254411383, 0.18413849727503695, 0.30297496918608563, 0.03547830209003984, 0.031232797498747973, 0.09543222624353698], [-0.30542953976254145, 0.5161204699402049, 0.08446524708550968, -0.2809522678359926, -0.46407170395489333, -0.05084474759838252, -0.030385889709321573, -0.13213386257092488], [-0.13659284254411386, 0.08446524708550975, 0.6184196886252307, -0.10103675141378718, -0.2850758678810841, -0.04276946054765262, -0.10561349262083593, -0.12711846705374194], [0.18413849727503698, -0.28095226783599264, -0.10103675141378718, 0.21418475922761515, 0.2585471879909398, 0.030162338732186898, 0.0029162911919820536, 0.08947703384637017], [0.3029749691860857, -0.46407170395489333, -0.285075867881084, 0.2585471879909398, 0.5051563842065799, 0.06790754208096858, 0.07935128497622712, 0.14612053795152238], [0.03547830209003985, -0.05084474759838253, -0.04276946054765262, 0.03016233873218689, 0.06790754208096858, 0.021081802980144244, 0.01568477134076083, 0.008868906325149955], [0.03123279749874798, -0.030385889709321573, -0.10561349262083591, 0.0029162911919820432, 0.07935128497622712, 0.01568477134076083, 0.10708864290302161, 0.025653206520791113], [0.09543222624353699, -0.1321338625709249, -0.12711846705374194, 0.08947703384637018, 0.14612053795152238, 0.008868906325149957, 0.025653206520791116, 0.0629667552615874]], [[0.44175301725508853, 0.11885356849212339, -0.002089038142750297, -0.25672684614221003, -0.10046670610105622, 0.061179368201639946, -0.0512328475293587, -0.12290566485627014], [0.11885356849212339, 0.17038526130670942, 0.010646679301495219, 0.108874493008702, 0.2896531377391466, -0.005928303480931116, -0.07074411346637344, -0.059385425212143524], [-0.0020890381427502987, 0.010646679301495219, 0.010138763521314029, -0.046864968306936615, 0.02442076284659522, 0.04155100495571894, -0.015294863799350964, 0.01153081369155144], [-0.25672684614221003, 0.10887449300870201, -0.04686496830693661, 1.037497552419973, 0.46696732423208515, -0.40448953166975443, 0.06222855768911189, -0.12289069712700054], [-0.10046670610105626, 0.2896531377391465, 0.024420762846595216, 0.46696732423208503, 0.8841162544119208, -0.030173203609523823, -0.1732350111074808, -0.0018788939726793886], [0.061179368201639966, -0.005928303480931128, 0.04155100495571893, -0.40448953166975443, -0.03017320360952384, 0.3160815126394487, -0.09480031062494566, 0.06575711854121379], [-0.051232847529358694, -0.07074411346637344, -0.015294863799350964, 0.062228557689111876, -0.1732350111074808, -0.09480031062494568, 0.08670119524756137, 0.017042172654041263], [-0.12290566485627014, -0.059385425212143524, 0.01153081369155144, -0.12289069712700051, -0.0018788939726793893, 0.06575711854121379, 0.017042172654041263, 0.2209594313920163]], [[0.025008937261568453, -0.009809475149518784, 0.008365627376541602, -0.08448883553888292, 0.025652251587329374, -0.02492795417821959, -0.012537451858130946, 0.006111286390102064], [-0.009809475149518784, 0.03679566175273931, -0.01693282481916614, 0.056697806030350316, -0.04343896411363102, 0.0008660523135498759, -0.019386111479514356, -0.0029036597376103242], [0.008365627376541602, -0.01693282481916614, 0.02142009216625102, -0.10255830210224146, 0.03513142613097129, -0.014510057282410517, 0.014499940963780775, -0.006691493725231679], [-0.08448883553888292, 0.056697806030350316, -0.10255830210224144, 0.6671680499696558, -0.1816751767772401, 0.13971589935122167, -0.003123093959320867, 0.026351649118641907], [0.025652251587329374, -0.04343896411363102, 0.0351314261309713, -0.18167517677724013, 0.08446823159986157, -0.018869066557748847, 0.007295190917391686, -0.014317299778633741], [-0.02492795417821959, 0.0008660523135498768, -0.014510057282410517, 0.1397158993512217, -0.01886906655774884, 0.05448446165217736, 0.0023964123601546185, -0.014141861633120336], [-0.012537451858130948, -0.01938611147951436, 0.014499940963780777, -0.0031230939593208675, 0.007295190917391689, 0.002396412360154622, 0.05134278858445223, 0.007925133271676267], [0.006111286390102063, -0.0029036597376103234, -0.006691493725231679, 0.02635164911864191, -0.014317299778633741, -0.014141861633120334, 0.007925133271676267, 0.02484594978127748]]]}