{"weights": [0.17110554733935798, 0.004050742518579033, 0.46576950900149316, 0.1241743767180221, 0.15435953751987266, 0.08054028690267512], "means": [[6.865348693976215, -0.6449757729835147, 0.30122159059090414, -0.04251756638179093, -0.0084148869176926, -0.004376426665106434, -0.008497448206019999, -0.0037131060905464565], [-4.078205184768183, -0.6035517431315987, 0.13298603817727658, 0.34920433704494214, 0.04958980578530369, 0.1140335455520047, -0.06046192101744137, 0.02080272499988334], [-3.572725496397175, -0.34211051471025117, 0.007974201392863218, 0.017145644335485436, 0.008293348817940107, -0.017766304184896515, 0.008291727741071559, -0.0018798482228142479], [0.6380722286868313, 0.5322766665223183, -0.5947935277600996, -0.034431778027451156, 0.05952602521946346, -0.0046433335090548065, -0.010364529119882133, 0.01002086222939092], [2.92609775296751, 0.5031755513952145, -0.4422336333850626, 0.12707678571296352, 0.0018939575770309353, -0.006916940202011488, -0.021421368589872217, -0.0018959838276499236], [-0.7154373703495105, 1.4890784759475313, 1.0260218260108496, 0.016747688426935966, 0.013660790553531534, 0.011955181007779056, -0.05090219333211349, 0.014714547104723388]], "cov": [[[1.4706179585679715, -0.2618250225267468, -0.22609118053755253, 0.42008470281610616, -0.16151682392800626, 0.06816435404616485, 0.3298932858664767, -0.0403899952666042], [-0.2618250225267467, 2.964124658417906, 2.642792352439957, -1.4777163583933375, 0.6654913746999294, 0.31200511017816057, 0.8197971953189722, -0.43316222169041463], [-0.2260911805375525, 2.642792352439957, 4.954126606766869, -3.8958045660925804, 1.3272617963366309, -0.15143527620443317, -1.1882655688063783, -0.04754824961230797], [0.4200847028161061, -1.4777163583933375, -3.8958045660925804, 5.037543074657108, -1.2627391617939592, 0.30989595461034436, 1.9874021379854947, -0.20919636737384464], [-0.16151682392800626, 0.6654913746999294, 1.3272617963366309, -1.2627391617939592, 1.7129251781222135, -0.11083943225838926, -0.403899149192011, 1.0609733876773928], [0.06816435404616483, 0.3120051101781605, -0.1514352762044332, 0.30989595461034436, -0.11083943225838924, 0.7991975255224182, 0.45878567162621353, -0.7253249847255052], [0.3298932858664767, 0.8197971953189724, -1.1882655688063783, 1.9874021379854947, -0.40389914919201086, 0.4587856716262136, 2.0861899015239085, -0.40239509885490565], [-0.040389995266604195, -0.43316222169041463, -0.047548249612308004, -0.20919636737384467, 1.0609733876773928, -0.7253249847255053, -0.40239509885490593, 3.2757313038151095]], [[243.23388242709458, 16.11759313196727, -48.02560580492158, 6.2096188719618555, 34.723399826092496, 3.828691894341335, 10.930763125087443, -10.054224033850478], [16.117593131967265, 7.842408654920103, -2.39426092885011, 2.544261913643169, 3.611793994784412, -0.0811054530911997, 0.3413897508702986, -1.2934638572249981], [-48.02560580492158, -2.3942609288501107, 16.106173402207943, -2.4328463215315628, -8.258170438878123, -0.23856285059822863, -1.3084008128980236, 1.0073688577632995], [6.2096188719618555, 2.5442619136431692, -2.4328463215315623, 7.208889930529179, 2.6475828011867786, -0.39449455298132297, 0.9574810860433085, 2.6413109169579756], [34.723399826092496, 3.611793994784412, -8.258170438878123, 2.647582801186778, 13.459008769391318, 0.7009458525434308, 2.4129559308229056, -4.8177920305793265], [3.828691894341335, -0.0811054530911997, -0.23856285059822882, -0.3944945529813231, 0.7009458525434308, 7.283349861721792, -0.4718947065409542, 1.1759311468542726], [10.930763125087443, 0.3413897508702988, -1.3084008128980236, 0.9574810860433083, 2.4129559308229056, -0.47189470654095417, 5.540425187689542, -0.984241157518618], [-10.054224033850478, -1.2934638572249981, 1.0073688577632995, 2.641310916957975, -4.8177920305793265, 1.1759311468542724, -0.9842411575186182, 9.348070807279646]], [[97.34384534081006, 40.45816026689553, -32.10620667058069, -63.93708146240858, -20.369603489949522, 9.517285555356574, 0.4777642537286709, -2.048203795858676], [40.45816026689553, 27.090895995366754, -7.337956309662256, -30.611586736493138, -3.908805226080939, 2.197168251995727, 4.759235291786317, 1.261265811118717], [-32.10620667058069, -7.337956309662256, 17.868092003608826, 30.501338621254586, 4.971350966282935, -2.25150175609553, 1.9033101667647752, 1.477519137404542], [-63.93708146240858, -30.611586736493138, 30.501338621254586, 126.39416329058022, -8.526030272166937, 6.42172099226197, -8.395743741864933, -0.5985988329544771], [-20.369603489949526, -3.908805226080939, 4.971350966282935, -8.526030272166938, 59.02615888026452, 5.8654121723063755, 6.807959738742376, -4.67028250150167], [9.517285555356574, 2.1971682519957274, -2.2515017560955304, 6.42172099226197, 5.8654121723063755, 27.876822227903837, -3.436943067407826, -4.340013198305779], [0.4777642537286699, 4.759235291786317, 1.9033101667647752, -8.395743741864933, 6.807959738742376, -3.436943067407826, 4.393843201444958, 0.0943693977228108], [-2.0482037958586754, 1.2612658111187172, 1.4775191374045422, -0.5985988329544775, -4.670282501501671, -4.340013198305778, 0.09436939772281101, 15.156667840432823]], [[332.0654532645011, 0.2267760386259601, 24.6408218774462, 27.789178061861364, -4.247149987629718, -3.950829474070979, -16.644031557317245, -8.814376557523422], [0.2267760386259601, 1.0869581887823427, 0.20581788248029825, -0.13864299299474311, -1.0761696589418441, 0.535947807883809, 0.6311451801366572, 0.16948226133879107], [24.6408218774462, 0.20581788248029828, 3.7389585423129237, 1.737547739545005, -0.8702998360918285, -0.8248247995509185, -2.4021662350754704, -0.34079229349786905], [27.789178061861364, -0.13864299299474306, 1.737547739545005, 4.386212106581066, -1.0701339516221968, -0.769367790864568, -1.3040154692530774, -1.3844649939193865], [-4.247149987629718, -1.0761696589418441, -0.8702998360918284, -1.0701339516221968, 2.218762008268866, -0.03063511708809014, -0.26310302716949857, -0.026500659301444646], [-3.950829474070979, 0.5359478078838089, -0.8248247995509185, -0.7693677908645679, -0.03063511708809003, 2.9362478067684927, 0.7592377982703329, 0.1891178985629083], [-16.64403155731724, 0.6311451801366572, -2.4021662350754704, -1.3040154692530772, -0.26310302716949857, 0.7592377982703329, 2.447704405795296, 0.17641782423489985], [-8.814376557523422, 0.16948226133879107, -0.34079229349786905, -1.3844649939193863, -0.026500659301444667, 0.18911789856290823, 0.17641782423489985, 2.011314613736416]], [[184.30908045474254, 41.41823030635683, -26.967939370911136, 19.61102325761891, -9.964876512296769, 17.69265017732675, 6.866151192421299, -0.7082545817463323], [41.41823030635683, 45.915260892682696, -29.45505662616348, 6.232679850462182, -2.1703626268279956, 3.6260019316289314, -17.124525611607027, -3.2253837765318583], [-26.96793937091114, -29.45505662616348, 26.09040200980398, -3.507727422254729, 4.267051686973242, -3.7565186120321608, 12.861085858585895, 1.5214917629580424], [19.61102325761891, 6.232679850462182, -3.507727422254729, 10.818496492533802, 0.33432413109466047, 0.3372780196312792, -4.344128425298866, 0.195882002125219], [-9.964876512296767, -2.170362626827996, 4.267051686973242, 0.3343241310946604, 6.4761816074650325, -3.2321409899961475, -2.7249008866187285, -0.7133935478442822], [17.692650177326755, 3.6260019316289305, -3.7565186120321608, 0.33727801963127924, -3.2321409899961475, 8.45961227072798, 6.403311942894209, 0.33076264077208123], [6.866151192421299, -17.124525611607027, 12.861085858585898, -4.344128425298866, -2.7249008866187285, 6.403311942894209, 27.4865954822412, 3.430524739686174], [-0.7082545817463323, -3.2253837765318583, 1.5214917629580427, 0.19588200212521928, -0.7133935478442818, 0.33076264077208145, 3.4305247396861738, 6.301957351013463]], [[26.111907378507254, 0.1473577708272656, -6.769693562151766, -1.188157054715497, 0.6008662722019131, 1.9341090947613537, 6.917248026423855, -4.41383953221383], [0.14735777082726614, 11.892480215633432, -4.703547280559387, 