,X,Y,Z,id,nugget
0,100.0,0.0,-825.0,46944425,1e-05
1,300.0,0.0,-828.4541590126759,46944425,1e-05
2,900.0,0.0,-825.0,46944425,1e-05
3,100.0,0.0,-844.9999999999999,49909401,1e-05
4,300.0,0.0,-842.1353476881299,49909401,1e-05
5,900.0,0.0,-844.9999999999999,49909401,1e-05
