{"weights": [0.1879918032575553, 0.32838485264334444, 0.1511352442231243, 0.11172931320325308, 0.18354158328426418, 0.037217203388458714], "means": [[-6.079712523663897, -0.6044591537351186, -0.05731799664236214, -0.10095222259075604, -0.03796593639077265, 0.0068689544272121155, 0.004111055247556668, 0.019504737412600816], [2.702077468268018, -0.27558263645594955, 0.15211337057180632, -0.020726674448833145, 0.11905763459161307, 0.06612380319901824, -0.03354240174033313, 0.01761698040664769], [2.8336118785156286, 0.1621186300634061, 0.3433421575942609, 0.006146165772205302, 0.4418561477527902, 1.113660973247603, -0.06252199448253609, 0.6754260934967049], [-1.3458750658126613, 0.548029926352697, 0.5162496033209414, -0.027917646314517208, -0.04393099222584638, 0.0650842449140142, -0.04634718321558871, -0.018323881845507473], [0.6325236524624377, 1.477482808350872, -0.97110264905838, -0.024196205482774596, -0.024047653952322952, -0.009862245853193067, -0.011894602831164001, 0.009284312414077197], [-6.620214380471346, -0.5221723243991595, 2.138570303250609, -3.4560093322947445, 0.25212056496443586, -0.27237005657136676, -1.4993538193846372, 1.1195813739225482]], "cov": [[[168.06670517646347, 22.475895191067938, 26.860326405947546, -4.474015181366463, 6.766585296721385, 0.4842039642291573, 5.899978368989236, 3.572059890858376], [22.475895191067938, 3.9780754749925533, 2.090668297255708, 0.6238349349404142, 1.1560562907753433, -0.12299016283922058, 1.0053498574769055, 0.4618364418092161], [26.860326405947546, 2.090668297255708, 7.437586948307708, -3.3330786533264374, 0.6516048549052798, 0.2325746239899037, -0.018646500498465796, 0.9068618739888692], [-4.474015181366463, 0.6238349349404142, -3.3330786533264374, 2.9638238337994207, 0.9296691506798068, -0.1708634122203962, 0.7756006879379069, -0.1806333210050979], [6.766585296721385, 1.1560562907753433, 0.6516048549052798, 0.9296691506798068, 2.0955837926206806, 0.2920946556240818, 0.41383172359014136, 0.47063998887656405], [0.4842039642291573, -0.12299016283922058, 0.2325746239899037, -0.1708634122203962, 0.2920946556240818, 1.542548267710613, 0.10071903498228026, -0.01955693292340235], [5.899978368989236, 1.0053498574769055, -0.018646500498465796, 0.7756006879379069, 0.41383172359014136, 0.10071903498228026, 0.7810348174780459, -0.09889427129792937], [3.572059890858376, 0.4618364418092161, 0.9068618739888692, -0.1806333210050979, 0.47063998887656405, -0.01955693292340235, -0.09889427129792937, 0.8061397448278489]], [[252.4455433544266, -17.308034355563144, -51.13490266128532, 7.284517242930459, -37.52344896452731, -3.8068757548102594, 11.514506403128417, -10.80131669552215], [-17.308034355563144, 1.9071084743184352, 2.847849969262218, -0.3137204015196946, 2.807781366339625, 0.17555593282696208, -0.9897735118624907, 1.0236960602829366], [-51.13490266128532, 2.847849969262218, 11.226932114557908, -1.4896164684901547, 7.602188360998466, 0.5428142020496781, -2.275936020136659, 2.021853809372559], [7.284517242930459, -0.3137204015196946, -1.4896164684901547, 0.8992573816541964, -0.2656010272907089, -0.04277918995443665, 0.2414538331539638, -0.2820821761115128], [-37.52344896452731, 2.807781366339625, 7.602188360998466, -0.2656010272907089, 7.6331597991712705, 1.3708856483034422, -1.752538625671815, 2.87786051336298], [-3.8068757548102594, 0.17555593282696208, 0.5428142020496781, -0.04277918995443665, 1.3708856483034422, 4.139661055780695, 0.510517456032103, -0.2630928106889615], [11.514506403128417, -0.9897735118624907, -2.275936020136659, 0.2414538331539638, -1.752538625671815, 0.510517456032103, 0.7434343594278321, -0.7841587235976046], [-10.80131669552215, 1.0236960602829366, 2.021853809372559, -0.2820821761115128, 2.87786051336298, -0.2630928106889615, -0.7841587235976046, 3.115022279281434]], [[43.22218017515467, -18.528643770424924, -15.554767055743998, -39.421387149466504, 8.727747708078514, -1.5206724073029652, 1.0459713663988837, -0.18256964530398068], [-18.528643770424924, 9.849811421635204, 5.502139957298289, 18.394138184844905, -2.670216889199606, 0.449832514995846, -1.4780480433693688, -0.2493954744538053], [-15.554767055743998, 5.502139957298289, 7.017978715875593, 16.266766868868523, -2.095289581846072, 0.3934434023237243, -0.21256581109247594, 0.20955004886943762], [-39.421387149466504, 18.394138184844905, 16.266766868868523, 56.98868250352609, 1.8383342674755712, -0.03044919654129834, -3.4542591969229752, 0.3749908187670694], [8.727747708078514, -2.670216889199606, -2.095289581846072, 1.8383342674755712, 13.91502366573432, -0.38908081247411325, -1.703151622825008, 0.6615859402177373], [-1.5206724073029652, 0.449832514995846, 0.3934434023237243, -0.03044919654129834, -0.38908081247411325, 3.92386520364954, 0.5438541008039425, 0.2006829441060901], [1.0459713663988837, -1.4780480433693688, -0.21256581109247594, -3.4542591969229752, -1.703151622825008, 0.5438541008039425, 1.0108737174886475, -0.10744628000168918], [-0.18256964530398068, -0.2493954744538053, 0.20955004886943762, 0.3749908187670694, 0.6615859402177373, 0.2006829441060901, -0.10744628000168918, 3.0169097333606456]], [[422.307712401838, -0.22835653026154137, 31.334367166522796, 35.3013008487465, 5.307095803057768, 5.0278467039258965, -21.21662284210484, -11.204244319582699], [-0.22835653026154137, 1.2762482246671085, -0.404600575167736, -0.23451337248736975, -1.4530948971678859, 0.241942138632729, -0.6724477337315304, -0.15082167208824276], [31.334367166522796, -0.404600575167736, 4.357988904598056, 2.712817181600532, 1.3864459606375237, 1.0259982678010777, -2.6825376665983556, -0.6339119802564658], [35.3013008487465, -0.23451337248736975, 2.712817181600532, 5.501165255221308, 1.9398545379825396, 1.1639515957283852, -1.6611612152670692, -1.6974951948166903], [5.307095803057768, -1.4530948971678859, 1.3864459606375237, 1.9398545379825396, 3.4657825355211704, 0.5827252127321271, 0.26563840991293236, -0.1515653029673024], [5.0278467039258965, 0.241942138632729, 1.0259982678010777, 1.1639515957283852, 0.5827252127321271, 3.1420949905320934, -0.637415171142259, -0.17383359441935542], [-21.21662284210484, -0.6724477337315304, -2.6825376665983556, -1.6611612152670692, 0.26563840991293236, -0.637415171142259, 2.6530920619380165, 0.3887684163481946], [-11.204244319582699, -0.15082167208824276, -0.6339119802564658, -1.6974951948166903, -0.1515653029673024, -0.17383359441935542, 0.3887684163481946, 2.0284286150072486]], [[43.2086667321034, -13.06624482545748, -8.75595527792587, 4.732809250042843, 2.3799454886643643, -4.183057969056991, -0.2411293262629696, -0.31753544101052844], [-13.06624482545748, 4.4111553264299, 2.253427284500408, -1.1330415764141106, -1.0827505260925578, 0.941353649659967, -0.13647115293592627, 0.2212481365344393], [-8.75595527792587, 2.253427284500408, 2.675603662725772, -1.3024297642010132, -0.31596732851606407, 0.8346903809486952, -0.2781543301310842, -0.06024772944591846], [4.732809250042843, -1.1330415764141106, -1.3024297642010132, 1.8935629484554453, 1.0399822787272506, -0.5481803093489068, 0.05697926605408238, -0.5379199367028729], [2.3799454886643643, -1.0827505260925578, -0.31596732851606407, 1.0399822787272506, 2.0529428496534328, 0.7593346525018918, 0.4474410144397541, -0.36164562061831007], [-4.183057969056991, 0.941353649659967, 0.8346903809486952, -0.5481803093489068, 0.7593346525018918, 3.253600179217421, 0.7948902286585602, 0.012835216103974915], [-0.2411293262629696, -0.13647115293592627, -0.2781543301310842, 0.05697926605408238, 0.4474410144397541, 0.7948902286585602, 0.6988575187359387, -0.40125253822803963], [-0.31753544101052844, 0.2212481365344393, -0.06024772944591846, -0.5379199367028729, -0.36164562061831007, 0.012835216103974915, -0.40125253822803963, 2.381507680678911]], [[0.52002148430538, -0.44804839199937796, 0.8776252233916972, -0.2806872464546102, 0.10698957227727526, 0.0749355653044919, 0.1748932832122103, -0.18102252833706195], [-0.44804839199937796, 8.124673364211358, -5.837306932149608, 