{"accuracy_init": 0.7722222208976746, "accuracy_final_MAP": 0.6111111044883728, "accuracy_final_mean": 0.6611111164093018}