{"weights": [0.1722222138017677, 5.344892734375398e-07, 0.32886897547575134, 0.24980345654027825, 0.1380009033973513, 0.11110391629557799], "means": [[3.6969775580803494, 0.4688691814510139, -0.378290320469437, 0.12698509127237081, -0.028631991553159708, -0.08033305805512199, 0.05919244640425063, -0.017087823856771], [1.1399346645012045, 0.5596661279265814, -0.5171692837635831, 0.010887213141895407, 0.039246224747702896, 0.03912293417875748, -0.028238035094187222, 0.011141053902743244], [-3.9193675870166262, -0.44480602300077865, 0.09480777765522994, 0.0257435188037627, 0.018857349530598182, -0.003541826799991205, 0.007070600149690843, 0.0011734933809659591], [-2.732727343782464, -0.03870386203597808, -0.19542042577725158, -0.09245479202934082, -0.10352766927243544, -0.0019249304285539112, -0.01510087525154851, -0.0058384365025945855], [-0.7915333217594965, 1.4371228001158916, 1.080135820678203, -0.01701313455746848, -0.001813319317236754, -0.00026135409938921446, -0.011679814285989968, 0.0038220057122951437], [6.85269657275628, -0.6638304485986236, 0.2840503303656934, -0.03269109097996912, -0.0018127384457538006, 0.009601787239838476, -0.01399333065362935, 0.002393863405134316]], "cov": [[[0.1638474307552343, -0.01875746890405491, 0.029817943270903768, -0.008335876263151073, -0.005765756073569164, 0.0004593203197824663, 0.009073645675001287, 0.0005056052083505007], [-0.01875746890405491, 0.0031392202553998643, -0.0017702538887159757, -0.00034009074216239315, 0.0014586572175804568, 0.00014829594480457093, -0.001199905031643287, -0.0001998051018186582], [0.02981794327090377, -0.001770253888715975, 0.008739321541112009, -0.0039529311418311066, -2.4535380299352188e-05, 0.000633776306497973, 0.001035547927129172, -5.130169784184525e-05], [-0.008335876263151075, -0.0003400907421623931, -0.0039529311418311066, 0.003067702735939145, -0.0012863422720482173, -0.0005684570201280048, 7.729242445883583e-05, 0.0005217369910336762], [-0.005765756073569164, 0.001458657217580457, -2.4535380299352283e-05, -0.0012863422720482173, 0.002645525498516357, -0.00011937641082842684, -0.0005808839910815912, -0.0009412385310678336], [0.0004593203197824663, 0.00014829594480457093, 0.0006337763064979729, -0.0005684570201280049, -0.00011937641082842686, 0.0010604395754247244, 0.0002562438941516618, -0.0004718923065437776], [0.009073645675001287, -0.001199905031643287, 0.001035547927129172, 7.729242445883587e-05, -0.0005808839910815913, 0.0002562438941516618, 0.0010105605350297531, -2.596040677856127e-05], [0.0005056052083505006, -0.00019980510181865824, -5.130169784184525e-05, 0.0005217369910336763, -0.0009412385310678336, -0.0004718923065437776, -2.596040677856125e-05, 0.0009404103179611605]], [[0.363676286291928, 0.004156547889823926, 0.03351583680198624, 0.033181206667959984, -0.015270614248880135, 0.024047550313597132, -0.01215036557702448, -0.0030037257760915405], [0.004156547889823927, 0.0011858024120390013, 0.0008634137738109367, 0.0001835615215349424, -0.0012436064428573191, -0.0006573234097824118, -5.851749335593261e-05, 3.848497527725958e-05], [0.03351583680198624, 0.0008634137738109367, 0.005428886086587977, 0.003785363556878301, -0.0026971423168031935, 0.0034404304113135917, -0.0017311514406207127, -3.1537163902687314e-05], [0.033181206667959984, 0.0001835615215349425, 0.003785363556878301, 0.005620346466566584, -0.0030098917174279996, 0.0033515994756869202, -0.0015059525603991172, -0.0009107265080758753], [-0.015270614248880135, -0.0012436064428573191, -0.002697142316803194, -0.003009891717427999, 0.004385949899767605, -0.0012719963228401915, 0.0001451210741959443, 0.0006899369464652853], [0.024047550313597132, -0.0006573234097824118, 0.0034404304113135917, 0.00335159947568692, -0.0012719963228401915, 0.005178454121744906, 7.042073178834712e-05, -0.000538093509148591], [-0.01215036557702448, -5.851749335593261e-05, -0.0017311514406207127, -0.0015059525603991172, 0.0001451210741959443, 7.042073178834701e-05, 0.0023726372521496175, -7.397980780027012e-05], [-0.003003725776091541, 3.848497527725956e-05, -3.153716390268728e-05, -0.000910726508075875, 0.0006899369464652853, -0.000538093509148591, -7.397980780027013e-05, 0.0014484397933685676]], [[0.0445429007574283, 0.018399655512457702, -0.0159966994242028, -0.039382435690782494, -0.007140555660099365, -0.0012828089562251838, 0.0003641216527575643, 0.0003767917310046102], [0.0183996555124577, 0.009411058916741419, -0.005367482742181775, -0.0165927558315635, -0.002384747934642941, -0.0008174274753708284, 0.0013063327358328843, 0.0004285904749183759], [-0.0159966994242028, -0.005367482742181775, 0.007192857007367908, 0.016338676971660197, 0.0014048105558714709, 0.0004061725859363366, 0.00035253381925998633, 0.0003768176382727751], [-0.039382435690782494, -0.016592755831563496, 0.016338676971660197, 0.05267596519920563, -0.0009652780959958471, 0.0013387721216591025, -0.00168418323382834, 0.0010218488930039383], [-0.007140555660099364, -0.0023847479346429407, 0.0014048105558714709, -0.0009652780959958475, 0.012606902348667116, -0.0004177066837569024, 0.0010258457034350832, -0.0012890936313378995], [-0.0012828089562251838, -0.0008174274753708287, 0.00040617258593633656, 0.0013387721216591027, -0.00041770668375690234, 0.001962481050967738, 0.0011880206168052843, -0.0003406411887325371], [0.0003641216527575643, 0.0013063327358328843, 0.00035253381925998633, -0.00168418323382834, 0.001025845703435083, 0.0011880206168052843, 0.002296600609827445, 0.00033720626682289277], [0.0003767917310046102, 0.00042859047491837585, 0.0003768176382727753, 0.0010218488930039383, -0.0012890936313378995, -0.00034064118873253696, 0.0003372062668228928, 0.0037378759321708825]], [[0.03468716660297524, 0.010846528944091492, -0.007135499459358404, 0.004944994314560661, -0.0029766960349752684, -0.0022274576647956265, -0.001401997403325789, -0.0037709805651286207], [0.010846528944091494, 0.0037696135906490577, -0.0019247775878237926, 0.0014003020014206754, -0.0016221901420299563, -0.0001761786726603632, 0.0002633260714116506, -0.0010260166503905659], [-0.007135499459358404, -0.0019247775878237926, 0.00248560834982916, -0.0015568198517867467, 0.00042467961314080995, 0.0009890670091086877, 0.0001767979372875401, 0.0013110313310028456], [0.004944994314560661, 0.0014003020014206754, -0.0015568198517867467, 0.0015493107303519143, -0.0008791948528353239, -0.0004925689118333349, -0.0001076042376870743, -0.0015234761072739037], [-0.002976696034975269, -0.001622190142029956, 0.00042467961314080995, -0.000879194852835324, 0.003190093016471553, -0.001538164124207611, -0.0023200722731270326, 0.0011154638645948115], [-0.0022274576647956265, -0.00017617867266036318, 0.0009890670091086877, -0.000492568911833335, -0.0015381641242076113, 0.002018649504250652, 0.0021284874860488115, 0.000287476367243184], [-0.001401997403325789, 0.00026332607141165055, 0.00017679793728754014, -0.0001076042376870743, -0.0023200722731270326, 0.002128487486048811, 0.0032843995374235075, 0.00028594413618933357], [-0.003770980565128621, -0.0010260166503905659, 0.0013110313310028456, -0.0015234761072739037, 0.0011154638645948115, 0.00028747636724318405, 0.00028594413618933357, 0.0034389721974459986]], [[0.32021114966037356, 0.021122263287552335, -0.061506554003071943, 0.016498179706211254, 0.032155164139832916, -0.014073916115937092, 0.0009537419333199387, -0.00542221071926905], [0.02112226328755234, 0.0016545442407967, -0.003674468254872478, 0.0011718369422928678, 0.0021109645417034077, -0.0005378283603171837, 0.00023769967435131696, -0.0009227085239776158], [-0.061506554003071943, -0.003674468254872478, 0.012499059089695194, -0.003015921000750477, -0.0062454716579384666, 0.0030199391618736574, -0.00014484835817760134, 0.00023587625619486644], [0.016498179706211254, 0.0011718369422928678, -0.0030159210007504765, 0.0015416473088140144, 0.0009229048218557548, -0.0004700215590636348, 0.00015799287640195364, -0.0008349113810758714], [0.03215516413983292, 0.0021109645417034073, 