,X,Y,Z,id,nugget
0,100.0,0.0,-825.0,7185735,1e-05
1,300.0,0.0,-783.9332311013412,7185735,1e-05
2,900.0,0.0,-825.0,7185735,1e-05
3,100.0,0.0,-844.9999999999999,91872230,1e-05
4,300.0,0.0,-809.541554019484,91872230,1e-05
5,900.0,0.0,-844.9999999999999,91872230,1e-05
