,X,Y,Z,id,nugget
0,100.0,0.0,-825.0,85890056,1e-05
1,300.0,0.0,-780.9360068902773,85890056,1e-05
2,900.0,0.0,-825.0,85890056,1e-05
3,100.0,0.0,-844.9999999999999,76663598,1e-05
4,300.0,0.0,-811.3638129373511,76663598,1e-05
5,900.0,0.0,-844.9999999999999,76663598,1e-05
