{"weights": [0.22005315485893082, 0.2254601014723198, 0.5544867436687494], "means": [[1.8556947609471075, 3.7235042070766835, -0.05737719955094392, 0.007034786381300493, -0.07743749044490333, -0.014086246557191446, 0.04097100171156357, 0.15405080806501836], [4.0043284650421445, -2.639902382042609, 0.004526031316979678, 0.1394858790170949, 0.007494751261867907, 0.12868048178500346, 0.13610810400285528, -0.0041600988371535575], [-2.1419816156805322, -0.566635238197692, -0.0011906290938612876, 0.0004191711311332193, 0.018072610859106022, -0.01854951153314534, -0.0018642774096721574, -0.07851217789570343]], "cov": [[[0.9403086830558128, 0.02150472389022919, 0.028459901619642444, 0.00915067434315144, 0.048550270104279536, 0.008810969230663325, 0.023359265300253233, -0.0623436815549489], [0.021504723890229185, 0.9335887735899429, -0.022192001839095435, -0.09527657351774671, -0.04196397956353959, 0.016623262614985396, 0.047565999987257974, -0.005442391114141786], [0.028459901619642444, -0.022192001839095435, 1.3497801137265846, 0.06716013432269366, 0.02364849675387804, -0.02914820846017286, 0.0032504330870453124, -0.05981792943070487], [0.009150674343151439, -0.09527657351774668, 0.06716013432269366, 0.9233839663567921, 0.0024433097707292116, -0.03892264380661025, 0.061426172054467106, -0.0704718572366165], [0.048550270104279536, -0.04196397956353959, 0.023648496753878038, 0.0024433097707292125, 1.016515675496924, -0.024765929736640727, 0.03688602177088681, 0.03067054346016309], [0.008810969230663327, 0.016623262614985396, -0.02914820846017286, -0.03892264380661026, -0.02476592973664073, 0.9939640130216187, -0.0608688334443572, -0.006657184309903639], [0.02335926530025323, 0.04756599998725796, 0.0032504330870453124, 0.0614261720544671, 0.036886021770886804, -0.06086883344435719, 0.941707820555336, -0.0511029970841458], [-0.0623436815549489, -0.005442391114141786, -0.05981792943070487, -0.07047185723661652, 0.03067054346016309, -0.006657184309903641, -0.051102997084145806, 0.931165408549303]], [[1.0074944290122345, 0.002338601116091437, -0.1644869534283464, -0.0755548006667909, 0.09272134345511059, -0.08232508621113507, -0.0226917734019427, -0.0298189196034774], [0.0023386011160914377, 0.965951341338822, -0.021717279432736932, 0.06603456788408209, 0.046181171696614856, 0.013634492640674699, 0.04071262335833932, -0.003175730177929368], [-0.16448695342834635, -0.021717279432736932, 1.0851031082275098, -0.015594891238172651, -0.11407659570005022, 0.08109072866766164, -0.09644484988233315, 0.035454067114864665], [-0.07555480066679089, 0.06603456788408207, -0.015594891238172651, 1.1122115551203258, -0.021010337007612193, -0.05863438831466612, -0.034264232360184645, -0.034646743966329226], [0.09272134345511057, 0.04618117169661484, -0.11407659570005024, -0.021010337007612193, 0.9581778423776129, -0.012336697144282198, -0.02300530369049566, -0.07380186579061034], [-0.08232508621113506, 0.013634492640674688, 0.08109072866766164, -0.05863438831466613, -0.012336697144282198, 0.8661040801117447, -0.1105723999901072, 0.015165404002785262], [-0.0226917734019427, 0.04071262335833932, -0.09644484988233318, -0.034264232360184645, -0.023005303690495665, -0.11057239999010723, 1.065912935064576, 0.003900927545992442], [-0.0298189196034774, -0.0031757301779293673, 0.035454067114864665, -0.03464674396632923, -0.07380186579061036, 0.015165404002785265, 0.0039009275459924433, 0.9022827392532676]], [[0.8913354647390651, 0.003985542528905239, 0.02211469775379783, -0.03372497662227249, 0.045927173791383495, 0.014914744250592518, 0.0057132995430069465, -0.09287746986979264], [0.003985542528905242, 0.9659787941560798, 0.07262031658496956, 0.03554723462175686, 0.01785762008644219, -0.14419322080725983, 0.05335504044338334, -0.14325118202846768], [0.022114697753797825, 0.07262031658496958, 0.8341558571354469, 0.033986284905746636, -0.006800728755501468, 0.031078240739549515, 0.005393281802538064, -0.017732336718275638], [-0.03372497662227249, 0.035547234621756865, 0.033986284905746636, 1.0256763965235938, -0.13352368648711727, 0.11960195734255225, 0.025466352198081414, -0.033589624362857194], [0.04592717379138349, 0.0178576200864422, -0.006800728755501469, -0.13352368648711727, 0.9314497221270155, 0.031555295015354964, -0.034415724159847276, -0.012469481295863066], [0.014914744250592521, -0.14419322080725988, 0.031078240739549526, 0.11960195734255226, 0.03155529501535498, 0.9035248511845828, 0.011403128184240881, -0.010796331426967398], [0.00571329954300694, 0.05335504044338334, 0.0053932818025380636, 0.025466352198081407, -0.03441572415984726, 0.01140312818424087, 0.8629847501320096, 0.06278662315845056], [-0.09287746986979264, -0.1432511820284677, -0.017732336718275638, -0.0335896243628572, -0.012469481295863068, -0.010796331426967398, 0.06278662315845059, 0.9673407067105545]]]}