,X,Y,Z,id,nugget
0,100.0,0.0,-793.0000000000001,65967971,1e-05
1,300.0,0.0,-782.999993369403,65967971,1e-05
2,900.0,0.0,-793.0000000000001,65967971,1e-05
3,100.0,0.0,-824.0000000000001,2365126,1e-05
4,300.0,0.0,-823.9999980818707,2365126,1e-05
5,900.0,0.0,-824.0000000000001,2365126,1e-05
6,100.0,0.0,-847.0000000000001,35221735,1e-05
7,300.0,0.0,-857.0000055431854,35221735,1e-05
8,900.0,0.0,-847.0000000000001,35221735,1e-05
