{"weights": [0.22979340073282067, 0.3482432153386168, 0.2642873581802278, 0.15767602574833472], "means": [[1.6797328401038625, 3.5745167172312344, -1.4487214898453349, -0.10859701791212165, 0.00045637025784080843, -0.00993125667186459, 0.011326560648324137, 0.01508836621776051], [2.14694389007785, 3.691275715970549, 3.2664883196107994, 0.23945342998277966, -0.001327349894788481, 0.03673073180473252, 0.06210384709584621, 0.034896279533272956], [4.011761882663837, -2.7142199108427922, -0.04618969377676159, 0.06808052317958663, -0.02245132925389012, -0.004302961370115831, -0.009997291664405872, -0.007677664274967312], [-2.1098656445369404, -0.5226711355534711, 0.036659184757598356, -0.021166208371740988, 0.007736239057536918, -9.229635548712884e-05, -0.007195480852500773, -0.0058098898807375215]], "cov": [[[1.0000000019276556e-08, -1.5983575855830986e-18, -3.653114265630709e-18, 2.7689478194680436e-18, 1.0195235661770974e-17, -3.943955193334886e-18, 1.7614570980643722e-17, 6.243360472340503e-18], [-1.5983578042364158e-18, 1.000000001700222e-08, -3.058934880315746e-18, -4.57491114348263e-18, -1.328452343789751e-17, -1.0680789152964048e-17, -1.2885002703064784e-17, 2.8901342527967133e-18], [-3.6531143143982716e-18, -3.0589346221529677e-18, 1.0000000021228729e-08, 6.948531771599752e-18, -1.747933089252398e-17, -1.0409353617478824e-17, -2.0899566747134127e-17, 4.237805181504281e-18], [2.7689477055240577e-18, -4.574911468578933e-18, 6.948531633118312e-18, 1.0000000016910234e-08, -1.999352988562493e-17, -1.4167743044889453e-17, -8.15678059272688e-18, 4.559674878787343e-18], [1.0195235750371056e-17, -1.3284523442849059e-17, -1.7479330839187966e-17, -1.9993529872441452e-17, 1.0000000072608291e-08, 2.7656400205441268e-17, 4.6049996336769385e-17, -1.5951147932637974e-17], [-3.9439551571460516e-18, -1.0680789146157115e-17, -1.040935362017208e-17, -1.4167742702657393e-17, 2.7656400198824287e-17, 1.0000000032178155e-08, 2.5028198258881915e-17, -3.4409253708942787e-18], [1.7614570757814198e-17, -1.288500273812871e-17, -2.0899567442847344e-17, -8.156780558064528e-18, 4.604999632707455e-17, 2.5028198171935555e-17, 1.0000000087279895e-08, -1.0909230082875816e-17], [6.243360294360147e-18, 2.8901344560043116e-18, 4.2378051815863785e-18, 4.5596745959119805e-18, -1.595114732876137e-17, -3.4409253434052156e-18, -1.0909230331339912e-17, 1.0000000025434138e-08]], [[1.0000000010805474e-08, -9.809455168155594e-18, -3.4512944536228033e-18, 6.682217722670833e-18, 1.1692484143994098e-17, 4.1108193274015344e-19, 4.339924621941986e-19, 2.7741812258333977e-18], [-9.8094552397937e-18, 1.0000000025669105e-08, 4.192862883547025e-19, -1.076537260145315e-17, -1.317286559978042e-17, -4.381670561347778e-18, -1.4301652699686536e-18, -3.531764383751483e-18], [-3.451294398708926e-18, 4.1928622391942303e-19, 1.0000000032437011e-08, -2.727954692870831e-18, -8.098734431054516e-18, -2.11318514035267e-18, -4.500624248476756e-18, -4.6798042651561875e-18], [6.682217812951963e-18, -1.076537261305778e-17, -2.727954714776423e-18, 1.0000000009242587e-08, 9.716401411359244e-18, -1.2722048482653625e-19, -3.784712932890198e-18, 3.1213273662559688e-18], [1.169248492817344e-17, -1.3172866366767455e-17, -8.098734351638594e-18, 9.716401222550882e-18, 1.0000000022972328e-08, -2.043035428741041e-19, 4.310639671382153e-18, 6.079771156179086e-18], [4.11081604407714e-19, -4.381670880998496e-18, -2.1131851534612754e-18, -1.2722042973894156e-19, -2.0430300125838996e-19, 1.0000000004186647e-08, 1.3751223593823415e-18, 2.625033716915122e-18], [4.339923670270888e-19, -1.4301653684189563e-18, -4.5006240974350804e-18, -3.784712939779984e-18, 4.310640301652859e-18, 1.3751224676847468e-18, 1.0000000009314785e-08, -1.5982080557212074e-19], [2.774181201087151e-18, -3.531764070761892e-18, -4.6798042413408135e-18, 3.121327410506206e-18, 6.079771171446133e-18, 2.6250335862315716e-18, -1.5982062302508848e-19, 1.0000000005106853e-08]], [[1.0000000904286583e-08, -5.229062198383029e-16, 5.904925043706188e-17, -2.7148308376684757e-15, -2.1201093255467033e-15, 8.821473647075063e-16, 6.535975572090279e-17, 1.3745746833530428e-16], [-5.229062203620875e-16, 1.0000000489525674e-08, -5.953378741992406e-17, 2.1674488786116844e-15, 1.6390193062676055e-15, -7.484595289498808e-16, -4.9173242992573625e-17, -2.310033303792221e-16], [5.904925036690126e-17, -5.95337873686762e-17, 1.0000000062306472e-08, -2.57317312922422e-16, -1.9444560848994417e-16, 8.576846964745439e-17, -7.023370689003906e-18, 3.453288215274732e-17], [-2.714830837693065e-15, 2.1674488787447262e-15, -2.5731731292236096e-16, 1.0000010339558657e-08, 7.826028370744694e-15, -3.5460895906877195e-15, -2.5898435546983414e-16, -9.549200779295726e-16], [-2.1201093255198043e-15, 1.6390193070730197e-15, -1.9444560864886526e-16, 7.826028370456236e-15, 1.0000005998334787e-08, -2.6520025495397052e-15, -2.1091775753850543e-16, -6.781872674237437e-16], [8.821473650749516e-16, -7.48459528817847e-16, 8.576846936230811e-17, -3.5460895907969216e-15, -2.6520025491034884e-15, 1.000000123437965e-08, 8.694141844606528e-17, 3.5630729215514626e-16], [6.535975592568013e-17, -4.917324332375274e-17, -7.023370648028145e-18, -2.589843554667753e-16, -2.1091775693759268e-16, 8.694141882979839e-17, 1.0000000022260177e-08, 1.9700312412295012e-17], [1.374574680466636e-16, -2.310033304021749e-16, 3.453288215552183e-17, -9.549200780392305e-16, -6.781872670455682e-16, 3.5630729205632807e-16, 1.9700312434692215e-17, 1.00000001592768e-08]], [[1.0000002443590298e-08, -1.824678592072054e-15, 2.90600334859765e-15, -1.8643727747866124e-14, 5.3192249670786804e-15, -3.860360013531993e-15, 1.6337387945538438e-16, -6.709746883426612e-16], [-1.824678592300093e-15, 1.0000001427438407e-08, -2.209506665675608e-15, 1.4022939879511306e-14, -4.05336692619789e-15, 2.86779172455017e-15, -1.7762843752299914e-16, 5.139552880609291e-16], [2.906003348493742e-15, -2.209506665940778e-15, 1.0000003487782524e-08, -2.2270667081650066e-14, 6.383388851298993e-15, -4.5874364532758704e-15, 2.3152126871451007e-16, -8.102385586346545e-16], [-1.8643727748004822e-14, 1.4022939879303558e-14, -2.2270667081503817e-14, 1.0000142608421504e-08, -4.075383853761879e-14, 2.946312504732918e-14, -1.3485787353340792e-15, 5.1639743555736646e-15], [5.319224966758782e-15, -4.0533669257783876e-15, 6.3833888515210966e-15, -4.0753838537624673e-14, 1.0000011692064721e-08, -8.38987683679746e-15, 4.273805004437354e-16, -1.482723194414286e-15], [-3.860360013103532e-15, 2.867791724936107e-15, -4.58743645371856e-15, 2.946312504720037e-14, -8.389876837253495e-15, 1.0000006110320551e-08, -2.487045573868705e-16, 1.059073488189552e-15], [1.633738795217656e-16, -1.7762843781680176e-16, 2.315212687147971e-16, -1.3485787353510742e-15, 4.2738050112008887e-16, -2.487045574985567e-16, 1.0000000063743721e-08, -5.63595053501416e-17], [-6.709746884819655e-16, 5.139552886753928e-16, -8.102385582864663e-16, 5.163974355526078e-15, -1.4827231942731903e-15, 1.0590734884133538e-15, -5.635950486639124e-17, 1.0000000193117181e-08]]]}