{"MAP index": 44, "entropy_prior_gmm": 1.1512925464970228e-08, "entropy_MAP_gmm": 4.496681924592849e-07, "entropy_z_nk_prior": 9.616358581884957e-06, "entropy_MAP_z_nk": 0.004271297352368143, "entropy_mixing_prior": 88.99072030499339, "entropy_MAP_mixing": 1.6119550723792815}