{"weights": [0.04453430669919351, 0.1266781813621975, 0.311804142311975, 0.2820840405976886, 0.15436241612461546, 0.08053691290432982], "means": [[3.611172542499383, 0.4634172843710087, -0.42164702075070437, 0.14505347311674918, -0.034406729104944626, 0.013429031130738546, 0.09361158105696284, 0.005932852883906601], [-0.7610034067429524, 1.472880887940206, 1.0278895771365688, -0.006502651885809618, -0.026493968260193304, 0.007064045587913103, -0.010909440439112517, 0.01761156117266658], [-3.9282501096159055, -0.44721819141890107, 0.11415533984889165, 0.04903599069455749, 0.01615532181458288, 0.0009912093067178708, 0.0074045658467333285, 0.005394051096619064], [1.1612407054463723, 0.5357095393210233, -0.5422023250059633, 0.007153990446227202, 0.05469871270819239, -0.01766440126779578, -0.04441048524376267, -0.0020174554143763323], [-2.6641889370790914, -0.020675437839421537, -0.21010874812933242, -0.09504379851801424, -0.10236478945494841, 0.009202977793026262, -0.005053186109808025, -0.02428251659206308], [6.868898885783908, -0.6503794598663895, 0.30619519471340406, -0.0432820378596896, 0.0012857789321159472, 0.00378785569721173, -0.015761134806871458, 0.0019932296546413516]], "cov": [[[0.1993059798065613, -0.02666829567589891, 0.03182241329004784, -0.005272946642310067, -0.008040596985302626, -0.0005663757381380466, 0.007007389700581707, 0.0042383547530908125], [-0.026668295675898915, 0.00481265775158074, -0.002312928695031588, -0.0008956970586968475, 0.0014335248569235775, -0.00014063343522851922, -0.0012320531968925315, -0.0005308985986796138], [0.03182241329004784, -0.002312928695031589, 0.00914307504423551, -0.004268355949738928, -0.0006346458509590246, -0.0003172316732958326, -0.00012466797312490335, 0.0010780567904831368], [-0.005272946642310067, -0.0008956970586968475, -0.004268355949738927, 0.003839661008750293, -0.0011904402436956972, 0.00020613528442569787, 0.001032143908722878, -0.0002379874614734432], [-0.008040596985302625, 0.0014335248569235775, -0.0006346458509590245, -0.0011904402436956972, 0.0024721979809162516, 0.0003713725632893939, -0.0005377355699424585, -0.0005084950847635991], [-0.0005663757381380467, -0.00014063343522851922, -0.0003172316732958326, 0.0002061352844256979, 0.0003713725632893939, 0.0016816351682114718, -8.132616801546184e-05, -2.625120418732211e-05], [0.007007389700581708, -0.0012320531968925315, -0.00012466797312490332, 0.001032143908722878, -0.0005377355699424585, -8.132616801546184e-05, 0.0009703806880550512, -0.0001035705053435272], [0.004238354753090813, -0.0005308985986796139, 0.0010780567904831368, -0.0002379874614734432, -0.0005084950847635991, -2.6251204187322124e-05, -0.00010357050534352721, 0.0009614274870017126]], [[0.7767270206615966, 0.05312138239278449, -0.15758336874082884, 0.02224720242996031, 0.11592092593963792, 0.011942114835395323, 0.03541444575722217, -0.03350136081329571], [0.05312138239278449, 0.004503582507500391, -0.010047446195612908, 0.0012137924158347297, 0.008556963473086118, 0.0006044816536651186, 0.0027040364434435305, -0.0029865724800666594], [-0.15758336874082882, -0.010047446195612908, 0.03290083730515322, -0.00460301866036075, -0.023374374067617523, -0.002239818590895329, -0.007086135520999654, 0.0064150575459894135], [0.02224720242996031, 0.0012137924158347295, -0.00460301866036075, 0.001623049019928895, 0.0020571721691583916, 0.00042946635987536755, 0.0008337745544300739, -0.000550945020570921], [0.1159209259396379, 0.008556963473086118, -0.023374374067617526, 0.0020571721691583916, 0.020735216999676048, 0.002170783713099496, 0.005605859136315373, -0.00789554372064295], [0.011942114835395323, 0.0006044816536651186, -0.0022398185908953294, 0.00042946635987536755, 0.002170783713099496, 0.004454139329176824, -0.00023800677711750026, 0.0004029423997302399], [0.03541444575722217, 0.0027040364434435305, -0.007086135520999655, 0.0008337745544300739, 0.005605859136315373, -0.00023800677711750042, 0.0018871094232618152, -0.002154216679714817], [-0.0335013608132957, -0.002986572480066659, 0.0064150575459894135, -0.000550945020570921, -0.00789554372064295, 0.00040294239973024, -0.002154216679714817, 0.006571855829769419]], [[0.043617940312841164, 0.018458186000007867, -0.015695121683307774, -0.03860713412394072, -0.00990024339883474, 0.001309367196892981, 0.0008246897146660356, 2.6452410742486708e-05], [0.018458186000007867, 0.010037271431902283, -0.005259857161074083, -0.018256971560576568, -0.0031102096575825293, 0.0004620583869742094, 0.0015364838625271978, 0.000125874313727735], [-0.015695121683307774, -0.005259857161074082, 0.0072818081464938, 0.01601719026547972, 0.002135352325489627, -0.0002557768596171109, -7.036286305863999e-05, -2.7119334351122058e-05], [-0.03860713412394071, -0.018256971560576565, 0.016017190265479715, 0.057506640219656555, -0.003228540925027094, -0.00014499145537934696, -0.003668342581082481, 0.0005668021235895786], [-0.009900243398834739, -0.0031102096575825293, 0.002135352325489627, -0.0032285409250270933, 0.01581867866470909, -0.000926146607562795, 0.001989596694151214, -0.0005308233514590875], [0.001309367196892981, 0.0004620583869742093, -0.000255776859617111, -0.00014499145537934694, -0.0009261466075627949, 0.003800861795738362, -0.000534579793435355, -7.675829868077807e-05], [0.0008246897146660356, 0.0015364838625271978, -7.036286305863984e-05, -0.003668342581082482, 0.0019895966941512145, -0.000534579793435355, 0.0011187750294650604, -0.00024934483473207684], [2.6452410742486718e-05, 0.00012587431372773503, -2.711933435112198e-05, 0.0005668021235895788, -0.0005308233514590873, -7.675829868077827e-05, -0.00024934483473207684, 0.003596161805494414]], [[0.5478536254253304, 0.00030525217733399953, 0.04072757625803708, 0.04588392393710611, -0.006967510673506211, -0.006584142493137543, -0.027571148359079044, -0.014566942548695208], [0.0003052521773339996, 0.0012701201408079443, 0.0004229410972473366, 0.0002210709300109234, -0.001331143532279283, 0.00023158024140169743, 0.0006739908027455242, 0.0001185969076596351], [0.040727576258037086, 0.0004229410972473366, 0.004990083017166464, 0.0034775552586129204, -0.0014270457150579714, -0.0011194880100799727, -0.003110362353456217, -0.0009248684303653598], [0.04588392393710611, 0.00022107093001092338, 0.0034775552586129195, 0.006340028158160341, -0.0019602313862676136, -0.0012282669479336617, -0.002222345822891388, -0.0018682878845398768], [-0.006967510673506212, -0.001331143532279283, -0.0014270457150579712, -0.0019602313862676136, 0.0033439429519393936, 0.0005547591691317118, -0.00014620985609333658, 0.0001975069698856746], [-0.006584142493137543, 0.00023158024140169743, -0.0011194880100799727, -0.001228266947933662, 0.0005547591691317119, 0.0030443535796375624, 0.0006946901189342096, 0.00023108169794375344], [-0.027571148359079048, 0.0006739908027455242, -0.003110362353456217, -0.0022223458228913884, -0.00014620985609333656, 0.0006946901189342099, 0.0029219547660464494, 0.0005401356039479568], [-0.01456694254869521, 0.00011859690765963509, -0.0009248684303653597, -0.0018682878845398768, 0.00019750696988567466, 0.0002310816979437534, 0.0005401356039479568, 0.002151371940724203]], [[0.03466136969662557, 0.010458446686805966, -0.007019370769785808, 0.003775173234131624, -0.0018575813500838385, 0.003369184608103767, -0.0002338999509893306, -0.0001954428007576278], [0.010458446686805966, 0.003675528828815535, -0.0017101305433355118, 0.0009614274091434765, -0.0012133129029894333, 0.0004720268928691833, 0.00023319291291904297, -0.0002084064455433248], [-0.007019370769785807, -0.0017101305433355116, 0.0023892781272185915, -0.0010216186751034518, 7.485773420978157e-05, -0.0006177125142066088, -0.0003426147640372484, 1.0658429188229153e-05], [0.003775173234131624, 0.0009614274091434765, -0.0010216186751034518, 0.0017473645615666683, -0.0011449169933233144, 5.249514892679664e-05, 0.00022047347675131201, -0.0008438201433887915], [-0.0018575813500838385, -0.0012133129029894333, 7.485773420978174e-05, 