{"accuracy_init": 0.4572649598121643, "accuracy_final_MAP": 0.8589743375778198, "accuracy_final_mean": 0.8589743375778198}