{"accuracy_init": 0.7751677632331848, "accuracy_final_MAP": 0.6644295454025269, "accuracy_final_mean": 0.5838926434516907}