{"MAP index": 183, "entropy_prior_gmm": 0.0008925289686521755, "entropy_MAP_gmm": 0.3493328094482422, "entropy_z_nk_prior": 0.3246704860947339, "entropy_MAP_z_nk": 0.4562832578013214, "entropy_mixing_prior": 88.99072030499339, "entropy_MAP_mixing": 1.5883452575714911}