{"weights": [0.09426339408345683, 0.24462869843888776, 0.2999875491009514, 0.11021493835726186, 0.09524557207521327, 0.1556598479442289], "means": [[3.796365707967134, 0.4426127472054138, -0.39397213128134245, 0.14372279484192405, -0.036460518913846426, -0.08956675490597106, 0.07097465657605746, -0.015949097875454968], [0.9569296599927459, 0.5597427211040215, -0.5279524438930997, -0.015233871270739486, 0.05690057816468762, 0.029315638709741645, -0.02309004835665066, 0.01908438009558562], [-3.9379182578204737, -0.44876894463585, 0.10274915505230944, 0.03960428275603395, 0.037010656184953646, 0.0012476776863750705, 0.015058337838400907, 0.004439674678418341], [-2.6872676145518857, -0.025906293469589205, -0.20062121010118533, -0.08790256238857241, -0.11394955302121165, 0.004170149457270386, -0.013918917105662515, -0.012659681220386519], [-0.7925605747439374, 1.444495415178936, 1.0899384419997435, -0.010692712299353025, -0.0045488045768766324, 0.015370545934896528, -0.0037384108914575915, -0.015643153022956772], [6.858092020699081, -0.6468988843750004, 0.306605350889015, -0.045357672218412026, 0.00040056925213619336, 0.007648506675041702, -0.008642583991595421, 0.0003570350228366825]], "cov": [[[0.11466540720387115, -0.013176637898373672, 0.020736671616407732, -0.005755225230101939, -0.004001391769731605, 0.0002819271035680448, 0.006375244614109833, 0.0003268238413667117], [-0.013176637898373672, 0.002551959359536624, -0.0007942151171501461, -0.00043112738858608573, 0.0011596008334680244, 0.00013208782665075338, -0.0007561061685904067, -0.00011540175382375408], [0.020736671616407732, -0.0007942151171501467, 0.006960921594200949, -0.0032514851795163143, -1.330948659284562e-05, 0.000590242246941595, 0.0006208359858213163, 0.00011024409951121808], [-0.005755225230101939, -0.0004311273885860856, -0.0032514851795163143, 0.0027879194524782105, -0.0011989247484401298, -0.0005243666511761719, 0.0003096837845876753, 0.0005367153336267088], [-0.004001391769731605, 0.0011596008334680244, -1.330948659284535e-05, -0.00119892474844013, 0.0028097988801751464, -0.00019234618161706576, -0.00038553497363169847, -0.001048274158008382], [0.00028192710356804483, 0.00013208782665075338, 0.000590242246941595, -0.0005243666511761719, -0.00019234618161706582, 0.001115124757432124, 0.0002540888068616092, -0.00045261974210401005], [0.006375244614109834, -0.0007561061685904066, 0.0006208359858213163, 0.0003096837845876753, -0.00038553497363169847, 0.0002540888068616092, 0.001004595731696885, -6.322022924455937e-05], [0.0003268238413667117, -0.00011540175382375407, 0.00011024409951121802, 0.0005367153336267088, -0.001048274158008382, -0.00045261974210401005, -6.32202292445594e-05, 0.0010423285816618542]], [[0.282483440741708, 0.0032441159067411497, 0.025986632099060374, 0.02573313339462536, -0.011847678914682365, 0.018612884602465764, -0.009426144890882908, -0.0023308175172929483], [0.0032441159067411497, 0.0014679484454292208, 0.000694288380904336, 0.0001561754923044376, -0.0016504475743974534, -0.0014700381342404843, -0.00031681328766689117, -2.0446949401824458e-05], [0.025986632099060374, 0.0006942883809043361, 0.004420265202589504, 0.0030958787014987387, -0.0021971946413659456, 0.0026538553899360163, -0.0015828354561668852, -8.509699578458097e-05], [0.02573313339462536, 0.0001561754923044376, 0.0030958787014987387, 0.004475583793113254, -0.0024781579166407892, 0.0027549897296301334, -0.0011348185744718023, -0.0005886503295000494], [-0.011847678914682365, -0.0016504475743974532, -0.002197194641365945, -0.0024781579166407897, 0.004461074290631391, 5.723617147740843e-05, 0.0003258654680334949, 0.0005769785852543787], [0.01861288460246576, -0.0014700381342404843, 0.0026538553899360163, 0.0027549897296301334, 5.723617147740892e-05, 0.005872600459762026, 0.0005461416247543094, -0.0005243204362162824], [-0.009426144890882908, -0.00031681328766689117, -0.0015828354561668852, -0.0011348185744718023, 0.00032586546803349493, 0.0005461416247543094, 0.0022535334371944463, -0.00016758689634090648], [-0.0023308175172929483, -2.044694940182448e-05, -8.5096995784581e-05, -0.0005886503295000493, 0.0005769785852543787, -0.0005243204362162824, -0.00016758689634090637, 0.0013270825592997186]], [[0.03738580128153093, 0.015510056185577957, -0.013264883540319222, -0.032377212182281935, -0.006110516092502708, -0.0011178812786790287, 0.000245951987310654, 0.00036795004081550026], [0.015510056185577954, 0.007935445794720167, -0.004494463128187068, -0.013568171717635023, -0.0019148859396945794, -0.000637203582222601, 0.0011824243544496505, 0.0005442126226228367], [-0.013264883540319222, -0.004494463128187068, 0.006024602670542447, 0.013595417202403393, 0.0012385055346066573, 0.00047968404091505067, 0.00030421504723725094, 0.0004515369021462981], [-0.03237721218228193, -0.013568171717635023, 0.013595417202403393, 0.04428721598296357, -0.0010330073140970958, 0.0010379817897994837, -0.0014235549064792756, 0.0009341675400565163], [-0.006110516092502707, -0.0019148859396945792, 0.0012385055346066575, -0.0010330073140970958, 0.011485813628901453, -0.0004170326445716588, 0.0009627415089360146, -0.0011724702616134198], [-0.0011178812786790287, -0.000637203582222601, 0.00047968404091505067, 0.0010379817897994837, -0.0004170326445716588, 0.001543685754357566, 0.0008607366251748973, -0.00023004269350387538], [0.00024595198731065397, 0.0011824243544496505, 0.0003042150472372508, -0.0014235549064792754, 0.0009627415089360146, 0.0008607366251748973, 0.0020225776365269317, 0.0004073726103810258], [0.0003679500408155002, 0.0005442126226228368, 0.0004515369021462982, 0.0009341675400565165, -0.00117247026161342, -0.00023004269350387536, 0.000407372610381026, 0.0030830231061270254]], [[0.026623330174872877, 0.008304672022083535, -0.005465431172751853, 0.003788128801039526, -0.0022473376822408336, -0.0017062914207449998, -0.0011178258699245415, -0.002924895910183878], [0.008304672022083535, 0.0029581121442996254, -0.0014241728388634247, 0.001060486552009725, -0.001342663564163732, -0.00010041921636215787, 0.00026455046031591414, -0.0008344494667252297], [-0.005465431172751854, -0.001424172838863425, 0.002091884705034948, -0.0012206483603723782, 0.0002460638146946921, 0.0008328906008084712, 5.1653491393476814e-05, 0.0009179458395775655], [0.003788128801039526, 0.001060486552009725, -0.001220648360372378, 0.0012890064629627182, -0.0007127830870035883, -0.0003838037509623807, -5.395416608173635e-05, -0.0010642176721851367], [-0.002247337682240834, -0.0013426635641637322, 0.0002460638146946921, -0.0007127830870035883, 0.0028688179243781435, -0.0013695507381393127, -0.0020574272601986314, 0.0008445364578446756], [-0.001706291420745, -0.000100419216362158, 0.0008328906008084713, -0.00038380375096238077, -0.0013695507381393127, 0.0018399637930718532, 0.001875763636253414, 0.00012640017135298056], [-0.0011178258699245415, 0.00026455046031591414, 5.1653491393476814e-05, -5.395416608173639e-05, -0.0020574272601986314, 0.0018757636362534144, 0.0029697013625699944, 0.0001805843033159396], [-0.0029248959101838786, -0.0008344494667252297, 0.0009179458395775654, -0.0010642176721851367, 0.0008445364578446756, 0.00012640017135298056, 0.0001805843033159396, 0.0026148209756217252]], [[0.2725622093878684, 0.017985332475634917, -0.05235410096278992, 0.014070994346961376, 0.027349488933795223, -0.01193316990063942, 0.0008392809709602746, -0.00471132084641427], [0.017985332475634917, 0.0014686501080226936, -0.0030797260851554665, 0.001104394013913791, 0.0017653462459633845, -0.0002012427585216832, 0.000343789643818815, -0.0012457925809508969], [-0.05235410096278991, -0.0030797260851554665, 0.010646327430176395, -0.002413826530925204, -0.005382817578970948, 0.002868512149307446, 4.151016580535385e-05, -0.0003935180353783371], [0.014070994346961374, 0.0011043940139137908, -0.002413826530925204, 0.0015233940280597515, 0.0006344855348352312, -0.00020586119897204674, 0.00020194111871331806, -0.0011531592163559713], [0.02734948893379522, 