,X,Y,Z,id,nugget
0,100.0,0.0,-825.0,43307780,1e-05
1,300.0,0.0,-787.781648804189,43307780,1e-05
2,900.0,0.0,-825.0,43307780,1e-05
3,100.0,0.0,-844.9999999999999,49944221,1e-05
4,300.0,0.0,-804.849221085589,49944221,1e-05
5,900.0,0.0,-844.9999999999999,49944221,1e-05
