{"weights": [0.1722213195419537, 0.16662974146482776, 0.3000299519036264, 0.12778685372421325, 0.1555508259169665, 0.07778130744841234], "means": [[-6.852097109716817, -0.6535950781183513, -0.29128698132885816, 0.03714338023842819, -0.0016505297096028352, -0.008086676215234519, 0.008877100527657425, -0.0017631262245075318, 0.002316421424377072, 0.0010506474948025783], [4.115119706833429, -0.5195726821344656, -0.17420321100995123, -0.22281762160427798, 0.04237857983535326, -0.0005236299532282313, -0.007829794927727219, -0.008818198072929578, 0.0010301981119686548, -0.0065741044928760844], [3.2424252392480333, -0.20719384976939342, 0.08651526514884124, 0.14025226021196283, -0.044636129055546245, 0.006980165710157706, 0.002265397996419449, 0.008717833979076776, -0.0004350687883467627, 0.003707983080917385], [-0.6909045334238644, 0.5551516515842472, 0.5681404985407444, 0.03849010871217366, 0.06463586059923965, -0.005459828649756559, 0.0046306069169404634, -0.0151600802552826, 0.006439098048319266, 0.008984652387184974], [-2.8731853896372663, 0.5029056542190058, 0.40963210067596467, -0.11084759648447717, -0.012250237151926439, 0.0010139541015258475, -0.013971440759815504, 0.006667454912983158, -0.008221271153381782, -0.012058107729735701], [0.7298162401575935, 1.4416723013238422, -1.0681667309068705, 0.01253755128678087, 0.003353267103657618, -0.000955698553021902, 0.008712915338700772, 0.0007397859713768364, 0.00020478321036498015, 0.006807800254560476]], "cov": [[[0.005386875127708391, -0.00030502340100204095, 0.0009649705684305418, -0.00043158325311490396, 9.348391612338619e-05, -7.185396147525967e-05, 4.264964763310583e-05, -0.00010607191980163477, 4.8879875787168634e-05, 0.00040880967592209097], [-0.00030502340100204095, 0.008260281370781119, -0.006192148481003649, 0.0038266103200250614, 0.00030855345027872613, 0.0019619091810636076, -0.003722403710430864, 0.00022088191427147895, -2.1114341535913704e-06, -0.0035588281790913468], [0.0009649705684305418, -0.006192148481003649, 0.005659735710219619, -0.003195068640161162, -0.0002049814324309076, -0.0012618392759039243, 0.0026550569765955148, -0.00031032535696462433, 3.338640523660524e-05, 0.0031072083901332757], [-0.00043158325311490396, 0.0038266103200250614, -0.003195068640161162, 0.0019526309604767336, 0.0002271518794997597, 0.0008731524553618476, -0.001635851360825051, 0.00012059242287810863, 3.5447584380349634e-05, -0.001814461479722633], [9.348391612338619e-05, 0.00030855345027872613, -0.0002049814324309076, 0.0002271518794997597, 0.00017033138101368067, 0.00013600812878575562, -4.908035619206081e-05, -2.9040893696893393e-07, 7.522203610339361e-05, -0.0001620690900631624], [-7.185396147525967e-05, 0.0019619091810636076, -0.0012618392759039243, 0.0008731524553618476, 0.00013600812878575562, 0.0008123824432471537, -0.0007484173981414554, -5.45563868452439e-05, 6.123825143209292e-05, -0.0007976541755520695], [4.264964763310583e-05, -0.003722403710430864, 0.0026550569765955148, -0.001635851360825051, -4.908035619206081e-05, -0.0007484173981414554, 0.001820958929757333, -9.788742216083016e-05, 5.395722028743583e-05, 0.0015088869253441467], [-0.00010607191980163477, 0.00022088191427147895, -0.00031032535696462433, 0.00012059242287810863, -2.9040893696893393e-07, -5.45563868452439e-05, -9.788742216083016e-05, 0.00017694974471706642, -1.1681620454716891e-05, -0.00012967409010898015], [4.8879875787168634e-05, -2.1114341535913704e-06, 3.338640523660524e-05, 3.5447584380349634e-05, 7.522203610339361e-05, 6.123825143209292e-05, 5.395722028743583e-05, -1.1681620454716891e-05, 0.00022806809352049462, 5.3046482987226785e-05], [0.00040880967592209097, -0.0035588281790913468, 0.0031072083901332757, -0.001814461479722633, -0.0001620690900631624, -0.0007976541755520695, 0.0015088869253441467, -0.00012967409010898015, 5.3046482987226785e-05, 0.001816672210434659]], [[0.007289203774385977, -0.0008891082538504927, 0.00043677179147271806, 0.0006135471234231787, 0.0017993080935888876, -5.838623589100778e-05, -0.0005519041019757964, 0.00027289066831501447, 0.0002756994170162482, -3.85431888049024e-05], [-0.0008891082538504927, 0.0026004009927924556, -0.0011587135136298657, 0.0023891982970413203, 0.0030093480599415086, 0.00031802387722472647, -0.0013015928158537937, 0.0001753950784664822, -0.0003447775117871338, 7.740686490177886e-05], [0.00043677179147271806, -0.0011587135136298657, 0.0006819513294946648, -0.00047672585248282885, -0.0011876059010445632, -0.00010914358143343846, 0.000446917378379822, -0.00038627406417456793, 5.4575372750061515e-05, 0.00010410555711248605], [0.0006135471234231787, 0.0023891982970413203, -0.00047672585248282885, 0.016310669000751423, 0.005940548807592542, 0.0011001968339870358, -0.0022775296688298287, -0.0009513939516606772, -0.0013033489843995172, -0.0009916710836975046], [0.0017993080935888876, 0.0030093480599415086, -0.0011876059010445632, 0.005940548807592542, 0.014385688245703552, 0.0012352977056556886, -0.0036143102986139508, 0.0002746104557493827, -0.0001549121684947712, 0.001613786182966202], [-5.838623589100778e-05, 0.00031802387722472647, -0.00010914358143343846, 0.0011001968339870358, 0.0012352977056556886, 0.001157149786733447, 0.000563815841177936, -0.0006703693957013833, 0.0003583489045986059, 7.570537151249402e-05], [-0.0005519041019757964, -0.0013015928158537937, 0.000446917378379822, -0.0022775296688298287, -0.0036143102986139508, 0.000563815841177936, 0.002365448781465518, -0.00019226550891679095, 0.000185522491998501, -0.00019781036737846435], [0.00027289066831501447, 0.0001753950784664822, -0.00038627406417456793, -0.0009513939516606772, 0.0002746104557493827, -0.0006703693957013833, -0.00019226550891679095, 0.003060884311576207, -0.0001385722317068616, -2.6445938166554017e-05], [0.0002756994170162482, -0.0003447775117871338, 5.4575372750061515e-05, -0.0013033489843995172, -0.0001549121684947712, 0.0003583489045986059, 0.000185522491998501, -0.0001385722317068616, 0.0015309927861922813, -0.0001234052890084472], [-3.85431888049024e-05, 7.740686490177886e-05, 0.00010410555711248605, -0.0009916710836975046, 0.001613786182966202, 7.570537151249402e-05, -0.00019781036737846435, -2.6445938166554017e-05, -0.0001234052890084472, 0.001022468817097662]], [[0.28333277207360913, -0.0939538573567715, -0.05922727667576476, 0.029903184299458357, 0.034537371390238145, -0.00020163893123216107, -0.007949130219537201, -0.0019501271883984642, -0.005665300888767822, -0.0016143112025518136], [-0.0939538573567715, 0.03212970550942914, 0.018963608307997724, -0.010094683437049227, -0.013464159989689656, 2.8948183224819544e-05, 0.0019678014521732896, 1.0279479395418729e-05, 0.00180869880264669, 0.00019350646157756602], [-0.05922727667576476, 0.018963608307997724, 0.01327552816601373, -0.006195893736109403, -0.0058976991394620116, 0.00027903845027800266, 0.0019146185445484494, 0.0009540980555813181, 0.0010668498643754297, 0.0005223036483611967], [0.029903184299458357, -0.010094683437049227, -0.006195893736109403, 0.005075767488367601, 0.005330627205827079, -0.00030018337644204137, -0.0009840916347790458, -0.00059269682973123, -0.00040996933195954486, -0.0001817602215096025], [0.034537371390238145, -0.013464159989689656, -0.0058976991394620116, 0.005330627205827079, 0.010515174012510373, 0.0005688286496016682, 0.0008689417460939499, 0.0008324399624466384, -0.0002182071823929614, 0.0003090446071967109], [-0.00020163893123216107, 2.8948183224819544e-05, 0.00027903845027800266, -0.00030018337644204137, 0.0005688286496016682, 0.002138345366270178, 0.0017018305211405711, 0.00010682155953507605, -0.00012955542103362423, -0.000502675991911565], [-0.007949130219537201, 0.0019678014521732896, 0.0019146185445484494, -0.0009840916347790458, 0.0008689417460939499, 0.0017018305211405711, 0.0025756810593989465, 0.0006311514788005483, -0.00011785833142566573, -2.0048903356790025e-05], [-0.0019501271883984642, 1.0279479395418729e-05, 0.0009540980555813181, -0.00059269682973123, 0.0008324399624466384, 