{"weights": [0.17222139252289764, 0.16663128145505507, 0.3000283524290278, 0.1277868552198497, 0.1555508098176661, 0.07778130855550369], "means": [[-6.8520910987214565, -0.6535949733509777, -0.2912869368932007, 0.037143180106628135, -0.0016505346560614755, -0.008086658250913759, 0.008877107413532556, -0.0017631282294271594, 0.002316424517219023, 0.0010506451413132753], [4.1151178560975135, -0.5195724879592618, -0.1742034707105218, -0.22281897805406578, 0.042377458056833156, -0.0005235716423388073, -0.00782938630514066, -0.008817960193210485, 0.0010301663754112816, -0.006574194526646293], [3.2424206177848363, -0.20719227330405637, 0.08651683446266523, 0.14025501192198414, -0.044635954769090984, 0.0069801643668709916, 0.0022652177654037446, 0.008717794124479658, -0.00043506186211019024, 0.003708087392832611], [-0.6909045632701372, 0.555151656437721, 0.5681405018787274, 0.03849010782104448, 0.06463586305402226, -0.005459829194644564, 0.004630607220080771, -0.015160080379286928, 0.0064390975694266495, 0.00898465214354986], [-2.873185594057164, 0.502905642330189, 0.4096320931579613, -0.11084760954711978, -0.01225024852339497, 0.0010139552766567997, -0.013971443549991011, 0.006667457831343395, -0.008221270005045052, -0.01205810810634058], [0.7298162186154166, 1.4416723007010879, -1.068166726253628, 0.012537550628667266, 0.0033532684594064894, -0.0009556977005494054, 0.008712915163647203, 0.0007397860774865428, 0.00020478277978213758, 0.006807799792349825]], "cov": [[[0.005452446879840598, -0.0003039949452831739, 0.0009654916964694393, -0.0004338040544112674, 9.344152049181453e-05, -7.168985671298237e-05, 4.279936263713896e-05, -0.00010605939192353428, 4.893227996323091e-05, 0.0004088110679257694], [-0.0003039949452831739, 0.008260293269519384, -0.006192137483446274, 0.0038265731525821594, 0.0003085522497231386, 0.001961910617203167, -0.0037223990426347585, 0.00022088226358007928, -2.110694234952099e-06, -0.00355882652926124], [0.0009654916964694393, -0.006192137483446274, 0.00565973742744069, -0.003195084475082017, -0.00020498121292685794, -0.0012618373229677199, 0.002655056697492258, -0.00031032524163414305, 3.338688045983594e-05, 0.0031072070582620665], [-0.0004338040544112674, 0.0038265731525821594, -0.003195084475082017, 0.0019527091396187982, 0.0002271588074107918, 0.000873146663533476, -0.0016358573154494067, 0.00012059137453821503, 3.544667604981402e-05, -0.0018144607190783198], [9.344152049181453e-05, 0.0003085522497231386, -0.00020498121292685794, 0.0002271588074107918, 0.00017033978107781718, 0.0001360082635494352, -4.908307673156177e-05, -2.9167880726576806e-07, 7.522309592409546e-05, -0.0001620691938789322], [-7.168985671298237e-05, 0.001961910617203167, -0.0012618373229677199, 0.000873146663533476, 0.0001360082635494352, 0.0008123825805315572, -0.0007484165893344007, -5.455650003065954e-05, 6.123858579896198e-05, -0.0007976536956129859], [4.279936263713896e-05, -0.0037223990426347585, 0.002655056697492258, -0.0016358573154494067, -4.908307673156177e-05, -0.0007484165893344007, 0.0018209589686784683, -9.788730669938927e-05, 5.395688352172633e-05, 0.0015088862015098588], [-0.00010605939192353428, 0.00022088226358007928, -0.00031032524163414305, 0.00012059137453821503, -2.9167880726576806e-07, -5.455650003065954e-05, -9.788730669938927e-05, 0.0001769502905354853, -1.1681925409975467e-05, -0.00012967409768587385], [4.893227996323091e-05, -2.110694234952099e-06, 3.338688045983594e-05, 3.544667604981402e-05, 7.522309592409546e-05, 6.123858579896198e-05, 5.395688352172633e-05, -1.1681925409975467e-05, 0.00022806849967075028, 5.304658764528569e-05], [0.0004088110679257694, -0.00355882652926124, 0.0031072070582620665, -0.0018144607190783198, -0.0001620691938789322, -0.0007976536956129859, 0.0015088862015098588, -0.00012967409768587385, 5.304658764528569e-05, 0.001816671503605071]], [[0.007304991402163586, -0.0008888038827015918, 0.00043690753231040143, 0.0006132684655965218, 0.0017993993837575777, -5.834517520222256e-05, -0.0005520223393636297, 0.0002728316335975254, 0.0002756778950143144, -3.858028699055783e-05], [-0.0008888038827015918, 0.0026003908912113093, -0.0011587055854375386, 0.0023891364334996247, 0.003009293456918998, 0.00031802357218762894, -0.001301572124075792, 0.00017539801068132185, -0.00034477589109540007, 7.740374146622509e-05], [0.00043690753231040143, -0.0011587055854375386, 0.0006819540840666999, -0.0004766849216077589, -0.0011875638699105134, -0.00010914406386858412, 0.00044690087454674765, -0.0003862772161098131, 5.45757271279656e-05, 0.00010410651016183005], [0.0006132684655965218, 0.0023891364334996247, -0.0004766849216077589, 0.01631073924804311, 0.00594066470094053, 0.0011001760612731263, -0.002277568649488422, -0.0009514201171183738, -0.0013033310524545338, -0.0009916474570682], [0.0017993993837575777, 0.003009293456918998, -0.0011875638699105134, 0.00594066470094053, 0.014385696408313631, 0.0012352782154957508, -0.00361432818829188, 0.00027457824894620397, -0.00015490714082366477, 0.0016137809380640895], [-5.834517520222256e-05, 0.00031802357218762894, -0.00010914406386858412, 0.0011001760612731263, 0.0012352782154957508, 0.0011571401920106013, 0.000563813842335735, -0.0006703616906322393, 0.0003583459921214934, 7.570497487498691e-05], [-0.0005520223393636297, -0.001301572124075792, 0.00044690087454674765, -0.002277568649488422, -0.00361432818829188, 0.000563813842335735, 0.0023654470546042097, -0.0001922530400932742, 0.00018551982315708217, -0.00019781066669399765], [0.0002728316335975254, 0.00017539801068132185, -0.0003862772161098131, -0.0009514201171183738, 0.00027457824894620397, -0.0006703616906322393, -0.0001922530400932742, 0.00306086249387377, -0.00013857156596680474, -2.644781126527001e-05], [0.0002756778950143144, -0.00034477589109540007, 5.45757271279656e-05, -0.0013033310524545338, -0.00015490714082366477, 0.0003583459921214934, 0.00018551982315708217, -0.00013857156596680474, 0.001530980165355706, -0.00012340254087044839], [-3.858028699055783e-05, 7.740374146622509e-05, 0.00010410651016183005, -0.0009916474570682, 0.0016137809380640895, 7.570497487498691e-05, -0.00019781066669399765, -2.644781126527001e-05, -0.00012340254087044839, 0.0010224625923971166]], [[0.28333131902342407, -0.09395321100255266, -0.0592263941107166, 0.029905644865777247, 0.034537667781695494, -0.0002016366390648875, -0.007949322014854104, -0.001950163424821748, -0.005665322038587967, -0.0016142298602259617], [-0.09395321100255266, 0.03212945652713289, 0.018963279683682357, -0.010095533237268743, -0.013464275561705567, 2.8947751125758606e-05, 0.0019678636252972487, 1.0289668509394706e-05, 0.0018087059283684547, 0.0001934766686747419], [-0.0592263941107166, 0.018963279683682357, 0.013275161740357078, -0.006196724541769526, -0.005897776748899422, 0.0002790397448584898, 0.0019146815003204377, 0.0009541135298984185, 0.0010668528677000395, 0.0005222761882286202], [0.029905644865777247, -0.010095533237268743, -0.006196724541769526, 0.005074377151987602, 0.005330563257338479, -0.00030018478791997465, -0.0009840024669587704, -0.0005926793406529833, -0.0004099761839285229, -0.00018181473554761617], [0.034537667781695494, -0.013464275561705567, -0.005897776748899422, 0.005330563257338479, 0.01051521707622744, 0.0005688314294783277, 0.0008689547547145589, 0.0008324469762268472, -0.00021820937965296995, 0.00030904353073082734], [-0.0002016366390648875, 2.8947751125758606e-05, 0.0002790397448584898, -0.00030018478791997465, 0.0005688314294783277, 0.002138356402965624, 0.00170183919913152, 0.0001068223013103164, -0.0001295566443475101, -0.0005026793615195911], [-0.007949322014854104, 0.0019678636252972487, 0.0019146815003204377, -0.0009840024669587704, 0.0008689547547145589, 0.00170183919913152, 0.002575687157408707, 0.0006311532977298788, -0.0001178587208982746, -2.0046473744461023e-05], [-0.001950163424821748, 1.0289668509394706e-05, 0.0009541135298984185, -0.0005926793406529833, 0.0008324469762268472, 0.0001068223013103164, 0.0006311532977298788, 