{"MAP index": 39, "entropy_prior_gmm": 1.1512992384279826e-08, "entropy_MAP_gmm": 1.1610250538751643e-08, "entropy_z_nk_prior": 0.0010043481942180821, "entropy_MAP_z_nk": 0.005594676290350647, "entropy_mixing_prior": 53.75278407684164, "entropy_MAP_mixing": 1.7188378117002414}