{"weights": [0.1552990400758255, 0.17751937883803912, 0.30606186999148904, 0.11686853315886911, 0.09980363725536011, 0.14444754068041712], "means": [[3.72862791181852, 0.4612525418953219, -0.3805840630720154, 0.12800420710679747, -0.02624760221661183, -0.08460732374727287, 0.05855038651387169, -0.01705303971630761], [1.0497832627778587, 0.5592238238980274, -0.533169865600926, 0.00046811305460682723, 0.05066958058592182, 0.026839410368502008, -0.020503362558095324, 0.012708459311266337], [-3.915852346486725, -0.4420068571297672, 0.09377829770777368, 0.01944050176488527, 0.02697577361894631, -0.00814896325007948, 0.005188496027385186, 0.007884962709204572], [-2.69031772917131, -0.025910940991591216, -0.20323038734016058, -0.08678493402281331, -0.10027489880289052, -0.007103593520750601, -0.02082653120543163, -0.011042474785241627], [-0.7230662888226258, 1.444907323775667, 1.0699827337623595, -0.007466621238564718, 0.004154050334277842, 0.004667548607182292, -0.008882363201585917, -0.0146118038021391], [6.858433304767606, -0.6535784237322452, 0.2967690944455762, -0.03686283730734816, -0.0041084143062376085, 0.009150336969077601, -0.008406467248875489, 0.00039577217839482524]], "cov": [[[0.2646673379666879, -0.030217306942790834, 0.048347594711590086, -0.013604296404913152, -0.009288288472597418, 0.0008056415776570488, 0.01462730825007604, 0.0007968235805471883], [-0.03021730694279083, 0.004598334717252871, -0.0035525748677460397, -8.994346033282461e-05, 0.001969025900750664, 0.00019160598240792245, -0.0019348170575751533, -0.00032793828573584655], [0.04834759471159008, -0.0035525748677460406, 0.012835638892825681, -0.005497735431573851, -0.0004814161839387774, 0.000876371944963518, 0.0019263229709453363, -1.8658969070600586e-05], [-0.01360429640491315, -8.994346033282477e-05, -0.005497735431573852, 0.003812980410820712, -0.0014726906340409717, -0.0006422382370248691, -0.00013515029785291145, 0.0006285055541769327], [-0.009288288472597417, 0.001969025900750664, -0.00048141618393877716, -0.0014726906340409714, 0.0032753170898706884, 2.393307414724672e-05, -0.0008056585785393998, -0.0012401636374898975], [0.0008056415776570487, 0.00019160598240792247, 0.000876371944963518, -0.0006422382370248691, 2.393307414724673e-05, 0.000699414651092732, 9.144823934516493e-05, -0.0002180327432187868], [0.014627308250076038, -0.0019348170575751533, 0.001926322970945336, -0.0001351502978529115, -0.0008056585785393998, 9.144823934516493e-05, 0.0012023866420350332, 6.179532860584077e-05], [0.0007968235805471882, -0.00032793828573584655, -1.8658969070600515e-05, 0.0006285055541769325, -0.0012401636374898973, -0.0002180327432187868, 6.179532860584075e-05, 0.0009576490844213815]], [[0.35046642348967016, 0.004012685214551686, 0.03232100374296426, 0.03201185664980732, -0.014774438546671112, 0.02320708137140401, -0.011691695089581773, -0.002910789518884557], [0.004012685214551686, 0.0012528068319535234, 0.0008350089909735196, 0.00015064581280904656, -0.0012191893867999968, -0.000741439502497883, -5.652005635287547e-05, 7.558595022173613e-06], [0.03232100374296426, 0.0008350089909735195, 0.005257550550037315, 0.003509885616616037, -0.002409394204229806, 0.0032097467572035393, -0.0017919140115542985, -9.299045773481353e-06], [0.03201185664980732, 0.00015064581280904653, 0.003509885616616037, 0.005374728327830509, -0.0027071479098447586, 0.0030920640317828613, -0.0014735656697223954, -0.0007495615618905462], [-0.014774438546671112, -0.0012191893867999968, -0.0024093942042298063, -0.0027071479098447586, 0.0041443910632214635, -0.0009512685149238322, 0.00013482314154517565, 0.0006050780229655654], [0.02320708137140401, -0.000741439502497883, 0.003209746757203539, 0.0030920640317828613, -0.0009512685149238321, 0.005060443687768759, 0.00010212969339403483, -0.0004951395516261974], [-0.011691695089581773, -5.65200563528754e-05, -0.0017919140115542989, -0.0014735656697223952, 0.0001348231415451757, 0.00010212969339403483, 0.002484584270705101, -8.167515556766681e-05], [-0.0029107895188845564, 7.55859502217361e-06, -9.299045773481414e-06, -0.0007495615618905461, 0.0006050780229655654, -0.0004951395516261974, -8.167515556766675e-05, 0.0016196469854538149]], [[0.0645260763922088, 0.02678263941602077, -0.023263272967250413, -0.05864556960488985, -0.01047411952118368, -0.0018260761719084996, 0.0007591707225972598, 0.0006773706242186303], [0.02678263941602077, 0.012974869428619607, -0.008393006930256, -0.024665675725412714, -0.003564532074062072, -0.0012207335204943803, 0.0013364720671246112, 0.0003995611286458288], [-0.023263272967250413, -0.008393006930255999, 0.009954083203019128, 0.024140717078137332, 0.002145948782070227, 0.00048061222545566526, 5.910255246301427e-05, 0.00026565175786110275], [-0.05864556960488985, -0.024665675725412714, 0.024140717078137336, 0.07623185132643356, -0.0013296505851363811, 0.002040556742189895, -0.002329726657453887, 0.0016120174648829708], [-0.01047411952118368, -0.003564532074062072, 0.0021459487820702267, -0.0013296505851363805, 0.016578680332822036, -0.00041107551277140943, 0.0014804225355819134, -0.0017497188656437229], [-0.0018260761719084996, -0.0012207335204943801, 0.0004806122254556654, 0.002040556742189895, -0.00041107551277140943, 0.001997235257616525, 0.0010944973093598542, -0.0002347927591108225], [0.00075917072259726, 0.0013364720671246112, 5.9102552463014244e-05, -0.0023297266574538863, 0.0014804225355819134, 0.0010944973093598542, 0.0021615108394436628, 0.0002274864055006983], [0.0006773706242186303, 0.0003995611286458288, 0.00026565175786110275, 0.0016120174648829712, -0.0017497188656437233, -0.0002347927591108225, 0.0002274864055006983, 0.003566241038342239]], [[0.025167565763521613, 0.007817969343013043, -0.005149263356796722, 0.003565728081121677, -0.002002319518746264, -0.0017150775680673715, -0.001221636235930796, -0.0027512977331235716], [0.007817969343013043, 0.0029080821429462067, -0.0012552398333048626, 0.0010037099421242623, -0.0016377482096561135, 0.00021865201586627821, 0.0006246032888079673, -0.0008615729647157717], [-0.005149263356796723, -0.0012552398333048626, 0.002201969448684273, -0.0012261888495749542, 6.218052868376534e-05, 0.0009827261233522058, 9.006656719715685e-05, 0.0007548692468979725], [0.003565728081121677, 0.001003709942124262, -0.0012261888495749542, 0.0012397825878824372, -0.0007118783566978338, -0.00029994647956106874, 0.00010495152439980195, -0.0010018916532562945], [-0.002002319518746264, -0.0016377482096561135, 6.21805286837653e-05, -0.0007118783566978339, 0.004199988261824341, -0.0025357587040815734, -0.0035809236073516665, 0.0010311485747775565], [-0.0017150775680673715, 0.00021865201586627821, 0.0009827261233522058, -0.0002999464795610688, -0.0025357587040815734, 0.002672446302557854, 0.002987649182861346, -3.937989282678276e-05], [-0.0012216362359307959, 0.0006246032888079672, 9.006656719715688e-05, 0.00010495152439980187, -0.0035809236073516665, 0.002987649182861346, 0.004624961041690802, 3.1974651620345745e-05], [-0.0027512977331235716, -0.0008615729647157717, 0.0007548692468979725, -0.0010018916532562947, 0.0010311485747775567, -3.937989282678284e-05, 3.197465162034571e-05, 0.0025196064345462134]], [[0.40558684338515577, 0.02675199078755077, -0.07791386307689263, 0.020893215073734484, 0.040764903867817094, -0.01783534179227462, 0.0011901445881421753, -0.006893298673294159], [0.02675199078755077, 0.0020801474718206803, -0.0046762879734038275, 0.0014962610012769228, 0.002652631452518391, -0.0006795202066841637, 0.00030729653313311625, -0.0012089979984250918], [-0.07791386307689263, -0.004676287973403828, 0.015773118963032597, -0.0038090495828575137, -0.007923989826321544, 0.0038781642385147296, -0.00013085675515185275, 0.0002784393429680298], [0.020893215073734487, 0.001496261001276923, -0.0038090495828575137, 0.0017868690331003974, 0.001312361291349918, -0.0005591569645315897, 0.000242679868071484, -0.0011116242494552315], [0.0407649038678171, 0.002652631452518391, -0.007923989826321544, 