{"accuracy_init": 0.7722222208976746, "accuracy_final_MAP": 0.8166666626930237, "accuracy_final_mean": 0.8500000238418579}