{"MAP index": 0, "entropy_prior_gmm": 1.1512925464970228e-08, "entropy_MAP_gmm": 0.0004222489078529179, "entropy_z_nk_prior": 9.616358581884957e-06, "entropy_MAP_z_nk": 0.013395806898910552, "entropy_mixing_prior": 88.99072030499339, "entropy_MAP_mixing": 1.6712052720693629}