{"weights": [0.1043718503214265, 0.08822120569377065, 0.33606492452667525, 0.20429301464742858, 0.10210640008078874, 0.16494260472991026], "means": [[3.9765456132425188, 0.41312426088556303, -0.37391070967327256, 0.14470864642522185, -0.04363310978491047, 0.01210292673164483, 0.11364841999842362, 0.0018021705498318945], [-0.7278273960231879, 1.481503415791142, 1.0199282794835784, -0.00920141793831579, 0.007998401590127987, 0.01091299587055272, -0.005396460658586788, -0.01290822820233914], [-3.8767720166668473, -0.42764129986550525, 0.09747906086371431, 0.033337901824488085, 0.0037527691323866533, -0.0035133756119372175, 0.00652215818905878, 0.008385401388045267], [1.2404699725802102, 0.5442689954122555, -0.5362238302047377, 0.009744405755659985, 0.04547998191310743, -0.0045110546440185525, -0.04651310136974083, 0.008386945819446856], [-2.6572867041362365, -0.018740455072551527, -0.20887674492300218, -0.10468726841910024, -0.09328936550252515, 0.02881821365545732, -0.015269623415213032, -0.008695921500623871], [6.870576427571084, -0.6325722463074812, 0.31995037802494974, -0.053304263989069664, 0.00486897160982089, 0.0028718198667493627, -0.007277881376997038, -0.000835708157752774]], "cov": [[[0.20212744409430386, -0.02698803024386665, 0.032391661228369714, -0.005446066232307677, -0.008143040341961826, -0.0005911816480233268, 0.00707063041030382, 0.004310231201822987], [-0.026988030243866645, 0.00462205788471724, -0.002895999068844318, -0.0003728287576529495, 0.0013191286044081693, -6.44502180473789e-05, -0.0010504365050752686, -0.0006250270204513872], [0.032391661228369714, -0.002895999068844318, 0.008147286440860955, -0.0033031406334587494, -0.0009089851843059366, -0.0002039080302873134, 0.0002530141860747411, 0.0009829976454549018], [-0.005446066232307677, -0.0003728287576529493, -0.00330314063345875, 0.0028352657597047054, -0.0008113759449193535, 0.000185622133165982, 0.0007171024769400008, -0.00020033975559991375], [-0.008143040341961826, 0.0013191286044081693, -0.0009089851843059362, -0.0008113759449193535, 0.002056928862714493, 0.00021438421520557322, -0.00044554615846055106, -0.00041671472920100486], [-0.0005911816480233268, -6.445021804737888e-05, -0.00020390803028731342, 0.00018562213316598196, 0.00021438421520557333, 0.0015429171675419267, -9.015261532970955e-05, 3.5121840658571462e-06], [0.007070630410303819, -0.0010504365050752686, 0.00025301418607474077, 0.0007171024769400009, -0.000445546158460551, -9.015261532970956e-05, 0.0008758621796147022, -0.00010729954647712797], [0.004310231201822987, -0.0006250270204513873, 0.0009829976454549018, -0.00020033975559991375, -0.00041671472920100486, 3.512184065857182e-06, -0.00010729954647712803, 0.00097726486646606]], [[0.2903348495241958, 0.01985047366803627, -0.05882941585984179, 0.008417213215983784, 0.04296439295760983, 0.004294648131943998, 0.013223653052812721, -0.012222661811114637], [0.01985047366803627, 0.002251759844838399, -0.0032987367396056302, 0.0003515107932030483, 0.003420416550689112, 0.00015796885094871406, 0.00119987388097432, -0.0014820765498008322], [-0.05882941585984179, -0.0032987367396056302, 0.012957287839277815, -0.001772070001424432, -0.008533207302722707, -0.00045716649179962485, -0.002663913467087701, 0.0021427688225169285], [0.008417213215983784, 0.0003515107932030483, -0.001772070001424432, 0.0010920995915603845, 9.666109817990629e-05, -0.00019003726889567637, 0.0002772160284046937, 9.466957940963842e-05], [0.04296439295760982, 0.0034204165506891114, -0.008533207302722707, 9.666109817990622e-05, 0.009864242325325397, 0.0023803135739022714, 0.001980376218849294, -0.004382444813776312], [0.004294648131943998, 0.000157968850948714, -0.00045716649179962485, -0.0001900372688956763, 0.0023803135739022714, 0.007916334596845775, -0.0011055281681587104, 0.0007275097096293362], [0.013223653052812721, 0.0011998738809743197, -0.002663913467087701, 0.00027721602840469374, 0.001980376218849294, -0.0011055281681587104, 0.0009937586230044388, -0.001143503680051161], [-0.012222661811114637, -0.0014820765498008322, 0.002142768822516929, 9.466957940963842e-05, -0.004382444813776312, 0.0007275097096293362, -0.001143503680051161, 0.004968515234748358]], [[0.04639376301677545, 0.019696824745942934, -0.016736933435046415, -0.0414378155405567, -0.009559860106730626, 0.0012979664491344766, 0.0010669246258768565, -0.0004611511579654027], [0.019696824745942934, 0.010938748020341489, -0.005481981191680389, -0.019478666223681135, -0.002950662433006017, 0.0005997784446605852, 0.0017083888337518537, 0.0006594127587663742], [-0.016736933435046418, -0.00548198119168039, 0.0078118757879278794, 0.017159135918712355, 0.002188691286058401, -0.0001342537562725572, -4.851028192072864e-05, 0.0006345465982812286], [-0.0414378155405567, -0.019478666223681135, 0.017159135918712355, 0.061088473015416554, -0.002311044719735248, -0.00025422004059534614, -0.00372950508543846, 0.00020544774872711046], [-0.009559860106730628, -0.002950662433006017, 0.002188691286058401, -0.002311044719735248, 0.015820425237741003, -0.0007561904529311213, 0.0019748663194038294, -0.0008885440522698796], [0.001297966449134477, 0.0005997784446605853, -0.0001342537562725572, -0.00025422004059534614, -0.0007561904529311217, 0.005223150172005704, -0.0006771187913820857, 0.0005484683645058954], [0.0010669246258768563, 0.0017083888337518537, -4.851028192072862e-05, -0.00372950508543846, 0.0019748663194038294, -0.0006771187913820858, 0.0011249201923678493, -9.719944278842942e-05], [-0.00046115115796540283, 0.0006594127587663743, 0.000634546598281229, 0.00020544774872711054, -0.0008885440522698796, 0.0005484683645058957, -9.719944278842938e-05, 0.0046540364616923825]], [[0.45661050145463966, 0.00023349041207138975, 0.0338648634885149, 0.03814467101833164, -0.005701753896453482, -0.005418352755558295, -0.022941043630625033, -0.012116961031694634], [0.00023349041207138975, 0.001431435951625601, 0.00045101616616620763, 0.00036126056741456994, -0.00168740837079678, 0.00016793110623273462, 0.0007769491467495179, 4.537155156187425e-05], [0.0338648634885149, 0.0004510161661662077, 0.004696523252654571, 0.0030732933274611888, -0.0015861334595084387, -0.0012573871444828144, -0.0028406271560218297, -0.0008287396382711044], [0.03814467101833164, 0.00036126056741456994, 0.0030732933274611883, 0.0060882912598150445, -0.0023769414299134053, -0.0012858937100723787, -0.0018388110364032934, -0.0016569114155141288], [-0.005701753896453483, -0.00168740837079678, -0.0015861334595084387, -0.0023769414299134053, 0.004091483499104202, 0.0008086686559126786, -0.0003382115045411679, 0.00024358405084021103], [-0.005418352755558294, 0.00016793110623273462, -0.0012573871444828146, -0.0012858937100723787, 0.0008086686559126786, 0.0034553316126895955, 0.0007137672975507148, 0.0001924755453341804], [-0.022941043630625033, 0.0007769491467495178, -0.0028406271560218297, -0.0018388110364032932, -0.0003382115045411679, 0.0007137672975507149, 0.0028789429779888143, 0.0004015784959069398], [-0.012116961031694634, 4.5371551561874186e-05, -0.0008287396382711044, -0.0016569114155141288, 0.00024358405084021103, 0.0001924755453341804, 0.0004015784959069399, 0.0022443163421764223]], [[0.038668502591021656, 0.011697169694083057, -0.007832583273097896, 0.0042155722716908615, -0.002118833706505059, 0.0037354940172105383, -0.00021660208241714614, -0.00027625839771241794], [0.011697169694083057, 0.003982933617321792, -0.001969460479125144, 0.0009831504028183424, -0.0009848179457700463, 0.0008081959082416309, 0.00012711423249629717, -0.00020887235352550997], [-0.007832583273097897, -0.001969460479125144, 0.002467923120464309, -0.0012050793847413776, 0.0002617938205913758, -0.0007357724020751295, -0.00026493455286957427, -6.91959901057577e-05], [0.0042155722716908615, 0.0009831504028183422, -0.0012050793847413776, 0.0018146495179626955, -0.0010039744773212035, 0.0005172699689148294, 6.695211130827791e-05, -0.0005133949515601295], [-0.0021188337065050594, -0.0009848179457700463, 