{"MAP index": 261, "entropy_prior_gmm": 0.0009597588643864824, "entropy_MAP_gmm": 0.005162983201444149, "entropy_z_nk_prior": 0.00127887914225473, "entropy_MAP_z_nk": 0.0019307144176343109, "entropy_mixing_prior": 88.99072030499339, "entropy_MAP_mixing": 1.7133933367604306}