{"weights": [0.1638749678313938, 0.008374611433941104, 0.3289081246998533, 0.23174680181791593, 0.11369517776314672, 0.15340031645374907], "means": [[3.64718916700425, 0.4711839611254626, -0.39568646578432604, 0.13640359865671736, -0.026354108766562623, -0.08119251602685867, 0.059188796054424425, -0.01954620598932369], [1.0498266311352111, 0.5551600097284021, -0.5257121480561421, 0.002027997063097131, 0.04809110820414402, 0.04185348798823821, -0.020469945505047785, 0.012744473972205766], [-3.9174040720009704, -0.4410326230679791, 0.09517269209495907, 0.019253629441822028, 0.02431508389810347, -0.0043564029202050126, 0.009690904620680122, 0.001959554255845619], [-2.7001693190055818, -0.028085795578540046, -0.2013361426895598, -0.08777135204694694, -0.1081089496509311, -0.0012574038333623813, -0.014065726241079138, -0.010792070186464197], [-0.781658765995378, 1.4375495126469238, 1.0760804306361484, -0.013616282630006173, -0.001492546382950133, 0.004667698205311997, -0.008283054544993264, -0.0046855524170500845], [6.852183146624914, -0.6575370500178352, 0.28811937902341234, -0.03516380576485224, -0.0018253150911556359, 0.009303690061726865, -0.010456752671821572, 0.0015758285755141435]], "cov": [[[0.17923428950056064, -0.020506360994442238, 0.03264022489125802, -0.00914761562830389, -0.006274180769515378, 0.000510723581070832, 0.009921290055913967, 0.0005342955965367188], [-0.020506360994442238, 0.0033418445067605377, -0.002054956702015141, -0.00026619264718051345, 0.0014800385000128021, 0.0001578205246877923, -0.0013117485834531805, -0.00018874295726824852], [0.03264022489125802, -0.002054956702015141, 0.00936761329115066, -0.004135889140618393, -0.0002533301479716438, 0.0006776272180963665, 0.0011773631808276936, 3.9520812415646185e-05], [-0.009147615628303888, -0.0002661926471805135, -0.004135889140618393, 0.0031107840975094486, -0.0012780205177939847, -0.0005683457311551993, 3.722787418049185e-05, 0.0005300612742511713], [-0.006274180769515378, 0.0014800385000128021, -0.0002533301479716437, -0.0012780205177939845, 0.0028915077406624708, -0.0001352955620485185, -0.0005880893945474078, -0.00109133887779581], [0.000510723581070832, 0.00015782052468779227, 0.0006776272180963665, -0.0005683457311551993, -0.0001352955620485185, 0.000993896645920532, 0.00022707871225218174, -0.0004119486115293329], [0.009921290055913967, -0.0013117485834531807, 0.0011773631808276938, 3.7227874180491756e-05, -0.0005880893945474078, 0.0002270787122521817, 0.001028884179280005, -2.9213897414990592e-05], [0.0005342955965367188, -0.00018874295726824852, 3.952081241564612e-05, 0.0005300612742511713, -0.00109133887779581, -0.0004119486115293329, -2.9213897414990633e-05, 0.0009889179296115524]], [[0.3196252892667048, 0.003663594272052012, 0.029463783251430738, 0.029179097371228833, -0.01346208871845846, 0.0211451131989134, -0.010661386191042304, -0.0026509523755321243], [0.003663594272052012, 0.0012591683949516178, 0.0008094292191731159, 7.700355575712968e-05, -0.0012900394074141556, -0.0008640384887708512, -8.345457092497001e-05, 5.782011907683912e-05], [0.02946378325143074, 0.000809429219173116, 0.004905192095864038, 0.0031686689869921715, -0.0022678432815669597, 0.0029685016670511115, -0.0016200332431729942, 6.903068820418106e-05], [0.029179097371228837, 7.700355575712971e-05, 0.0031686689869921715, 0.005032648123645581, -0.0025182995993632247, 0.0028427238375695807, -0.0014110739535234788, -0.0007973090002338238], [-0.01346208871845846, -0.0012900394074141553, -0.0022678432815669597, -0.0025182995993632243, 0.004025584634913823, -0.0006726596755223162, 0.00015759616444233329, 0.0005672941767091007], [0.021145113198913403, -0.000864038488770851, 0.0029685016670511115, 0.0028427238375695807, -0.0006726596755223167, 0.005038478209040427, 0.00022408483366325723, -0.00044820509785922444], [-0.010661386191042304, -8.345457092496998e-05, -0.0016200332431729944, -0.0014110739535234788, 0.00015759616444233323, 0.0002240848336632573, 0.0023623910215660984, -6.284594893353343e-05], [-0.0026509523755321243, 5.782011907683913e-05, 6.903068820418103e-05, -0.0007973090002338238, 0.0005672941767091007, -0.00044820509785922444, -6.284594893353346e-05, 0.0014909370890355434]], [[0.04718316940275952, 0.019469057167415857, -0.016927096887156903, -0.041640397274496484, -0.007909053718601414, -0.001322269147356683, 0.00037653513528320114, 0.0004700501732193027], [0.01946905716741586, 0.009873644326906642, -0.00573184315263743, -0.017577899186524245, -0.002686829508705614, -0.0009087696046221251, 0.0012625181380451524, 0.000415918158829816], [-0.016927096887156903, -0.00573184315263743, 0.007571323090077056, 0.017296356328901606, 0.001501930277019418, 0.0003793033074540291, 0.0002821763425837253, 0.0003377964543081461], [-0.041640397274496484, -0.017577899186524245, 0.017296356328901603, 0.055833326160342985, -0.001441176009069517, 0.0014480100607285364, -0.0018110181667318546, 0.0011597119291927086], [-0.007909053718601414, -0.002686829508705614, 0.001501930277019418, -0.0014411760090695172, 0.01368114371678677, -0.00040212194935546677, 0.0011429429975059523, -0.0014513878661382045], [-0.0013222691473566831, -0.0009087696046221249, 0.00037930330745402903, 0.0014480100607285364, -0.0004021219493554668, 0.001987245892054715, 0.001157766509572569, -0.0002629589950402368], [0.00037653513528320093, 0.0012625181380451521, 0.00028217634258372536, -0.0018110181667318548, 0.0011429429975059523, 0.001157766509572569, 0.002264200817315679, 0.0003364790659712282], [0.0004700501732193028, 0.00041591815882981593, 0.00033779645430814597, 0.0011597119291927088, -0.0014513878661382045, -0.00026295899504023677, 0.0003364790659712282, 0.00367828081723839]], [[0.03974193143943949, 0.012425445555165742, -0.008217109448289718, 0.005735000720830396, -0.003480942671085664, -0.0025553025764265616, -0.0015884355862932993, -0.004472340550126342], [0.012425445555165742, 0.004261382135836489, -0.0022551159947967934, 0.00165029815965316, -0.0017767023878816342, -0.0002907304162193967, 0.0001750179496930692, -0.0012855071730362548], [-0.008217109448289718, -0.002255115994796794, 0.0027830284557954165, -0.0017217695784216324, 0.0005043744563917593, 0.0010743109694980116, 0.00014660312921631387, 0.0013356570625586847], [0.005735000720830396, 0.0016502981596531602, -0.0017217695784216324, 0.001635475037565521, -0.0009248666110907026, -0.0005347974779900526, -0.00010418546195820962, -0.001487673612279239], [-0.0034809426710856635, -0.0017767023878816342, 0.0005043744563917592, -0.0009248666110907024, 0.003182696258270029, -0.0014785576161379034, -0.0022461273334326358, 0.0011260906318736857], [-0.002555302576426562, -0.00029073041621939684, 0.0010743109694980116, -0.0005347974779900528, -0.0014785576161379034, 0.0020167492552612943, 0.0020727730288943773, 0.00027536937688143456], [-0.001588435586293299, 0.0001750179496930692, 0.00014660312921631387, -0.0001041854619582096, -0.0022461273334326358, 0.0020727730288943773, 0.003258307030533439, 0.00029552458663370263], [-0.004472340550126342, -0.001285507173036255, 0.0013356570625586844, -0.001487673612279239, 0.0011260906318736857, 0.0002753693768814345, 0.0002955245866337027, 0.0032441813851759064]], [[0.24973032942707832, 0.016514036737914663, -0.047900709497365364, 0.012894098868358024, 0.024992660769991105, -0.010886764738075701, 0.0008210143516769214, -0.004227848615825937], [0.01651403673791466, 0.0014567969439557343, -0.002610598249919249, 0.0009665142338779038, 0.001614789338009272, -0.00021316754833417166, 0.0002752931339189127, -0.001027589500404724], [-0.047900709497365364, -0.0026105982499192494, 0.0101857906088817, -0.002297217647420172, -0.004860421539432847, 0.00251858062124677, -0.00011253596648871245, -0.00023955059697695208], [0.012894098868358024, 0.0009665142338779038, -0.0022972176474201716, 0.0014194232649296118, 0.00045056892364411485, -0.0001280406297182792, 0.0002928434832923902, -0.000941035833820703], [0.024992660769991102, 0.001614789338009272, 