{"accuracy_init": 0.692307710647583, "accuracy_final_MAP": 0.4059829115867615, "accuracy_final_mean": 0.4059829115867615}