{"weights": [0.09515011753866358, 0.17677614846858836, 0.33920887981428677, 0.12778521773822427, 0.09988181881910307, 0.16119781762113397], "means": [[3.720754681349486, 0.46207543802303785, -0.3833696255207557, 0.13407613412128142, -0.031230430992961522, -0.08187979621386583, 0.06334114896332572, -0.017634539096380297], [1.0520821387352275, 0.5558932492306277, -0.5261680552530225, 0.0023183506874741287, 0.04672229619439288, 0.04035267355841426, -0.020609236511824853, 0.01230795325249035], [-3.921144029630894, -0.44326502150181163, 0.09585825843377516, 0.02121860671960667, 0.02559182062853818, -0.004285639206728427, 0.009208473735590491, 0.0019434562071389105], [-2.6892395527623534, -0.025355538264501442, -0.20414855365420176, -0.08548545292929552, -0.10671678119935728, -0.005000924740978294, -0.018266794262523745, -0.013208247021065902], [-0.7299423409400815, 1.4417956132182401, 1.0685721669658106, -0.012315158805378878, 0.003050945341567538, 0.000907798868047214, -0.008735051547039805, -0.0007668116775231897], [6.852801051262498, -0.6538905682330399, 0.29121492745906835, -0.03704482800755185, -0.0016286813724225076, 0.008048161279134542, -0.009084765739490703, 0.0015622805807733698]], "cov": [[[0.10354515113563789, -0.011918541935746832, 0.018695168761290685, -0.005172436664974242, -0.0036369880127630223, 0.00025397335617748524, 0.0057603368939688395, 0.00030297469162357863], [-0.011918541935746832, 0.002281758514068731, -0.0006294948205592467, -0.0005890055910925651, 0.0011015147134587852, 0.00016459014826681614, -0.0008158422363135278, -0.0001480324729793558], [0.018695168761290685, -0.000629494820559247, 0.006490470884186451, -0.0031605533677119, 0.00012693020443783483, 0.0005787169745285897, 0.0004682780279033149, 1.3635137815523444e-05], [-0.005172436664974242, -0.0005890055910925651, -0.0031605533677119, 0.00266080426553757, -0.0012604271301932854, -0.0005023941649371586, 0.0002054348575817492, 0.00048632625328823504], [-0.0036369880127630223, 0.0011015147134587852, 0.00012693020443783478, -0.0012604271301932856, 0.0025823194480543506, -0.00011779106844760317, -0.00041447642041632984, -0.0009978040356172562], [0.00025397335617748524, 0.00016459014826681614, 0.0005787169745285897, -0.0005023941649371586, -0.0001177910684476032, 0.0009002058283858214, 0.00019185855355952013, -0.0003654424486006897], [0.0057603368939688395, -0.0008158422363135278, 0.000468278027903315, 0.0002054348575817492, -0.00041447642041632984, 0.00019185855355952013, 0.0007662823187510177, -3.3380309848820005e-05], [0.0003029746916235786, -0.0001480324729793558, 1.3635137815523485e-05, 0.00048632625328823504, -0.000997804035617256, -0.00036544244860068975, -3.338030984882e-05, 0.0009139516898887497]], [[0.3141739900030464, 0.003598723846104397, 0.028961199178412517, 0.028677824627585388, -0.013223361783490107, 0.020781546571205334, -0.010485812073746196, -0.0026023620158459704], [0.003598723846104397, 0.0012117303367515152, 0.0007924320215169044, 9.37669395060424e-05, -0.0012336012101867946, -0.0008073000936400194, -7.9990305697171e-05, 5.308907371650171e-05], [0.028961199178412514, 0.0007924320215169043, 0.004787572841084147, 0.0031391887247852386, -0.002258907835477827, 0.0029296513875730758, -0.0015514169673304496, 4.031561575522614e-05], [0.028677824627585388, 9.376693950604243e-05, 0.0031391887247852386, 0.004939912158649677, -0.002500342549686585, 0.0028141032005575403, -0.001364742262428894, -0.0007852511044945641], [-0.013223361783490107, -0.0012336012101867944, -0.002258907835477827, -0.002500342549686585, 0.0039380373845519095, -0.0007325522900268073, 0.00016686851735191196, 0.0005589756334191602], [0.020781546571205334, -0.0008073000936400193, 0.0029296513875730758, 0.0028141032005575403, -0.0007325522900268072, 0.004885985738598298, 0.00019624483646886082, -0.0004460813286295165], [-0.010485812073746194, -7.999030569717098e-05, -0.0015514169673304496, -0.0013647422624288939, 0.0001668685173519121, 0.0001962448364688609, 0.0022440078281912366, -4.7898275039193685e-05], [-0.0026023620158459704, 5.3089073716501734e-05, 4.03156157552262e-05, -0.0007852511044945642, 0.0005589756334191603, -0.0004460813286295166, -4.7898275039193624e-05, 0.0014322928975417555]], [[0.05326085693533159, 0.022046356527392685, -0.019298161754633014, -0.048619407270056564, -0.008080719076062715, -0.0015590825486315857, 0.0005525856748093122, 0.0003554134974611327], [0.022046356527392688, 0.010899500116266544, -0.006779205653786697, -0.020479769081426333, -0.0027696041363661048, -0.0009396478564053183, 0.001361841781800981, 0.00045379683505748986], [-0.01929816175463301, -0.0067792056537866975, 0.00843284297627347, 0.019892255641200122, 0.0016995168702194348, 0.0005102691709621009, 0.0002542398928893597, 0.0004201615923098539], [-0.04861940727005656, -0.020479769081426333, 0.01989225564120012, 0.0628320298248839, -0.000413528390193178, 0.0016303398490440562, -0.0019509657167922493, 0.0011162826468157996], [-0.008080719076062715, -0.0027696041363661056, 0.0016995168702194352, -0.00041352839019317804, 0.01298855041498057, -0.00038817741103825825, 0.0010459650005309388, -0.001361583624861744], [-0.0015590825486315857, -0.0009396478564053181, 0.0005102691709621009, 0.0016303398490440564, -0.00038817741103825836, 0.0018710774252487614, 0.0011038348893321942, -0.0002421572167489513], [0.0005525856748093121, 0.001361841781800981, 0.00025423989288935974, -0.0019509657167922493, 0.0010459650005309388, 0.0011038348893321942, 0.0022366400571703408, 0.00040756667072124124], [0.0003554134974611329, 0.0004537968350574899, 0.000420161592309854, 0.0011162826468157998, -0.001361583624861744, -0.00024215721674895123, 0.0004075666707212413, 0.003574965704849719]], [[0.036020940650880406, 0.011268128609565659, -0.007425767065762707, 0.00517035462466921, -0.0031471444836579246, -0.0022972615951303084, -0.001428769084475285, -0.004000198186310889], [0.011268128609565659, 0.003876299666367561, -0.002019467413667141, 0.001472092117560757, -0.0015914412432257816, -0.0002686235244839018, 0.00014605846842059467, -0.0011205705153266667], [-0.007425767065762707, -0.002019467413667141, 0.0025843938318103367, -0.001598107005943206, 0.00046333551436599516, 0.0009931943554603786, 0.0001090650976105372, 0.0012616207436237882], [0.005170354624669209, 0.0014720921175607569, -0.0015981070059432063, 0.0015448645390287233, -0.0008573957473673607, -0.0005117338492761082, -0.00010818400875530835, -0.0014376187393575956], [-0.0031471444836579246, -0.0015914412432257816, 0.00046333551436599505, -0.0008573957473673607, 0.0028588349610968217, -0.001280246642457035, -0.001957403973515001, 0.0010522749873739282], [-0.0022972615951303084, -0.00026862352448390174, 0.0009931943554603786, -0.0005117338492761082, -0.0012802466424570351, 0.0018197017357967013, 0.0018333565608590514, 0.000283727363643813], [-0.001428769084475285, 0.00014605846842059465, 0.00010906509761053718, -0.00010818400875530835, -0.0019574039735150007, 0.001833356560859051, 0.002915721460385935, 0.00031662022413863304], [-0.00400019818631089, -0.0011205705153266667, 0.0012616207436237882, -0.0014376187393575956, 0.0010522749873739282, 0.00028372736364381304, 0.00031662022413863304, 0.0032125825292724924]], [[0.34240145895457796, 0.022587655323129344, -0.06577306312826518, 0.017646125701424778, 0.034365868028083106, -0.015016523999416307, 0.0010519337028572526, -0.005790121371186258], [0.022587655323129344, 0.001776529292516436, -0.003921953102054096, 0.0012763241238605394, 0.0022377995944879198, -0.0005429162119167906, 0.0002715842726363583, -0.001061651864355445], [-0.0657730631282652, -0.003921953102054096, 0.013366401202929666, -0.0032160851898212373, -0.006646159221895647, 0.0032594306699442062, -0.0001520687078919311, 0.0001354602522118704], [0.017646125701424778, 0.0012763241238605394, -0.003216085189821237, 0.0015808344992755258, 0.0010252610722621684, -0.00037666477780574827, 0.00028414519781351554, -0.0009109601190379102], [0.034365868028083106, 