{"entropy_prior_gmm": 1.1512992384279826e-08, "entropy_Mean_gmm": 0.004160401411354542, "entropy_z_nk_prior": 0.0010043481942180821, "entropy_Mean_z_nk": 0.01639362360393837, "entropy_mixing_prior": 53.75278407684164, "entropy_Mean_mixing": 1.6239406410536872}