{"weights": [0.10639446963291567, 0.0658375414171138, 0.3264288080540405, 0.26800348248486944, 0.15555439387909473, 0.07778130453196584], "means": [[6.853587703838174, -0.5947623969480627, 0.333978223204182, -0.06617433453057563, 0.003461276645062088, -0.008503439411330006, 0.015722330829706622, 0.0016906084619919967], [4.1263439068816465, -0.24090417246797613, -1.0646787209638497, 0.20359815030061695, 0.28604905790331686, -0.3128185033852917, 0.32970340946319704, 0.08269833170627398], [-3.8934550037106685, -0.43360069472989826, 0.08555388207838557, 5.986057970483974e-05, 0.019117961044119895, -0.004039533022550746, 0.009388804901333868, 0.0023354158314565516], [-1.018666358962288, 0.2609463288547578, -0.38238786943845277, -0.06217783242178554, -0.02252528803938239, 0.00044867213092506, -0.010868167793583017, 0.0039800405189243365], [2.8184030856238764, 0.5054730349895703, -0.41145936556295853, 0.10972724856368961, -0.011761697329057437, 0.003936903948110141, 0.010759087256927617, -0.0054437888365694185], [7.499279959308599, 1.9702847715473661, -0.5307046751301854, 0.44938560142753003, 0.778334168596056, -0.360404332605164, 0.023900586112456983, -0.1016684067473865]], "cov": [[[0.00021436850921058626, 0.0004399899022805194, 0.0004931157318138167, -0.00021842769731622173, -3.517688856561068e-05, -0.0001515146074835377, 0.00017410559549657244, -2.748404988104015e-05], [0.0004399899022805194, 0.0035085120509882927, 0.002885855412876308, -0.0013281122288873717, -0.0004337569806768479, -0.00038581258686391345, 0.001929406638372907, -0.00026404692937781796], [0.0004931157318138167, 0.002885855412876308, 0.0028033387282131944, -0.0013298279531466404, -0.00021997148194443609, -0.00014272373116176623, 0.001525175601934447, -0.0002727801101405859], [-0.00021842769731622173, -0.0013281122288873717, -0.0013298279531466404, 0.0006671647491262582, 6.637884180946047e-05, 6.566543614955028e-05, -0.0006836483539565181, 9.73434646287469e-05], [-3.517688856561068e-05, -0.0004337569806768479, -0.00021997148194443609, 6.637884180946047e-05, 0.00013744590563016356, 7.278185331440627e-05, -0.0002923636848443331, 4.523586450845532e-05], [-0.0001515146074835377, -0.00038581258686391345, -0.00014272373116176623, 6.566543614955028e-05, 7.278185331440627e-05, 0.00049088527971705, -6.140006252799415e-05, -0.00014128703300202622], [0.00017410559549657244, 0.001929406638372907, 0.001525175601934447, -0.0006836483539565181, -0.0002923636848443331, -6.140006252799415e-05, 0.0011696734982389009, -0.00021350946215901], [-2.748404988104015e-05, -0.00026404692937781796, -0.0002727801101405859, 9.73434646287469e-05, 4.523586450845532e-05, -0.00014128703300202622, -0.00021350946215901, 0.00015974861500364128]], [[7.427723508522901, -1.3907237763912774, 3.491712442631956, -0.5223140233071768, -0.8059070317998107, 0.9472206977670596, -1.0335684769254196, -0.21999564242771139], [-1.3907237763912774, 0.2612623101771593, -0.6552210279945219, 0.09786723088377174, 0.15139596151308188, -0.1779517800246789, 0.19401271738085535, 0.041127546156705774], [3.491712442631956, -0.6552210279945219, 1.6465875811214699, -0.24639234475372804, -0.37980451127293063, 0.4464690065240062, -0.4873133424023985, -0.10393556354546142], [-0.5223140233071768, 0.09786723088377174, -0.24639234475372804, 0.036943760021334385, 0.056739545847739915, -0.0667107042070251, 0.07289092416096248, 0.0156348600894323], [-0.8059070317998107, 0.15139596151308188, -0.37980451127293063, 0.056739545847739915, 0.08775535917839136, -0.10312821799216156, 0.11243740239287628, 0.023839505040244208], [0.9472206977670596, -0.1779517800246789, 0.4464690065240062, -0.0667107042070251, -0.10312821799216156, 0.12124043706267978, -0.1321689753348332, -0.028026589639636442], [-1.0335684769254196, 0.19401271738085535, -0.4873133424023985, 0.07289092416096248, 0.11243740239287628, -0.1321689753348332, 0.14427240116093526, 0.030761472492420484], [-0.21999564242771139, 0.041127546156705774, -0.10393556354546142, 0.0156348600894323, 0.023839505040244208, -0.028026589639636442, 0.030761472492420484, 0.006727635596485583]], [[0.053716378241232154, 0.02086766665745181, -0.018251020319486184, -0.04017015518930159, -0.007422289841879633, -0.0007992192179990147, -3.9622625812303e-05, -0.0002480719647076313], [0.02086766665745181, 0.009997656184016684, -0.0061232893869277456, -0.01677271892107357, -0.0024364091055140255, -0.0006320369392611772, 0.0010915269624684884, 0.00013909525758919484], [-0.018251020319486184, -0.0061232893869277456, 0.007755340115227799, 0.01659533261786163, 0.001417020413380118, 0.0002701795820872514, 0.0003950342317487155, 0.0005494981588539551], [-0.04017015518930159, -0.01677271892107357, 0.01659533261786163, 0.05271604003555905, -0.0015123173541985555, 0.001247090173046562, -0.0016530688357558414, 0.0013370659594279164], [-0.007422289841879633, -0.0024364091055140255, 0.001417020413380118, -0.0015123173541985555, 0.012811921199602963, -0.00046485638028151194, 0.0011239978840964558, -0.0011026921109669413], [-0.0007992192179990147, -0.0006320369392611772, 0.0002701795820872514, 0.001247090173046562, -0.00046485638028151194, 0.0018409875861649901, 0.0010969491891781816, -0.00026059517466889287], [-3.9622625812303e-05, 0.0010915269624684884, 0.0003950342317487155, -0.0016530688357558414, 0.0011239978840964558, 0.0010969491891781816, 0.0021701996937981698, 0.0002638733081464781], [-0.0002480719647076313, 0.00013909525758919484, 0.0005494981588539551, 0.0013370659594279164, -0.0011026921109669413, -0.00026059517466889287, 0.0002638733081464781, 0.003142912713135937]], [[2.9488415453968533, 0.5108917153619955, -0.32242045794937696, 0.04265952700818697, 0.14729159604821856, 0.006807021596878385, 0.007688562944559729, 0.014875710679894214], [0.5108917153619955, 0.089740312733204, -0.05598297630557755, 0.00766664833096724, 0.024184130966845744, 0.001360880893784631, 0.0016582676311530055, 0.001993609595290329], [-0.32242045794937696, -0.05598297630557755, 0.036722756462644265, -0.004980368975330981, -0.016792764305831077, -0.0009104544367267527, -0.0008825784567862869, -0.0009454975049347672], [0.04265952700818697, 0.00766664833096724, -0.004980368975330981, 0.0017623650281039845, 0.001344025160498595, 7.51015081782624e-05, -2.6370143098859205e-05, -0.0006952962383364568], [0.14729159604821856, 0.024184130966845744, -0.016792764305831077, 0.001344025160498595, 0.010824436566599196, 8.147493449598865e-05, -0.0006658974778233109, 0.0017583746593611315], [0.006807021596878385, 0.001360880893784631, -0.0009104544367267527, 7.51015081782624e-05, 8.147493449598865e-05, 0.0024040832543971665, 0.0017666384515247731, -6.28691729586198e-05], [0.007688562944559729, 0.0016582676311530055, -0.0008825784567862869, -2.6370143098859205e-05, -0.0006658974778233109, 0.0017666384515247731, 0.002314922391369259, 0.0002938844847965842], [0.014875710679894214, 0.001993609595290329, -0.0009454975049347672, -0.0006952962383364568, 0.0017583746593611315, -6.28691729586198e-05, 0.0002938844847965842, 0.0028378032216882353]], [[1.0857736446114983, -0.057259805164792205, 0.045776407012066866, 0.020445621699500427, -0.024775334353811733, -0.09075151964791388, 0.0650438444745646, -0.012692481122840058], [-0.057259805164792205, 0.004176191757238196, -0.002352302264921611, -0.0013614618599635034, 0.001783316233480679, 0.004423014321114702, -0.0033614922816691084, 0.0006273113635665365], [0.045776407012066866, -0.002352302264921611, 0.006471954944984811, -0.0018335629659979084, -0.00041848766248098174, -0.0023990294683658036, 0.0021383490783798173, -7.812827180489101e-05], [0.020445621699500427, -0.0013614618599635034, -0.0018335629659979084, 0.0031541094056571402, -0.0017161013183291797, -0.0030337845844865706, 0.0016330604570155942, -0.0003056787437174327], [-0.024775334353811733, 0.001783316233480679, -0.00041848766248098174, -0.0017161013183291797, 0.00232921667875671, 0.002101857032476515, -0.0017639873035120166, -0.0002252209479176476], [-0.09075151964791388, 