{"weights": [0.09986430474159226, 0.20967063350338655, 0.33139419358228883, 0.10692779995435187, 0.09003576539877549, 0.16210730281960498], "means": [[-3.815948855343357, 0.4310111473635964, 0.4002560022974185], [-1.1057374418129793, 0.5382193698026139, 0.545116977805731], [3.9157612262488994, -0.44382527249899006, -0.10526898024352328], [2.6972839603979715, -0.032170832582552614, 0.20255771098529599], [0.6836572293084746, 1.4803395433187412, -1.0149856756702031], [-6.870278406172226, -0.6480445938793309, -0.3071947739431638]], "cov": [[[0.19390274246692016, 0.025926840280712647, 0.031015122911005857], [0.025926840280712647, 0.004593416037010348, 0.002406043113508169], [0.031015122911005864, 0.002406043113508169, 0.008605858825365218]], [[0.46623356396588306, -0.00022095688612806233, 0.03450395909229896], [-0.00022095688612806233, 0.001353482023552011, -0.0004401207964351752], [0.03450395909229896, -0.0004401207964351753, 0.00473486708437048]], [[0.04483483617580848, -0.019223151404059127, -0.016137171327496907], [-0.019223151404059127, 0.010208130965383318, 0.005716115884928727], [-0.016137171327496907, 0.005716115884928727, 0.007272157801094933]], [[0.04741634176955593, -0.01434116394749146, -0.009616296407664348], [-0.01434116394749146, 0.004842284780022403, 0.002468573388667574], [-0.00961629640766435, 0.002468573388667574, 0.0029474187597024522]], [[0.29803748397488, -0.020433419509466432, -0.06037099537028063], [-0.020433419509466432, 0.0022455023150593587, 0.0033665532907684844], [-0.060370995370280636, 0.0033665532907684844, 0.013247956443273399]], [[0.0005576104974581584, -0.0004830847757375149, 0.0009419056721995106], [-0.0004830847757375149, 0.008733641676754349, -0.0062767412422563024], [0.0009419056721995106, -0.0062767412422563024, 0.005552241334044126]]]}