,X,Y,Z,id,nugget
0,100.0,0.0,-825.0,48641302,1e-05
1,300.0,0.0,-701.2159624854704,48641302,1e-05
2,900.0,0.0,-825.0,48641302,1e-05
3,100.0,0.0,-844.9999999999999,12459194,1e-05
4,300.0,0.0,-966.1589448523467,12459194,1e-05
5,900.0,0.0,-844.9999999999999,12459194,1e-05
