{"entropy_prior_gmm": 3.7735939495554947e-07, "entropy_Mean_gmm": 0.009156974032521248, "entropy_z_nk_prior": 0.0012788791422551772, "entropy_Mean_z_nk": 0.008583429579559886, "entropy_mixing_prior": 88.99072030499339, "entropy_Mean_mixing": 1.6281604354902466}