,X,Y,Z,id,nugget
0,100.0,0.0,-793.0000000000001,74816599,1e-05
1,300.0,0.0,-785.5102957061272,74816599,1e-05
2,900.0,0.0,-793.0000000000001,74816599,1e-05
3,100.0,0.0,-824.0000000000001,42145166,1e-05
4,300.0,0.0,-797.6817908898654,42145166,1e-05
5,900.0,0.0,-824.0000000000001,42145166,1e-05
6,100.0,0.0,-847.0000000000001,27616502,1e-05
7,300.0,0.0,-809.7033283698747,27616502,1e-05
8,900.0,0.0,-847.0000000000001,27616502,1e-05
