{"weights": [0.16341863977574944, 0.18447297240469235, 0.1762681818900751, 0.4758402059294831], "means": [[1.685504211590814, 3.576919862415726, -1.4501225985328177, -0.12005947687722318, 0.02292072874635266, 0.0034821350962024196, 0.03990812044826954, 0.010697177917286143], [2.1099170375974916, 3.7520314921174434, 3.2939070795346597, 0.2016801228902505, -0.05682379013073341, 0.02990809938263077, 0.04875163433633687, 0.018687599518180945], [3.988484956308279, -2.7161736514556245, -0.04652092594284075, 0.06912669437130106, -0.009090539300920603, 0.005903122139333118, -0.018847365657105052, 0.014239202422369354], [-2.107353668368833, -0.5279390115155238, 0.03962246279346075, -0.03575571282470579, 0.0146698503747449, 3.879229285809159e-05, -0.0053077003590499845, -0.006349561988810403]], "cov": [[[0.0444702562925063, -0.02834274607823966, 0.005894451533466405, 0.006408701824346901, 0.06901579500966996, 0.0025337775403175434, 0.01411243529678386, 0.022481178177850298], [-0.02834274607823966, 0.045900307132958, 0.032751966875311025, -0.012563647674635274, -0.05952824703552623, -0.010506906959997477, -0.016489426668595115, -0.00496821080822613], [0.005894451533466403, 0.03275196687531103, 0.12025536241496039, -0.02534897016863521, -0.03496771696047827, -0.04625549756860624, -0.05332849670289761, 0.03574407183314067], [0.006408701824346902, -0.012563647674635274, -0.025348970168635198, 0.060577320980207315, -0.03370579314658467, -0.018046825758060617, -0.07112496972716867, 0.015232271285476853], [0.06901579500966995, -0.059528247035526234, -0.03496771696047827, -0.03370579314658468, 0.21462255574998837, 0.07540761454868454, 0.15248740783157325, -0.01048419899984743], [0.0025337775403175434, -0.010506906959997474, -0.04625549756860623, -0.018046825758060617, 0.07540761454868454, 0.056256043098230436, 0.09786839744594647, -0.03430613057465622], [0.014112435296783866, -0.016489426668595118, -0.05332849670289761, -0.07112496972716867, 0.15248740783157322, 0.09786839744594647, 0.23318779394930625, -0.0594712923413915], [0.022481178177850294, -0.004968210808226129, 0.03574407183314067, 0.015232271285476849, -0.01048419899984743, -0.03430613057465622, -0.0594712923413915, 0.035944057889868035]], [[0.34721667016261937, -0.5302973182962495, -0.2676422546761599, 0.31980172270128304, 0.5387419390654427, 0.06436749635553093, 0.061679148778731374, 0.1694202817444304], [-0.5302973182962495, 0.8690166205371442, 0.24191745602333442, -0.48831600868632635, -0.8169996046435998, -0.09365347709098551, -0.07021969410597267, -0.2394450214064117], [-0.2676422546761599, 0.24191745602333442, 0.903532073495845, -0.2117601419741664, -0.5178584609836774, -0.07441147598712052, -0.1630190332781256, -0.2124435795409426], [0.31980172270128304, -0.4883160086863264, -0.2117601419741664, 0.34276162200041443, 0.47052920987103836, 0.05549391084970261, 0.024310535485439492, 0.15671788849102603], [0.5387419390654427, -0.8169996046435998, -0.5178584609836774, 0.4705292098710383, 0.8866283647590277, 0.11551280416024315, 0.1361776171443888, 0.2662235940165486], [0.06436749635553093, -0.09365347709098552, -0.07441147598712053, 0.05549391084970261, 0.11551280416024315, 0.027645022574521644, 0.02409589415482461, 0.023746276212011565], [0.061679148778731374, -0.07021969410597267, -0.1630190332781256, 0.024310535485439492, 0.13617761714438878, 0.024095894154824608, 0.13107862490097327, 0.04404041059487676], [0.1694202817444304, -0.2394450214064117, -0.2124435795409426, 0.156717888491026, 0.2662235940165486, 0.023746276212011565, 0.04404041059487676, 0.1027252490017812]], [[0.5187683653840864, 0.16174937280644547, -0.005813435535447714, -0.2263136236208151, -0.06745628015577429, 0.03668417278072944, -0.06171920831387535, -0.16753605226072957], [0.16174937280644547, 0.18887234455396223, 0.013103213305000807, 0.07205558256607314, 0.2949405676122445, 0.010171940973468293, -0.0819111614319606, -0.06925620853742478], [-0.005813435535447711, 0.01310321330500081, 0.011622044060738438, -0.04861809416429161, 0.03433024154962454, 0.046787571445750464, -0.018467418336269626, 0.014087075719850062], [-0.2263136236208151, 0.07205558256607314, -0.0486180941642916, 0.9415387647726426, 0.3409062839403034, -0.3879267955459047, 0.07995613215481161, -0.12544187040200702], [-0.06745628015577432, 0.2949405676122445, 0.03433024154962454, 0.3409062839403034, 0.8802776483851288, 0.039649629005887706, -0.19806588634041825, 0.02139012933116645], [0.036684172780729475, 0.010171940973468303, 0.046787571445750464, -0.38792679554590476, 0.03964962900588774, 0.3351956537675602, -0.11401401989802801, 0.07102047619738054], [-0.06171920831387535, -0.08191116143196059, -0.018467418336269623, 0.0799561321548116, -0.19806588634041822, -0.114014019898028, 0.10064183326269914, 0.018651761777688954], [-0.16753605226072957, -0.06925620853742478, 0.014087075719850062, -0.12544187040200702, 0.02139012933116645, 0.07102047619738056, 0.018651761777688954, 0.2630163936330538]], [[0.02709681851109047, -0.011322489294892381, 0.010669381063739715, -0.09885343327181123, 0.029834220053881932, -0.027751483582362766, -0.012345226006521028, 0.005612666044458901], [-0.011322489294892381, 0.03761505822487058, -0.018484376378127144, 0.06756926683907234, -0.04634519014833812, 0.003413616379376716, -0.01920937061749872, -0.0026323300136453353], [0.010669381063739715, -0.018484376378127144, 0.024072461647759943, -0.11980371392711851, 0.039889662774825314, -0.01814801659193767, 0.01462910700292736, -0.0072709971379799855], [-0.09885343327181124, 0.06756926683907234, -0.1198037139271185, 0.7772890496969083, -0.21321718133917747, 0.16241518684506856, -0.004275998017165455, 0.03037985957255409], [0.029834220053881935, -0.04634519014833812, 0.039889662774825314, -0.2132171813391775, 0.09341241743416881, -0.025333516533973498, 0.006930834409198368, -0.015631336765932275], [-0.027751483582362766, 0.0034136163793767153, -0.018148016591937665, 0.16241518684506853, -0.025333516533973494, 0.059398433550707015, 0.00155760917646726, -0.013700558491549804], [-0.01234522600652103, -0.01920937061749872, 0.014629107002927362, -0.004275998017165456, 0.006930834409198371, 0.00155760917646726, 0.05175208200034144, 0.008430335551242703], [0.0056126660444589015, -0.0026323300136453353, -0.007270997137979985, 0.030379859572554093, -0.015631336765932275, -0.013700558491549804, 0.008430335551242701, 0.02546083502233622]]]}