{"entropy_prior_gmm": 1.1512992384279826e-08, "entropy_Mean_gmm": 1.3541335164291013e-08, "entropy_z_nk_prior": 8.513984982852784e-07, "entropy_Mean_z_nk": 0.03314193404380032, "entropy_mixing_prior": 53.75278407684164, "entropy_Mean_mixing": 1.6322256030900562}