{"weights": [0.12699174120658224, 0.20708454850883334, 0.3048033483966095, 0.10915355374871553, 0.0796336589503744, 0.172333149188885], "means": [[3.737684778471514, 0.4632890316313717, -0.3735601513104692, 0.13195720703304523, -0.03547270291721437, -0.07863316009557879, 0.06623104011741845, -0.014886750456758788], [0.9940049265050488, 0.5538125726837433, -0.538416687419913, -0.005058724080030019, 0.04926246641584819, 0.0388871012957076, -0.009517101700851946, 0.014936585796067669], [-3.8932204671784842, -0.4299836052076079, 0.08960156443142168, 0.01503827782371129, 0.026143163490686697, -0.009584449211926773, 0.005440044907084003, 0.0011929005004073408], [-2.707100602466194, -0.029746373906413038, -0.2049207973381032, -0.08800981634760095, -0.11453033690440975, 0.003368958346535018, -0.00031064570330827497, 0.002415067621255072], [-0.66846734694981, 1.444559321438557, 1.0558208657664387, -0.0076195146829595595, -0.007594530026352391, 0.0030835179763529937, 0.0016651864023752216, 0.014594108711025611], [6.843134970337422, -0.6357643721399389, 0.29076293428608097, -0.04030978306846753, -0.002721129679482056, 0.0025380037319666414, 0.002024343027198705, 0.0036379906031093327]], "cov": [[[0.14307643794103123, -0.016356241934697292, 0.02609652852509879, -0.007315351203763212, -0.0050564303205887845, 0.0004252741650631409, 0.007915018380033716, 0.0004510685944849547], [-0.016356241934697292, 0.002590990136107657, -0.0017523528992012766, -0.00021912754716131856, 0.001204891349027009, 0.00012673993955289846, -0.0010756159810394771, -0.00020763268115566412], [0.02609652852509879, -0.0017523528992012761, 0.007252502027483972, -0.0032299792092702353, -5.8311285641233795e-06, 0.0005077074246856586, 0.0009535437497765157, -0.00013354518295892562], [-0.0073153512037632115, -0.00021912754716131873, -0.0032299792092702353, 0.002407628501948636, -0.0009917891863312014, -0.000419875614121024, -4.7711278234488696e-05, 0.00036647248253595603], [-0.0050564303205887845, 0.0012048913490270092, -5.831128564123495e-06, -0.0009917891863312014, 0.0018486924604065851, 1.98087614638193e-05, -0.0004970326075992743, -0.0006566579298843323], [0.0004252741650631409, 0.00012673993955289846, 0.0005077074246856586, -0.000419875614121024, 1.9808761463819307e-05, 0.0005353020728138397, 9.900791289694113e-05, -0.00022055957010577056], [0.007915018380033716, -0.0010756159810394771, 0.0009535437497765159, -4.771127823448871e-05, -0.0004970326075992743, 9.900791289694117e-05, 0.0007210823356366386, 5.323119301695283e-05], [0.0004510685944849547, -0.0002076326811556641, -0.0001335451829589256, 0.0003664724825359561, -0.0006566579298843323, -0.00022055957010577062, 5.323119301695284e-05, 0.0005895871137282273]], [[0.2678629667716439, 0.00307326492563688, 0.024695091038467978, 0.02443663789664262, -0.011262742556677708, 0.01768708864654867, -0.008965825114052247, -0.002204488052992613], [0.00307326492563688, 0.0014316240548030404, 0.0008141160418581013, 6.328178982134395e-06, -0.0013932220300895493, -0.001212511001420306, -0.00020904225245321517, 3.9943856055123015e-05], [0.02469509103846798, 0.0008141160418581014, 0.004148322830722683, 0.0025250819202821953, -0.002064807358088917, 0.002524230248475285, -0.0011509099332399739, -8.43689806169001e-05], [0.02443663789664262, 6.32817898213446e-06, 0.0025250819202821953, 0.004509881497760901, -0.0021794891232158053, 0.0024020667378884543, -0.0011442297758091184, -0.000605245615726157], [-0.011262742556677708, -0.0013932220300895495, -0.002064807358088917, -0.0021794891232158053, 0.003896684801428683, -1.0850955769524674e-05, 0.00040464705563195955, 0.0003802202768306787], [0.017687088646548672, -0.001212511001420306, 0.002524230248475285, 0.0024020667378884543, -1.0850955769524857e-05, 0.005214004871437458, 0.0004674426230605912, -0.00041755772671353954], [-0.008965825114052249, -0.00020904225245321517, -0.0011509099332399739, -0.0011442297758091184, 0.0004046470556319596, 0.0004674426230605912, 0.0018409538123022237, 0.0001626402811595765], [-0.002204488052992613, 3.9943856055122955e-05, -8.436898061690009e-05, -0.0006052456157261568, 0.0003802202768306787, -0.0004175577267135396, 0.0001626402811595765, 0.0016753011320174008]], [[0.0580947135502111, 0.02387716224209064, -0.021133140670834636, -0.05297335195247894, -0.009373534521949667, -0.0016753117172660207, 0.00043289930901897126, 0.00029359925526019603], [0.02387716224209064, 0.011793459953420047, -0.007352737780580037, -0.022495735980277255, -0.003418746033226724, -0.0009197677503067703, 0.00152762333297674, 0.0005151731701210097], [-0.021133140670834636, -0.007352737780580037, 0.009266555239328662, 0.021597370073936074, 0.0017844608682392941, 0.0006151308574989643, 0.00040234220864164116, 0.0005410685090085054], [-0.05297335195247894, -0.022495735980277255, 0.021597370073936074, 0.06855326503780076, -0.001134100525428182, 0.0018199187920179914, -0.002305518649591052, 0.0011269437185491811], [-0.009373534521949667, -0.003418746033226724, 0.0017844608682392941, -0.0011341005254281804, 0.014520568599107884, -0.0004092861035501577, 0.0010589750453918678, -0.0017121374577967641], [-0.0016753117172660207, -0.0009197677503067701, 0.0006151308574989643, 0.0018199187920179914, -0.00040928610355015757, 0.002140029709281311, 0.001358091185823583, -0.0003066798975054876], [0.00043289930901897153, 0.00152762333297674, 0.0004023422086416411, -0.002305518649591052, 0.0010589750453918678, 0.001358091185823583, 0.0026520628041064843, 0.0004933315041159408], [0.00029359925526019603, 0.0005151731701210096, 0.0005410685090085054, 0.0011269437185491811, -0.0017121374577967643, -0.00030667989750548765, 0.0004933315041159409, 0.004268031086662043]], [[0.023868743389434795, 0.007459830651399825, -0.004837858247817451, 0.00332186201920825, -0.0019207704848840496, -0.0015700585306296757, -0.0010599981992674673, -0.002396750912648347], [0.007459830651399826, 0.0027023616832577316, -0.0012231324536116856, 0.000866752566798498, -0.001370892169996924, 0.00011498960960471907, 0.00047535005211349227, -0.0006115166946069335], [-0.004837858247817451, -0.0012231324536116854, 0.0019387677343262965, -0.0012120107740571401, 0.0002000971903823959, 0.0008682640711432327, 0.00016894437212123118, 0.0010332589794035], [0.0033218620192082505, 0.000866752566798498, -0.00121201077405714, 0.0012460942236126793, -0.0006883205307733672, -0.0003148809649831166, -1.8787444258147605e-05, -0.0013706034154789184], [-0.0019207704848840496, -0.001370892169996924, 0.00020009719038239585, -0.0006883205307733672, 0.0032987987354066066, -0.0019322979229916867, -0.002772136904753882, 0.0010864771567509076], [-0.0015700585306296757, 0.00011498960960471915, 0.0008682640711432327, -0.0003148809649831166, -0.0019322979229916867, 0.0021152075931155, 0.002356437927302916, 0.0002207946799693036], [-0.0010599981992674673, 0.0004753500521134923, 0.00016894437212123124, -1.8787444258147588e-05, -0.0027721369047538826, 0.002356437927302916, 0.003603942559799851, 0.000213212177641741], [-0.002396750912648347, -0.0006115166946069332, 0.0010332589794035001, -0.0013706034154789184, 0.0010864771567509076, 0.00022079467996930367, 0.00021321217764174106, 0.003251297893790319]], [[0.8018061587667618, 0.05279817328900184, -0.1541826601008035, 0.041209212157285714, 0.08072783874533923, -0.0354002529062637, 0.0022704489201731026, -0.013436866743431723], [0.05279817328900184, 0.0036886748962777004, -0.009815801502589736, 0.002769735992258888, 0.005296983117302939, -0.0020823651466080023, 0.00024548887283591415, -0.0012473044878578705], [-0.1541826601008035, -0.009815801502589738, 0.03027696183556955, -0.00787869812092898, -0.01545176024130486, 0.006934745144136266, -0.0005326786482477814, 0.0019980350166384484], [0.041209212157285714, 0.002769735992258888, -0.00787869812092898, 0.0025236230046864778, 0.003604926073148412, -0.001416580981733671, 0.0004428439598401125, -0.0008872395548702446], [0.08072783874533923, 0.005296983117302939, -0.01545176024130486, 