{"MAP index": 149, "entropy_prior_gmm": 1.1512992384279826e-08, "entropy_MAP_gmm": 1.1517669484817361e-08, "entropy_z_nk_prior": 0.0010043481942180821, "entropy_MAP_z_nk": 0.028579755190409405, "entropy_mixing_prior": 53.75278407684164, "entropy_MAP_mixing": 1.5917073602747263}