{"weights": [0.13975697388878883, 0.032475098580804815, 0.3314140251536084, 0.2629935239282863, 0.1555757716548447, 0.07778460679366694], "means": [[3.720866454450332, 0.45961329852621985, -0.38300779526332207, 0.12209565687752709, -0.02935803770007787, -0.07587139703538595, 0.06149975533981998, -0.019286542713047465], [0.8393080155356029, 0.5560511151946358, -0.5451008202210555, -0.02158307688807171, 0.06255668281592365, 0.005300610974839652, -0.027917888118645776, 0.021995670493972035], [-3.9240723495425174, -0.45191190195884273, 0.0860467943356821, 0.01971149429548336, 0.031362577641666035, -0.011694681738611434, 0.004087557754530032, -0.007234908997173534], [-2.669952700893602, -0.01714639119667355, -0.20711260992073163, -0.08341123607329382, -0.11821180023226989, 0.005116150814889944, -0.00601284043968098, -0.01565790321601217], [-0.6674080818208492, 1.4467891085471003, 1.056329676789548, 0.00837660636155582, -0.013307754762029004, 0.013919226418002981, 0.0034149082629030777, -0.024552033974091007], [6.852032065617491, -0.6491040549587485, 0.29324906565891345, -0.039161101435329526, -0.0010737903422726462, 0.005390751168560234, -0.006821988244974971, 0.0043881114831199036]], "cov": [[[0.08522157927621994, -0.009794813742633909, 0.015402347707121478, -0.004285275777229971, -0.0029440768154372315, 0.00020358578932902236, 0.004737612966567459, 0.00023126988291018383], [-0.009794813742633909, 0.0018618340838589143, -0.0006021255625010634, -0.00031412401553021247, 0.000806756612883376, 9.529462865777101e-05, -0.0005892899510707623, -4.7822080948927415e-05], [0.015402347707121478, -0.0006021255625010635, 0.00521142052231892, -0.002357986548333966, -0.00016408675891893773, 0.0004350357484678288, 0.00043115469401216875, 0.00014871053061399432], [-0.00428527577722997, -0.0003141240155302125, -0.002357986548333966, 0.002036257366350031, -0.0008699789318558754, -0.0003940027800925864, 0.00017270361239062965, 0.00036353851248051034], [-0.0029440768154372315, 0.0008067566128833759, -0.00016408675891893762, -0.0008699789318558754, 0.002257131141337589, -0.0002201973353093588, -0.0002857726020914598, -0.0008727505437346049], [0.00020358578932902236, 9.529462865777101e-05, 0.0004350357484678288, -0.00039400278009258635, -0.00022019733530935886, 0.0009610771001689441, 0.0002451371952671822, -0.00039513615328047076], [0.0047376129665674584, -0.0005892899510707622, 0.0004311546940121686, 0.0001727036123906296, -0.0002857726020914598, 0.0002451371952671822, 0.0007438131471441407, -7.775493679501232e-05], [0.00023126988291018383, -4.782208094892746e-05, 0.00014871053061399426, 0.0003635385124805103, -0.0008727505437346049, -0.00039513615328047076, -7.775493679501232e-05, 0.0008904209105286202]], [[0.4397316018539044, 0.0050300227207942735, 0.04063703401772292, 0.0402655640476458, -0.01861523933481544, 0.029227069143045088, -0.014673534629585967, -0.0036763356821845846], [0.0050300227207942735, 0.0008216188841648762, 0.0007890252870372964, 0.00032186047552664805, -0.0009329678389353395, -0.00013444715113436953, 1.5217814459939997e-05, -6.485918502672632e-05], [0.040637034017722916, 0.0007890252870372963, 0.005980067668073311, 0.0044922303268992315, -0.0026992656401910436, 0.0037910677023683956, -0.0022579801763020838, -0.00010602421171940873], [0.04026556404764581, 0.00032186047552664815, 0.0044922303268992315, 0.005887926432079796, -0.0031436838010499746, 0.00372021994579989, -0.0017062502959570632, -0.0007378174259877561], [-0.01861523933481544, -0.0009329678389353395, -0.0026992656401910436, -0.003143683801049974, 0.0038518695944399677, -0.0019124128752376504, -6.183045698864301e-06, 0.0007329093885152662], [0.02922706914304509, -0.0001344471511343695, 0.0037910677023683956, 0.00372021994579989, -0.0019124128752376504, 0.0044448763243761, -0.00041056161969010553, -0.0005602844452902161], [-0.014673534629585969, 1.5217814459940019e-05, -0.0022579801763020838, -0.0017062502959570634, -6.183045698864227e-06, -0.00041056161969010553, 0.0026018688715648258, -0.00022368295964215437], [-0.003676335682184585, -6.485918502672632e-05, -0.00010602421171940885, -0.0007378174259877561, 0.0007329093885152662, -0.0005602844452902161, -0.0002236829596421544, 0.0013826918176747444]], [[0.04718884866776668, 0.019531318650884092, -0.017072162759840328, -0.042945009217318315, -0.007208813385892975, -0.0013421346240425403, 0.0005162697484927069, 0.0003717790081303187], [0.019531318650884092, 0.009718609517648538, -0.005957607345942816, -0.018079501605647412, -0.0024628532732793714, -0.0008978465290359827, 0.001171544466121676, 0.00031739752644506893], [-0.01707216275984033, -0.005957607345942816, 0.007514956815283722, 0.01759973324373866, 0.001509044214599127, 0.000394656812881062, 0.00016357013388154786, 0.00028239384706928275], [-0.042945009217318315, -0.018079501605647412, 0.01759973324373866, 0.055682059418471826, -0.0004438608894349447, 0.0014673774958345188, -0.0016956071225236885, 0.001036525015019584], [-0.007208813385892977, -0.002462853273279372, 0.001509044214599127, -0.00044386088943494385, 0.011705879511315236, -0.00033169797663058613, 0.0009681032503533958, -0.0011836674613825684], [-0.0013421346240425403, -0.0008978465290359829, 0.000394656812881062, 0.001467377495834519, -0.0003316979766305862, 0.00179360395620882, 0.0010107733726608178, -0.00025092592964658447], [0.0005162697484927069, 0.001171544466121676, 0.00016357013388154784, -0.0016956071225236887, 0.0009681032503533958, 0.0010107733726608178, 0.0019921515159035605, 0.00026106162591609325], [0.0003717790081303189, 0.0003173975264450689, 0.00028239384706928275, 0.001036525015019584, -0.0011836674613825684, -0.00025092592964658447, 0.0002610616259160932, 0.0032320637767609215]], [[0.0327666904148737, 0.010257837343946297, -0.006715825005202627, 0.00462534258291385, -0.0028004505842104603, -0.0020799407551514897, -0.0012931992700855007, -0.003472274764893551], [0.010257837343946297, 0.0035636011025515254, -0.0018023800728237368, 0.0013078817568252879, -0.0014866093605458413, -0.00017349602729027907, 0.000224179686748649, -0.0008788066822183515], [-0.006715825005202627, -0.0018023800728237372, 0.002355713240490389, -0.001503843042288103, 0.0004293473082017894, 0.0009239100245198855, 0.00018200478165652107, 0.0013610551743189205], [0.00462534258291385, 0.001307881756825288, -0.001503843042288103, 0.0015263632701942417, -0.0008750477650561325, -0.0005230873422211176, -0.00014083216760191173, -0.0016071258508581394], [-0.0028004505842104603, -0.0014866093605458413, 0.0004293473082017894, -0.0008750477650561325, 0.0029311132377097203, -0.0013221963090717737, -0.00203001284999226, 0.0010909085715627557], [-0.0020799407551514897, -0.0001734960272902791, 0.0009239100245198854, -0.0005230873422211176, -0.0013221963090717735, 0.0018421832108482244, 0.0019307862089261952, 0.00033766615348175354], [-0.0012931992700855007, 0.00022417968674864905, 0.00018200478165652102, -0.00014083216760191167, -0.00203001284999226, 0.0019307862089261957, 0.0029647042691826274, 0.0003334336362288616], [-0.003472274764893551, -0.0008788066822183516, 0.0013610551743189205, -0.0016071258508581392, 0.0010909085715627557, 0.00033766615348175343, 0.0003334336362288616, 0.0036780273151045865]], [[0.31118413165630293, 0.020533641356921935, -0.05974394214150955, 0.01598336746717523, 0.031279829457538516, -0.01372255169899279, 0.0008926562918221874, -0.005276725787845992], [0.020533641356921935, 0.0016339197211371545, -0.0035110015169499786, 0.00115777421628563, 0.002071211312334115, -0.0005770780974476678, 0.0001721971679291417, -0.0007536169007811061], [-0.05974394214150955, -0.0035110015169499778, 0.01227289587599125, -0.0030006576816851006, -0.00609096406181318, 0.0028991330029573847, -0.00014528587446290466, 0.000448465382815223], [0.01598336746717523, 0.00115777421628563, -0.0030006576816851006, 0.0015757931272302446, 0.0012599913671281317, -0.0003873318576738533, 8.355518084876849e-05, -0.0006659740408455601], [0.031279829457538516, 