{"MAP index": 328, "entropy_prior_gmm": 0.0009597588643864824, "entropy_MAP_gmm": 0.017156025394797325, "entropy_z_nk_prior": 0.07189029527253496, "entropy_MAP_z_nk": 0.08646431489608405, "entropy_mixing_prior": 88.99072030499339, "entropy_MAP_mixing": 1.4567786920938033}