{"weights": [0.16833991447236238, 0.010308908537649868, 0.46050108360320346, 0.12602159723842554, 0.15379217222865887, 0.08103632391969978], "means": [[-6.8700323703963395, -0.646861189398695, -0.3075816052982962], [0.9618540860392812, -0.5374384620221877, -0.14738794082155868], [3.529632849400168, -0.313719050798355, -0.008479019293646398], [-0.5981232452615766, 0.5229000792057876, 0.5731256472729216], [-2.9571907140504465, 0.48138141793006284, 0.4272566319573065], [0.63372166730461, 1.4681259122067498, -0.9962528358538131]], "cov": [[[0.0005461260743678864, -0.00046461719064515853, 0.0008879394763059856], [-0.00046461719064515853, 0.008107655630516972, -0.005851732399160939], [0.0008879394763059856, -0.005851732399160939, 0.005187853491592898]], [[23.08902912413412, 0.4193232914835212, 0.3560488372041734], [0.4193232914835212, 0.03916022679619125, 0.0232037692639377], [0.3560488372041734, 0.0232037692639377, 0.019415233050934927]], [[0.38728470279462746, -0.12881921610786656, -0.09717858095794338], [-0.12881921610786656, 0.04504082252116194, 0.03215150094148377], [-0.09717858095794338, 0.03215150094148377, 0.02638895491418787]], [[0.43999390719143955, -0.07006932566748866, -0.04632668420969443], [-0.07006932566748866, 0.014939423603834783, 0.009011432728605967], [-0.04632668420969443, 0.009011432728605967, 0.00804738373588807]], [[1.0809730869735579, 0.07503416802294925, 0.02898647725175202], [0.07503416802294925, 0.008995643593431092, -0.0022561444269033775], [0.02898647725175202, -0.0022561444269033775, 0.013417866959801988]], [[0.4335674548134066, 0.030458710520692496, -0.11708916454858498], [0.030458710520692496, 0.01470892230977323, -0.015496706941359385], [-0.11708916454858498, -0.015496706941359385, 0.037542375854670185]]]}