{"accuracy_init": 0.7722222208976746, "accuracy_final_MAP": 0.8222222328186035, "accuracy_final_mean": 0.8222222328186035}