{"entropy_prior_gmm": 0.0008925289686521755, "entropy_Mean_gmm": 0.010018894448876381, "entropy_z_nk_prior": 0.0012788791422551772, "entropy_Mean_z_nk": 0.007951006898894098, "entropy_mixing_prior": 88.99072030499339, "entropy_Mean_mixing": 1.6265487316210343}