{"weights": [0.04229575352473937, 0.2966282914857266, 0.2702030283863207, 0.1559602257319941, 0.15437164180630036, 0.08054105906491865], "means": [[-3.805973274863967, 0.43248006866491473, 0.4020448565368049], [-1.1036007387080982, 0.5383948457289572, 0.5448787539976051], [3.9153431612613345, -0.4438029808149324, -0.10511210137264713], [2.698748048396588, -0.03254181597827447, 0.20226836298526452], [0.6808779774036897, 1.4809941378876967, -1.0147577476136884], [-6.870138391021983, -0.6477813436909956, -0.3071897529774329]], "cov": [[[167.96856230097637, 22.446050658997894, 26.851873108961236], [22.446050658997894, 4.073419086710606, 2.0875621858625344], [26.851873108961236, 2.0875621858625344, 7.540853606076256]], [[424.472884422763, -0.2048099852448106, 31.41079520592893], [-0.2048099852448107, 1.3749276009274072, -0.40343446548218126], [31.41079520592893, -0.40343446548218126, 4.458623644372439]], [[43.30752007023689, -18.523310251373363, -15.551087004343126], [-18.523310251373363, 9.946980259419075, 5.5005659561268825], [-15.55108700434312, 5.5005659561268825, 7.1162026566339005]], [[43.492289398657014, -13.12325030780292, -8.799257445071424], [-13.12325030780292, 4.527625964528686, 2.266911071778411], [-8.799257445071424, 2.266911071778411, 2.7844870917072044]], [[252.5445433544265, -17.30803435556314, -51.1349026612853], [-17.30803435556314, 2.006108474318435, 2.8478499692622194], [-51.1349026612853, 2.8478499692622194, 11.32593211455791]], [[0.61902148430538, -0.44804839199937807, 0.8776252233916972], [-0.44804839199937807, 8.223673364211361, -5.837306932149608], [0.8776252233916972, -5.837306932149608, 5.264692322936375]]]}