{"weights": [0.17100137715112335, 0.00035936724367969467, 0.46956508349863657, 0.1241754333951912, 0.15435847606729908, 0.08054026264407002], "means": [[6.8700530110506035, -0.6485832179755129, 0.3076444498869875, -0.043977512343395725, -0.002467780722715357, -0.000802100900471912, -0.013813496386484672, -0.0013106466651841863], [0.16969101413091495, -0.44775735519869725, 0.3373871817696981, 0.21061095344989816, 0.11720075029532051, 0.12098783521134322, -0.0480221786862206, 0.0438027293735192], [-3.539561140430503, -0.31644869258494934, 0.009487240748862279, -0.018194272711191693, -0.011041248534771855, 0.0009963243970788622, 0.004729720407048507, -0.0041572481892532265], [0.6603598391959185, 0.5397374214922114, -0.5852657052068095, -0.04024310739216433, 0.058490174038885734, -5.532473991534732e-05, -0.014977743106988304, 0.018595851318851123], [2.9684219581206843, 0.4758972811949444, -0.429967956287565, 0.12199201918256199, -0.006778639358433031, -0.007378460373339626, 0.013711916885564905, -0.005653455344604185], [-0.673904318648473, 1.4812051445133585, 1.0132624475109966, -0.005475832716393428, 0.00523702164120154, 0.009547101443609202, -0.0023359992908819345, -0.001579189000978205]], "cov": [[[0.7989572454820021, -0.1397731788205194, -0.27370279519694396, 0.3727986067559319, -0.0881037362388773, 0.06980789993938145, 0.2898710969525819, -0.026685026443451748], [-0.1397731788205194, 2.7800309455731185, 2.297656279781454, -1.104813891882278, 0.6540771066922455, 0.24470761054622436, 0.9594219691851787, -0.10169169478367761], [-0.27370279519694396, 2.297656279781454, 4.278098136898327, -3.1964003529910845, 1.0843994111332382, -0.17500983989078517, -0.9928720135700577, 0.007559114882155612], [0.37279860675593185, -1.1048138918822779, -3.1964003529910845, 4.456332268709799, -0.9775846094276122, 0.230304363761326, 1.8045541843198833, 0.0029183443522143465], [-0.0881037362388773, 0.6540771066922454, 1.084399411133238, -0.9775846094276124, 1.86529921260278, 0.02840182396091321, -0.18741774448916385, 1.0472314363988042], [0.06980789993938145, 0.24470761054622436, -0.1750098398907851, 0.23030436376132593, 0.028401823960913262, 0.8369574325564746, 0.39660976934527803, -0.6813395389080962], [0.2898710969525819, 0.9594219691851787, -0.9928720135700577, 1.8045541843198831, -0.1874177444891638, 0.39660976934527803, 2.0625796306965203, -0.0698732140549685], [-0.026685026443451748, -0.10169169478367786, 0.007559114882155624, 0.002918344352214267, 1.0472314363988042, -0.6813395389080962, -0.0698732140549688, 3.2959609537175227]], [[385.97988185405273, 23.699029532313162, -70.96193104528356, 8.18170539517521, 51.5130099927691, 5.36697100710135, 15.582936695281452, -15.778704203930703], [23.699029532313165, 33.9015667015275, -2.8128618206043643, 7.747505620853819, 6.552735882851083, 0.8632391623574405, 7.654832214597883, -0.04590124627356022], [-70.96193104528356, -2.81286182060436, 48.08034996678712, -5.30889868738666, -13.764307943277599, -0.5760782372922677, -7.515780849153752, 0.9366660700447923], [8.181705395175213, 7.747505620853819, -5.30889868738666, 37.022126294222154, 7.757400720354917, -2.332899467126616, -0.7711828885290304, 5.528087682752195], [51.513009992769106, 6.552735882851083, -13.7643079432776, 7.757400720354918, 43.36352684251583, 2.4656249680325497, 0.1879655708341704, -4.450410155638407], [5.36697100710135, 0.863239162357441, -0.576078237292268, -2.3328994671266154, 2.465624968032548, 38.15499565530877, -1.455927720344241, 0.9389561430542893], [15.582936695281456, 7.654832214597883, -7.515780849153753, -0.7711828885290302, 0.18796557083417054, -1.4559277203442411, 23.053397714187323, -2.852262909108578], [-15.778704203930703, -0.04590124627355903, 0.9366660700447923, 5.5280876827521945, -4.450410155638407, 0.9389561430542881, -2.852262909108578, 33.27301037782]], [[131.62864399323936, 55.29295983740494, -44.392796741939776, -95.45183802445966, -28.163324821916916, 11.26680374712574, 1.2449051574990049, -2.3432854681460267], [55.29295983740494, 33.56549445945331, -12.70521160120021, -45.43515558832874, -6.269006414570518, 2.9449679569851086, 5.3175614911101645, 1.327099167643784], [-44.39279674193976, -12.705211601200206, 22.385923233938126, 43.50783464478998, 6.851010619111938, -2.5808147577717304, 1.3635319502316754, 1.746722232727357], [-95.45183802445966, -45.43515558832874, 43.50783464478997, 171.74910770940357, -10.888226514911578, 7.021427244597066, -11.355396216877889, -0.47081252612158997], [-28.163324821916916, -6.26900641457052, 6.851010619111938, -10.888226514911581, 70.41935471181948, 5.979115462314702, 8.269306972713, -5.579018507201664], [11.26680374712574, 2.944967956985108, -2.5808147577717304, 7.021427244597066, 5.9791154623147005, 29.474952103561307, -3.6235779243789703, -4.47924787619029], [1.2449051574990047, 5.317561491110164, 1.3635319502316752, -11.355396216877889, 8.269306972713, -3.6235779243789703, 4.684359763702166, 0.0773057678284976], [-2.3432854681460262, 1.327099167643784, 1.7467222327273566, -0.47081252612158964, -5.579018507201664, -4.479247876190293, 0.07730576782849774, 15.497336221419545]], [[80.44901274622018, 0.04892354931768326, 5.816686516401881, 6.557075857767132, -0.8904528989731281, -0.8318155231718596, -3.9267915255376575, -2.0837277223481574], [0.04892354931768326, 1.194250854557662, 0.33307754280735175, -0.020816758937981645, -1.2698977660612984, 0.3808234807430367, 0.6465259910258487, 0.11429514910675875], [5.816686516401882, 0.3330775428073518, 2.4077330226358056, 0.2808516265314735, -0.8617290645796978, -0.6565430711831454, -1.3778895324179283, 0.09431432481821483], [6.557075857767131, -0.020816758937981596, 0.2808516265314735, 2.9375824550773566, -1.1736798946947609, -0.6690922573930773, -0.22860946607345028, -0.761331683753685], [-0.8904528989731281, -1.2698977660612987, -0.8617290645796977, -1.1736798946947606, 2.7871453676020526, 0.2316330605236246, -0.44612619219909927, -0.05450582039320441], [-0.8318155231718596, 0.3808234807430367, -0.6565430711831455, -0.6690922573930772, 0.23163306052362456, 2.940255194026053, 0.5043923354251835, 0.17582248795246588], [-3.9267915255376575, 0.6465259910258488, -1.3778895324179283, -0.22860946607345028, -0.44612619219909927, 0.5043923354251832, 1.767391364776142, -0.19969760559212513], [-2.0837277223481574, 0.11429514910675875, 0.0943143248182148, -0.761331683753685, -0.054505820393204375, 0.17582248795246583, -0.19969760559212513, 1.96238251757639]], [[451.6770802699888, 107.92970042395271, -71.25164957716768, 48.35906722481149, -25.81715871683759, 45.24603373117105, 16.304037340665925, -1.6837736519240032], [107.92970042395268, 98.29634181943459, -65.75230944212186, 17.6600988585233, -5.6136813861845125, 8.087739330326134, -40.40763290200957, -6.961936872540417], [-71.2516495771677, -65.75230944212186, 52.87133400326022, -10.348807445720135, 6.861233608658514, -6.484152279744134, 30.50028085752485, 4.75749267014965], [48.35906722481149, 17.6600988585233, -10.348807445720137, 15.261507881109397, -0.5439099647930645, 2.8340909371549405, -5.779620840346656, -0.5554838031528989], [-25.81715871683759, -5.6136813861845125, 6.861233608658516, -0.543909964793065, 8.373189628488802, -4.931306346639404, -3.304474712862681, -0.33399033127301664], [45.24603373117105, 8.087739330326135, -6.484152279744135, 2.834090937154941, -4.931306346639403, 12.297856027408098, 9.555137712031579, 0.3797115723243436], [16.304037340665925, -40.40763290200957, 30.50028085752485, -5.779620840346656, -3.304474712862681, 9.55513771203158, 48.959096965131714, 6.514454757626256], [-1.683773651924003, -6.961936872540419, 4.75749267014965, -0.5554838031528986, -0.3339903312730165, 0.3797115723243438, 6.514454757626256, 7.265208761377883]], [[46.38712449486994, 1.6795682663402167, -13.256775175271091, -0.640671489441718, 1.6757173803663692, 5.268903644271861, 12.47885679566699, -7.320393913675548], [1.6795682663402183, 20.32456471163173, -9.060312645072875, 9.84510934246145, 