{"accuracy_init": 0.7751677632331848, "accuracy_final_MAP": 0.6476510167121887, "accuracy_final_mean": 0.781879186630249}