{"weights": [0.24233583033399353, 0.1696126838357078, 0.5880514858302985], "means": [[1.8244311223288632, 3.609427323084871, 0.04533429350560025, 0.007490312714110188, -0.0014057283429658443, 0.012429874682132193, 0.04262248256725975, 0.012607011465166082], [4.0739776763962565, -2.687896969584142, -0.038140803639792234, -0.03484248840296782, 0.002655656196641629, 0.05846430482957285, -0.04747467687322726, -0.014629697954994914], [-2.1210959174720827, -0.5164676609462886, 0.027788523330603977, 0.04407139779526657, -0.011873066120709005, 0.014049618414579872, -0.0031217869354890873, -0.003950113599892363]], "cov": [[[0.14627212339065224, -0.10629249397242518, 0.45998133531313706, 0.09853483747857973, 0.15005332150642237, 0.0185075069037093, 0.02718403033501728, 0.04907266017215723], [-0.10629249397242518, 0.19635032371935085, 0.17297665807543, -0.08633209590378431, -0.1946609083949742, -0.024262531664223704, -0.025028996938028878, -0.04515810742202475], [0.45998133531313706, 0.17297665807543, 5.303940364715587, 0.3227628965284698, -0.11831301706532227, 0.00030439164741688794, -0.023740877806562623, 0.008897477414914529], [0.09853483747857975, -0.08633209590378431, 0.32276289652846984, 0.13116357068489243, 0.05886303175773951, 0.00012333188139270157, -0.042083371051477234, 0.04006063101275982], [0.1500533215064224, -0.19466090839497424, -0.11831301706532228, 0.05886303175773951, 0.3224431342273258, 0.07641674274153944, 0.1368137514996978, 0.04074899314053406], [0.0185075069037093, -0.02426253166422371, 0.00030439164741688756, 0.00012333188139270336, 0.07641674274153944, 0.046807522254413085, 0.07590425293960389, -0.020736308469817378], [0.027184030335017276, -0.025028996938028885, -0.023740877806562623, -0.04208337105147724, 0.1368137514996978, 0.07590425293960389, 0.19796971022249998, -0.033610286089018095], [0.04907266017215723, -0.04515810742202475, 0.008897477414914529, 0.04006063101275982, 0.040748993140534054, -0.020736308469817378, -0.033610286089018095, 0.04522785320125414]], [[0.4374706508254579, 0.10659180403066901, -0.0006323142654372333, -0.2921273374575012, -0.12435715758947437, 0.07548869752300846, -0.04954244202229842, -0.1101516508031418], [0.10659180403066901, 0.17471476413093817, 0.010277904136725984, 0.13555424219015438, 0.30844892929498813, -0.014961786628685041, -0.06999381499353848, -0.058665549810631074], [-0.0006323142654372326, 0.01027790413672598, 0.01050450223758985, -0.04951538422598432, 0.021233286465150766, 0.042165632795216235, -0.014783632629036685, 0.010932240239976337], [-0.2921273374575012, 0.13555424219015438, -0.04951538422598432, 1.1621173207749538, 0.5659966884528731, -0.4448891267775587, 0.05767287713872841, -0.13268999565913955], [-0.1243571575894744, 0.3084489292949881, 0.021233286465150766, 0.5659966884528732, 0.9521612917439711, -0.06688076721615036, -0.17352136104965554, -0.012591892176638732], [0.07548869752300849, -0.014961786628685041, 0.042165632795216235, -0.4448891267775587, -0.06688076721615033, 0.32918365562136376, -0.0928208281158023, 0.06488995767063735], [-0.04954244202229842, -0.06999381499353846, -0.014783632629036685, 0.05767287713872841, -0.17352136104965557, -0.0928208281158023, 0.08685947595859256, 0.0181689248707258], [-0.1101516508031418, -0.058665549810631074, 0.010932240239976337, -0.13268999565913958, -0.012591892176638732, 0.06488995767063735, 0.018168924870725797, 0.2189070991401965]], [[0.02529417119606084, -0.009795323147283019, 0.00881956563410773, -0.0865564448145529, 0.02611927637348823, -0.02507416943489272, -0.01231542832822569, 0.00577629619051617], [-0.00979532314728302, 0.03671166840467967, -0.017137657093500305, 0.05833301735707324, -0.04351572409340569, 0.0012984870376590244, -0.01939077528992092, -0.0028307956592127487], [0.00881956563410773, -0.017137657093500305, 0.021776560556759778, -0.10494250867564753, 0.035710545253537514, -0.015130037480390988, 0.01454991588965478, -0.00661893021074858], [-0.0865564448145529, 0.058333017357073254, -0.10494250867564753, 0.6824285508772451, -0.18609861858150362, 0.14285381610116316, -0.003264578419822607, 0.02682042291233034], [0.02611927637348823, -0.043515724093405685, 0.035710545253537514, -0.1860986185815036, 0.08597595576980922, -0.01938062071427687, 0.006502497387012255, -0.01521225049874292], [-0.02507416943489272, 0.001298487037659022, -0.015130037480390985, 0.14285381610116313, -0.01938062071427687, 0.05586524334253458, 0.0011593008279183069, -0.014769468325577614], [-0.01231542832822569, -0.01939077528992092, 0.014549915889654782, -0.003264578419822607, 0.006502497387012255, 0.001159300827918308, 0.052586232547568695, 0.009251392045631454], [0.005776296190516169, -0.0028307956592127487, -0.00661893021074858, 0.02682042291233034, -0.01521225049874292, -0.014769468325577614, 0.009251392045631456, 0.02566890721085817]]]}