{"entropy_prior_gmm": 1.1512925464970228e-08, "entropy_Mean_gmm": 8.905716822482646e-05, "entropy_z_nk_prior": 9.616358581884957e-06, "entropy_Mean_z_nk": 0.004890563926347532, "entropy_mixing_prior": 88.99072030499339, "entropy_Mean_mixing": 1.6604456048615241}