{"weights": [0.5705046148039968, 0.1994807928439267, 0.2300145923520764], "means": [[-2.1087553380695083, -0.5237628080323247, 0.03689163317671417, -0.020773393955732616, 0.008883801076812567, 0.0006364563557197701, -0.006464307184498353, -0.005427377989839928], [4.011713200752551, -2.714049672184651, -0.04597193632886883, 0.06899348502506662, -0.02268392106107294, -0.004739038676027954, -0.009065830643066148, -0.007388633934061785], [1.8183964108312094, 3.609037388611341, -0.05267356433778499, -0.005367507730374372, 0.0007657025487274151, 0.003009686756580751, 0.026720088256991802, 0.02174791007125295]], "cov": [[[0.025984986938684076, -0.008338284559611572, 0.008844572742098567, -0.09173926584139583, 0.025587506285617477, -0.0274600538112963, -0.013855654811663733, 0.005852703324723283], [-0.008338284559611572, 0.04322868069431232, -0.02038076868228645, 0.060255211298712426, -0.05047651032587595, -0.0029770709535681594, -0.02594506564969069, -0.0011850831410890983], [0.008844572742098565, -0.02038076868228645, 0.023661478548612416, -0.10978529739921233, 0.03995317799124537, -0.014135387909533403, 0.016937429757165185, -0.007469254460108637], [-0.09173926584139583, 0.06025521129871241, -0.10978529739921233, 0.718257499828845, -0.19485446154179292, 0.1514156653155628, -0.0018483984135428616, 0.027782253076568016], [0.025587506285617474, -0.05047651032587595, 0.03995317799124536, -0.19485446154179292, 0.09301404217886852, -0.018486747504872798, 0.014896464056685196, -0.014982930383637435], [-0.0274600538112963, -0.00297707095356816, -0.014135387909533401, 0.1514156653155628, -0.018486747504872798, 0.0587010322433466, 0.008820597195382031, -0.012899868422779662], [-0.013855654811663733, -0.02594506564969069, 0.016937429757165185, -0.001848398413542862, 0.014896464056685193, 0.008820597195382031, 0.05518739303960854, 0.0049548491176591635], [0.005852703324723285, -0.0011850831410890998, -0.007469254460108637, 0.027782253076568016, -0.014982930383637431, -0.012899868422779662, 0.004954849117659161, 0.023011401771897574]], [[0.40528191536289443, 0.10936533440678069, -0.0003001085095659369, -0.24905472544821394, -0.09202368293680153, 0.06452077873727134, -0.04764506096440066, -0.10227761298258883], [0.10936533440678069, 0.15779596381141042, 0.00909405965678922, 0.1032521663298643, 0.2791333373041514, -0.005110681777917468, -0.06963678713474956, -0.05158107295953483], [-0.0003001085095659367, 0.009094059656789218, 0.00957802275651754, -0.0442818771775962, 0.023116354355823498, 0.03926943743992357, -0.015624501105907681, 0.009824981365717841], [-0.24905472544821394, 0.10325216632986432, -0.0442818771775962, 0.993298589116441, 0.4476128951759865, -0.3830123497871209, 0.059196018983278496, -0.11482723772726626], [-0.0920236829368015, 0.2791333373041514, 0.023116354355823498, 0.4476128951759864, 0.8442438955273422, -0.03221489468615687, -0.16454197797297815, -0.004801039267917296], [0.06452077873727134, -0.005110681777917482, 0.03926943743992357, -0.3830123497871209, -0.03221489468615689, 0.3046680329407828, -0.09169840687997698, 0.05598094756422979], [-0.04764506096440066, -0.06963678713474955, -0.015624501105907681, 0.0591960189832785, -0.16454197797297815, -0.09169840687997699, 0.08204589218919348, 0.018487407658366463], [-0.10227761298258886, -0.05158107295953483, 0.009824981365717841, -0.11482723772726626, -0.0048010392679173055, 0.05598094756422979, 0.018487407658366463, 0.20996110589761094]], [[0.1333159343487699, -0.08991033214897018, 0.45866037058529996, 0.0904502137378205, 0.12673205596819226, 0.012475805819738194, 0.01651554860791923, 0.04613328826505371], [-0.08991033214897018, 0.17496354745079593, 0.17181982665024137, -0.07948882708476783, -0.16392292466023375, -0.01828200720390354, -0.011546385234077321, -0.04010690309611324], [0.4586603705852999, 0.17181982665024137, 5.282580830270813, 0.3215674031057084, -0.1168038985884542, 0.0005572850759138049, -0.023032647333023796, 0.009010629719103979], [0.09045021373782049, -0.07948882708476783, 0.3215674031057084, 0.13083684803672413, 0.04333147070200389, -0.0021186261200078094, -0.04875897100851388, 0.036506022914474835], [0.12673205596819226, -0.16392292466023373, -0.1168038985884542, 0.04333147070200389, 0.2785418773736944, 0.06541115813767975, 0.1211978919363206, 0.03499545615125701], [0.012475805819738195, -0.01828200720390354, 0.0005572850759138049, -0.00211862612000781, 0.06541115813767975, 0.045259203594003074, 0.07509318795916278, -0.02333015300246623], [0.01651554860791923, -0.011546385234077328, -0.023032647333023796, -0.04875897100851388, 0.1211978919363206, 0.07509318795916278, 0.19429409052510502, -0.03908456296284349], [0.04613328826505371, -0.04010690309611324, 0.009010629719103979, 0.036506022914474835, 0.03499545615125701, -0.02333015300246623, -0.039084562962843496, 0.04552108771590153]]]}