{"weights": [0.10455600859598345, 0.08944658526533507, 0.33860042971581666, 0.20719002816286983, 0.10583913002788502, 0.15436781823210996], "means": [[3.744082436835033, 0.44512328890721126, -0.4046769381362637, 0.14212328474293082, -0.03076651630195464, 0.012613483653693483, 0.10039805142310099, 0.002468230761078781], [-0.6399178769099664, 1.4818907271302135, 1.00493904009284, -0.004266342730285473, 0.004087708241279567, -0.00026511057791935553, -0.003815553267507567, -0.0023765798663688206], [-3.8990753137455947, -0.4371368542667034, 0.10175521653924277, 0.025373537945695232, 0.026986464008212946, -0.0030533033705509283, 0.010036356072541623, 0.003997720450381072], [1.1056545808391556, 0.5405683721829831, -0.5445180023911542, 0.005791386216047904, 0.04502344980174596, -0.01082865355516825, -0.042577578518120746, 0.006204623407881241], [-2.6625559259977973, -0.020728720928169322, -0.20973799014053252, -0.09974177595484057, -0.10178049563223963, 0.010131607392358116, -0.008050622066026613, -0.02030391466690554], [6.871208528999708, -0.6394243219500126, 0.31392941662781304, -0.04646723408793124, -0.0019702954484749867, -0.0018334584670140126, -0.008594805964044078, -0.000612581344965502]], "cov": [[[0.23539955150851438, -0.03148411172924766, 0.03763199764624967, -0.006261674660989196, -0.009506485031396079, -0.0006788905777368349, 0.00825458803494324, 0.005018264224399566], [-0.031484111729247664, 0.005489306840647459, -0.00295692558498346, -0.0009112887712045187, 0.0016787290488885411, -0.0001451151378367857, -0.0014735998814240667, -0.0006204861557943927], [0.03763199764624967, -0.0029569255849834592, 0.010360069597343988, -0.0047179706700679665, -0.0007802804722346396, -0.0003317795589943854, -2.304106201460605e-05, 0.0012345207354874735], [-0.006261674660989196, -0.0009112887712045189, -0.004717970670067967, 0.004117544910114105, -0.0012513498287106736, 0.00023275599515396156, 0.0010780184133014153, -0.0002747044331445042], [-0.009506485031396079, 0.001678729048888541, -0.0007802804722346395, -0.0012513498287106736, 0.0025473295851420026, 0.0003372672853294152, -0.0006138979433030521, -0.0005625884684427202], [-0.000678890577736835, -0.0001451151378367857, -0.0003317795589943854, 0.00023275599515396156, 0.0003372672853294152, 0.0017451068218170354, -0.00010493434486311114, 1.345186876962496e-05], [0.008254588034943238, -0.0014735998814240665, -2.304106201460627e-05, 0.0010780184133014153, -0.000613897943303052, -0.00010493434486311111, 0.0010174749905037732, -8.621396242271368e-05], [0.0050182642243995655, -0.0006204861557943926, 0.0012345207354874732, -0.0002747044331445042, -0.0005625884684427202, 1.3451868769624932e-05, -8.621396242271368e-05, 0.0009295580002995719]], [[0.22526435490787042, 0.015456772201751238, -0.04559375478889925, 0.0065307348033241674, 0.033391424098313756, 0.003401115606440266, 0.010266625903056782, -0.009556013521263961], [0.01545677220175124, 0.0019168456038423788, -0.0023374548053396887, 0.00023357195492866765, 0.0025597487103200195, 0.00013194981086374588, 0.0009412999378515177, -0.000996391019784352], [-0.04559375478889925, -0.0023374548053396883, 0.01026451788179203, -0.0013311023690523453, -0.006778993671355122, -0.0004553077493627592, -0.002002234254312005, 0.0017358117604509087], [0.006530734803324168, 0.00023357195492866765, -0.0013311023690523456, 0.000980118984106207, 2.6860216445037485e-05, 6.924768634045461e-05, 0.00018429886304647964, -0.00022898372934514533], [0.033391424098313756, 0.002559748710320019, -0.006778993671355123, 2.6860216445037342e-05, 0.0072996451693494585, 0.001246223428911012, 0.0016020737645948142, -0.0029368048939121746], [0.003401115606440266, 0.00013194981086374585, -0.0004553077493627592, 6.924768634045461e-05, 0.0012462234289110123, 0.0042523488908478265, -0.0005567902194918723, 0.0003528539326675519], [0.010266625903056782, 0.0009412999378515177, -0.002002234254312005, 0.00018429886304647966, 0.0016020737645948144, -0.0005567902194918722, 0.0007080818110027557, -0.0007804440419369419], [-0.009556013521263961, -0.000996391019784352, 0.0017358117604509087, -0.00022898372934514533, -0.002936804893912174, 0.00035285393266755195, -0.0007804440419369419, 0.0035301523744089756]], [[0.0484591364042317, 0.020723628775588976, -0.017335645051996595, -0.04323001919556583, -0.010107106552839584, 0.0017155765279501145, 0.0010988915538365316, -0.0002836261617492307], [0.020723628775588976, 0.011265122633661565, -0.005931791324288498, -0.020209085908995984, -0.0029880686483329793, 0.0004536730547415952, 0.0017332526739691201, 0.0004724304328481139], [-0.017335645051996595, -0.005931791324288498, 0.007942648776784588, 0.01801256512158496, 0.002415818606192133, -0.0004581079388254475, -0.0001318367976018432, 0.0004166765369912787], [-0.043230019195565836, -0.020209085908995984, 0.018012565121584955, 0.0638590692907323, -0.002543181596974184, 5.624434082325277e-05, -0.0039033876225871116, 0.0003730264866437298], [-0.010107106552839584, -0.0029880686483329793, 0.0024158186061921335, -0.0025431815969741843, 0.016780242968315852, -0.0004896327262877063, 0.0021056701791238035, -0.0008601808592456008], [0.001715576527950115, 0.00045367305474159513, -0.00045810793882544753, 5.624434082325275e-05, -0.0004896327262877062, 0.005021574509830444, -0.0007247239630402703, -0.0001282100644597295], [0.0010988915538365316, 0.0017332526739691201, -0.00013183679760184322, -0.0039033876225871116, 0.002105670179123804, -0.0007247239630402703, 0.0011969847947733007, -7.263195546670966e-05], [-0.00028362616174923064, 0.0004724304328481139, 0.00041667653699127864, 0.00037302648664372997, -0.0008601808592456011, -0.00012821006445972943, -7.263195546670966e-05, 0.0038241765328970757]], [[0.3973389413040745, 0.00021351736558729124, 0.029461706982814154, 0.0331892770209742, -0.004974052272876281, -0.004712558815327214, -0.019949130123635903, -0.01053323544319971], [0.00021351736558729127, 0.001342936919816843, 0.0004517047604560204, 0.00020371849285947242, -0.0015180908035593397, 0.0002795159627966745, 0.000684348565387531, 0.0001926610850636393], [0.029461706982814154, 0.00045170476045602046, 0.004353477075239843, 0.002488680471461055, -0.0014221790600909162, -0.0009909701563143801, -0.00265363286008269, -0.0005083892457664403], [0.0331892770209742, 0.0002037184928594724, 0.002488680471461055, 0.005473667730053529, -0.0019268171328733835, -0.0012042944300981033, -0.0015210901512714644, -0.0017307964019950444], [-0.004974052272876282, -0.0015180908035593394, -0.0014221790600909162, -0.0019268171328733835, 0.003590016950184815, 0.0005705872171315021, -0.0002896515540040803, 0.00011177507377285183], [-0.004712558815327214, 0.0002795159627966745, -0.00099097015631438, -0.0012042944300981033, 0.0005705872171315021, 0.003272144792571547, 0.0006286858060561788, 0.0002096921379043663], [-0.019949130123635903, 0.000684348565387531, -0.00265363286008269, -0.0015210901512714644, -0.0002896515540040803, 0.0006286858060561786, 0.002656194255944652, 0.00031910983860192335], [-0.010533235443199711, 0.0001926610850636393, -0.0005083892457664402, -0.0017307964019950444, 0.00011177507377285197, 0.00020969213790436621, 0.0003191098386019234, 0.002132211657837167]], [[0.033109757956602336, 0.010010962027645613, -0.006681386069218976, 0.0035666096232329805, -0.0017695545841898838, 0.003154747642599064, -0.00020996475991443667, -0.00020531117513231795], [0.010010962027645611, 0.0035351684497764908, -0.0015701200692858866, 0.0007252148735558319, -0.0009321579212331698, 0.0006231156025419237, 0.00014994365195065463, -0.00018572912019376681], [-0.006681386069218976, -0.0015701200692858866, 0.0023781921235411546, -0.0011115603277882483, 0.0001517553667016621, -0.0006134560624373424, -0.000337045685008142, -9.259743990913754e-05], [0.00356660962323298, 0.0007252148735558315, -0.001111560327788248, 0.0019241197151720752, -0.001040253949503647, 0.0004995569283865554, 4.95489760410283e-05, -0.0006039413427403353], [-0.0017695545841898835, 