{"entropy_prior_gmm": 0.0018708267258372385, "entropy_Mean_gmm": 0.02051634155213833, "entropy_z_nk_prior": 0.0011754161606685348, "entropy_Mean_z_nk": 0.03434414224151643, "entropy_mixing_prior": 53.75278407684164, "entropy_Mean_mixing": 1.3711447663921836}