{"weights": [0.0494600985886349, 0.285841902913791, 0.43068125863672846, 0.0007681849314077726, 0.09246952724392075, 0.1407790276855171], "means": [[3.580580189523981, 0.36756611294273006, -0.5671384979768926, 0.3874616879240979, -0.3271241718894914, -0.018424356946932792, 0.08873940873315705, 0.10323043602097545], [1.563677242959222, 0.5138011601103684, -0.42352288237333685, -0.04891797466738042, 0.040117874520700474, 0.020751690956437755, 0.03800535724403528, -0.10357057905516932], [-3.532854008663684, -0.3288099389263271, 0.010554488440543358, 0.014018344229476239, -0.0028553054805746632, 0.0122539483992939, 0.01637677094309153, 0.002319151761459445], [-3.4895910730827913, 0.2651089875150477, -0.5989968514609776, 0.22782700697797026, -0.6175792076724818, -0.49599524225152597, -0.33565153791046926, -0.20106017745127822], [-0.6868964471122028, 1.4933346992736638, 1.136046614150415, 0.13326631393524813, -0.12666661489393816, 0.3642975827419278, -0.02430206768003705, 0.3806309516452245], [6.8067617641407585, -0.4912795738861076, 0.26750053532565066, 0.05694769385760241, 0.022852395528936264, -0.0402855849864842, -0.05114241792196546, 0.2072240507134195]], "cov": [[[1.0505890017657558, 0.20505538805982249, 0.11398281851195809, 0.02916033352363248, -0.06699814569053912, -0.3411736119296848, -0.11848470058200385, 0.018542476372295093], [0.20505538805982243, 0.8801166094532479, -0.1959785513761129, 0.36331364216752504, -0.2799841088581552, -0.13278794119928652, 0.03654428123544079, 0.07046935121410852], [0.11398281851195802, -0.19597855137611292, 1.4671930087364193, -0.7692393313491399, 0.42631942249428745, -0.14579046864365844, 0.2337429523739158, -0.6287362110174612], [0.029160333523632523, 0.36331364216752504, -0.7692393313491396, 1.6891527913894078, 0.15189225354307961, -0.48221018822926515, -0.22531527560198478, 0.3372456725840016], [-0.06699814569053911, -0.2799841088581552, 0.4263194224942874, 0.15189225354307961, 0.9294781512997181, -0.29602975427084627, -0.05492407466436676, -0.23912017716544406], [-0.34117361192968476, -0.13278794119928652, -0.14579046864365847, -0.4822101882292651, -0.29602975427084627, 0.864580577927891, 0.19456087142860617, 0.3301556110942339], [-0.11848470058200386, 0.036544281235440776, 0.23374295237391582, -0.2253152756019848, -0.05492407466436677, 0.1945608714286062, 0.5107156468214179, 0.09601933880054223], [0.0185424763722951, 0.07046935121410852, -0.6287362110174611, 0.33724567258400173, -0.23912017716544406, 0.3301556110942339, 0.09601933880054217, 0.8294559920819932]], [[1.1227198531217348, -0.08122748872559732, -0.08230447029720757, 0.16394565479310283, 0.16373627167345473, -0.0778858844867131, -0.017338368086608644, 0.10052021905629346], [-0.08122748872559732, 0.257591992190006, -0.032426364149222765, -0.03747728994023746, -0.17547940432709652, -0.03117460500331056, -0.026290977691754227, -0.025328632713427775], [-0.08230447029720758, -0.032426364149222765, 0.48134299654016666, -0.07344825728553518, -0.10204649343043226, 0.07287869351633092, -0.16251676117257477, -0.10964735739361722], [0.1639456547931028, -0.037477289940237454, -0.0734482572855352, 0.241640364116592, 0.028192139636097915, 0.10285671647574343, -0.0023382398981192038, 0.04903050057338098], [0.16373627167345473, -0.17547940432709652, -0.10204649343043226, 0.028192139636097915, 0.4365283265914814, 0.018196605167776117, -0.005854764130648881, 0.10941401313077165], [-0.07788588448671308, -0.031174605003310544, 0.07287869351633092, 0.10285671647574335, 0.018196605167776114, 0.306304333901822, -0.06326940539571324, -0.022275860310307947], [-0.01733836808660864, -0.026290977691754227, -0.1625167611725748, -0.002338239898119203, -0.005854764130648878, -0.06326940539571324, 0.36662230284911346, 0.00017936536116690749], [0.10052021905629346, -0.025328632713427772, -0.10964735739361725, 0.049030500573380986, 0.10941401313077168, -0.022275860310307954, 0.00017936536116690662, 0.15700886632542518]], [[0.5242296064651398, 0.16973972776406657, -0.11236911281394034, -0.10648816801861129, -0.029929352679582882, 0.020512039885457606, -0.006318542740497573, -0.019780805904671343], [0.1697397277640666, 0.09329406195972313, -0.02367486151103002, -0.03787731109018856, -0.021698788052285554, -0.007994871577275428, 0.018172340460943674, -0.010581808552336413], [-0.11236911281394038, -0.023674861511030022, 0.09004994110360764, 0.03664654865864792, 0.007881456029046713, -0.018415282790287188, 0.04431970921914316, 0.0050296722349463755], [-0.10648816801861129, -0.03787731109018855, 0.036646548658647915, 0.14276869599845193, 0.019786149448713382, -0.01481696482378563, 0.004421935586326081, 0.022145933609652557], [-0.029929352679582882, -0.02169878805228555, 0.007881456029046708, 0.019786149448713382, 0.05558695355958972, 0.0002729344514980552, -0.015916370069634797, 0.0199093011201697], [0.020512039885457602, -0.007994871577275426, -0.018415282790287184, -0.014816964823785628, 0.0002729344514980531, 0.03606260764890147, -0.006751941640622296, -0.011812501202625893], [-0.006318542740497572, 0.018172340460943674, 0.04431970921914315, 0.004421935586326079, -0.015916370069634797, -0.006751941640622295, 0.08687999187497744, -0.01544303345790267], [-0.019780805904671336, -0.01058180855233641, 0.005029672234946373, 0.022145933609652547, 0.019909301120169698, -0.011812501202625886, -0.015443033457902669, 0.04051226372278329]], [[0.828911624665211, 0.08293493461030109, -0.1274047326440515, -0.3053673094713088, 0.09433902987317788, 0.07035934481294037, 0.12649734996235845, -0.09719491527722687], [0.08293493461030113, 1.2111574222557515, -0.3534179178871769, -0.7548389775557603, -1.0179451010269955, -0.1739783637278896, 0.6066661559932662, 0.44380376682626543], [-0.12740473264405155, -0.3534179178871769, 1.6490839431834243, 0.7733874448674706, 0.5836829710493248, 0.4829902650358733, -0.5531198499736215, -0.5055823410383802], [-0.30536730947130886, -0.7548389775557602, 0.7733874448674705, 1.8624359827544867, 1.0230706458731793, 0.0758374734930441, -1.1735390633524765, -0.4573397170490998], [0.09433902987317777, -1.017945101026995, 0.5836829710493247, 1.0230706458731793, 1.5878286177692336, 0.43114179995447643, -0.8309284963202976, -0.28582359699910986], [0.07035934481294037, -0.1739783637278896, 0.4829902650358733, 0.0758374734930441, 0.43114179995447655, 1.1815386459428738, 0.13686613972548453, -0.15158577910851723], [0.12649734996235848, 0.6066661559932662, -0.5531198499736215, -1.1735390633524765, -0.8309284963202979, 0.1368661397254846, 1.5145698056976982, 0.6124882812174458], [-0.09719491527722685, 0.4438037668262655, -0.5055823410383801, -0.4573397170490999, -0.28582359699910986, -0.1515857791085172, 0.6124882812174458, 0.9907086520193575]], [[0.9293102440455542, -0.06056915662717713, 0.0014313406404804392, 0.11804374788843403, 0.11035219132820168, -0.116525927296294, 0.19106372294194504, -0.4868812673052654], [-0.06056915662717714, 0.9035127740265287, -0.25218670458160874, 0.2793174251961183, -0.5309511876094495, 0.28177824144460656, -0.11966505219837932, 0.04102239763697536], [0.0014313406404804396, -0.25218670458160874, 0.7480464972726515, -0.02600455091677565, 0.41888083893393735, -0.024858679040401257, 0.03350898005580856, 0.07632988013115688], [0.11804374788843403, 0.27931742519611824, -0.026004550916775622, 0.6678601770426346, -0.29476874399749275, 0.29117467452132834, -0.027326532773469248, -0.026583779543845918], [0.11035219132820168, -0.5309511876094495, 0.41888083893393735, -0.29476874399749287, 1.1387439302811897, 0.10216119737797483, 0.32032784736920683, 0.34382203838395387], [-0.116525927296294, 0.28177824144460656, -0.024858679040401264, 0.2911746745213285, 0.10216119737797474, 0.9632595883533145, 0.11009225136991106, 1.0637760232688616], [0.19106372294194507, -0.1196650521983793, 0.03350898005580855, -0.027326532773469244, 0.32032784736920683, 0.11009225136991109, 1.1607406433229115, -0.19194116083701646], [-0.4868812673052654, 0.04102239763697539, 