{"MAP index": 87, "entropy_prior_gmm": 4.6051701859880925e-09, "entropy_MAP_gmm": 0.002480679890140891, "entropy_z_nk_prior": 0.07296467743593256, "entropy_MAP_z_nk": 0.059412124849071275, "entropy_mixing_prior": 85.69175851611257, "entropy_MAP_mixing": 0.9708110284175852}