{"weights": [0.23582200745145637, 0.1864433871147437, 0.5777346054338], "means": [[1.7861161157734966, 3.6369963682978494, -0.0882733013525116, 0.007745652038636811, -0.0042894871769542505, 0.05086924077264606, 0.0025815190349229153, 0.05019265237982213], [4.0305082390826605, -2.720417836539587, -0.07149431926331666, 0.09850548869053743, -0.04418176406760051, -0.00901837330223264, -0.01379082922061057, 0.024302277704526264], [-2.1389191706963686, -0.49641820929851055, 0.006675260288658849, -0.00923739925566571, -0.015858114118737453, -0.02170001526852136, -0.011090130738623014, 0.005977457899789411]], "cov": [[[0.7975410875465883, -0.15145163276607737, -0.0022706815995841637, -0.019095165295351848, -0.04935324424198273, 0.11043694324896781, -0.053600075409829064, -0.03220806633787893], [-0.15145163276607737, 0.9144829220833119, 0.1643566297465315, -0.06476135722046729, 0.029222890494584507, -0.14063610201278717, -0.046664384527866046, 0.029744645231214287], [-0.0022706815995841706, 0.1643566297465315, 1.6228288842659153, 0.013308998960390636, -0.10495611319329066, -0.07957542971943365, 0.005217614955044823, 0.007620847842136215], [-0.019095165295351855, -0.06476135722046727, 0.013308998960390634, 0.9534513675201938, -0.052006549686603974, 0.014995032266385483, -0.04211065130124915, 0.10729923044027895], [-0.04935324424198271, 0.029222890494584486, -0.10495611319329066, -0.05200654968660397, 0.8063391656530153, 0.016194432855481007, 0.07553551478115302, -0.008058566212211498], [0.11043694324896784, -0.14063610201278717, -0.07957542971943365, 0.014995032266385485, 0.016194432855481007, 0.6820239008772122, 0.088460133945544, 0.08228686253661036], [-0.05360007540982905, -0.04666438452786603, 0.005217614955044827, -0.04211065130124915, 0.075535514781153, 0.08846013394554399, 1.054309337538163, 0.03852677352849685], [-0.03220806633787893, 0.02974464523121428, 0.007620847842136215, 0.10729923044027892, -0.008058566212211498, 0.08228686253661031, 0.038526773528496844, 0.7608209442748883]], [[0.9769557752877999, 0.09383769513064098, -0.009537492016959323, -0.18223100968993217, -0.07553340143985018, -0.02966322263179346, -0.010471612833970275, -0.09155881612642873], [0.09383769513064101, 0.8424443274962596, 0.04745815508907977, 0.08949658071382777, 0.17104351944911295, -0.08868275561803167, 0.017314101026483016, -0.04083460100576311], [-0.00953749201695933, 0.04745815508907977, 0.8858741751800587, -0.02570542753008697, 0.05530373438696839, -0.023192801538632474, 0.016672287948015566, -0.0537124512970059], [-0.18223100968993222, 0.08949658071382777, -0.02570542753008697, 1.1592539650010596, 0.2370711121288625, -0.21283412759553752, 0.0691644529305323, -0.1250230266989664], [-0.0755334014398502, 0.17104351944911292, 0.055303734386968395, 0.23707111212886248, 0.9546621641357551, -0.053240102861452046, 0.002385592358785958, -0.0919809212379796], [-0.029663222631793468, -0.08868275561803166, -0.02319280153863247, -0.21283412759553746, -0.053240102861452046, 0.8978284602829436, -0.1352398908751271, 0.13106656036883957], [-0.010471612833970276, 0.01731410102648302, 0.016672287948015563, 0.0691644529305323, 0.0023855923587859616, -0.1352398908751271, 0.9129415383397456, -0.03334795653471103], [-0.09155881612642873, -0.040834601005763124, -0.05371245129700589, -0.1250230266989664, -0.09198092123797959, 0.13106656036883957, -0.03334795653471103, 0.9661873863822545]], [[0.5099563911022938, 0.03729555197026306, -0.014438056967307322, -0.07907155518602565, 0.022256864656744122, 0.022971449698050896, 0.03951829802302868, 0.030054496192256825], [0.03729555197026303, 0.5640311772739843, 0.021411709885248577, 0.013775002167960475, -0.02929394247499314, 0.08322928591199268, -0.059648090553948, 0.10271377072914353], [-0.014438056967307314, 0.021411709885248563, 0.5519290933466134, -0.1681001715953943, -0.032743572238903625, -0.022653835163919042, 0.055741688950785684, 0.001563916585074151], [-0.07907155518602565, 0.01377500216796047, -0.1681001715953943, 0.8026038309316862, -0.11561931702746855, 0.12635348814917438, -0.09480979814728427, 0.07933923167219258], [0.02225686465674413, -0.02929394247499314, -0.03274357223890363, -0.1156193170274686, 0.4507242879255345, 0.0014757592575081998, 0.020607064660788495, -0.06459514190241407], [0.022971449698050875, 0.08322928591199268, -0.022653835163919042, 0.1263534881491744, 0.0014757592575081937, 0.506426707614431, -0.06808352150581126, -0.020613904502240793], [0.03951829802302867, -0.05964809055394799, 0.0557416889507857, -0.09480979814728428, 0.020607064660788488, -0.06808352150581126, 0.6291685812043859, -0.04409115797178906], [0.030054496192256804, 0.10271377072914353, 0.0015639165850741537, 0.07933923167219258, -0.06459514190241405, -0.020613904502240793, -0.04409115797178906, 0.593820801203838]]]}