{"weights": [0.05720400974310533, 0.11439451634709996, 0.3107230675909588, 0.28277412628856, 0.1543618373078579, 0.08054244272241796], "means": [[3.8346482237498276, 0.42440887863398696, -0.404345297807587, 0.15276383791214582, -0.038042471678645454, 0.018778241171981933, 0.10623698733720659, 0.005140134918530861], [-0.6067153141007141, 1.4869230810548884, 0.9998325949702473, -0.007253152307452118, 0.016255515833176214, 0.0041742478109338425, -0.0018619816780697284, -0.005806317240788562], [-3.9109339418629823, -0.442223015704227, 0.10299700970253914, 0.022990027402370893, 0.027670998292331946, -0.0014738595212075753, 0.009815015329830984, 0.005138566588793699], [1.106877971819758, 0.5376263283665517, -0.5444242385263629, 0.004141580878957168, 0.04948825534632766, -0.013072434046855133, -0.044641345256736756, 0.004350812499082695], [-2.7103574285658865, -0.036321509654512474, -0.19874757872208668, -0.10177694010610595, -0.09721623005562897, 0.006924767077753211, -0.009655070650471335, -0.0192122400988912], [6.869385431424933, -0.6498625754888537, 0.30493243042516627, -0.04140191211588849, -0.002198688961155817, -0.001378109716181748, -0.013017563759293749, -0.001168843945999474]], "cov": [[[0.17750563634915464, -0.023768380043632867, 0.028302509004629064, -0.004673544258305357, -0.00714060810939268, -0.0004962849312689942, 0.006252771763116607, 0.0037599641536439398], [-0.023768380043632863, 0.0043749084654769975, -0.0018965897907712583, -0.0009259556095042419, 0.0012574946095274338, -0.00017882513788413005, -0.0011431039531325637, -0.00046262174082547163], [0.028302509004629064, -0.0018965897907712588, 0.008470939580502452, -0.004056977004631474, -0.0006075160765080586, -0.00032833084175773914, -0.00021384662478750947, 0.0010257328807401658], [-0.004673544258305357, -0.0009259556095042417, -0.004056977004631474, 0.0036953605208098965, -0.0012219757823408505, 0.0001861063063384598, 0.0010054008748720043, -0.00020921681860693216], [-0.0071406081093926795, 0.001257494609527434, -0.0006075160765080586, -0.0012219757823408505, 0.002623462073555759, 0.00047560532736193876, -0.0004852125298034991, -0.0005851122677975412], [-0.0004962849312689939, -0.00017882513788413, -0.00032833084175773914, 0.0001861063063384598, 0.00047560532736193886, 0.0018124460214068402, -9.596596595511165e-05, -3.0992423461393464e-05], [0.006252771763116605, -0.0011431039531325637, -0.00021384662478750947, 0.0010054008748720043, -0.0004852125298034991, -9.596596595511163e-05, 0.0009059664611008349, -0.00013117117519435958], [0.0037599641536439398, -0.00046262174082547174, 0.0010257328807401658, -0.00020921681860693218, -0.0005851122677975413, -3.099242346139344e-05, -0.0001311711751943596, 0.0009243069875014764]], [[0.330788466189557, 0.022676439597989248, -0.0670227825752828, 0.00952550293139722, 0.04922912230081486, 0.004980695234218292, 0.01509559628555142, -0.014213681297691523], [0.022676439597989248, 0.0023741166019551068, -0.003842987828750599, 0.00044146089830501096, 0.003634688758151088, 0.0002479815655388417, 0.0012601583825593446, -0.0012748644520758946], [-0.0670227825752828, -0.0038429878287505985, 0.01457161855231334, -0.001948722824079552, -0.009974044756084011, -0.00071953849266835, -0.0029979316120773533, 0.0026997964944360125], [0.00952550293139722, 0.00044146089830501096, -0.001948722824079552, 0.0010725894236675792, 0.0004776619660924761, 2.9458963021410146e-05, 0.000338647559224603, -0.00040620011210248323], [0.04922912230081486, 0.003634688758151088, -0.009974044756084011, 0.0004776619660924761, 0.009680333515851602, 0.0018198655806540513, 0.0022626137215528753, -0.0034906086741278873], [0.004980695234218293, 0.0002479815655388417, -0.00071953849266835, 2.9458963021410153e-05, 0.0018198655806540513, 0.005161265524508659, -0.0006187697506943615, 0.0002560635322587691], [0.015095596285551422, 0.0012601583825593446, -0.0029979316120773533, 0.000338647559224603, 0.0022626137215528757, -0.0006187697506943615, 0.000943928283676016, -0.0009669657793121221], [-0.014213681297691523, -0.0012748644520758944, 0.0026997964944360125, -0.00040620011210248323, -0.0034906086741278873, 0.0002560635322587691, -0.0009669657793121219, 0.0035589864779901723]], [[0.04299306490001725, 0.018374319353506252, -0.015426816657616983, -0.038639167493454474, -0.00893096240113786, 0.0015562027474568503, 0.0009669539433322021, -0.0001978780749749144], [0.018374319353506252, 0.009840009128697407, -0.005377439746696339, -0.01808936647642748, -0.0027089624388290197, 0.0004818268273792329, 0.0014815123530149657, 0.0002706979646722351], [-0.015426816657616983, -0.005377439746696338, 0.007011505193503923, 0.01602074984462337, 0.002105780470908225, -0.00037586683152512364, -0.0001769076414447062, 0.00022821846988808816], [-0.038639167493454474, -0.018089366476427483, 0.01602074984462337, 0.056664095088530486, -0.002185286714917637, 9.022830550092056e-05, -0.0034815446806647924, 0.00036167499948033035], [-0.008930962401137858, -0.0027089624388290192, 0.002105780470908225, -0.002185286714917638, 0.014583897429110796, -0.00039298661488869796, 0.0017962278144638395, -0.0007125620450364771], [0.0015562027474568503, 0.000481826827379233, -0.0003758668315251236, 9.022830550092065e-05, -0.000392986614888698, 0.004130792859154214, -0.0005652304730221093, -0.0001746244871385297], [0.0009669539433322021, 0.0014815123530149657, -0.0001769076414447062, -0.0034815446806647915, 0.0017962278144638398, -0.0005652304730221092, 0.0010425402797682426, -0.00011442500506714381], [-0.00019787807497491437, 0.000270697964672235, 0.00022821846988808824, 0.00036167499948033046, -0.000712562045036477, -0.00017462448713852972, -0.00011442500506714386, 0.003190665744017342]], [[0.4520773736278942, 0.00024483749873502157, 0.03355236918366567, 0.03779787125247853, -0.005690223708561112, -0.005398090933575245, -0.022717594803839922, -0.011994056516912018], [0.00024483749873502157, 0.0013144510092236127, 0.0004272282338691549, 0.00023554862527113297, -0.0014783069664992495, 0.000218155022889461, 0.0006825220083426174, 0.00016093211902573805], [0.03355236918366567, 0.0004272282338691549, 0.004580902057155455, 0.002911839219777954, -0.0014472404181746412, -0.0010253593527450697, -0.0028167955026517496, -0.0007083516284947073], [0.03779787125247853, 0.00023554862527113297, 0.002911839219777954, 0.0058008537248881754, -0.00200515149094891, -0.0011971953257205923, -0.001801833242844076, -0.0017899483931127285], [-0.005690223708561112, -0.0014783069664992495, -0.001447240418174641, -0.00200515149094891, 0.0035633257644626932, 0.0006192567778913988, -0.0002469093871897197, 0.00015912797361922342], [-0.005398090933575245, 0.00021815502288946096, -0.0010253593527450693, -0.0011971953257205923, 0.0006192567778913988, 0.0032215084873741186, 0.0006049261096623471, 0.00016630950245993595], [-0.022717594803839922, 0.0006825220083426174, -0.0028167955026517496, -0.0018018332428440759, -0.00024690938718971965, 0.0006049261096623469, 0.002771421760262814, 0.0004451791917778055], [-0.01199405651691202, 0.00016093211902573807, -0.0007083516284947073, -0.0017899483931127285, 0.00015912797361922342, 0.00016630950245993595, 0.0004451791917778055, 0.0021318877420697024]], [[0.04493264748666505, 0.013587574825562325, -0.009102611509217037, 0.004915128613256884, -0.0024695959335879745, 0.0043440535297115815, -0.00025362678258916856, -0.0003258878099554994], [0.013587574825562325, 0.004602796756822067, -0.002327121514904327, 0.0011634451509739256, -0.001134101628799867, 0.0009701563347724642, 0.00014711822139114924, -0.00023016961840674412], [-0.009102611509217037, -0.002327121514904327, 0.0028150282409891993, -0.001365416630978203, 0.00032061378103783356, -0.0008657974944934084, -0.00030170417682212836, -6.744101046172432e-05], [0.004915128613256884, 0.0011634451509739253, -0.0013654166309782028, 0.0020194276219611578, -0.0011042609058368605, 0.0005825184683662176, 5.9291943834228735e-05, -0.0005809330116080108], [-0.0024695959335879745, 