,X,Y,Z,id,nugget
0,100.0,0.0,-825.0,15444753,1e-05
1,300.0,0.0,-818.5825829660151,15444753,1e-05
2,900.0,0.0,-825.0,15444753,1e-05
3,100.0,0.0,-844.9999999999999,98920013,1e-05
4,300.0,0.0,-849.6419189301008,98920013,1e-05
5,900.0,0.0,-844.9999999999999,98920013,1e-05
