{"accuracy_init": 0.7722222208976746, "accuracy_final_MAP": 0.6944444179534912, "accuracy_final_mean": 0.5777778029441833}