{"accuracy_init": 0.5726495981216431, "accuracy_final_MAP": 0.16239316761493683, "accuracy_final_mean": 0.16239316761493683}