{"accuracy_init": 0.4316239356994629, "accuracy_final_MAP": 0.3076923191547394, "accuracy_final_mean": 0.3076923191547394}