,X,Y,Z,id,nugget
0,100.0,0.0,-825.0,32257644,1e-05
1,300.0,0.0,-804.920275636808,32257644,1e-05
2,900.0,0.0,-825.0,32257644,1e-05
3,100.0,0.0,-845.0,4163105,1e-05
4,300.0,0.0,-856.6095520649087,4163105,1e-05
5,900.0,0.0,-845.0,4163105,1e-05
