{"weights": [0.4606596262707723, 0.34305320997879524, 0.19628716375043245], "means": [[-2.142891591154704, -0.49524316847758126, 0.00647771712665977, 0.2242403862074428, -0.06763395055177913, 0.05425464886730044, 0.008859036155157372, 0.0011342528160716684], [2.984151574333651, -2.002955511945981, 0.13164834870262754, 0.2812859118405891, -0.016447609893801306, 0.04868840772295366, 0.0030154622610705896, 0.016370070317064764], [1.7903965705084237, 3.647868396477436, 0.07288297765325719, -0.021659100809166065, -0.07268341986411149, -0.0023134494705484353, -0.006805966787248036, -0.006680213897828062]], "cov": [[[0.02391350155966195, -0.010695432016156615, 0.008849227512303917, -0.07981774338059913, 0.024410393172899808, -0.021695934671516846, -0.010514588830513438, 0.004721409694735897], [-0.010695432016156615, 0.030880338996505125, -0.016117933252865056, 0.05932402045777941, -0.03535947922824851, 0.0066288902988398705, -0.018198179962499894, -0.005369733916776843], [0.008849227512303917, -0.016117933252865056, 0.020721881932846315, -0.09480454992592327, 0.033251599888159546, -0.012258446962926143, 0.015604967197732437, -0.006430631982996939], [-0.07981774338059913, 0.05932402045777941, -0.09480454992592327, 0.5793866526793277, -0.17147055041840947, 0.10893788093689531, -0.012313856684207009, 0.027514628667122957], [0.024410393172899808, -0.03535947922824851, 0.033251599888159546, -0.17147055041840947, 0.07326292496256395, -0.020698552866140047, 0.007247513746102583, -0.01309174189546899], [-0.021695934671516846, 0.0066288902988398705, -0.012258446962926143, 0.10893788093689531, -0.020698552866140047, 0.0406878713186261, -0.0009704807255737045, -0.012422826442259503], [-0.010514588830513438, -0.018198179962499894, 0.015604967197732437, -0.012313856684207009, 0.007247513746102583, -0.0009704807255737045, 0.0522937470427253, 0.008783395983600574], [0.004721409694735897, -0.005369733916776843, -0.006430631982996939, 0.027514628667122957, -0.01309174189546899, -0.012422826442259503, 0.008783395983600574, 0.024648213045419448]], [[9.99612443651097, -3.570619462268787, 0.07144869146949527, -1.815983192537369, 0.48027539397590374, -0.4529150819238444, -0.09731327351047601, -0.03742894837328302], [-3.570619462268787, 4.529678362227325, 1.6990474961534712, 0.6112302094197536, -0.015648018256724867, 0.12772427244026993, -0.007358412316050211, -0.019578881059401424], [0.07144869146949527, 1.6990474961534712, 1.1296213676328437, -0.08097936981747086, 0.043079958592096776, -0.0022458550923126065, -0.0012333860730826503, 0.012663062982430646], [-1.815983192537369, 0.6112302094197536, -0.08097936981747086, 1.0389938203720277, 0.1878899453029119, -0.11263886600448071, 0.060109590048289085, -0.04391602693148088], [0.48027539397590374, -0.015648018256724867, 0.043079958592096776, 0.1878899453029119, 0.633806984322691, -0.02082125142533761, -0.08717715903888155, 0.021394471023828535], [-0.4529150819238444, 0.12772427244026993, -0.0022458550923126065, -0.11263886600448071, -0.02082125142533761, 0.22750727266262846, -0.04620372346276063, 0.03195097084585465], [-0.09731327351047601, -0.007358412316050211, -0.0012333860730826503, 0.060109590048289085, -0.08717715903888155, -0.04620372346276063, 0.07531696901918583, 0.014210690200711851], [-0.03742894837328302, -0.019578881059401424, 0.012663062982430646, -0.04391602693148088, 0.021394471023828535, 0.03195097084585465, 0.014210690200711851, 0.1431862555994474]], [[0.12068325801254254, -0.13609859819123582, 0.28614668508476604, 0.05713078288291913, 0.09540029419813918, 0.002284047430570046, 0.011153596567542121, 0.012984714020495239], [-0.13609859819123582, 0.41218063314141956, 0.21439754263698435, -0.08409596735670526, -0.13152566782378564, -0.0016469130916496435, -0.0019361167590559109, 0.01668001686106067], [0.28614668508476604, 0.21439754263698435, 3.824944911425629, 0.15349923064055596, -0.16534601025920703, -0.011500702398926173, -0.045345874716200836, -0.01726909081365595], [0.05713078288291913, -0.08409596735670526, 0.15349923064055596, 0.09610104331988253, -0.0006401416142405912, -0.016286135137995286, -0.06219701432913342, 0.00928914597373752], [0.09540029419813918, -0.13152566782378564, -0.16534601025920703, -0.0006401416142405912, 0.2436211519262872, 0.06406137317296465, 0.13212428514394667, -0.004485211300200578], [0.002284047430570046, -0.0016469130916496435, -0.011500702398926173, -0.016286135137995286, 0.06406137317296465, 0.050102266460712315, 0.08674916595342584, -0.027565470632203205], [0.011153596567542121, -0.0019361167590559109, -0.045345874716200836, -0.06219701432913342, 0.13212428514394667, 0.08674916595342584, 0.21609786913396822, -0.04529566820748276], [0.012984714020495239, 0.01668001686106067, -0.01726909081365595, 0.00928914597373752, -0.004485211300200578, -0.027565470632203205, -0.04529566820748276, 0.039684311171885964]]]}