{"accuracy_init": 0.7722222208976746, "accuracy_final_MAP": 0.6222222447395325, "accuracy_final_mean": 0.699999988079071}