{"weights": [0.11238647737502235, 0.22650640680169956, 0.29998664872307196, 0.10004300639850466, 0.09211145122634243, 0.16896600947535906], "means": [[3.774905223136158, 0.4669093492662781, -0.35625692813411286, 0.12120392032081025, -0.016868909508199203, -0.08244363643219343, 0.06328960361013024, -0.024941076012239435], [1.0523943022206417, 0.5532080312398235, -0.5262986056147229, 0.009484100426780691, 0.04349313878497239, 0.05487806269967991, -0.010356909656137298, 0.006569565608970309], [-3.9270735417085816, -0.44778034519323295, 0.09395348150832224, 0.016733153033876094, 0.03787246582677851, -0.012767735212538203, 0.0031932750143903094, 0.008676887467677988], [-2.7084198763581075, -0.0303435806080855, -0.19840604703683404, -0.0885461876475922, -0.11284948134583242, 0.004886840922860223, -0.010285191430321942, -0.016970948060271], [-0.6842075252708077, 1.4414610093561047, 1.0532004016865706, -0.01331323358290024, 0.013734788681939895, -0.00311314095727301, -0.00811545915205071, 0.017519690679663993], [6.8546139525345335, -0.642222099080968, 0.30472831305637493, -0.04236774929060039, -0.004180778337835052, 0.01238254642717788, -0.0005435272493168533, -8.972995181159617e-05]], "cov": [[[0.14323894420586186, -0.0163497345401803, 0.026171336278846363, -0.007357795122260806, -0.00504727887588216, 0.0004325457960363278, 0.007918253282956355, 0.00044815080787038975], [-0.0163497345401803, 0.002564784198287024, -0.001899863993591296, -2.0913050850482534e-05, 0.0011333798296628832, 8.149610880517401e-05, -0.00097070162997511, -0.0001782492861090849], [0.026171336278846366, -0.0018998639935912964, 0.006964001261613761, -0.002956541218479998, -0.0001266520805025406, 0.00045029240136040734, 0.0010447540746452819, -8.706094501447032e-05], [-0.007357795122260806, -2.0913050850482548e-05, -0.002956541218479998, 0.0022035877205236845, -0.0007922724313485686, -0.00037304682935250397, -2.9523099390046955e-05, 0.0003308641760369318], [-0.00504727887588216, 0.0011333798296628832, -0.0001266520805025406, -0.0007922724313485687, 0.001671600003089064, -7.226826267995698e-07, -0.000440695169638959, -0.0005545462239285163], [0.0004325457960363278, 8.149610880517404e-05, 0.00045029240136040734, -0.0003730468293525041, -7.226826267995976e-07, 0.0005481982402602927, 0.00010922755667139013, -0.00021819071556271777], [0.007918253282956355, -0.00097070162997511, 0.0010447540746452819, -2.9523099390047033e-05, -0.000440695169638959, 0.00010922755667139013, 0.0008016928504105947, 5.1855564496308026e-05], [0.00044815080787038975, -0.0001782492861090849, -8.706094501447022e-05, 0.0003308641760369318, -0.0005545462239285163, -0.00021819071556271777, 5.1855564496308026e-05, 0.0005628720108128272]], [[0.2786373910747161, 0.003199621037772674, 0.025713156016114853, 0.02547158714987687, -0.011790828089756898, 0.018455608036093186, -0.009294614268945832, -0.0023202787286132564], [0.003199621037772673, 0.0013790984205681144, 0.0007323406259550802, 9.258263974386912e-05, -0.001225157530762121, -0.0010887714453608342, -0.00016992175299076448, -8.65896936328019e-05], [0.02571315601611485, 0.0007323406259550802, 0.004229262353791625, 0.002632621728825624, -0.0018200259451502273, 0.0024580670029700534, -0.0014986217862819045, -0.00015951368550389116], [0.02547158714987687, 9.25826397438691e-05, 0.002632621728825624, 0.004387232484456008, -0.002032308901060626, 0.002368562336858399, -0.0011156690846128889, -0.0003018041115620505], [-0.011790828089756896, -0.001225157530762121, -0.0018200259451502277, -0.002032308901060626, 0.0036432823904510112, -5.7266979280378736e-05, 0.0002819028017791516, 0.00036368719431459227], [0.018455608036093186, -0.0010887714453608342, 0.0024580670029700534, 0.002368562336858399, -5.726697928037853e-05, 0.004856721931887275, 0.0003162561695387492, -0.00043287947862325214], [-0.009294614268945832, -0.00016992175299076448, -0.0014986217862819045, -0.0011156690846128886, 0.0002819028017791516, 0.0003162561695387492, 0.0021328192195630923, 3.33681583580355e-05], [-0.002320278728613256, -8.658969363280189e-05, -0.00015951368550389116, -0.0003018041115620505, 0.00036368719431459227, -0.0004328794786232522, 3.336815835803553e-05, 0.0018826982558677267]], [[0.03629129689596998, 0.015001735882961043, -0.012861137582489553, -0.030893148593791962, -0.006375390106832906, -0.001072699589990854, 0.00018602431427354278, 0.0003798782294272772], [0.015001735882961043, 0.007763594655109213, -0.0042447860592240635, -0.013001964121028027, -0.0020574825874785495, -0.0005623481764985773, 0.001206527813242306, 0.00047294455430163193], [-0.012861137582489551, -0.0042447860592240635, 0.005819448708738333, 0.01307354386934748, 0.0011687425471714615, 0.0004176699775597123, 0.0004438307077708711, 0.00039115716125760644], [-0.03089314859379195, -0.013001964121028027, 0.013073543869347481, 0.0430711646901677, -0.0015933381496346308, 0.0010464225973496406, -0.0014555333030763277, 0.0009306826674058214], [-0.006375390106832907, -0.0020574825874785495, 0.0011687425471714615, -0.00159333814963463, 0.012053789670218378, -0.00045273016255191473, 0.0009937659276588902, -0.0012662583280130825], [-0.001072699589990854, -0.0005623481764985773, 0.00041766997755971234, 0.0010464225973496406, -0.00045273016255191473, 0.0017127688422844491, 0.001116197225936558, -0.00045838543311778026], [0.0001860243142735428, 0.001206527813242306, 0.0004438307077708711, -0.0014555333030763274, 0.0009937659276588902, 0.001116197225936558, 0.002136319536125669, 0.0002384799474558527], [0.000379878229427277, 0.0004729445543016318, 0.00039115716125760644, 0.0009306826674058214, -0.0012662583280130825, -0.00045838543311778015, 0.00023847994745585275, 0.003519740639634526]], [[0.030453387891141402, 0.00952348816583297, -0.006191540222600305, 0.004319161451726423, -0.002614594192987978, -0.0018875365355433156, -0.0012329672028280763, -0.0032468008373842997], [0.009523488165832969, 0.0033922070404900605, -0.0016052740549766192, 0.0010787713639422486, -0.0014013545378352321, -0.00023240055109387684, 0.0001632941112377936, -0.0008946824012143525], [-0.006191540222600304, -0.0016052740549766197, 0.0025570710625287606, -0.0014991475617826316, 0.0003475222704084174, 0.0010109147077594725, -6.790394809752051e-05, 0.0011051787592981984], [0.004319161451726423, 0.0010787713639422486, -0.0014991475617826316, 0.0016094434794880392, -0.0007394390676703065, -0.0003944895473758572, -9.502690804218576e-05, -0.0013727798843550867], [-0.0026145941929879776, -0.0014013545378352321, 0.0003475222704084173, -0.0007394390676703065, 0.002648200463454495, -0.0011718642593314212, -0.0017812187047817182, 0.0010396386209398192], [-0.0018875365355433156, -0.00023240055109387684, 0.0010109147077594725, -0.00039448954737585724, -0.0011718642593314212, 0.0018143485510749159, 0.0016090435097331104, 0.00030283764341154434], [-0.0012329672028280761, 0.0001632941112377936, -6.790394809752044e-05, -9.502690804218575e-05, -0.0017812187047817182, 0.0016090435097331104, 0.002799995764652764, 0.0003942875703489066], [-0.0032468008373842997, -0.0008946824012143525, 0.0011051787592981986, -0.0013727798843550867, 0.0010396386209398192, 0.0003028376434115444, 0.00039428757034890667, 0.003437358263316262]], [[0.26047547772873136, 0.017228324927086553, -0.049970309570714695, 0.01347639882356173, 0.025979033308496335, -0.011261381743102256, 0.0009550436894289363, -0.0043779295340170546], [0.017228324927086557, 0.0015476816617673072, -0.0026958060392573173, 0.0010580260453268745, 0.0016623478591297714, -0.00010852343417503261, 0.00035068210740626276, -0.0012789592707112079], [-0.0499703095707147, -0.002695806039257317, 0.010649132801658431, -0.002352078755031976, -0.004993349562011399, 0.00267903247569227, -0.00014596901862646338, -0.0006055434628552724], [0.01347639882356173, 0.0010580260453268745, -0.0023520787550319754, 0.0015593113057426277, 0.0002910930126653936, 0.00010234793739662979, 0.0005146681143343042, -0.0010460749138975192], [0.025979033308496335, 