{"weights": [0.1722219074020076, 0.16667301880176397, 0.29998427717627096, 0.09539536162039187, 0.08816296007886938, 0.17756247492069616], "means": [[3.6652463327604727, 0.4663731199137031, -0.4017718061641281, 0.14491373733216337, -0.02615717871628447, -0.08176176917364783, 0.06546115512511601, -0.020952554675615076], [1.0740630285610901, 0.5538165542737402, -0.5257879360310089, 0.00858878358884587, 0.047823706573490644, 0.046092295542761966, -0.021137189603711998, 0.007643515411924838], [-3.915657366550502, -0.43587739533457326, 0.10091133978695144, 0.027348622700318605, 0.004046470528567447, -0.0004165845523077503, 0.015301851264491639, 0.010760216481049504], [-2.6724213258105656, -0.023953841964313237, -0.21516363240305086, -0.0761746004608904, -0.10443954631873588, -0.02117081922433921, -0.028783981324315377, -0.016031807886236878], [-0.7369097279625847, 1.4442721918837762, 1.0771146196434416, -0.012197390043615369, 0.016152431628877993, -0.0073920789170401945, -0.023259696419913774, -0.025469533886725796], [6.852350073878174, -0.6454995052971797, 0.29646035243185426, -0.03891828069626802, -0.0038533818851226747, 0.005994987127641066, -0.004896113954280847, 0.0035676155768221587]], "cov": [[[0.16415494274333733, -0.018855453286348335, 0.02971411700904166, -0.00827981038345339, -0.005684746067310786, 0.0004223557773143655, 0.009113310324932023, 0.0004375682850328536], [-0.018855453286348335, 0.003352655962064284, -0.0013459908188618922, -0.0006185533530280355, 0.0014453141400404676, 0.00022809247367213583, -0.0012971022959136307, -0.00015600800386978252], [0.02971411700904166, -0.0013459908188618924, 0.009666437894540346, -0.004502599466843864, -0.00036586922770304734, 0.0008429597131561501, 0.0008967290357485312, 0.00028799059588644794], [-0.00827981038345339, -0.0006185533530280354, -0.004502599466843865, 0.003471370872364081, -0.0016216775532273946, -0.0006564019126091014, 0.00022029067779406224, 0.0007028035472557078], [-0.005684746067310787, 0.0014453141400404676, -0.0003658692277030473, -0.0016216775532273946, 0.003978663835955432, -0.00024144691481957166, -0.0005548751675567297, -0.0016536340285891057], [0.0004223557773143655, 0.00022809247367213583, 0.0008429597131561502, -0.0006564019126091014, -0.00024144691481957166, 0.0011701729231174943, 0.0002369283485087808, -0.0004199087325844531], [0.009113310324932023, -0.0012971022959136307, 0.0008967290357485313, 0.0002202906777940622, -0.0005548751675567297, 0.0002369283485087808, 0.0010113241218484975, -0.00012277194709457874], [0.0004375682850328536, -0.00015600800386978252, 0.0002879905958864479, 0.0007028035472557078, -0.0016536340285891057, -0.00041990873258445304, -0.00012277194709457871, 0.0013249443709407718]], [[0.19513022384986778, 0.002240822895589124, 0.017988802031189743, 0.01780129959147199, -0.008231485415317895, 0.01288404317560472, -0.00652215360206771, -0.0016094785865388562], [0.002240822895589124, 0.001433406134619999, 0.0007141547851253931, -2.9692202106852965e-05, -0.0010878569106877608, -0.0011340893114298888, -0.00012248382606612707, 1.9531778681789364e-05], [0.017988802031189743, 0.0007141547851253931, 0.003242723541226116, 0.0016383616952876108, -0.0014367034659894954, 0.0018337032894120608, -0.0008660741629422107, -4.2512899883932645e-05], [0.01780129959147199, -2.969220210685299e-05, 0.0016383616952876108, 0.003620847400179497, -0.001450972946998758, 0.001649428306475737, -0.0008760909788736341, -0.00038221820891935976], [-0.008231485415317895, -0.001087856910687761, -0.0014367034659894954, -0.001450972946998758, 0.003149392981419883, 0.00034888868089316986, 0.00036823837870442113, 0.0001994505007347217], [0.012884043175604721, -0.0011340893114298888, 0.0018337032894120608, 0.001649428306475737, 0.00034888868089316997, 0.00430070104003291, 0.0004931244340283431, -0.0002937822819614286], [-0.00652215360206771, -0.00012248382606612701, -0.0008660741629422107, -0.0008760909788736341, 0.0003682383787044211, 0.0004931244340283431, 0.0016183895916616923, 0.00021285098983824235], [-0.0016094785865388565, 1.9531778681789364e-05, -4.251289988393278e-05, -0.00038221820891935976, 0.00019945050073472164, -0.0002937822819614286, 0.00021285098983824243, 0.0017377108606503777]], [[0.048972660446902544, 0.020159590190765395, -0.017752140936465974, -0.04411825221480295, -0.007735754630914054, -0.0014458852388212777, 0.00036482322741598347, 0.00027845524321662467], [0.020159590190765395, 0.010144613924453606, -0.0060449918359215225, -0.018684586266438295, -0.002712947692217965, -0.0008610084433219006, 0.0013689204093435517, 0.0005656879081715548], [-0.017752140936465977, -0.0060449918359215225, 0.007862919815150457, 0.018095330542957148, 0.0015043848894390607, 0.00045659139028478106, 0.0004166102466461061, 0.00053628722723901], [-0.04411825221480295, -0.018684586266438295, 0.018095330542957144, 0.057823404416668014, -0.0008228591132258959, 0.0014764452331245215, -0.0019314487208622368, 0.0009986659758339953], [-0.007735754630914054, -0.0027129476922179655, 0.0015043848894390607, -0.0008228591132258955, 0.012770583974364992, -0.00039187195713371686, 0.000975834466966086, -0.0014435407356897536], [-0.0014458852388212777, -0.0008610084433219006, 0.00045659139028478106, 0.0014764452331245217, -0.0003918719571337168, 0.00181453702486055, 0.0011482451305379294, -9.66188966592319e-05], [0.00036482322741598374, 0.0013689204093435517, 0.00041661024664610603, -0.0019314487208622368, 0.0009758344669660858, 0.0011482451305379294, 0.002324618262385733, 0.0006535918132151119], [0.0002784552432166246, 0.0005656879081715549, 0.00053628722723901, 0.0009986659758339951, -0.0014435407356897536, -9.661889665923201e-05, 0.000653591813215112, 0.0036548851732935367]], [[0.04576669213939372, 0.014276835726887514, -0.00943889775711668, 0.006515621512225298, -0.0037798513651742895, -0.0030936243344066457, -0.00202878154308482, -0.0049635738263591155], [0.014276835726887515, 0.005045602367719748, -0.0025014209391862325, 0.0019239893755588738, -0.0025722635794515575, 0.00016471381270288422, 0.0008320228214980008, -0.0014102306779413942], [-0.00943889775711668, -0.002501420939186233, 0.0032411479952293835, -0.002045297680272358, 0.00039952956104384054, 0.001426863903826906, 0.00046012313447502877, 0.0016944950615648234], [0.006515621512225298, 0.0019239893755588742, -0.0020452976802723586, 0.0019328828703259714, -0.0012344770212950552, -0.0005871953368578739, 9.733827542874743e-06, -0.0020488572811372748], [-0.0037798513651742895, -0.0025722635794515575, 0.00039952956104384043, -0.001234477021295055, 0.005992730717480796, -0.0035488471647164696, -0.005095147975191141, 0.0017241105882248484], [-0.0030936243344066457, 0.00016471381270288422, 0.001426863903826906, -0.0005871953368578739, -0.00354884716471647, 0.003700150099519401, 0.004368038940590844, 0.00020423718586231424], [-0.0020287815430848196, 0.0008320228214980009, 0.00046012313447502855, 9.733827542874745e-06, -0.005095147975191141, 0.004368038940590843, 0.006433711503035233, 0.00013441932152662874], [-0.0049635738263591155, -0.001410230677941394, 0.0016944950615648234, -0.0020488572811372748, 0.0017241105882248484, 0.0002042371858623143, 0.00013441932152662871, 0.004461277172034634]], [[0.392572414589447, 0.025895847141601532, -0.0754200669732399, 0.020242518867502217, 0.03941997651369263, -0.01720608085983986, 0.0012025997688643202, -0.006701088103002147], [0.025895847141601532, 0.002049006865622732, -0.004507073608185266, 0.001516275376557691, 0.002538368722121018, -0.0005101636852515961, 0.00037738043604976695, -0.001445870329120703], [-0.0754200669732399, -0.004507073608185266, 0.015263082920085375, -0.003607857631896126, -0.0076618085883582675, 0.003903503412952113, -6.0857702932392907e-05, -0.00011783336450210407], [0.020242518867502217, 0.001516275376557691, -0.003607857631896126, 0.0017955215127750483, 0.0011973874617953134, -0.00033912971645531074, 0.0003715668309302342, -0.0012780929360772018], [0.03941997651369263, 0.002538368722121018, 