{"weights": [0.44248482355902363, 0.4016338204497105, 0.15588135599126582], "means": [[-2.1117853148695915, -0.5229917883023304, 0.035150997766979074, -0.008188177851212506, 0.0055368336420606665, 0.0035127416974638555, -0.0066099890141852954, -0.005584158592722988], [1.8240892293261874, 3.599345021639409, -0.07844323905167414, -0.005409985603832116, 0.018747734923673536, 0.009305411643691494, 0.03832899790659638, 0.02225000296914764], [4.011016963635472, -2.7217210442767525, -0.049547097603192244, 0.0734233611257387, -0.03999836722282929, -0.009475033591582183, -0.0055900119100960955, -0.011543287963128023]], "cov": [[[0.025535633666042532, -0.009891029828916275, 0.00855268016945198, -0.08584956978344084, 0.026016341969518235, -0.025210836084954023, -0.012684290351631362, 0.0061496798394419], [-0.009891029828916277, 0.03737670032129715, -0.017193972457562084, 0.05762032844705118, -0.044075364272329796, 0.0009185233698115384, -0.019713272163990315, -0.0029712210010613424], [0.008552680169451982, -0.017193972457562084, 0.02176984502615416, -0.10419140129288956, 0.03565415259506708, -0.014758645340558513, 0.014780318923120114, -0.006753178677474725], [-0.08584956978344084, 0.05762032844705118, -0.10419140129288956, 0.6777876556565527, -0.18456496185391133, 0.14193459851180978, -0.003172004703345838, 0.026753982485490883], [0.02601634196951824, -0.044075364272329796, 0.03565415259506709, -0.18456496185391133, 0.08598061857162773, -0.018998480449734394, 0.00710021287521444, -0.014813907220082275], [-0.025210836084954023, 0.0009185233698115388, -0.014758645340558513, 0.1419345985118098, -0.018998480449734394, 0.05569316836802568, 0.002020543818509392, -0.014689357150277213], [-0.012684290351631364, -0.01971327216399032, 0.014780318923120116, -0.0031720047033458373, 0.007100212875214443, 0.0020205438185093927, 0.05273544108587477, 0.00854043608338219], [0.0061496798394419004, -0.002971221001061342, -0.006753178677474725, 0.02675398248549088, -0.014813907220082275, -0.014689357150277214, 0.008540436083382192, 0.025601194163083776]], [[0.1454181923152884, -0.10615589125259527, 0.44726199055023663, 0.09874709409346463, 0.1480818065204086, 0.016685883852259432, 0.023754889680984156, 0.05046371131737992], [-0.10615589125259525, 0.1981227767554077, 0.16863847239420993, -0.0887008980571864, -0.1906764764639632, -0.021825821053114935, -0.019529207546873435, -0.04607656021437961], [0.44726199055023663, 0.16863847239420995, 5.1612951022741385, 0.3133249217277297, -0.11501757046510992, 0.0005747183078311104, -0.02231903880892774, 0.008256341245050787], [0.09874709409346462, -0.0887008980571864, 0.31332492172772963, 0.13670796274455274, 0.05588274873280377, -0.0019302621612482835, -0.048954882996129406, 0.04198597638979284], [0.1480818065204086, -0.1906764764639632, -0.11501757046510992, 0.05588274873280377, 0.32050693933719077, 0.07666542726211044, 0.13718833846352063, 0.03954090517313547], [0.016685883852259432, -0.021825821053114938, 0.0005747183078311107, -0.0019302621612482809, 0.07666542726211044, 0.049301456202343025, 0.07973553395755259, -0.023429825143627646], [0.02375488968098415, -0.019529207546873432, -0.022319038808927737, -0.048954882996129406, 0.13718833846352063, 0.07973553395755259, 0.21032500529394937, -0.03811298787617445], [0.05046371131737992, -0.04607656021437961, 0.008256341245050786, 0.041985976389792845, 0.03954090517313547, -0.023429825143627646, -0.03811298787617445, 0.048090846787512014]], [[0.48218330851574787, 0.13095002609271544, -0.002345249676605016, -0.2763325716188757, -0.1070633645236712, 0.06564917817428088, -0.055700023847961286, -0.13360485210030082], [0.13095002609271547, 0.18506941513250685, 0.011460734758095208, 0.11597291718518668, 0.31429433817914065, -0.005759265915014941, -0.07746541008144546, -0.06426140594599652], [-0.0023452496766050226, 0.011460734758095208, 0.011117007401421575, -0.05078911133951648, 0.026961425969148245, 0.045327087794055226, -0.016898989371888988, 0.01248093896511328], [-0.2763325716188757, 0.11597291718518668, -0.05078911133951648, 1.120004721377593, 0.49901152297002666, -0.43593910868292657, 0.06832297325291964, -0.13268273217869944], [-0.10706336452367123, 0.3142943381791407, 0.02696142596914825, 0.49901152297002666, 0.9577933458239581, -0.029819038079244315, -0.18882735548935733, -0.0011155512967106057], [0.06564917817428086, -0.005759265915014947, 0.045327087794055226, -0.4359391086829265, -0.029819038079244277, 0.3455518626677622, -0.10398646506479847, 0.07100888486620566], [-0.05570002384796127, -0.07746541008144546, -0.016898989371888988, 0.06832297325291965, -0.18882735548935733, -0.10398646506479847, 0.09468131005280875, 0.019125234935317755], [-0.13360485210030085, -0.06426140594599652, 0.01248093896511328, -0.13268273217869944, -0.0011155512967105908, 0.07100888486620568, 0.01912523493531775, 0.2434060299196178]]]}