{"weights": [0.12308363809775227, 0.21580910257613675, 0.29998706195386565, 0.1110893796204043, 0.0889399964318482, 0.16109082131999278], "means": [[3.7045504161010787, 0.46551657683721126, -0.3833674178389123, 0.13247053730431524, -0.030747591599127932, -0.07941438099168863, 0.06308688970462882, -0.017995009105765358], [0.9898644986085283, 0.5549852798901362, -0.5323504648276315, -0.004368469369772323, 0.050313749098120995, 0.03423789852810777, -0.020099911807043146, 0.01376406388650787], [-3.9197490400379955, -0.4426959971143814, 0.09545425503607793, 0.02124143088071246, 0.02387779748712515, -0.00462224702694356, 0.009074191317753716, 0.002597713726414443], [-2.681736214194816, -0.02266595560437196, -0.20592842512882845, -0.08353648985632214, -0.10847535772534658, -0.005467600363987159, -0.01793949712366864, -0.0147135745577825], [-0.7773113075459924, 1.4397307206768983, 1.0788434521218235, -0.014224563874731672, -0.0007917727184618845, 0.004805825044118224, -0.008463948634282023, -0.00435933515424384], [6.852024400317742, -0.6605683932022552, 0.2860762682434103, -0.03412154205028565, -0.0016537140852839792, 0.00968882884986935, -0.012180374463653759, 0.0021027437260623203]], "cov": [[[0.1789636550053258, -0.020465419393346992, 0.03261056838293371, -0.009148146004063855, -0.006261622036556815, 0.0005138961058281545, 0.009903164836754668, 0.0005336976510295086], [-0.020465419393346992, 0.003307808835521425, -0.0021190919471695646, -0.00020006970297423905, 0.001446991786307749, 0.00014280939766493314, -0.0012866500428708797, -0.00018107871837931666], [0.03261056838293371, -0.0021190919471695646, 0.00922425779310792, -0.004022109369167366, -0.00029149409675443725, 0.0006519843919836835, 0.001205064275427404, 4.579797991447559e-05], [-0.009148146004063855, -0.00020006970297423924, -0.004022109369167365, 0.0030114029467928983, -0.0012022329796306588, -0.0005468561474760008, 2.4274095686121812e-05, 0.0005077426786913573], [-0.006261622036556816, 0.001446991786307749, -0.0002914940967544373, -0.0012022329796306586, 0.0027881660750890113, -0.0001364277880117453, -0.0005730199623645446, -0.001040787569640164], [0.0005138961058281546, 0.00014280939766493316, 0.0006519843919836836, -0.0005468561474760008, -0.0001364277880117452, 0.000979879888440013, 0.00022701416283556008, -0.00040475326466554343], [0.00990316483675467, -0.0012866500428708797, 0.0012050642754274042, 2.4274095686121727e-05, -0.0005730199623645446, 0.00022701416283556008, 0.001032466414039383, -2.783990341693381e-05], [0.0005336976510295087, -0.0001810787183793167, 4.5797979914475506e-05, 0.0005077426786913574, -0.001040787569640164, -0.0004047532646655434, -2.7839903416933807e-05, 0.0009632679222629543]], [[0.3647039893849396, 0.004179564756358198, 0.033671630535450074, 0.03334655964994588, -0.015404267900380162, 0.02417669842247061, -0.012181020921692778, -0.0030321613724025613], [0.004179564756358197, 0.001250857042886392, 0.0008499053066926105, 0.0001458454187685035, -0.0012883034865040879, -0.0008048740099780987, -0.00010039940188361237, 4.987140244816113e-05], [0.03367163053545007, 0.0008499053066926105, 0.005272389137778877, 0.0035868711679946223, -0.0024660283791608562, 0.0032556726348664747, -0.0017427452373023982, 1.672162581735669e-05], [0.03334655964994587, 0.00014584541876850354, 0.0035868711679946223, 0.005401447250162506, -0.0027128390455549243, 0.0031398971879187517, -0.0015327418520827633, -0.0008342603123667284], [-0.015404267900380162, -0.0012883034865040879, -0.0024660283791608562, -0.0027128390455549243, 0.00410233644048547, -0.000848553441335769, 0.00023087195791646558, 0.0005889359601962904], [0.02417669842247061, -0.0008048740099780988, 0.0032556726348664747, 0.0031398971879187517, -0.0008485534413357689, 0.005202148767005475, 0.00010515779734404841, -0.000478597952186213], [-0.012181020921692778, -0.00010039940188361237, -0.0017427452373023982, -0.0015327418520827633, 0.00023087195791646558, 0.00010515779734404838, 0.0023682750374632556, -5.1788913583725536e-05], [-0.0030321613724025613, 4.987140244816114e-05, 1.672162581735664e-05, -0.0008342603123667284, 0.0005889359601962904, -0.000478597952186213, -5.178891358372554e-05, 0.0014505289915022583]], [[0.046355024196331904, 0.01912869389131492, -0.016590415692379557, -0.04066977381888249, -0.00798016334575002, -0.0013123193915886662, 0.0003312728334295823, 0.0004724434401076058], [0.01912869389131492, 0.009663794245666574, -0.005644123830657353, -0.017174410114065577, -0.0027075973509910877, -0.0008338384104012547, 0.0012627916131758687, 0.0004514746130001914], [-0.016590415692379557, -0.005644123830657354, 0.007392433432436766, 0.01694869768951662, 0.00148663256739804, 0.00042029320021088587, 0.0003165188268800274, 0.00036638151921011635], [-0.04066977381888248, -0.017174410114065577, 0.016948697689516616, 0.054894040611526834, -0.0016928693666745714, 0.0014123968499130024, -0.0018164056912639477, 0.0011594146281329804], [-0.007980163345750023, -0.002707597350991088, 0.0014866325673980401, -0.0016928693666745708, 0.013863755482074221, -0.0004205414437504139, 0.001154290175881248, -0.001505176963261982], [-0.0013123193915886662, -0.0008338384104012547, 0.000420293200210886, 0.0014123968499130024, -0.00042054144375041393, 0.0019157122009726658, 0.001146320032523676, -0.00030659756746035245], [0.00033127283342958237, 0.0012627916131758687, 0.00031651882688002735, -0.0018164056912639479, 0.001154290175881248, 0.001146320032523676, 0.0022529805998779645, 0.00031589220646962283], [0.0004724434401076058, 0.00045147461300019156, 0.00036638151921011646, 0.0011594146281329806, -0.0015051769632619821, -0.0003065975674603523, 0.000315892206469623, 0.003664757929701202]], [[0.03396440921311032, 0.010612286605332656, -0.006997604566828346, 0.004865508034150594, -0.002922896909207182, -0.002185291562882256, -0.001386557818558925, -0.0037567893828085444], [0.010612286605332658, 0.003694429122958125, -0.001883705785115389, 0.00138002178762724, -0.001606984849537818, -0.00018178716901712236, 0.00024750747004846234, -0.0010632240387698083], [-0.0069976045668283466, -0.001883705785115389, 0.002476490715279576, -0.0015128291596417734, 0.000389448176638456, 0.0009791696999900056, 0.00012791831388646286, 0.0011906979817492512], [0.004865508034150595, 0.00138002178762724, -0.0015128291596417731, 0.0014998411879385718, -0.0008446177718176137, -0.0004674229723742992, -8.419714024636809e-05, -0.00136335357384363], [-0.002922896909207182, -0.001606984849537818, 0.000389448176638456, -0.0008446177718176137, 0.003147175303363105, -0.0015154570874092118, -0.0022807471818802995, 0.0010435587525549934], [-0.002185291562882256, -0.0001817871690171224, 0.0009791696999900056, -0.0004674229723742992, -0.0015154570874092114, 0.0020023762520444363, 0.0020792423710127537, 0.0002260671865505816], [-0.001386557818558925, 0.00024750747004846223, 0.00012791831388646283, -8.419714024636807e-05, -0.0022807471818802995, 0.0020792423710127533, 0.0032515873827093085, 0.0002495843280801492], [-0.0037567893828085444, -0.0010632240387698083, 0.0011906979817492512, -0.00136335357384363, 0.0010435587525549934, 0.00022606718655058164, 0.00024958432808014916, 0.003106924758905121]], [[0.29419790464458373, 0.019431478880833835, -0.05647300068337228, 0.015181499412851582, 0.029497437620420636, -0.012864930450101312, 0.0009259340818912327, -0.005021431005298132], [0.01943147888083383, 0.0016338669189804762, -0.003218563830821225, 0.0011484622765589102, 0.0019032544908447278, -0.0002859638038324445, 0.000320116021484307, -0.0011965686418739928], [-0.05647300068337228, -0.003218563830821225, 0.011723156200574734, -0.002683987298058114, -0.0057575375604832085, 0.0029876190902962275, -6.028846290450912e-05, -0.00023951941180965156], [0.015181499412851582, 0.0011484622765589102, -0.002683987298058114, 0.0015619981384252548, 0.0006919561530303166, -0.0002094530544399502, 0.00028360736787482225, -0.001100510304996332], [0.029497437620420633, 0.0019032544908447282, 