,X,Y,Z,id,nugget
0,100.0,0.0,-825.0,31860077,1e-05
1,300.0,0.0,-826.445571338825,31860077,1e-05
2,900.0,0.0,-825.0,31860077,1e-05
3,100.0,0.0,-844.9999999999999,8542404,1e-05
4,300.0,0.0,-843.8962527036593,8542404,1e-05
5,900.0,0.0,-844.9999999999999,8542404,1e-05
