,X,Y,Z,id,nugget
0,100.0,0.0,-825.0,29204425,1e-05
1,300.0,0.0,-825.5458237913779,29204425,1e-05
2,900.0,0.0,-825.0,29204425,1e-05
3,100.0,0.0,-844.9999999999999,83146901,1e-05
4,300.0,0.0,-839.7721895518097,83146901,1e-05
5,900.0,0.0,-844.9999999999999,83146901,1e-05
