{"weights": [0.44551895922637813, 0.4056501399741018, 0.14883090079952016], "means": [[-2.1050098435275553, -0.5281219815941733, 0.04612935984827434, -0.0896739311484457, 0.026152379698052956, -0.005699434436432975, -0.010333678853050922, -0.016018850196502902], [1.8334443140424819, 3.5922294007299436, -0.019327046139324715, 0.015316279936088924, 0.024678430563818406, 0.014598598269957835, 0.03194662348951195, 0.01778479834905418], [3.962270558752244, -2.731784349102409, -0.04130251540011271, 0.16892053547133687, 0.024575066602759366, -0.023364817092204938, -0.008674846816241874, 0.014817318546741273]], "cov": [[[0.02724744374532368, -0.008618803922781451, 0.01175493088110956, -0.10829469301128371, 0.029339144724550445, -0.02990933924108691, -0.013249154819272543, 0.0038189980189918342], [-0.008618803922781451, 0.04404026390542062, -0.022767839017941896, 0.07262584349467091, -0.053342267290776874, -0.0007109181847808411, -0.027750141648011498, -0.00021719168963465953], [0.01175493088110956, -0.022767839017941893, 0.026675852525547786, -0.12875708694979765, 0.04541829726751015, -0.01856883814473684, 0.017823190164497703, -0.007246126036520135], [-0.10829469301128372, 0.07262584349467091, -0.12875708694979762, 0.840683478337303, -0.23006614967907915, 0.1770377708858557, -0.0026597560788908553, 0.03170034903372747], [0.029339144724550445, -0.053342267290776874, 0.04541829726751015, -0.23006614967907912, 0.10538025555085812, -0.021824612997922713, 0.011363761134242525, -0.020904923039975525], [-0.029909339241086914, -0.0007109181847808414, -0.018568838144736838, 0.1770377708858557, -0.021824612997922713, 0.06871883257172096, 0.0021235473868401653, -0.016873832909683525], [-0.013249154819272543, -0.027750141648011498, 0.017823190164497703, -0.0026597560788908558, 0.011363761134242527, 0.0021235473868401614, 0.06430923526969949, 0.013012582610109319], [0.0038189980189918325, -0.00021719168963465877, -0.007246126036520135, 0.03170034903372747, -0.020904923039975525, -0.016873832909683525, 0.013012582610109315, 0.028147939247502092]], [[0.13316879441572554, -0.10549208542336083, 0.34194589943153575, 0.08741241124875303, 0.15147239535750967, 0.020663696804126226, 0.03445084435338481, 0.04600967238619062], [-0.10549208542336083, 0.19050101452688767, 0.12983649934472374, -0.07954649752589307, -0.1929031876828209, -0.026735195272387005, -0.035444615206708795, -0.040632933559352], [0.34194589943153575, 0.12983649934472374, 3.957574826528076, 0.23946650657335533, -0.08972781366859585, -5.335728000244842e-06, -0.01811409417146301, 0.005947482686334008], [0.08741241124875303, -0.07954649752589307, 0.23946650657335533, 0.1147236636272478, 0.06372062425414889, 0.0053520643368985266, -0.025491823972397777, 0.034861840532552105], [0.15147239535750967, -0.1929031876828209, -0.08972781366859585, 0.06372062425414887, 0.3175183599382229, 0.07496680963816393, 0.12864521540241697, 0.04115604556988727], [0.020663696804126223, -0.026735195272387005, -5.335728000244337e-06, 0.0053520643368985266, 0.07496680963816393, 0.043445930580172744, 0.06379420728104777, -0.01700193424619867], [0.034450844353384816, -0.035444615206708795, -0.01811409417146301, -0.025491823972397774, 0.12864521540241697, 0.06379420728104777, 0.17128682079205482, -0.02188145187625648], [0.04600967238619062, -0.04063293355935199, 0.005947482686334008, 0.0348618405325521, 0.041156045569887265, -0.01700193424619867, -0.02188145187625648, 0.04124577622989745]], [[0.4080930717320199, 0.09739638600667241, 0.01152781128130043, -0.3974663307748907, -0.10526577587279116, 0.14767434880723737, -0.07051248101487045, -0.05335951813967115], [0.0973963860066724, 0.20384833040605627, 0.01604968470824426, 0.15018139623528218, 0.406613480887037, 0.005462624283592138, -0.09654561848105238, -0.04592628128585194], [0.011527811281300425, 0.016049684708244263, 0.011516160873943623, -0.0606565552806231, 0.027103737990225567, 0.049263390487698976, -0.020789253188621574, 0.00770501990824572], [-0.3974663307748907, 0.15018139623528218, -0.0606565552806231, 1.4296163614400856, 0.6897677303350888, -0.5527488596225656, 0.0784768919603245, -0.14619900465665917], [-0.10526577587279118, 0.4066134808870371, 0.02710373799022557, 0.6897677303350889, 1.191229198351029, -0.07485154677229164, -0.22670093712491193, -0.03773513556984005], [0.14767434880723734, 0.005462624283592125, 0.049263390487698976, -0.5527488596225656, -0.07485154677229167, 0.38729478726460875, -0.1201087479645086, 0.051965338864588415], [-0.07051248101487044, -0.09654561848105236, -0.020789253188621577, 0.07847689196032451, -0.22670093712491193, -0.12010874796450861, 0.10875734834533775, 0.021341418322208767], [-0.053359518139671165, -0.045926281285851946, 0.007705019908245723, -0.14619900465665917, -0.037735135569840046, 0.05196533886458841, 0.021341418322208767, 0.19861103120305826]]]}