{"entropy_prior_gmm": 6.907755278982138e-09, "entropy_Mean_gmm": 6.907755256690962e-09, "entropy_z_nk_prior": 0.09482914514214456, "entropy_Mean_z_nk": 0.19384775538195748, "entropy_mixing_prior": 81.09822012551359, "entropy_Mean_mixing": 0.6242962178011983}