{"weights": [2.78300111998586e-10, 0.06008043501604204, 0.7990498456697988, 0.14086971903585913], "means": [[1.6797815890861814, 3.573595628035726, -1.448957916119118, -0.10781845784002508, -0.001485273138914267, -0.009099916470096985, 0.009194051491379852, 0.01689608219458535], [2.148349446247337, 3.691412082729841, 3.263837851182759, 0.2407655583116876, -0.0019292629460492066, 0.03889718740648889, 0.06251945176548808, 0.035426864295386266], [4.012658581684745, -2.7141287906100233, -0.04623124313056917, 0.06949755880310436, -0.021501703585736994, -0.002978619620210671, -0.01151372277910193, -0.0064115052994503105], [-2.111593601103071, -0.5217858546410208, 0.03569234268760827, -0.01973860360674654, 0.010805825190551123, -0.0015311997426256795, -0.008228589058809133, -0.007294448197300648]], "cov": [[[0.04708945731583012, -0.029908255273834995, 0.007919919228341102, 0.006876735551746961, 0.07191786432004577, 0.0014713406546718853, 0.012684381175770696, 0.024592205921232315], [-0.029908255273834995, 0.04480266506999818, 0.028681211183522785, -0.01208261627622359, -0.06163939620399456, -0.010290931490427504, -0.016418610499716622, -0.006328938728510431], [0.007919919228341104, 0.028681211183522792, 0.11456265849182451, -0.020798594775397257, -0.03320935277535278, -0.04649605035200788, -0.05696662856981137, 0.03684247306162781], [0.006876735551746961, -0.01208261627622359, -0.020798594775397257, 0.05706578497248245, -0.03337291622233371, -0.019595634394473378, -0.07019438679682055, 0.016338369139462967], [0.07191786432004577, -0.06163939620399456, -0.033209352775352786, -0.033372916222333716, 0.2184154552423321, 0.07442785194247349, 0.1510335062460604, -0.008258380979538384], [0.0014713406546718849, -0.0102909314904275, -0.04649605035200788, -0.01959563439447338, 0.07442785194247349, 0.05629768591280906, 0.09904507891473897, -0.035042019121279994], [0.012684381175770698, -0.016418610499716626, -0.05696662856981137, -0.07019438679682055, 0.15103350624606038, 0.09904507891473897, 0.23438364213411492, -0.06111926066630492], [0.02459220592123231, -0.00632893872851043, 0.03684247306162781, 0.016338369139462964, -0.008258380979538377, -0.035042019121279994, -0.06111926066630492, 0.03765724777798674]], [[0.19942934213853644, -0.30587298912887984, -0.1371349113350251, 0.18434736039406396, 0.3035495043369122, 0.035629566071142114, 0.0313031356465794, 0.09559688212124835], [-0.30587298912887984, 0.5166526945677955, 0.08560302773885405, -0.28151412813731214, -0.464870501716993, -0.05100889518520927, -0.030730420471309135, -0.1324410405202244], [-0.1371349113350251, 0.08560302773885405, 0.6176125578714461, -0.10167239557840588, -0.2857138301420833, -0.04282651113823307, -0.10552136321414486, -0.12724505191746077], [0.18434736039406394, -0.28151412813731214, -0.10167239557840588, 0.21388047964802054, 0.2593712789915539, 0.030228241747653754, 0.0026148639675269993, 0.08953638372954625], [0.3035495043369122, -0.464870501716993, -0.28571383014208335, 0.25937127899155393, 0.5060012154853128, 0.06789195530543121, 0.07973470530548808, 0.14658795907499572], [0.035629566071142114, -0.05100889518520926, -0.04282651113823307, 0.03022824174765375, 0.06789195530543121, 0.02096333086323269, 0.01577647154772378, 0.00909936915329485], [0.03130313564657939, -0.030730420471309135, -0.10552136321414486, 0.0026148639675269945, 0.07973470530548808, 0.01577647154772378, 0.1067529212921335, 0.025527056921918503], [0.09559688212124835, -0.1324410405202244, -0.1272450519174608, 0.08953638372954627, 0.14658795907499572, 0.009099369153294852, 0.025527056921918513, 0.06291308235284354]], [[0.4421006203284385, 0.11908198195526179, -0.001994821148348927, -0.256405234200212, -0.10061939463653075, 0.06186944061217827, -0.05130249324077943, -0.12332166890227457], [0.11908198195526179, 0.1700716044088981, 0.010498267493641198, 0.10887829294759088, 0.2898662384931322, -0.0058012604035628254, -0.07117969750509494, -0.05959638242238077], [-0.0019948211483489246, 0.0104982674936412, 0.010130337962364622, -0.04688254371744007, 0.024506719180120134, 0.041514874896266415, -0.01539220119272355, 0.011643504756053651], [-0.256405234200212, 0.10887829294759087, -0.04688254371744007, 1.03815075172259, 0.4666183217635643, -0.4041576872357268, 0.06241036728480421, -0.12240519305019447], [-0.10061939463653073, 0.28986623849313226, 0.024506719180120137, 0.4666183217635643, 0.8845972122034879, -0.03011919954370119, -0.17336805634680377, -0.0021364571555687268], [0.061869440612178285, -0.005801260403562816, 0.041514874896266415, -0.4041576872357268, -0.03011919954370121, 0.3165182870273241, -0.09467683477851754, 0.06701077536594963], [-0.05130249324077943, -0.07117969750509494, -0.01539220119272355, 0.06241036728480418, -0.17336805634680374, -0.09467683477851753, 0.08656937226512801, 0.016766812887626447], [-0.12332166890227454, -0.05959638242238077, 0.011643504756053651, -0.12240519305019447, -0.0021364571555687302, 0.06701077536594963, 0.016766812887626447, 0.22035023997073747]], [[0.02525408593148263, -0.009965273860184946, 0.00848166138797029, -0.08477120256229743, 0.025911863564304395, -0.02490126209386758, -0.012413164911421736, 0.006138186341339842], [-0.009965273860184946, 0.03656068322036583, -0.016766371239895345, 0.05708151265013437, -0.04308871265918661, 0.001206002990318267, -0.018851161180437132, -0.003073729857415475], [0.00848166138797029, -0.01676637123989535, 0.021443632684271893, -0.1030333728827905, 0.035069105989719684, -0.014699176457828611, 0.014349988339579983, -0.006709662576287605], [-0.08477120256229743, 0.05708151265013437, -0.10303337288279052, 0.6698834774098492, -0.18247738121096074, 0.14014518192819522, -0.0032644357412811927, 0.026479825823347788], [0.02591186356430439, -0.04308871265918661, 0.03506910598971968, -0.18247738121096072, 0.08448251854904071, -0.019455842539282283, 0.006921036943799905, -0.01425489415272611], [-0.024901262093867584, 0.0012060029903182671, -0.014699176457828611, 0.14014518192819522, -0.01945584253928228, 0.054464023067602875, 0.0021127499400807777, -0.014044108096433399], [-0.012413164911421736, -0.018851161180437132, 0.014349988339579981, -0.0032644357412811927, 0.006921036943799904, 0.002112749940080774, 0.0509241271163646, 0.007891295447142052], [0.006138186341339842, -0.003073729857415474, -0.006709662576287604, 0.026479825823347788, -0.014254894152726112, -0.014044108096433397, 0.00789129544714205, 0.024902300782388462]]]}