{"weights": [0.1055113329198949, 0.23338097059776905, 0.2999875853545915, 0.11114661219369282, 0.09440215893481753, 0.1555713399992342], "means": [[3.721116283941307, 0.4619953222623709, -0.3831968238189364, 0.1338942997964719, -0.03094931856701492, -0.08164615833283946, 0.06340011513107603, -0.017322202643675594], [1.0522373665589595, 0.5557562976594959, -0.5257893602213696, 0.002324655194976466, 0.046919154421254834, 0.04037942366022204, -0.02108506346774068, 0.012584528196419722], [-3.9211790363155385, -0.4431660559791884, 0.0957808468439276, 0.021274719517909227, 0.025846477235482366, -0.0043800597367436595, 0.009485815224353135, 0.0017882493400531315], [-2.6889763207520856, -0.025157645085235332, -0.20387404430852085, -0.08524534957443579, -0.10726272129102718, -0.004843501655133266, -0.018350192766520123, -0.01330222259884056], [-0.7302858410058801, 1.4418446877285496, 1.068013962173802, -0.012868190335352256, 0.0034507200710891793, 0.0012965444111332932, -0.008413387776297689, -0.0008601203598524659], [6.8527433361283405, -0.6535726496292437, 0.291417910473506, -0.03713242826853462, -0.0017825904907287512, 0.00810215908174075, -0.008790137752364991, 0.0016775721350498814]], "cov": [[[0.1641021925860565, -0.018768226406892855, 0.029897783592020916, -0.0083843729697623, -0.005745285698091523, 0.00046886743707497873, 0.009081300876327577, 0.0004922487554808461], [-0.018768226406892855, 0.003043316144568784, -0.0019255257778310973, -0.00020595986335455898, 0.0013413322912732804, 0.0001302535563863249, -0.0011872092839379483, -0.0001686784213596077], [0.029897783592020916, -0.0019255257778310973, 0.00849644038176865, -0.0037144786055689476, -0.00023877982107664943, 0.0005989282255581266, 0.0010901806851247463, 2.7669093143661264e-05], [-0.0083843729697623, -0.00020595986335455898, -0.003714478605568947, 0.0028029586368904383, -0.0011244438505964892, -0.0005120702445671064, 1.7574817762130444e-05, 0.00046612975369067164], [-0.005745285698091523, 0.0013413322912732804, -0.00023877982107664954, -0.0011244438505964892, 0.0025696336095157287, -0.00013357975007609134, -0.0005376534840874571, -0.0009475150562473665], [0.00046886743707497873, 0.0001302535563863249, 0.0005989282255581265, -0.0005120702445671064, -0.0001335797500760913, 0.0009537843021645995, 0.00022842526362806142, -0.0004017199632579616], [0.009081300876327579, -0.0011872092839379483, 0.0010901806851247465, 1.7574817762130437e-05, -0.0005376534840874571, 0.00022842526362806142, 0.0009579869745190907, -2.955427238076184e-05], [0.0004922487554808461, -0.00016867842135960775, 2.7669093143661277e-05, 0.00046612975369067164, -0.0009475150562473665, -0.0004017199632579616, -2.9554272380761797e-05, 0.0009072093661904209]], [[0.2951053239156656, 0.0033791104849921, 0.027182705375132392, 0.026914877147153564, -0.012398882869890084, 0.019499536645399905, -0.009846334577552152, -0.0024398555772841357], [0.0033791104849921, 0.001195644301204711, 0.0007684853965460725, 7.943732028361065e-05, -0.001206606539084872, -0.0008014643666800503, -7.107129187429529e-05, 5.304485462268283e-05], [0.027182705375132392, 0.0007684853965460725, 0.00460374507242444, 0.0029783999449517033, -0.0021835660223204502, 0.002808091533317982, -0.001478748230270886, 4.649701261283761e-05], [0.026914877147153564, 7.943732028361058e-05, 0.0029783999449517033, 0.00476471293207834, -0.002423843963907161, 0.0026956650606439116, -0.0012975909738068181, -0.000766808985954698], [-0.012398882869890084, -0.001206606539084872, -0.0021835660223204507, -0.002423843963907161, 0.0038778270043562982, -0.000701379655410042, 0.00014192127541016552, 0.0005500007526066264], [0.019499536645399905, -0.0008014643666800504, 0.0028080915333179818, 0.002695665060643912, -0.000701379655410042, 0.004757979274796126, 0.00022621146203922167, -0.00043510246146776616], [-0.009846334577552152, -7.107129187429536e-05, -0.0014787482302708857, -0.0012975909738068181, 0.00014192127541016542, 0.00022621146203922156, 0.002194324845648636, -4.9106807996989764e-05], [-0.002439855577284136, 5.304485462268284e-05, 4.649701261283757e-05, -0.000766808985954698, 0.0005500007526066264, -0.00043510246146776616, -4.910680799698977e-05, 0.0014181158033095894]], [[0.044766016866061, 0.018458957106313515, -0.016019760064679412, -0.039155961472498196, -0.0076626601364098035, -0.0012734231412984496, 0.0002986073233080806, 0.00043989570304937343], [0.018458957106313515, 0.009396047612763761, -0.005392941495642353, -0.01654069814083499, -0.002592964512561953, -0.0008151189043668425, 0.0012654203755984353, 0.0004734190130497022], [-0.01601976006467941, -0.005392941495642353, 0.007187670794383828, 0.016326898291633286, 0.0014236846027783994, 0.0004075059600437963, 0.0003449667733325563, 0.0003928857672399673], [-0.03915596147249819, -0.016540698140834986, 0.016326898291633283, 0.05301316570177172, -0.0015999347959806572, 0.001349998193635202, -0.0017657898456945817, 0.0011054664559752543], [-0.0076626601364098035, -0.002592964512561953, 0.0014236846027783996, -0.0015999347959806576, 0.01348819609670828, -0.00041890350007470315, 0.0011118653334791695, -0.0014625763177062837], [-0.0012734231412984496, -0.0008151189043668422, 0.0004075059600437964, 0.001349998193635202, -0.00041890350007470315, 0.001898991299536487, 0.0011397640587752485, -0.00026954113273378077], [0.00029860732330808055, 0.0012654203755984353, 0.0003449667733325563, -0.0017657898456945817, 0.0011118653334791695, 0.0011397640587752485, 0.002265950529705621, 0.00037719406550661496], [0.00043989570304937343, 0.00047341901304970215, 0.0003928857672399673, 0.0011054664559752543, -0.0014625763177062837, -0.000269541132733781, 0.00037719406550661496, 0.0036533884152559586]], [[0.03199080485662067, 0.009989837718862943, -0.006594462877845762, 0.0045835052529814785, -0.002739870980487088, -0.002069696383081366, -0.00132338262171725, -0.003551706907477177], [0.009989837718862945, 0.003490561547103087, -0.0017663947885943486, 0.0013107412513311404, -0.0015547950763792403, -0.00014025907070721545, 0.0002704303745605981, -0.0010173088983362743], [-0.006594462877845763, -0.001766394788594349, 0.002349963544858084, -0.0014226955516872695, 0.00034356452575305625, 0.0009354228487122974, 0.0001239044043280769, 0.0010980303868268603], [0.0045835052529814785, 0.0013107412513311404, -0.0014226955516872697, 0.0014088990909536853, -0.0008061958324153889, -0.000440761253394613, -6.356133035673978e-05, -0.0012562671073270192], [-0.002739870980487088, -0.0015547950763792403, 0.0003435645257530561, -0.0008061958324153889, 0.0031374784171106654, -0.001548128978395435, -0.002313085552785237, 0.000987116522493724], [-0.0020696963830813663, -0.00014025907070721553, 0.0009354228487122976, -0.000440761253394613, -0.0015481289783954345, 0.0019880956731992932, 0.0020922394440929496, 0.00017999851637575268], [-0.00132338262171725, 0.00027043037456059814, 0.0001239044043280769, -6.356133035673978e-05, -0.002313085552785237, 0.0020922394440929504, 0.0032554760403183352, 0.000207235187462103], [-0.003551706907477178, -0.001017308898336274, 0.0010980303868268603, -0.0012562671073270192, 0.000987116522493724, 0.00017999851637575277, 0.0002072351874621031, 0.002876897721620366]], [[0.2626973655214175, 0.017345762397231863, -0.05043232678597277, 0.013553637457744823, 0.02632830392217863, -0.011494629021468096, 0.000828773522180732, -0.004449648971760255], [0.017345762397231863, 0.0014347007160027752, -0.002904054052653209, 0.0009935642530369423, 0.0017174292004457738, -0.0003223628727213137, 0.00025104607563976956, -0.0009402633660400441], [-0.05043232678597278, -0.0029040540526532096, 0.010438329978843664, -0.0024327679104982746, -0.005116525591210252, 0.002567592211246997, -0.00011457214676633497, -6.799794793681805e-05], [0.013553637457744823, 0.0009935642530369423, -0.0024327679104982746, 0.0014071379826675057, 0.0005770278590396178, -0.0002624494662749256, 0.00021556450273088658, -0.0008455190588947248], [0.02632830392217863, 0.0017174292004457736, 