{"accuracy_init": 0.7905982732772827, "accuracy_final_MAP": 0.9017093777656555, "accuracy_final_mean": 0.9017093777656555}