{"weights": [0.14422660608529703, 0.17272775161406106, 0.3111904883042163, 0.10568182915731192, 0.08841155124122567, 0.17776177359788795], "means": [[3.757947817711114, 0.46339055584639527, -0.36791184281517186, 0.12751982232978762, -0.029239323540820924, -0.08534475116228908, 0.0636066541308095, -0.012412510416327722], [1.099684372911254, 0.5616686885223342, -0.5105807124777447, 0.008235516261238742, 0.03922710854191914, 0.04555086122722006, -0.023638247911265575, 0.018021279020702267], [-3.883543089100734, -0.4276318420016207, 0.0793610541459223, -0.019643980504606716, 0.014466378987788069, -0.007914443362989637, 0.010286233790779331, 0.007297738384065271], [-2.6749780478571945, -0.022508154088121665, -0.21180290650975392, -0.07503568384283851, -0.10816534472286604, -0.013403646800367904, -0.020015773336899093, -0.007044301800970392], [-0.7263243140707492, 1.4485247594982258, 1.0819028442259457, -0.013613959433674298, 0.022007675822305006, -0.007670478468591624, -0.02587885647394376, -0.03651856320877447], [6.850226519441854, -0.6371991491930715, 0.3009076331325482, -0.04464576106336437, -0.0015105693181074638, 0.004611388402017083, -0.0004618840517332695, 0.003186726592673495]], "cov": [[[0.13353921853644893, -0.015357357468886433, 0.024152542336056047, -0.006651872230500617, -0.004777848482126641, 0.00033073372272201997, 0.007430779443846299, 0.00044998357281405746], [-0.015357357468886432, 0.003136058565083167, -0.0007608518939722051, -0.0006450374101907553, 0.001668855698898197, 0.00017050479357859038, -0.0008193608353350372, -0.00022039620863425542], [0.024152542336056047, -0.0007608518939722051, 0.008254874508568445, -0.004091543628420951, 0.0006782535529818112, 0.0006705143112434433, 0.0006933862665318896, -0.00024001084775481353], [-0.006651872230500617, -0.0006450374101907551, -0.004091543628420952, 0.003714053659998226, -0.0016119138196412485, -0.0007029576668509248, 0.0004835545521001865, 0.0006721401161675475], [-0.00477784848212664, 0.001668855698898197, 0.0006782535529818116, -0.0016119138196412487, 0.0027693320951459447, -0.00010835989610497456, -0.000537416627437258, -0.0008638995439273042], [0.00033073372272201997, 0.00017050479357859038, 0.0006705143112434433, -0.0007029576668509248, -0.00010835989610497459, 0.001391084194872984, 0.0003301625357724273, -0.0006783497169361655], [0.0074307794438462985, -0.0008193608353350371, 0.0006933862665318896, 0.0004835545521001865, -0.000537416627437258, 0.00033016253577242724, 0.001342742996936022, 1.5820581845779156e-05], [0.00044998357281405746, -0.00022039620863425542, -0.00024001084775481348, 0.0006721401161675475, -0.0008638995439273042, -0.0006783497169361656, 1.582058184577914e-05, 0.0010523444906038383]], [[0.4036430808147854, 0.004634235517796826, 0.03732885076815408, 0.03697077251291341, -0.017120383120496425, 0.02681537695857092, -0.013487291159174509, -0.0033692424165567294], [0.004634235517796826, 0.0013540061979078295, 0.0009539576266792307, 8.685689522123447e-05, -0.0014154687011382844, -0.0009007908430762864, -0.00010248624901880985, 0.00014808555807970802], [0.03732885076815408, 0.0009539576266792307, 0.0056533264744515754, 0.00373181485205333, -0.0025726495289560714, 0.0034674301300331905, -0.0018001008284350352, 0.00016645057042663914], [0.03697077251291342, 8.685689522123461e-05, 0.0037318148520533306, 0.005794601586367113, -0.0027331978544744237, 0.003262348686240667, -0.0017821186245501758, -0.0010480365998456283], [-0.01712038312049642, -0.0014154687011382844, -0.002572649528956071, -0.0027331978544744237, 0.004151444637778581, -0.0007032318563865258, 0.00032821682858343563, 0.0005693133763837974], [0.02681537695857092, -0.0009007908430762864, 0.0034674301300331905, 0.0032623486862406663, -0.0007032318563865254, 0.005569670546963984, 0.00011447493523118376, -0.00043355019824657854], [-0.013487291159174509, -0.00010248624901880987, -0.0018001008284350352, -0.0017821186245501755, 0.0003282168285834359, 0.0001144749352311839, 0.002482669293995055, 1.469144672562175e-06], [-0.0033692424165567294, 0.00014808555807970796, 0.0001664505704266391, -0.0010480365998456283, 0.0005693133763837975, -0.00043355019824657865, 1.469144672562174e-06, 0.0013962457925781164]], [[0.046089875063119644, 0.018917032938939912, -0.016763574484915608, -0.04163749265721708, -0.007058848881244768, -0.0013162497397960758, 0.000341679334673499, 0.0002154804486768365], [0.01891703293893991, 0.009703151917801722, -0.00555245056711648, -0.01766316550287505, -0.0025229122588358984, -0.0008647894085342391, 0.0013602375718807366, 0.0004275893634556687], [-0.016763574484915608, -0.005552450567116481, 0.007587048934235912, 0.017006410249314336, 0.0013683982819667874, 0.00040150220435044377, 0.00040136146993743595, 0.00045505227955576624], [-0.04163749265721707, -0.017663165502875045, 0.017006410249314333, 0.05437216484968346, -0.0005094425727479456, 0.0014165362266649931, -0.0017906616723301796, 0.0008662160932397847], [-0.007058848881244767, -0.0025229122588358984, 0.0013683982819667874, -0.0005094425727479452, 0.011702975612354208, -0.0003586130323260089, 0.0008475757773853025, -0.0012713982282699231], [-0.0013162497397960755, -0.0008647894085342391, 0.00040150220435044366, 0.001416536226664993, -0.00035861303232600903, 0.002055282376533201, 0.0012665255454103244, -0.0002029168772251007], [0.00034167933467349877, 0.0013602375718807366, 0.000401361469937436, -0.0017906616723301796, 0.0008475757773853025, 0.0012665255454103244, 0.0024391490779135687, 0.0005395983981899247], [0.00021548044867683648, 0.0004275893634556687, 0.0004550522795557662, 0.0008662160932397844, -0.0012713982282699231, -0.00020291687722510086, 0.0005395983981899248, 0.0039029233747960934]], [[0.024838204203427843, 0.007728457699777911, -0.005100049484851215, 0.003566120671115535, -0.002098807907750225, -0.0015745393761705804, -0.001055079840935967, -0.0027697725868521925], [0.007728457699777911, 0.0028041010406966477, -0.001335834672783855, 0.0009346018774591474, -0.0012733230324277153, -0.0001576406467183, 0.0002471148254324248, -0.0008369931098205319], [-0.005100049484851215, -0.001335834672783855, 0.002002299502572974, -0.0011156643690599932, 0.0002128919487692579, 0.0008013381802606168, -1.5104687979320467e-06, 0.0007921515049198365], [0.0035661206711155354, 0.0009346018774591473, -0.0011156643690599932, 0.0012917455296017945, -0.0006372807725189525, -0.000276762244006907, -6.390576443710051e-05, -0.0008694068482934153], [-0.002098807907750225, -0.0012733230324277153, 0.00021289194876925795, -0.0006372807725189525, 0.002682583902754146, -0.001237590377359359, -0.0018933349104011546, 0.0007509572304403441], [-0.0015745393761705804, -0.0001576406467183, 0.0008013381802606169, -0.000276762244006907, -0.001237590377359359, 0.0017940203368686596, 0.0016998309673514186, 9.879583245882918e-05], [-0.001055079840935967, 0.0002471148254324249, -1.510468797932043e-06, -6.39057644371005e-05, -0.0018933349104011546, 0.0016998309673514189, 0.0027798663415858947, 0.00014380726917033522], [-0.0027697725868521925, -0.0008369931098205319, 0.0007921515049198366, -0.0008694068482934153, 0.0007509572304403441, 9.879583245882918e-05, 0.00014380726917033525, 0.002272908525865198]], [[0.2777378332909255, 0.018322676329602525, -0.05335340645305795, 0.014318988307046095, 0.027857999320424588, -0.012158019475513057, 0.0008764139562134214, -0.004691239890363464], [0.018322676329602525, 0.0014510962198767887, -0.003175629494016764, 0.0010495960817921274, 0.0018060548854261706, -0.00041172350139727484, 0.00023476429831250297, -0.0009163761301541761], [-0.05335340645305795, -0.0031756294940167634, 0.010848666958856893, -0.0025979996361170975, -0.005372216871850228, 0.002662974618294827, -0.00012420030994520458, 2.0625874151967744e-05], [0.014318988307046093, 0.0010495960817921274, -0.0025979996361170975, 0.0012805774364636148, 0.0008151885646737498, -0.00023527765864593582, 0.00029158994505667824, -0.0007583173913364933], [0.027857999320424588, 