{"weights": [0.13314062639249818, 0.1275406987670432, 0.38025827172049687, 0.12416104401756034, 0.10630382950274446, 0.12859552959965684], "means": [[3.864236274905121, 0.4190711015738337, -0.3984967952059352, 0.14790058778086648, -0.03642956684262485, 0.017459663934689503, 0.10579065055292226, 0.004646676327461897], [-0.570819306383498, 1.4868595571182677, 0.9864995317359873, -0.015310992362835209, 0.033354466253283574, 0.0022442644694610405, -0.0008722915502006945, -0.005269026630452862], [-3.8807211472028937, -0.4282787080817514, 0.09612072736556722, 0.004477042488090171, 0.022877491421210944, 0.0008909962908413235, 0.009464934365145897, -0.0013224077017626747], [1.1250428329353126, 0.5500243649416461, -0.5468737127921518, 0.002626930266746244, 0.03967411141246079, -0.01696391409553042, -0.032725909390863554, 0.008843461568525172], [-2.623120476754271, -0.006444932360887068, -0.20956367017316596, -0.09146609883241674, -0.11324114878176242, 0.024638064219385334, -0.014195790192829775, -0.022497919030645998], [6.8693180333534904, -0.641945555167908, 0.312186704346076, -0.04525425860757308, -0.0017308368927896438, -0.0018978919578172212, -0.010016302394414554, -0.00030032404186563415]], "cov": [[[0.2869711249204268, -0.03825647756021651, 0.04613469962531978, -0.007866807747610591, -0.01153067360553263, -0.0008224862504444848, 0.009982646432694378, 0.0061240080877333295], [-0.038256477560216516, 0.006155220919552532, -0.004805206813520103, 0.00011630760314340303, 0.001558078580149922, -1.3392978524535307e-05, -0.0013240601226793358, -0.0010738355141276862], [0.04613469962531979, -0.004805206813520102, 0.01014430324717988, -0.0033613571468644457, -0.0017388351836743212, -0.0003042536139297887, 0.0008406374386841688, 0.0012441151839191404], [-0.007866807747610593, 0.00011630760314340295, -0.003361357146864446, 0.0026388612445434724, -0.0007249813463122909, 0.0001522946323543544, 0.0005404415359708283, -0.0003031302453855437], [-0.01153067360553263, 0.001558078580149922, -0.0017388351836743214, -0.0007249813463122909, 0.0026448172044865738, 0.0004968122557502917, -0.0005855411758996234, -0.0006190047467116538], [-0.0008224862504444849, -1.3392978524535327e-05, -0.0003042536139297887, 0.00015229463235435435, 0.0004968122557502917, 0.001759938320171764, -4.181844997448226e-05, -0.00016737403660884364], [0.00998264643269438, -0.0013240601226793358, 0.000840637438684169, 0.0005404415359708284, -0.0005855411758996234, -4.1818449974482254e-05, 0.000994670317053162, -0.00023910428367089265], [0.00612400808773333, -0.001073835514127686, 0.0012441151839191404, -0.00030313024538554357, -0.0006190047467116538, -0.00016737403660884367, -0.00023910428367089265, 0.0012193726072630261]], [[0.23609389272630182, 0.016259046116910897, -0.047699713904975384, 0.006885101395911355, 0.03488513424467326, 0.003556620071397503, 0.010762941967698898, -0.0099365744174457], [0.016259046116910897, 0.002422759744284097, -0.0020005331379017452, 0.00022612351837780835, 0.0026460574767009012, 0.00013573851349864459, 0.0010706679153689898, -0.0011289694050024967], [-0.047699713904975384, -0.0020005331379017452, 0.01127939087139937, -0.0013568927923238452, -0.0071892024358706135, -0.0003958373277845645, -0.002031349041266327, 0.001751477344012099], [0.006885101395911354, 0.00022612351837780835, -0.0013568927923238452, 0.0011922544762955074, -0.00020899079455681912, 7.331701628725106e-05, 0.00017482578041153537, -0.00022676530988141607], [0.03488513424467326, 0.0026460574767009012, -0.0071892024358706135, -0.00020899079455681912, 0.008190383024599597, 0.001454978947604143, 0.0016833419990974097, -0.003428587831654392], [0.0035566200713975024, 0.00013573851349864456, -0.0003958373277845645, 7.331701628725108e-05, 0.0014549789476041427, 0.005390684043688866, -0.0007412385851132908, 0.0004907736944265598], [0.010762941967698898, 0.0010706679153689898, -0.002031349041266327, 0.00017482578041153542, 0.0016833419990974097, -0.0007412385851132909, 0.0007974524548199184, -0.0008959141017295364], [-0.009936574417445698, -0.0011289694050024967, 0.001751477344012099, -0.00022676530988141607, -0.003428587831654392, 0.0004907736944265598, -0.0008959141017295362, 0.00441675512426029]], [[0.051133159466442604, 0.022052430746017683, -0.018564980206732053, -0.0481272516029393, -0.00915645943920917, 0.0017059181080551153, 0.0014971631481371385, -0.0003696163542675974], [0.02205243074601768, 0.011716928666813696, -0.00662066540689898, -0.022284946332340957, -0.0028659284419735413, 0.0005554131586490158, 0.0017748187174348301, 0.00037697242729152665], [-0.018564980206732053, -0.006620665406898982, 0.008312670584045834, 0.01964549406571026, 0.002326080332986205, -0.00041145668249098315, -0.0002598334101054455, 0.0003922560724214101], [-0.0481272516029393, -0.02228494633234096, 0.01964549406571026, 0.06741259186972219, -0.0006809164580175408, -9.683712505162881e-05, -0.003908737259895497, 0.0003048643008790657], [-0.00915645943920917, -0.002865928441973542, 0.002326080332986205, -0.0006809164580175404, 0.014226822163077657, -0.00025361879866950114, 0.001671505292095663, -0.000764251264450687], [0.0017059181080551157, 0.0005554131586490161, -0.00041145668249098293, -9.683712505162892e-05, -0.000253618798669501, 0.004744241383396794, -0.0006269039711678882, -9.583953322372164e-05], [0.0014971631481371385, 0.0017748187174348303, -0.00025983341010544565, -0.003908737259895497, 0.0016715052920956625, -0.0006269039711678882, 0.0010527452368818582, -8.062905173809238e-05], [-0.0003696163542675974, 0.00037697242729152654, 0.00039225607242141, 0.0003048643008790657, -0.0007642512644506873, -9.583953322372189e-05, -8.062905173809238e-05, 0.0036333404644048575]], [[0.36958746839938034, 0.0001858675294088761, 0.027359439858727977, 0.030812905445719407, -0.0045774270070307235, -0.004382828078744746, -0.01853077729217038, -0.009767319911033382], [0.00018586752940887607, 0.001434376470459272, 0.0005113616439328878, 0.000289241765859408, -0.0016110237059111304, 0.00015249036244077168, 0.0007401641884510495, 0.00022727710739498943], [0.027359439858727973, 0.0005113616439328878, 0.004304249220325995, 0.0024718356167615315, -0.0015128491751511014, -0.000897150160805627, -0.0026088560257134775, -0.0005525545763326496], [0.03081290544571941, 0.00028924176585940793, 0.002471835616761532, 0.005499317373479554, -0.0020973747568948696, -0.001183736849004181, -0.0014595611636308372, -0.001767533294729492], [-0.004577427007030723, -0.0016110237059111304, -0.0015128491751511014, -0.0020973747568948696, 0.003974951724076153, 0.0007493855759263268, -0.00032376316677509885, 0.0001337392704771577], [-0.004382828078744747, 0.00015249036244077157, -0.0008971501608056272, -0.001183736849004181, 0.0007493855759263272, 0.003485506559180812, 0.0004223853533404325, 7.48252097080225e-05], [-0.01853077729217038, 0.0007401641884510495, -0.0026088560257134775, -0.0014595611636308372, -0.00032376316677509885, 0.00042238535334043244, 0.002674250600734474, 0.000397463162377659], [-0.00976731991103338, 0.00022727710739498948, -0.0005525545763326495, -0.001767533294729492, 0.0001337392704771577, 7.482520970802246e-05, 0.000397463162377659, 0.002235674837045662]], [[0.04366395877135519, 0.013221652053242142, -0.008829676414878498, 0.004736996983704871, -0.002381761271375604, 0.004215257916182337, -0.00023334804970799963, -0.0003739584856531101], [0.01322165205324214, 0.0045603715077407155, -0.002112857850944154, 0.001000222519651983, -0.0010261330032211625, 0.0009748790601245079, 0.00011122293002567708, -0.00032954540484913413], [-0.008829676414878498, -0.002112857850944154, 0.00294903542748294, -0.0015026791871518709, 0.000307388760442286, -0.0008201409562481403, -0.00031628967196527594, -0.00016879852368050107], [0.004736996983704871, 0.001000222519651983, -0.0015026791871518709, 0.0022156820831494626, -0.001200302998750302, 0.0006635762774064855, 2.562881832139822e-05, -0.00019133871454474658], [-0.0023817612713756034, -0.0010261330032211625, 