{"weights": [0.08099178649498061, 0.09018496833837039, 0.3249743412259548, 0.2689464714272896, 0.15436217498489602, 0.0805402575285086], "means": [[-3.9372793391141, 0.41422716614746924, 0.37700120602298226], [-1.2336122036378336, 0.5383650296861717, 0.5371502997580069], [3.924431466511477, -0.45000968861965635, -0.10689971089357417], [2.708311850216685, -0.03375606220219058, 0.20209794899484634], [0.6383647657219711, 1.487650728915605, -1.0094864005145991], [-6.877025019083475, -0.6626998954125151, -0.3039359307581476]], "cov": [[[134.77376290853778, 18.024905950327142, 21.515094985746764], [18.02490595032714, 3.362294348316392, 1.5041050163278114], [21.51509498574676, 1.5041050163278114, 6.374880556706852]], [[456.39817177045614, -0.23439678390214702, 33.81334247963443], [-0.234396783902147, 1.3075596757049979, -0.24436722765794686], [33.81334247963442, -0.2443672276579468, 4.259299194043995]], [[46.65806938928923, -20.02263611602768, -16.798212131552724], [-20.02263611602768, 10.549309784454387, 5.998775611950208], [-16.798212131552724, 5.998775611950209, 7.5012710072349185]], [[48.4263418219776, -14.63039677364406, -9.819577142198499], [-14.63039677364406, 4.8636685107504745, 2.71335258007325], [-9.819577142198499, 2.7133525800732503, 2.7207122044849443]], [[284.14122489203834, -19.481589370382373, -57.55998746420298], [-19.48158937038237, 2.1215987628792847, 3.211909442217836], [-57.55998746420298, 3.211909442217836, 12.611394741511264]], [[0.6492676322603413, -0.3329940848059338, 0.944371743481884], [-0.3329940848059338, 7.865688004957293, -5.482506821301968], [0.944371743481884, -5.482506821301968, 5.064136850284355]]]}