,X,Y,Z,id,nugget
0,100.0,0.0,-825.0,39220800,1e-05
1,300.0,0.0,-795.0000054286245,39220800,1e-05
2,900.0,0.0,-825.0,39220800,1e-05
3,100.0,0.0,-844.9999999999999,2095654,1e-05
4,300.0,0.0,-835.0000032609076,2095654,1e-05
5,900.0,0.0,-844.9999999999999,2095654,1e-05
