{"weights": [0.17220405736818295, 0.020025415884642073, 0.29965789782188323, 0.27476778705245497, 0.1555631381608593, 0.07778170371197747], "means": [[3.7208554555870945, 0.4608433797782965, -0.3831690086999305, 0.13380862502253074, -0.03231106120623598, -0.08216116482813354, 0.06457009853516128, -0.016220923193395912], [1.0510608431199222, 0.5567465186006109, -0.5246481694249536, 0.0019475282914912689, 0.046578499500763815, 0.03968246881400901, -0.02127888061254833, 0.013712429994478055], [-3.9227259543379334, -0.4423428237633358, 0.09598109385071195, 0.020836732975448784, 0.026735341194955485, -0.004431277278429504, 0.010183217241303314, 0.0025922614356737174], [-2.6884728728084086, -0.025608731011760366, -0.20429872833402402, -0.08495680519339467, -0.10767925608948688, -0.004351216113162589, -0.017076552325102478, -0.013140596208014204], [-0.7296135778617661, 1.442559663593139, 1.0685730973642402, -0.014884067138854878, 0.002737089117638419, 0.0004568530102716032, -0.008198001137521024, -0.0002074933134665123], [6.851938596915576, -0.6549068566608671, 0.291219198041901, -0.03756484432111373, -0.0005143319850170457, 0.0074195960973485195, -0.008324326582395982, 0.0022471359692564224]], "cov": [[[9.807979230288502, -3.4897027677886667, 2.113113590170569, -0.5357270684033463, 0.09594226650576831, 0.28254889574696185, -0.22995357396953256, 0.056221021735347744], [-3.4897027677886667, 1.250232954390673, -0.745453772122511, 0.18670060281378947, -0.03385859039723219, -0.10253625469076774, 0.08557203631403125, -0.02026422979047397], [2.113113590170569, -0.745453772122511, 0.4605593168700874, -0.11850275373884589, 0.020883042523352286, 0.0596060251862735, -0.046880458911339545, 0.011819879657824543], [-0.5357270684033463, 0.18670060281378947, -0.11850275373884589, 0.031178315524424734, -0.005468973290506837, -0.014555702057655167, 0.010920341619946075, -0.002954200796566887], [0.09594226650576831, -0.03385859039723219, 0.020883042523352286, -0.005468973290506837, 0.001109585731569055, 0.002630855759188826, -0.002202776201674158, 0.0005516924417062505], [0.28254889574696185, -0.10253625469076774, 0.0596060251862735, -0.014555702057655167, 0.002630855759188826, 0.008956830817338307, -0.007376578494558033, 0.0015685841824570302], [-0.22995357396953256, 0.08557203631403125, -0.046880458911339545, 0.010920341619946075, -0.002202776201674158, -0.007376578494558033, 0.007214993004712494, -0.0014188712417252214], [0.056221021735347744, -0.02026422979047397, 0.011819879657824543, -0.002954200796566887, 0.0005516924417062505, 0.0015685841824570302, -0.0014188712417252214, 0.0005002570161590894]], [[26.713030394771486, 5.777384046573203, -3.479844043537367, -0.4623976201689256, 0.8314763485462606, 0.24467699658159975, 0.06579475422233465, -0.2425685367159125], [5.777384046573203, 1.2567555218372066, -0.7557791247489835, -0.10834389611654507, 0.18186428744221667, 0.0529645378617437, 0.015307335323941608, -0.05404295181830696], [-3.479844043537367, -0.7557791247489835, 0.4556200224244259, 0.05824259240149733, -0.10826348486074809, -0.03199403887173507, -0.008359648563166526, 0.031210142088215525], [-0.4623976201689256, -0.10834389611654507, 0.05824259240149733, 0.05339021429592901, -0.02282837951398059, -0.0034420743803401867, -0.00667352457195656, 0.01210741998535236], [0.8314763485462606, 0.18186428744221667, -0.10826348486074809, -0.02282837951398059, 0.02790528322137565, 0.007284735896829111, 0.003187182167150152, -0.008129377817556401], [0.24467699658159975, 0.0529645378617437, -0.03199403887173507, -0.0034420743803401867, 0.007284735896829111, 0.002448523049350064, 0.00044777642332749994, -0.002905123578915058], [0.06579475422233465, 0.015307335323941608, -0.008359648563166526, -0.00667352457195656, 0.003187182167150152, 0.00044777642332749994, 0.0008816623971808592, -0.0012418453737697936], [-0.2425685367159125, -0.05404295181830696, 0.031210142088215525, 0.01210741998535236, -0.008129377817556401, -0.002905123578915058, -0.0012418453737697936, 0.007387574063622358]], [[0.04760475902814116, 0.018443974698839807, -0.017021859010734962, -0.04059847322850068, -0.008777761536667367, -0.0009756604986200332, -0.0005324412167586461, -1.0937307949198585e-05], [0.018443974698839807, 0.008805204529630867, -0.005485025559794895, -0.01633625258551686, -0.0034312988042660263, -0.0006951199590657098, 0.0008042807599384236, 0.0005291133380140231], [-0.017021859010734962, -0.005485025559794895, 0.007608299254206472, 0.017310583281976363, 0.0016980941824298638, 0.0003384916138917215, 0.0005569050816770432, 0.0005648320833867472], [-0.04059847322850068, -0.01633625258551686, 0.017310583281976363, 0.0531529862911151, -0.0009056130100386317, 0.0012909871584649208, -0.0012387570475419448, 0.0008315328007757309], [-0.008777761536667367, -0.0034312988042660263, 0.0016980941824298638, -0.0009056130100386317, 0.012161352418627484, -0.000577060820691419, 0.0007118957074333276, -0.00048064866237250236], [-0.0009756604986200332, -0.0006951199590657098, 0.0003384916138917215, 0.0012909871584649208, -0.000577060820691419, 0.0019353891823543933, 0.0011773121244251178, -0.0002063345352047358], [-0.0005324412167586461, 0.0008042807599384236, 0.0005569050816770432, -0.0012387570475419448, 0.0007118957074333276, 0.0011773121244251178, 0.0021716972266065462, 0.000510348558902489], [-1.0937307949198585e-05, 0.0005291133380140231, 0.0005648320833867472, 0.0008315328007757309, -0.00048064866237250236, -0.0002063345352047358, 0.000510348558902489, 0.002767553174093367]], [[5.377138199680349, 0.9283222300998489, -0.5820267224706586, 0.07620822725479681, 0.2693686611683708, 0.012285080282326945, 0.01657591971302005, 0.03882581833598679], [0.9283222300998489, 0.16170945646988613, -0.10081979887716991, 0.013467181536050032, 0.04503399054103203, 0.0023188033960766493, 0.003117324399682886, 0.005961066611667444], [-0.5820267224706586, -0.10081979887716991, 0.06467689583258705, -0.008581222832509526, -0.029705119603138107, -0.0015604072274380885, -0.001790555784722698, -0.003376404188957619], [0.07620822725479681, 0.013467181536050032, -0.008581222832509526, 0.002215458882857655, 0.0030087654611838776, 0.0001366755793803798, 8.644740310180639e-05, -0.00035813068971019116], [0.2693686611683708, 0.04503399054103203, -0.029705119603138107, 0.0030087654611838776, 0.01701972091134881, 0.00037658268451341566, -0.00015076506924061937, 0.003036430213458106], [0.012285080282326945, 0.0023188033960766493, -0.0015604072274380885, 0.0001366755793803798, 0.00037658268451341566, 0.0024164624408820647, 0.0017556681889159065, -3.343687384544722e-05], [0.01657591971302005, 0.003117324399682886, -0.001790555784722698, 8.644740310180639e-05, -0.00015076506924061937, 0.0017556681889159065, 0.0023178064062594557, 0.0004127057571854737], [0.03882581833598679, 0.005961066611667444, -0.003376404188957619, -0.00035813068971019116, 0.003036430213458106, -3.343687384544722e-05, 0.0004127057571854737, 0.003161283454102602]], [[14.061404678766186, -3.4423396796793613, -5.279690269863508, 0.4733127165328711, -0.07873799607358963, -0.09577294162235826, 0.14472655831789222, -0.035896840289538295], [-3.4423396796793613, 0.8871263767259565, 1.3866683431616764, -0.11949402120255513, 0.01585979470690171, 0.005790928064724324, -0.024182947101178964, 0.0066931962223021595], [-5.279690269863508, 1.3866683431616764, 2.191583820955028, -0.18767595685286476, 0.02172775785411223, -0.00021768556197397225, -0.03063547759356795, 0.009471383398804], [0.4733127165328711, -0.11949402120255513, -0.18767595685286476, 0.018959193524380403, -0.003599981937698756, -0.003213010178837214, 0.004416467018473472, -0.0011165208751800107], [-0.07873799607358963, 0.01585979470690171, 0.02172775785411223, -0.003599981937698756, 0.0025540682573780967, 0.00212154705487158, -0.002094582727051182, -0.00012892139935502422], [-0.09577294162235826, 0.005790928064724324, -0.00021768556197397225, -0.003213010178837214, 0.00212154705487158, 0.009484881550372219, 