,X,Y,Z,id,nugget
0,100.0,0.0,-824.9999999999999,62888758,1e-05
1,300.0,0.0,-824.9692495136916,62888758,1e-05
2,900.0,0.0,-824.9999999999999,62888758,1e-05
3,100.0,0.0,-844.9999999999999,82820898,1e-05
4,300.0,0.0,-845.4856341568997,82820898,1e-05
5,900.0,0.0,-844.9999999999999,82820898,1e-05
