{"weights": [0.5813364851209204, 0.1779744408175419, 0.24068907406153772], "means": [[2.1105522169287507, -0.5208996868750327, 0.036320204166980175, 0.021136580688310338, 0.006481917273224803, 3.167664073384326e-05, 0.008282980395103995, 0.00683851386174096], [-4.012360476258451, -2.7135032446267555, -0.045920320568612095, -0.06879584079728632, -0.021578553565678636, 0.0016708696945467532, 0.010814659264215123, 0.007985261780161396], [-1.8180076492313924, 3.6084965374636457, -0.048735816204314136, 0.005071794822935314, 0.0014637724815597059, -0.006027458379287138, -0.029497514757313353, -0.019011659727503818]], "cov": [[[0.025630330274226565, 0.009891792441069953, -0.008382760068407763, -0.08521984185324741, -0.02588364608665895, -0.025206573047359453, -0.01286702265057489, 0.006326839801047911], [0.009891792441069957, 0.03770174547264215, -0.01719253919052076, -0.057063404720098757, -0.044269562080752375, -0.0006814686075126595, 0.019887018968289823, 0.0030602202058613616], [-0.008382760068407763, -0.01719253919052076, 0.021719883875725404, 0.10348105415414381, 0.03552305617671737, 0.01451614583532134, -0.01491066989092172, 0.006791959894566429], [-0.0852198418532474, -0.057063404720098757, 0.10348105415414381, 0.6733382136594382, 0.18318193749796882, 0.1410315633938951, -0.0031012905841299927, 0.02663531299998953], [-0.02588364608665895, -0.044269562080752375, 0.03552305617671737, 0.18318193749796882, 0.0858879466271409, 0.018610932225432857, -0.007288824514844538, 0.014700762836898001], [-0.025206573047359453, -0.0006814686075126584, 0.014516145835321343, 0.1410315633938951, 0.01861093222543286, 0.05564564527206234, 0.0022926501676203566, -0.01478614794547777], [-0.012867022650574888, 0.019887018968289826, -0.014910669890921721, -0.0031012905841299935, -0.007288824514844541, 0.002292650167620358, 0.053038808350567145, 0.008370105193610386], [0.006326839801047909, 0.0030602202058613603, 0.006791959894566429, 0.026635312999989533, 0.014700762836898001, -0.01478614794547777, 0.008370105193610387, 0.025707432848530564]], [[0.47162704416314366, -0.12535026998100698, 0.002337273365786986, -0.27515251649030426, 0.11084529230267776, 0.0660264600642499, -0.05400211013388404, -0.13074223038752852], [-0.12535026998100698, 0.1817842308276669, 0.011241945098555781, -0.11911766818407132, 0.3088325617860025, 0.007845111687085236, 0.07460634027033589, 0.0636789286722994], [0.002337273365786987, 0.011241945098555781, 0.010972359911107742, 0.05003481744086284, 0.025480079651611923, -0.04421423956304323, 0.016061903798173804, -0.012354512976979547], [-0.27515251649030426, -0.11911766818407134, 0.05003481744086284, 1.1164309097427099, -0.5071185631476204, -0.43295524088899023, 0.0653594689540438, -0.13128893554182938], [0.11084529230267777, 0.3088325617860025, 0.025480079651611916, -0.5071185631476204, 0.9458446100026894, 0.03695812277839873, 0.1835754547270062, 0.003057350691581413], [0.06602646006424992, 0.00784511168708524, -0.04421423956304323, -0.4329552408889902, 0.036958122778398717, 0.3383357450937953, -0.10000025829361872, 0.07146090990726164], [-0.05400211013388404, 0.07460634027033587, 0.016061903798173804, 0.0653594689540438, 0.18357545472700623, -0.10000025829361872, 0.09204207895018898, 0.0181057427261667], [-0.13074223038752855, 0.0636789286722994, -0.012354512976979547, -0.1312889355418294, 0.0030573506915813954, 0.07146090990726164, 0.0181057427261667, 0.23586199751454806]], [[0.14471452808385812, 0.10483944424928318, -0.44783594641870494, 0.09807450079606016, -0.1469883648464668, 0.016591816687679194, 0.02388627878038854, 0.05017830780220285], [0.10483944424928318, 0.1969578098300011, 0.16869605046886352, 0.08742132054724265, -0.18927134623564504, 0.021918512087024944, 0.01977401395092829, 0.045181355282128084], [-0.44783594641870494, 0.16869605046886352, 5.1672775672548985, -0.3137614405673976, -0.11511955131703683, -0.0005295272226310975, 0.022486305273076143, -0.008315041159529682], [0.09807450079606016, 0.08742132054724264, -0.3137614405673976, 0.13605554527454855, -0.05533653304132692, -0.001411313266410415, -0.04760053619736792, 0.041295859025011886], [-0.1469883648464668, -0.18927134623564504, -0.11511955131703683, -0.055336533041326935, 0.3181273406982232, -0.07587765475725593, -0.13581974724730372, -0.03946174116741011], [0.016591816687679187, 0.021918512087024947, -0.0005295272226310976, -0.0014113132664104135, -0.07587765475725591, 0.04888808700791651, 0.07872841886591679, -0.023229009312747535], [0.023886278780388535, 0.01977401395092829, 0.022486305273076147, -0.047600536197367926, -0.13581974724730372, 0.07872841886591679, 0.20759725735874537, -0.037341313922382664], [0.05017830780220285, 0.04518135528212808, -0.00831504115952968, 0.04129585902501188, -0.0394617411674101, -0.023229009312747538, -0.03734131392238267, 0.04787357622217728]]]}