{"weights": [0.09780913658747913, 0.20432939523134125, 0.33562862079630296, 0.10603503596930207, 0.09180446447741537, 0.1643933469381592], "means": [[-3.8045988486727573, 0.43247066834375947, 0.40227904734535663], [-1.1029754617227587, 0.5383300817721075, 0.5451321152129481], [3.9157564275163375, -0.44396658825109564, -0.10517583498299057], [2.6990607931320203, -0.0327337991252489, 0.2022737506651114], [0.6796004871919306, 1.4811595375182256, -1.0144791559978528], [-6.8701792625492, -0.6485266605625252, -0.3069286248860535]], "cov": [[[0.19396550396254458, 0.025932625366903314, 0.03102976700006728], [0.025932625366903314, 0.004581376651670184, 0.002434397475852454], [0.03102976700006728, 0.002434397475852454, 0.008557876799718526]], [[0.45351580654995044, -0.0002152575540726647, 0.03356057603683729], [-0.00021525755407266476, 0.0013552179190600398, -0.0004234225334194782], [0.03356057603683729, -0.0004234225334194781, 0.004635117671306966]], [[0.04429739907006789, -0.018988980973829638, -0.015944251608097877], [-0.018988980973829634, 0.010107593599650569, 0.005629806404889339], [-0.015944251608097877, 0.00562980640488934, 0.007203648991692062]], [[0.04773402031782825, -0.014437843479474894, -0.009681296704223883], [-0.014437843479474896, 0.004870775781711442, 0.0024885087262398447], [-0.009681296704223885, 0.0024885087262398447, 0.002959602501723631]], [[0.2894033286213408, -0.019844286580767322, -0.0586175769834089], [-0.019844286580767322, 0.002206389842912966, 0.0032461594352054916], [-0.0586175769834089, 0.0032461594352054916, 0.012893139564344848]], [[0.0005571734117382867, -0.0004897695192750103, 0.0009498802758072619], [-0.0004897695192750105, 0.008819244440114867, -0.006343780496408617], [0.0009498802758072619, -0.006343780496408616, 0.005604254259981348]]]}