{"accuracy_init": 0.7722222208976746, "accuracy_final_MAP": 0.5333333611488342, "accuracy_final_mean": 0.5111111402511597}