,X,Y,Z,id,nugget
0,100.0,0.0,-824.9999999999999,22564604,1e-05
1,300.0,0.0,-822.9075386656159,22564604,1e-05
2,900.0,0.0,-824.9999999999999,22564604,1e-05
3,100.0,0.0,-844.9999999999999,13286703,1e-05
4,300.0,0.0,-847.17382565921,13286703,1e-05
5,900.0,0.0,-844.9999999999999,13286703,1e-05
