{"weights": [0.5729582748284475, 0.19151052896147255, 0.23553119621007998], "means": [[2.1259686271262166, -0.5103168039259494, 0.021694715813732373, -0.09045042980696912, -0.024062432015478127, -0.035342939377291036, 0.009224050498788267, 0.011481001550374795], [-4.0213677344480185, -2.702326920199925, -0.04198051729652771, -0.049207683865184065, 0.029841856364017354, -0.0006190540185983121, 0.023124911835875634, 0.012729768876520144], [-1.8392787411946014, 3.6591008136911705, 0.2847647717414192, -0.001535912170451789, -0.006209700554934311, -0.01523255543378503, -0.04482149514129916, -0.02144652336854433]], "cov": [[[0.02203279203936697, 0.006260900993322012, -0.006998578308654711, -0.07506673185875744, -0.020565871786596614, -0.022628261221260566, -0.01221316099474044, 0.004862285437082993], [0.006260900993322011, 0.0377905618837567, -0.017486518408494002, -0.0486833848435297, -0.04309216463388456, 0.003672677010845338, 0.02362067186484112, 0.0011374089487308679], [-0.00699857830865471, -0.017486518408494002, 0.019814730977402266, 0.08956567776521145, 0.03315114677127143, 0.01117077262750926, -0.015317228515164927, 0.005935046407539586], [-0.07506673185875745, -0.04868338484352971, 0.08956567776521146, 0.5874159356191822, 0.1586794719057794, 0.12414793198767482, -0.0010480934521155804, 0.022647031338538275], [-0.020565871786596614, -0.04309216463388456, 0.033151146771271435, 0.1586794719057794, 0.07970982011401083, 0.011637322963140984, -0.011000217574473725, 0.015007958430112031], [-0.022628261221260566, 0.0036726770108453364, 0.011170772627509264, 0.12414793198767482, 0.01163732296314099, 0.05239780469346637, 0.004669173922169555, -0.014320680603048403], [-0.012213160994740442, 0.02362067186484112, -0.015317228515164929, -0.0010480934521155793, -0.011000217574473727, 0.004669173922169557, 0.053565076826579475, 0.008372092731455233], [0.004862285437082993, 0.001137408948730869, 0.005935046407539586, 0.022647031338538272, 0.015007958430112031, -0.014320680603048402, 0.008372092731455233, 0.02302646917197711]], [[0.49878338867368316, -0.1259694933056355, 0.002040820051863321, -0.30940100395290965, 0.1367971862920742, 0.07444443540153509, -0.055735171546558715, -0.14341164862554917], [-0.12596949330563548, 0.1907695724894341, 0.01052358654023334, -0.14478808891086964, 0.3334463012786691, 0.015391037164343407, 0.07849447271670637, 0.07098659289484378], [0.0020408200518633205, 0.01052358654023334, 0.010977196023594824, 0.05431694880630935, 0.02469622385348205, -0.04604116263599592, 0.016616185955765733, -0.014058877072421108], [-0.30940100395290965, -0.14478808891086964, 0.05431694880630934, 1.2480018251097371, -0.599932801972394, -0.48542175061087517, 0.06505943497516176, -0.14626715024408826], [0.13679718629207419, 0.3334463012786691, 0.02469622385348205, -0.599932801972394, 1.0320118066694628, 0.06116401800108348, 0.19118054687763653, 0.008787604518714208], [0.0744444354015351, 0.0153910371643434, -0.04604116263599592, -0.48542175061087506, 0.0611640180010835, 0.35267303357736446, -0.10072406321611148, 0.08232654548307626], [-0.05573517154655873, 0.07849447271670638, 0.016616185955765733, 0.06505943497516176, 0.19118054687763653, -0.10072406321611148, 0.09325230996413633, 0.01605171709918012], [-0.14341164862554914, 0.07098659289484378, -0.014058877072421105, -0.14626715024408826, 0.008787604518714201, 0.08232654548307627, 0.016051717099180116, 0.23676514674656365]], [[0.15264385938858796, 0.10649048587091411, -0.4711762677457296, 0.10217957924385454, -0.1595190231063058, 0.02182247020359582, 0.03546813999876725, 0.05115090254531845], [0.10649048587091411, 0.20960913284659896, 0.17600957914286566, 0.07952447419681917, -0.20753270299644083, 0.029647597582967672, 0.03224903197448453, 0.039427353656232435], [-0.47117626774572957, 0.17600957914286566, 5.43573108110055, -0.33067127136839775, -0.12165813734755089, 0.00015211142142971176, 0.025849458291419408, -0.00900447011951456], [0.10217957924385453, 0.07952447419681917, -0.33067127136839775, 0.1329408369609303, -0.06505368570368047, 0.005187984990309422, -0.0281264998211585, 0.04014417188627888], [-0.15951902310630578, -0.20753270299644083, -0.12165813734755089, -0.06505368570368047, 0.3374503254290571, -0.07797562009327202, -0.14024892461487984, -0.045029463497429645], [0.021822470203595817, 0.029647597582967672, 0.00015211142142971181, 0.005187984990309417, -0.07797562009327202, 0.04502644082080904, 0.07221470367530357, -0.017805999494202633], [0.03546813999876725, 0.032249031974484546, 0.025849458291419408, -0.0281264998211585, -0.14024892461487984, 0.07221470367530357, 0.18505131340888845, -0.025554599122507175], [0.05115090254531845, 0.039427353656232435, -0.009004470119514562, 0.04014417188627888, -0.045029463497429645, -0.017805999494202633, -0.025554599122507175, 0.04587914143225511]]]}