,X,Y,Z,id,nugget
0,100.0,0.0,-824.9999999999999,3620708,1e-05
1,300.0,0.0,-826.3000969852968,3620708,1e-05
2,900.0,0.0,-824.9999999999999,3620708,1e-05
3,100.0,0.0,-844.9999999999999,37401766,1e-05
4,300.0,0.0,-842.5885142843114,37401766,1e-05
5,900.0,0.0,-844.9999999999999,37401766,1e-05
