{"weights": [0.17222196425527064, 0.1666710913890777, 0.27201917186304175, 0.13903283902166205, 0.1277367316911981, 0.1223182017797497], "means": [[3.7210796133604154, 0.46215636372994956, -0.38240796594093623, 0.13349166994223802, -0.031082226098799785, -0.08340903281268018, 0.06195644063992345, -0.01629156971297775], [1.0481443104595196, 0.5561462146597399, -0.5264724980729387, 0.002492866560216402, 0.04629684801694302, 0.03931918045415393, -0.021225983134842284, 0.01188892165985213], [-3.920861674316878, -0.44256627387029623, 0.09617841523744874, 0.021035855839856243, 0.027491571819331657, -0.004380938363277532, 0.009753093398509015, 0.002203458238804708], [-2.6884075980592526, -0.025207012463425632, -0.20426787977620342, -0.0853255735788303, -0.1069160273472677, -0.004071075750634839, -0.01751502195704806, -0.013141463468656247], [-0.7319798599660066, 1.4421639052538542, 1.0698090803988258, -0.012360614999580575, 0.002612712762395377, 0.0010800348767533025, -0.008836900199086629, -0.0008471128113990752], [6.852315728715847, -0.650699156577123, 0.2929085410936997, -0.038293417228835475, -0.00161126467156041, 0.007388403867979704, -0.007362103931999175, 0.0019899953345210706]], "cov": [[[0.1898574990736565, -0.021668668869949902, 0.034682144891783506, -0.009774011428892844, -0.0066186537045285695, 0.0005676370095334722, 0.010491988354708045, 0.0005598384446005903], [-0.021668668869949906, 0.003327870832601977, -0.002567704426620936, 6.991350244222081e-05, 0.0013645919596193758, 0.00010656812716070235, -0.001299598644415998, -0.00015182413955543145], [0.034682144891783506, -0.0025677044266209366, 0.009195412881763393, -0.0037725674506534196, -0.0005548046559855037, 0.0005923477206885511, 0.0014011054241372222, 9.487654920067907e-05], [-0.009774011428892844, 6.991350244222061e-05, -0.003772567450653419, 0.0027098190195064807, -0.0009468846157163716, -0.0004736147976503549, -7.292512709981832e-05, 0.0004187641966253052], [-0.0066186537045285695, 0.0013645919596193756, -0.0005548046559855034, -0.0009468846157163714, 0.002542035900495336, -0.000133469210365633, -0.0005356367167911335, -0.0009544897467541774], [0.0005676370095334722, 0.00010656812716070238, 0.0005923477206885511, -0.0004736147976503549, -0.00013346921036563295, 0.0008300500306814559, 0.00019175201626362324, -0.00032231280683951236], [0.010491988354708047, -0.0012995986444159977, 0.001401105424137222, -7.292512709981834e-05, -0.0005356367167911335, 0.00019175201626362324, 0.0010377282494056532, -5.800163757004539e-06], [0.0005598384446005903, -0.00015182413955543142, 9.487654920067894e-05, 0.0004187641966253052, -0.0009544897467541774, -0.00032231280683951236, -5.800163757004529e-06, 0.0008758585642244939]], [[0.3278867127329809, 0.00375685442574623, 0.030232141467487997, 0.02993904805689017, -0.013811199567801387, 0.021697010050004458, -0.010942240363664804, -0.002719137062381147], [0.0037568544257462304, 0.001238027772392212, 0.0008059792637777057, 0.00011021654929149405, -0.0012776508402265073, -0.0008401808590270348, -9.18593514868724e-05, 4.584144325901151e-05], [0.030232141467487997, 0.0008059792637777057, 0.004950232939729189, 0.0032840556864463565, -0.0023217020864133944, 0.0030271546178660446, -0.001640846310143945, 3.4939665578297614e-05], [0.02993904805689017, 0.00011021654929149397, 0.0032840556864463574, 0.005078027707209238, -0.002579350178878536, 0.002921648226417995, -0.0014118035446655818, -0.0007907121668478021], [-0.013811199567801385, -0.0012776508402265073, -0.0023217020864133944, -0.002579350178878536, 0.0040457889548992645, -0.000742167848858739, 0.00017354111798931606, 0.0005796974388739036], [0.021697010050004458, -0.0008401808590270349, 0.0030271546178660446, 0.002921648226417995, -0.000742167848858739, 0.005046914066846254, 0.00019049102181080505, -0.0004638978086864865], [-0.010942240363664804, -9.185935148687228e-05, -0.0016408463101439449, -0.0014118035446655818, 0.00017354111798931595, 0.000190491021810805, 0.0023297287766622715, -6.907402153927713e-05], [-0.002719137062381147, 4.584144325901153e-05, 3.493966557829765e-05, -0.0007907121668478021, 0.0005796974388739036, -0.0004638978086864866, -6.907402153927715e-05, 0.0014516112002685006]], [[0.042706029432073786, 0.01759055267197842, -0.015285785805887348, -0.03731210950733299, -0.007368686479148682, -0.0012056219919596106, 0.00026767268490928016, 0.0004118988177043595], [0.01759055267197842, 0.008974202214641994, -0.005123805729632142, -0.015778600527064788, -0.002514531369652483, -0.0007629462001401715, 0.0012257103520497766, 0.0004318047607833158], [-0.015285785805887348, -0.005123805729632143, 0.006880499528725089, 0.01555629083619063, 0.0013493564061559712, 0.0003997012356016972, 0.0003442197565701647, 0.00036826389153238304], [-0.037312109507332984, -0.015778600527064784, 0.01555629083619063, 0.05057782031473746, -0.0016035531213980786, 0.0012965378994126777, -0.0016967050144535817, 0.0010429957591430116], [-0.007368686479148682, -0.002514531369652483, 0.001349356406155971, -0.0016035531213980786, 0.012946688861933049, -0.0004034769941716688, 0.0010522739905195792, -0.0014107790254385703], [-0.0012056219919596106, -0.0007629462001401714, 0.0003997012356016972, 0.0012965378994126782, -0.00040347699417166876, 0.0018846946786437576, 0.0011412036615105036, -0.0003143427083561297], [0.00026767268490928016, 0.0012257103520497766, 0.00034421975657016474, -0.001696705014453582, 0.0010522739905195792, 0.0011412036615105038, 0.00222820355240853, 0.00031858047591163665], [0.0004118988177043596, 0.0004318047607833156, 0.0003682638915323829, 0.0010429957591430114, -0.0014107790254385703, -0.0003143427083561298, 0.0003185804759116364, 0.0036203894799949937]], [[0.03160215606275722, 0.009885035044842528, -0.006481950838053775, 0.004498006059446394, -0.002725562542576594, -0.0020004687356533287, -0.0012670719123101554, -0.003450243439791456], [0.009885035044842528, 0.0034444210118794788, -0.0017192466087041106, 0.001254211714990009, -0.0014424338460435353, -0.00020075134489293863, 0.00016614163958137646, -0.0009466963187023921], [-0.006481950838053775, -0.0017192466087041106, 0.0024184924073595584, -0.0014637035187751158, 0.00037121419701092854, 0.0009353194978058319, 4.551398790845738e-05, 0.0011364706152656875], [0.004498006059446394, 0.0012542117149900091, -0.0014637035187751155, 0.0014658863323235875, -0.0007982568571497244, -0.00047962481955159515, -9.274613128029409e-05, -0.001340342074424104], [-0.002725562542576594, -0.0014424338460435353, 0.00037121419701092854, -0.0007982568571497245, 0.0027534543774665235, -0.001222076701075738, -0.001862606147989586, 0.0009793598733664958], [-0.0020004687356533282, -0.00020075134489293866, 0.0009353194978058319, -0.00047962481955159515, -0.001222076701075738, 0.001768982121286053, 0.001747478711229399, 0.0002463676819698269], [-0.0012670719123101554, 0.0001661416395813764, 4.5513987908457353e-05, -9.27461312802941e-05, -0.001862606147989586, 0.001747478711229399, 0.0028251708661727348, 0.0003114303871539863], [-0.003450243439791456, -0.0009466963187023921, 0.0011364706152656875, -0.0013403420744241038, 0.0009793598733664958, 0.0002463676819698269, 0.00031143038715398624, 0.0031613705930247688]], [[0.2629171168511502, 0.017359956544580907, -0.050471701938609226, 0.013562715054883746, 0.026353030087185703, -0.011516923133813846, 0.0008189538602356954, -0.004446207983783682], [0.017359956544580907, 0.0014314461451963084, -0.002907542063303947, 0.0009769520528500066, 0.001729926891730197, -0.00035059796957066786, 0.00023583002578964684, -0.0008807952787844651], [-0.050471701938609226, -0.002907542063303947, 0.010455945077524054, -0.002449069842814035, -0.005125764376565185, 0.0025333810130730404, -0.00013368116124076672, 1.2984531888565567e-05], [0.013562715054883743, 0.0009769520528500066, -0.002449069842814035, 0.0014353391014912803, 0.0005505952769216418, -0.00032541510853662366, 0.00016738737751032851, -0.0008067281003581705], [0.0263530300871857, 0.0017299268917301967,