{"weights": [0.0437081808858703, 0.12744566699037366, 0.31139747040483967, 0.2825447662711399, 0.15436290209215128, 0.0805410133556251], "means": [[3.8023703410847567, 0.4374674269009759, -0.40348320416100275, 0.15002272300060157, -0.0369453466467286, 0.016562703224134896, 0.107283914507894, 0.002660184096147379], [-0.6834303508422532, 1.4820034655602747, 1.0175601356422113, -0.006980333581249969, 0.0005674454980618392, 0.0008803159827010945, -0.00517235414692274, 0.0020578591028984194], [-3.913018742230452, -0.44241385453505516, 0.10480739574965893, 0.02386997213219535, 0.027775024858862286, 0.0013966775194510783, 0.008525519557349233, 0.0032850758032800286], [1.1018565377065812, 0.5382177786275136, -0.5439624640570435, 0.0006091392329109773, 0.04742131142452492, -0.006731959596348785, -0.04151070126025874, 0.003556848747448543], [-2.702294196008316, -0.03381816434123295, -0.20181366056381853, -0.10565265445969242, -0.09705599399125875, 0.005394913219240645, -0.008394280433704344, -0.02123763035899977], [6.87425759157855, -0.643959895075173, 0.3124488862597342, -0.04576922466660567, -0.0013582417389831397, 0.0041641773743311475, -0.01133613060430584, 0.0028032112628464272]], "cov": [[[0.16474435281982294, -0.022007618411639084, 0.026366403023670906, -0.004410745214626393, -0.006638557204473072, -0.00048758080916518005, 0.005777523536599472, 0.0035044928594838527], [-0.022007618411639084, 0.003885526660955128, -0.0021995720895500426, -0.0004376733453924794, 0.0011164140519706897, -6.573687625995883e-05, -0.0008729856956632551, -0.0005216495954626475], [0.026366403023670906, -0.0021995720895500426, 0.0069672443395300465, -0.002969535684990554, -0.0006767562165583322, -0.00014526063150939025, 0.00010319175284299515, 0.0008321354929661128], [-0.004410745214626393, -0.0004376733453924794, -0.002969535684990554, 0.0026182684024607383, -0.000774519543976412, 0.0001871426696752896, 0.0006866424348794726, -0.00017341064521440212], [-0.006638557204473072, 0.00111641405197069, -0.0006767562165583323, -0.000774519543976412, 0.0018139760754472107, 0.00011886104682711886, -0.00037876480010076415, -0.0003585746082632745], [-0.00048758080916518005, -6.573687625995881e-05, -0.00014526063150939027, 0.00018714266967528962, 0.00011886104682711886, 0.0014892608175310939, -0.00010155865801622909, 5.0027857207632195e-05], [0.005777523536599472, -0.0008729856956632551, 0.00010319175284299524, 0.0006866424348794727, -0.0003787648001007641, -0.00010155865801622908, 0.0007910781324152912, -0.0001250191066899277], [0.003504492859483853, -0.0005216495954626475, 0.0008321354929661128, -0.00017341064521440212, -0.0003585746082632745, 5.002785720763218e-05, -0.0001250191066899277, 0.0008991270389009057]], [[0.27290136732874676, 0.01874479075800797, -0.05524787039126798, 0.007870552466209862, 0.04057600406985728, 0.004060393141190607, 0.012466261253170739, -0.011726814654331872], [0.018744790758007973, 0.0021556301528872657, -0.0029564842387092205, 0.0003812392467092911, 0.002933979856852446, 0.00022176397143569709, 0.0010744825202526802, -0.0010472370902030325], [-0.05524787039126798, -0.0029564842387092205, 0.012286531468757423, -0.0015847908822980866, -0.008278709095514925, -0.00048421030341060117, -0.0024577917018304874, 0.0022269748814030374], [0.007870552466209862, 0.000381239246709291, -0.0015847908822980864, 0.0009385161806223652, 0.0003224699296736304, -7.608317539633976e-05, 0.0002949645736813159, -0.00036233851098476494], [0.040576004069857285, 0.0029339798568524455, -0.008278709095514925, 0.00032246992967363043, 0.008191082481764433, 0.0019172870657436609, 0.001788472957855224, -0.0028579278564822524], [0.004060393141190607, 0.00022176397143569709, -0.0004842103034106012, -7.608317539633978e-05, 0.0019172870657436609, 0.005561072735074158, -0.000711491332386323, 0.00023059435457486937], [0.01246626125317074, 0.0010744825202526802, -0.0024577917018304874, 0.00029496457368131593, 0.001788472957855224, -0.0007114913323863229, 0.000823878407380261, -0.0008013576884389532], [-0.011726814654331872, -0.0010472370902030325, 0.0022269748814030374, -0.00036233851098476494, -0.002857927856482253, 0.00023059435457486937, -0.0008013576884389532, 0.0029813899960449784]], [[0.03829190062975692, 0.01648238735195985, -0.013698939633884312, -0.034590885085491775, -0.007770504311079328, 0.0008555986670617859, 0.0009958682497019531, -0.0001598677250926993], [0.016482387351959848, 0.009496721659986884, -0.004331113062110316, -0.015974390704129406, -0.0021953014497606547, -0.0001258038263634404, 0.0016716657866967977, 0.0007183759061462693], [-0.013698939633884312, -0.004331113062110316, 0.006583883684198651, 0.014441181382539362, 0.00196418476737157, -0.00047770660001654074, 2.2375474933103572e-05, 0.0005378405288675166], [-0.034590885085491775, -0.01597439070412941, 0.014441181382539364, 0.050508575335189404, -0.0016858125844724514, -0.000509641809016338, -0.0029200171482643596, 0.00040637233930853445], [-0.0077705043110793265, -0.0021953014497606543, 0.00196418476737157, -0.0016858125844724516, 0.012580582065869058, -0.0009178053492899214, 0.0016753414255933317, -0.0004816221708192972], [0.0008555986670617859, -0.00012580382636344026, -0.0004777066000165407, -0.000509641809016338, -0.0009178053492899213, 0.00425609340788698, -0.000762709247852404, 2.5556416392599783e-05], [0.000995868249701953, 0.0016716657866967975, 2.2375474933103572e-05, -0.0029200171482643596, 0.001675341425593332, -0.000762709247852404, 0.0010952612425280007, 4.4882383909403245e-05], [-0.00015986772509269938, 0.0007183759061462693, 0.0005378405288675168, 0.00040637233930853435, -0.0004816221708192972, 2.5556416392599776e-05, 4.4882383909403266e-05, 0.003541551463355804]], [[0.4098245393513187, 0.00023411014744497845, 0.030354198642945165, 0.034216089968939205, -0.005131061864888144, -0.004843249995488228, -0.020539909591162493, -0.010849959042361707], [0.00023411014744497853, 0.0014986088809532617, 0.0003658313059398445, 0.0002306611990849236, -0.0016854080669299045, 0.00041386342879834134, 0.0008513220753690337, 0.00023116358672123938], [0.030354198642945168, 0.00036583130593984453, 0.004701767302392002, 0.0026143749024719483, -0.0014353446915164746, -0.0011590770674499223, -0.0029672137389188252, -0.0005301364139540306], [0.034216089968939205, 0.0002306611990849236, 0.0026143749024719483, 0.005735905495788068, -0.002057884036453515, -0.0012045818193873016, -0.0015812926953140234, -0.0019093745981703261], [-0.005131061864888146, -0.0016854080669299045, -0.0014353446915164746, -0.0020578840364535145, 0.0038813945435611876, 0.0005046875438055634, -0.0004175414365790663, 0.00012491774756022593], [-0.004843249995488229, 0.0004138634287983412, -0.0011590770674499218, -0.0012045818193873014, 0.0005046875438055635, 0.0038978194135414726, 0.0008179747072298723, 8.155303812115936e-05], [-0.020539909591162493, 0.0008513220753690337, -0.0029672137389188252, -0.0015812926953140236, -0.0004175414365790664, 0.0008179747072298724, 0.0030461436445136073, 0.0003878569468414825], [-0.010849959042361709, 0.00023116358672123943, -0.0005301364139540307, -0.0019093745981703261, 0.00012491774756022593, 8.155303812115941e-05, 0.0003878569468414824, 0.0022661278592919203]], [[0.02941102799150532, 0.00891676999444043, -0.005895093592074693, 0.003105216360668055, -0.0015259014872508305, 0.002795075956970656, -0.00018186263898245522, -0.00026925656687838744], [0.008916769994440429, 0.00325229052832648, -0.0012699081907184488, 0.0004334591042623027, -0.0006968681132939949, 0.0004915378225931476, 0.00017190084306175648, -0.0003925167113594956], [-0.005895093592074693, -0.0012699081907184488, 0.0022638413753737438, -0.0012468085552117753, 0.00030028224627975865, -0.0006205214688891882, -0.0002746034685324846, -0.00031062820927636156], [0.0031052163606680545, 0.0004334591042623025, -0.001246808555211775, 0.0021804446997784484, -0.0012452750896182513, 0.0004973353294359736, -7.428525807688363e-06, 2.2404932223088438e-05], [-0.0015259014872508305,