{"weights": [0.17113428879791104, 0.0757712805373801, 0.39402236395043405, 0.12417386840630577, 0.15435793468215553, 0.08054026362581358], "means": [[6.637563637913739, -0.6169666427384071, 0.26844388939418184, -0.03551518084691777, 0.007550680524820444, -0.00035828355703506644, -0.020018962883748354, -0.006555816298801491], [-3.426696896585258, -0.5208148650336074, 0.03163914574497898, 0.26660078266238957, 0.0841179809211676, -0.013150888185449945, 0.010082789578296149, 0.001962028757801221], [-3.412967165855637, -0.2709016768003572, -0.025963726847855195, -0.05574321828000154, -0.028796602174109058, 0.004343954365968168, 0.003364235154108582, -0.0063955582287257935], [0.7662700991308197, 0.5394636295541331, -0.5784241114777473, -0.031309813925265904, 0.057743068311388195, -0.0015119257746720874, -0.020027303649398892, 0.01580501742476016], [2.9224504488439207, 0.4599280924299227, -0.417233048478202, 0.1092495066588234, -0.0018305861753578963, -0.015755214288177173, 0.016363309823011082, -0.0028682766210267672], [-0.6799333917079561, 1.4754237621813842, 1.0108668117101953, -0.005159684660719262, 0.0023450597977548184, 0.0020186724568399287, -0.007585523486067485, -0.003716189795597642]], "cov": [[[168.16570517646417, -22.47589519106788, 26.86032640594765, -4.47401518136653, -6.766585296721325, -0.48420396422848394, 5.899978368989144, 3.5720598908588057], [-22.47589519106788, 4.077075474992517, -2.0906682972557196, -0.6238349349404069, 1.1560562907753356, -0.12299016283928457, -1.0053498574768804, -0.46183644180924616], [26.86032640594765, -2.0906682972557196, 7.536586948307686, -3.3330786533264463, -0.6516048549052552, -0.23257462398976694, -0.018646500498471105, 0.9068618739889776], [-4.47401518136653, -0.6238349349404069, -3.3330786533264463, 3.062823833799438, -0.9296691506798157, 0.1708634122203822, 0.7756006879379004, -0.18063332100512908], [-6.766585296721325, 1.1560562907753356, -0.6516048549052552, -0.9296691506798157, 2.1945837926206813, 0.29209465562405557, -0.41383172359014586, -0.4706399888765849], [-0.48420396422848394, -0.12299016283928457, -0.23257462398976694, 0.1708634122203822, 0.29209465562405557, 1.6415482677106095, -0.10071903498228933, 0.019556932923400876], [5.899978368989144, -1.0053498574768804, -0.018646500498471105, 0.7756006879379004, -0.41383172359014586, -0.10071903498228933, 0.8800348174780355, -0.09889427129791668], [3.5720598908588057, -0.46183644180924616, 0.9068618739889776, -0.18063332100512908, -0.4706399888765849, 0.019556932923400876, -0.09889427129791668, 0.9051397448278797]], [[252.54454335442622, 17.308034355563137, -51.13490266128517, 7.284517242930412, 37.523448964527276, 3.806875754810233, 11.514506403128257, -10.801316695522326], [17.308034355563137, 2.006108474318422, -2.847849969262223, 0.3137204015196918, 2.807781366339624, 0.1755559328269427, 0.9897735118624899, -1.0236960602829595], [-51.13490266128517, -2.847849969262223, 11.325932114557869, -1.4896164684901394, -7.602188360998457, -0.542814202049688, -2.2759360201366228, 2.0218538093725815], [7.284517242930412, 0.3137204015196918, -1.4896164684901394, 0.99825738165419, 0.26560102729070534, 0.04277918995445941, 0.2414538331539541, -0.28208217611149994], [37.523448964527276, 2.807781366339624, -7.602188360998457, 0.26560102729070534, 7.732159799171268, 1.370885648303421, 1.7525386256717719, -2.8778605133630286], [3.806875754810233, 0.1755559328269427, -0.542814202049688, 0.04277918995445941, 1.370885648303421, 4.238661055780693, -0.5105174560322104, 0.26309281068893603], [11.514506403128257, 0.9897735118624899, -2.2759360201366228, 0.2414538331539541, 1.7525386256717719, -0.5105174560322104, 0.8424343594278539, -0.7841587235976106], [-10.801316695522326, -1.0236960602829595, 2.0218538093725815, -0.28208217611149994, -2.8778605133630286, 0.26309281068893603, -0.7841587235976106, 3.2140222792814623]], [[43.32117308673269, 18.528640923280516, -15.554765189823046, -39.421385616855375, -8.727744818897444, 1.5206727190141247, 1.0459718151896524, -0.1825723365761968], [18.528640923280516, 9.9488104028046, -5.502139124789634, -18.39413764435798, -2.6702156223855287, 0.4498326648895575, 1.478048291410827, 0.24939442124244263], [-15.554765189823046, -5.502139124789634, 7.1169783515625795, 16.26676676328868, 2.0952887020835407, -0.39344348906326404, -0.2125659326957358, 0.20955084185870262], [-39.421385616855375, -18.39413764435798, 16.26676676328868, 57.08768442633727, -1.8383359775445614, 0.03044896006806202, -3.454259551886061, 0.37499186426887265], [-8.727744818897444, -2.6702156223855287, 2.0952887020835407, -1.8383359775445614, 14.014023492564668, -0.3890809273559213, 1.703151632255348, -0.6615850819615009], [1.5206727190141245, 0.4498326648895574, -0.3934434890632639, 0.03044896006806202, -0.38908092735592115, 4.022865431407595, -0.543854125183427, -0.20068295263793526], [1.0459718151896524, 1.478048291410827, -0.2125659326957358, -3.454259551886061, 1.703151632255348, -0.543854125183427, 1.1098737656367255, -0.10744615958212975], [-0.1825723365761968, 0.2493944212424424, 0.2095508418587025, 0.3749918642688725, -0.6615850819615009, -0.2006829526379353, -0.10744615958212975, 3.1159091784027004]], [[422.4067124018384, 0.2283565302615262, 31.334367166522867, 35.3013008487464, -5.307095803057763, -5.027846703926302, -21.21662284210474, -11.204244319582273], [0.2283565302615262, 1.375248224667098, 0.4046005751677373, 0.2345133724873733, -1.453094897167875, 0.2419421386327488, 0.6724477337315178, 0.15082167208823294], [31.334367166522867, 0.4046005751677373, 4.456988904598061, 2.7128171816005318, -1.3864459606375283, -1.0259982678011288, -2.6825376665983316, -0.6339119802564185], [35.3013008487464, 0.2345133724873733, 2.7128171816005318, 5.600165255221301, -1.9398545379825534, -1.1639515957284234, -1.6611612152670372, -1.6974951948166404], [-5.307095803057763, -1.453094897167875, -1.3864459606375283, -1.9398545379825534, 3.56478253552118, 0.5827252127321331, -0.2656384099129473, 0.15156530296729698], [-5.027846703926302, 0.2419421386327488, -1.0259982678011288, -1.1639515957284234, 0.5827252127321331, 3.2410949905321442, 0.6374151711422389, 0.17383359441933138], [-21.21662284210474, 0.6724477337315178, -2.6825376665983316, -1.6611612152670372, -0.2656384099129473, 0.6374151711422389, 2.7520920619379843, 0.3887684163481642], [-11.204244319582273, 0.15082167208823294, -0.6339119802564185, -1.6974951948166404, 0.15156530296729698, 0.17383359441933138, 0.3887684163481642, 2.127428615007204]], [[43.3077882248592, 13.06628171733604, -8.755984090737236, 4.732816187842055, -2.379945800646225, 4.183060599188303, -0.24113060485772203, -0.3175513573008467], [13.06628171733604, 4.510166472409073, -2.2534360925179304, 1.133043704518555, -1.082750551673037, 0.9413544708041984, 0.13647074977290882, -0.22125299253273906], [-8.755984090737236, -2.2534360925179304, 2.7746103401979374, -1.3024313704879664, 0.3159674403511796, -0.8346910474057925, -0.27815396728812297, -0.06024397701028671], [4.732816187842055, 1.133043704518555, -1.3024313704879664, 1.992563341336019, -1.0399823181098913, 0.5481805427423759, 0.05697908856307833, -0.5379204630982812], [-2.379945800646225, -1.082750551673037, 0.3159674403511796, -1.039982318109891, 2.1519426511017, 0.7593344325580241, -0.4474408744430287, 0.3616454136480818], [4.183060599188303, 0.9413544708041983, -0.8346910474057925, 0.5481805427423759, 0.7593344325580241, 3.3525998254721947, -0.7948901783412903, -0.012835432211646623], [-0.24113060485772195, 0.13647074977290888, -0.278153967288123, 0.05697908856307833, -0.4474408744430287, -0.7948901783412903, 0.7978574565422041, -0.4012524622618444], [-0.3175513573008467, -0.2212529925327391, -0.06024397701028671, -0.5379204630982812, 0.3616454136480818, -0.012835432211646623, -0.4012524622618444, 2.4805099060702838]], [[0.619021484305282, 0.44804839199938273, 0.877625223391613, -0.280687246454591, -0.10698957227728893, -0.07493556530448989, 0.1748932832122358, -0.18102252833703444], 