,X,Y,Z,id,nugget
0,100.0,0.0,-825.0,35032609,1e-05
1,300.0,0.0,-825.8026696846026,35032609,1e-05
2,900.0,0.0,-825.0,35032609,1e-05
3,100.0,0.0,-844.9999999999999,56040843,1e-05
4,300.0,0.0,-843.8723618539452,56040843,1e-05
5,900.0,0.0,-844.9999999999999,56040843,1e-05
