,X,Y,Z,id,nugget
0,100.0,0.0,-825.0,80419618,1e-05
1,300.0,0.0,-824.063369168174,80419618,1e-05
2,900.0,0.0,-825.0,80419618,1e-05
3,100.0,0.0,-844.9999999999999,93619955,1e-05
4,300.0,0.0,-841.8059294802298,93619955,1e-05
5,900.0,0.0,-844.9999999999999,93619955,1e-05
