{"accuracy_init": 0.7722222208976746, "accuracy_final_MAP": 0.699999988079071, "accuracy_final_mean": 0.7111111283302307}