{"MAP index": 0, "entropy_prior_gmm": 0.0018708267258372385, "entropy_MAP_gmm": 0.02992170862853527, "entropy_z_nk_prior": 0.0011754161606685348, "entropy_MAP_z_nk": 0.03710665538118678, "entropy_mixing_prior": 53.75278407684164, "entropy_MAP_mixing": 1.3873544050990165}