,X,Y,Z,id,nugget
0,100.0,0.0,-824.9999999999999,81334782,1e-05
1,300.0,0.0,-825.4033327226259,81334782,1e-05
2,900.0,0.0,-824.9999999999999,81334782,1e-05
3,100.0,0.0,-844.9999999999999,83969776,1e-05
4,300.0,0.0,-842.0977600909727,83969776,1e-05
5,900.0,0.0,-844.9999999999999,83969776,1e-05
6,100.0,0.0,-855.0,18545042,1e-05
7,300.0,0.0,-850.9689593591538,18545042,1e-05
8,900.0,0.0,-855.0,18545042,1e-05
