{"weights": [0.5982905976160361, 0.1704988454012999, 0.231210556982664], "means": [[-0.7924119419032547, 0.748655461537549, 0.6880672263836999, 0.1710924370204389, 3.059975966184765e-12, 0.0, 0.059327731748786666], [-0.8367509392387704, 0.08797222575947518, 0.16423421550220027, 0.2054734475759546, 0.006090950921539882, 0.0, 0.7268407463911771], [-0.8597566723697599, 1.3371178844672948e-10, 0.11112633120158007, 0.25184819188107, 0.16975761169310088, 0.0, 0.02894717650870924]], "covariances": [[[0.00039931844333181474, 0.000778515847690346, 0.0005653397149224152, -0.0001413962071511155, -1.6282429497684664e-13, 0.0, -0.0008377302002450446], [0.000778515847690346, 0.05985651634541202, 0.051575651749808604, 0.006433039058912932, -2.2745659605528457e-12, 0.0, -0.021329635034924046], [0.0005653397149224152, 0.051575651749808604, 0.044722221678476774, 0.00614058012287204, -1.8471315826425157e-12, 0.0, -0.01639668607209946], [-0.0001413962071511155, 0.006433039058912932, 0.00614058012287204, 0.001979753472370916, 3.1400291546200363e-14, 0.0, 0.001926806837291666], [-1.6282429497684664e-13, -2.2745659605528457e-12, -1.8471315826425157e-12, 3.1400291546200363e-14, 3.208276682011005e-13, 0.0, 1.587652215787832e-12], [0.0, 0.0, 0.0, 0.0, 0.0, 0.0, 0.0], [-0.0008377302002450446, -0.021329635034924046, -0.01639668607209946, 0.001926806837291666, 1.587652215787832e-12, 0.0, 0.023832997186897395]], [[3.1902588053599644e-05, -0.00021042756199920765, -9.360264687332726e-05, 0.00015600839221866286, -5.466591042794703e-05, 0.0, 0.0004425887791878072], [-0.00021042756199920765, 0.018906770723117434, 0.014259287774002562, -0.0011475909884020423, -0.0005080811965359687, 0.0, 0.001678597802534813], [-9.360264687332726e-05, 0.014259287774002562, 0.011476837566973446, 0.0005745172611964532, -0.0005225074320631441, 0.0, 0.00626943577795497], [0.00015600839221866286, -0.0011475909884020423, 0.0005745172611964532, 0.0032546418550921247, -0.00022034557410702572, 0.0, 0.01017142720329489], [-5.466591042794703e-05, -0.0005080811965359687, -0.0005225074320631441, -0.00022034557410702572, 0.0005436666077028769, 0.0, -0.001135164707178173], [0.0, 0.0, 0.0, 0.0, 0.0, 0.0, 0.0], [0.0004425887791878072, 0.001678597802534813, 0.00626943577795497, 0.01017142720329489, -0.001135164707178173, 0.0, 0.03557562597212258]], [[5.823574730833819e-05, 2.7563017732775176e-12, -2.999474246329901e-05, -6.849529383742972e-05, 0.00013553063907581188, 0.0, -2.447391140057954e-05], [2.7563017732775176e-12, 4.0499922426888517e-11, 2.877429238946328e-11, -7.9451099967835e-12, -2.2656410714736783e-11, 0.0, 9.586795753455581e-11], [-2.999474246329901e-05, 2.877429238946328e-11, 0.0007480512200428009, 0.0017019101931300719, 0.0012548592905858977, 0.0, -0.00022451962492274198], [-6.849529383742972e-05, -7.9451099967835e-12, 0.0017019101931300719, 0.0038812313753299825, 0.0028516977902108198, 0.0, -0.0005297247646840699], [0.00013553063907581188, -2.2656410714736783e-11, 0.0012548592905858977, 0.0028516977902108198, 0.0037546115462615123, 0.0, -0.0004315257404072302], [0.0, 0.0, 0.0, 0.0, 0.0, 0.0, 0.0], [-2.447391140057954e-05, 9.586795753455581e-11, -0.00022451962492274198, -0.0005297247646840699, -0.0004315257404072302, 0.0, 0.0038665104470904143]]]}