{"weights": [0.12533777513505265, 0.19112689101133987, 0.30575558406686904, 0.11711356328801806, 0.10118689966331243, 0.1594792868354079], "means": [[3.821948427219889, 0.4541453838250535, -0.3586572439705311, 0.12402277132272777, -0.031708121306796115, -0.08090706896910058, 0.06812228981521624, -0.01761245453193033], [1.070400617912757, 0.559133123251394, -0.5229179922304062, 0.005063761645798338, 0.04072113840425296, 0.03771948198461008, -0.02189322601259743, 0.013178361414688228], [-3.9206034048071547, -0.4422893046915087, 0.09550574655293766, 0.017651711542530552, 0.028613244476162415, -0.003928436351234709, 0.010474246188709286, 0.0006473515037528525], [-2.7026557919187706, -0.02953384001884102, -0.20018824682968472, -0.0870317342673525, -0.10643742301934246, -0.0039376451313382875, -0.01915404856570616, -0.01520259333311216], [-0.690410911128318, 1.4444289129805805, 1.0610138508463733, -0.010742295818778416, 0.0088676546961432, -0.002778748677035105, -0.010789315396864944, -0.002304647756213222], [6.854774310215595, -0.6303742397554322, 0.3103920699854686, -0.04842232436373392, -0.0008475865585346167, 0.0029085302537781633, 0.0014100088003143275, 0.0007848287838932577]], "cov": [[[0.26480978807490724, -0.03019110537236322, 0.04845616571583786, -0.013679504886469499, -0.009248569640083469, 0.0008147409903759495, 0.014618935968521788, 0.0007948472208285234], [-0.03019110537236322, 0.004456728814591526, -0.003842069919919019, 0.00025861709675720364, 0.0018247270376896601, 0.00012374549813107654, -0.001819504649139931, -0.00021974119925626827], [0.04845616571583786, -0.00384206991991902, 0.012292927490858849, -0.004962002233890987, -0.0007873479399525995, 0.0007353359900370065, 0.0020504658643991686, 7.436562703485971e-05], [-0.013679504886469499, 0.00025861709675720353, -0.004962002233890987, 0.003377622782640306, -0.0011152262847713085, -0.0005825561072116649, -0.00019728524913139876, 0.0005108627414056211], [-0.009248569640083469, 0.0018247270376896601, -0.0007873479399525995, -0.0011152262847713085, 0.002978938259689693, -0.00012931481095645368, -0.0007399571400919277, -0.0010926265537921402], [0.0008147409903759496, 0.00012374549813107654, 0.0007353359900370065, -0.0005825561072116648, -0.00012931481095645374, 0.0009519335128228961, 0.00022466064073590225, -0.0003854102932828609], [0.01461893596852179, -0.001819504649139931, 0.002050465864399168, -0.00019728524913139887, -0.0007399571400919279, 0.00022466064073590222, 0.0013125447915808656, 5.973306630836534e-06], [0.0007948472208285234, -0.00021974119925626835, 7.436562703485969e-05, 0.0005108627414056211, -0.0010926265537921402, -0.0003854102932828609, 5.973306630836542e-06, 0.0009805487449300564]], [[0.33762656428231486, 0.0038690479459148478, 0.03112991505875057, 0.030831861156474877, -0.0142268591158447, 0.02234496685051175, -0.011263005243175379, -0.0028028874146175417], [0.0038690479459148473, 0.0012510129754083024, 0.0008051335030711822, 0.00013245109453197747, -0.0013075968112463826, -0.0008605677008256834, -9.916043029424265e-05, 3.202116526831859e-05], [0.031129915058750564, 0.0008051335030711822, 0.005079596868987914, 0.003414393495511842, -0.0023617457036973705, 0.0030984557979597182, -0.0017395519186685308, 2.942006080210165e-05], [0.030831861156474873, 0.0001324510945319774, 0.003414393495511842, 0.005166414380689802, -0.002646280373316577, 0.003011625300960214, -0.001440633773047341, -0.000782200215005579], [-0.0142268591158447, -0.0013075968112463826, -0.0023617457036973705, -0.002646280373316577, 0.00413925363471246, -0.0007641866442041071, 0.0001606660671712521, 0.0006063609785954178], [0.02234496685051175, -0.0008605677008256834, 0.0030984557979597187, 0.003011625300960215, -0.0007641866442041073, 0.005159220230772768, 0.00018203166024619217, -0.0004827902198998754], [-0.011263005243175379, -9.916043029424272e-05, -0.0017395519186685308, -0.001440633773047341, 0.00016066606717125213, 0.00018203166024619228, 0.0024267077738080174, -0.00010812711999859543], [-0.0028028874146175413, 3.2021165268318586e-05, 2.942006080210165e-05, -0.000782200215005579, 0.0006063609785954177, -0.0004827902198998754, -0.00010812711999859543, 0.0014585925784966543]], [[0.04630583276135475, 0.019116964206751526, -0.016651148403633225, -0.04115569198737431, -0.00757365706968629, -0.0013179733649611243, 0.0003829964682842569, 0.00040705904827930246], [0.019116964206751526, 0.009659447294439714, -0.005670607307407212, -0.017366096793005128, -0.0025778103894072936, -0.000847912022365171, 0.0012654815952370935, 0.00041272322673641565], [-0.01665114840363322, -0.005670607307407212, 0.007420488401505029, 0.01703624605357022, 0.0014690798237377142, 0.00041268223743722054, 0.00029922692158163396, 0.0003570162536557018], [-0.04115569198737431, -0.017366096793005128, 0.017036246053570223, 0.05475633589772367, -0.0011542461662912228, 0.001415761017776369, -0.0017648921975773012, 0.0010788884213042873], [-0.00757365706968629, -0.002577810389407293, 0.0014690798237377142, -0.0011542461662912232, 0.012956487669991674, -0.00039621118525028976, 0.0010601202810867744, -0.001369675095506537], [-0.0013179733649611243, -0.000847912022365171, 0.00041268223743722065, 0.001415761017776369, -0.0003962111852502897, 0.0019199779927399822, 0.001143565985089147, -0.0003011455524366866], [0.00038299646828425667, 0.0012654815952370937, 0.0002992269215816339, -0.0017648921975773012, 0.0010601202810867744, 0.001143565985089147, 0.0022289598829020904, 0.0003218707856860624], [0.0004070590482793024, 0.00041272322673641576, 0.000357016253655702, 0.0010788884213042873, -0.0013696750955065372, -0.0003011455524366866, 0.00032187078568606263, 0.0036239624060712176]], [[0.039159555538078546, 0.012242987488105895, -0.008084403533704685, 0.005637858798984222, -0.003412010709594406, -0.002521110860566527, -0.0015808155724692512, -0.004391189170085853], [0.012242987488105895, 0.004214568955628857, -0.0021970449661069882, 0.0016169129847666854, -0.0017901141504476938, -0.00024989460554452193, 0.00020359477482465022, -0.0012622133685213277], [-0.008084403533704685, -0.0021970449661069882, 0.0028162619523451646, -0.001727006552352751, 0.0004712380278706055, 0.0010948552172457663, 0.0001226618709999646, 0.0013085594536469407], [0.005637858798984222, 0.0016169129847666854, -0.001727006552352751, 0.0016379793390060495, -0.0009283361943776901, -0.0005388587751392986, -8.651265054044421e-05, -0.0014858171739552302], [-0.0034120107095944063, -0.0017901141504476936, 0.00047123802787060574, -0.0009283361943776904, 0.0033050313753010658, -0.0015705454716431254, -0.0023631069493759184, 0.0011415162583972294], [-0.002521110860566527, -0.0002498946055445221, 0.0010948552172457663, -0.0005388587751392987, -0.0015705454716431252, 0.0020960264163218056, 0.00216195332513797, 0.0002550720465087028], [-0.0015808155724692512, 0.00020359477482465016, 0.00012266187099996455, -8.651265054044423e-05, -0.002363106949375918, 0.00216195332513797, 0.003413585592774769, 0.0002957707116622015], [-0.004391189170085852, -0.001262213368521328, 0.0013085594536469407, -0.0014858171739552302, 0.0011415162583972291, 0.0002550720465087028, 0.00029577071166220155, 0.0032960956017132424]], [[0.2860721701832734, 0.018896752020643875, -0.05491335155405305, 0.014770390593617375, 0.028636848908131212, -0.012471987474245112, 0.0009456135925207255, -0.0048430492374683075], [0.018896752020643875, 0.0015979102555198905, -0.0031155219131906615, 0.0011163401442447112, 0.0018501527858057483, -0.000273947153646883, 0.0003117804888570164, -0.0011630165908649288], [-0.05491335155405305, -0.003115521913190662, 0.011434604996518702, -0.0026224973793287777, -0.005546539908329921, 0.0028610199725942784, -0.00011633487359656382, -0.0002794875262708598], [0.014770390593617377, 0.0011163401442447112, -0.0026224973793287777, 0.0015486459305980615, 0.0005882448742065546, -0.00013556171521798266, 0.0003547771463059882, -0.0010047183212983102], [0.028636848908131212, 0.0018501527858057483, 