{"weights": [0.11941567030807991, 0.21917330177337518, 0.28949658835244996, 0.12121586596098809, 0.1061976486359052, 0.1445009249692016], "means": [[3.7210906717969436, 0.462237060698601, -0.38339432913134736, 0.13377349676524336, -0.03037426831325143, -0.08196458481280083, 0.06339071259956111, -0.01787589215188762], [1.05241166320198, 0.5560608873865575, -0.5258116049621067, 0.0018766917792265962, 0.047184526284353476, 0.03981372225862003, -0.020963764283197173, 0.012427626833857447], [-3.9210068456023115, -0.4430731739052419, 0.09556674593486911, 0.02154158146737915, 0.02596453394678189, -0.004215271131662783, 0.009873123060674928, 0.0017006272545402375], [-2.6885684878753153, -0.0249938765684908, -0.2041968294780102, -0.08554496633807238, -0.10630140930307481, -0.0049077064617577245, -0.01800702749502226, -0.013057311788798962], [-0.7303311809435293, 1.4419031063148957, 1.0685800773739982, -0.01274299828984533, 0.003744735203228616, 0.001216049843234367, -0.008591095696031725, -0.00070804102334995], [6.852497167941171, -0.6534447424565002, 0.29141939381371207, -0.03734033399949613, -0.0015251292062804455, 0.007892014093204728, -0.008865738115731627, 0.001953373115063897]], "cov": [[[0.17814791710776787, -0.02035880570782623, 0.0324883169989268, -0.009129805477406092, -0.006220227896711584, 0.0005157828751416593, 0.00985203784166966, 0.0005284891040504867], [-0.02035880570782623, 0.0032211410649938335, -0.002216653009789783, -0.00011470298525441011, 0.0013751806479470698, 0.00012268539471069965, -0.0012777932049162417, -0.00016020722865200534], [0.0324883169989268, -0.002216653009789783, 0.008996659077181831, -0.003840210803050125, -0.0003928167545946802, 0.0006108726886291243, 0.0012290644690736746, 7.457311779567711e-05], [-0.009129805477406092, -0.00011470298525441018, -0.003840210803050125, 0.0028269868759689246, -0.0010899888904076487, -0.0005151905981814097, -2.732342060473108e-05, 0.0004643636446466448], [-0.006220227896711584, 0.0013751806479470696, -0.00039281675459468035, -0.0010899888904076485, 0.0026715564963529156, -0.00016317096492274403, -0.0005591971828938203, -0.0009928510701496618], [0.0005157828751416592, 0.00012268539471069968, 0.0006108726886291243, -0.0005151905981814097, -0.00016317096492274403, 0.0010002110160492925, 0.0002474771475077043, -0.0004173369258296193], [0.00985203784166966, -0.0012777932049162417, 0.0012290644690736744, -2.732342060473109e-05, -0.0005591971828938203, 0.0002474771475077043, 0.001004471627500554, -4.403780924180462e-05], [0.0005284891040504866, -0.00016020722865200534, 7.457311779567707e-05, 0.0004643636446466448, -0.0009928510701496618, -0.00041733692582961927, -4.4037809241804594e-05, 0.0009496291488259119]], [[0.311004810601925, 0.003565023473204328, 0.028670115155365626, 0.02839457382420664, -0.013104509299064754, 0.020579298746645318, -0.0103697175747911, -0.0025814296884632245], [0.003565023473204328, 0.0012264336551983674, 0.0007987176195544016, 5.838781366282552e-05, -0.001231969492327047, -0.0008076898261251968, -5.533595447851291e-05, 6.805850071679175e-05], [0.02867011515536563, 0.0007987176195544016, 0.004806146110241781, 0.0030466957430571274, -0.002184986855445294, 0.0028908745851410947, -0.001585115982380247, 0.00010179741228453046], [0.02839457382420664, 5.838781366282553e-05, 0.003046695743057127, 0.004928545913344849, -0.002423595716836881, 0.0027416696092793682, -0.0013995578300435086, -0.000798530621124084], [-0.013104509299064754, -0.0012319694923270468, -0.002184986855445294, -0.002423595716836881, 0.003883591568501519, -0.0006778780893748308, 0.00012952912509667407, 0.0005489456640532782], [0.02057929874664532, -0.0008076898261251967, 0.0028908745851410947, 0.0027416696092793682, -0.0006778780893748307, 0.004843001890018218, 0.00020823361507680795, -0.00042291538028420625], [-0.010369717574791102, -5.533595447851286e-05, -0.001585115982380247, -0.0013995578300435086, 0.0001295291250966741, 0.00020823361507680792, 0.002343828166292557, -5.8477695124133e-05], [-0.002581429688463225, 6.805850071679172e-05, 0.00010179741228453048, -0.000798530621124084, 0.0005489456640532782, -0.00042291538028420625, -5.8477695124133e-05, 0.0014775151400685457]], [[0.04693560624283866, 0.01937504683314345, -0.01682312459674181, -0.04138779902242835, -0.007954445403543954, -0.0013345846836569483, 0.00035143687965798014, 0.0004541585266594541], [0.01937504683314345, 0.00976394981273675, -0.005746636016518953, -0.017471827235540978, -0.0027022127511684016, -0.0008373471297145922, 0.001275240647388958, 0.0004510724799444052], [-0.01682312459674181, -0.005746636016518953, 0.00748405115423266, 0.017205755058660996, 0.0015042826002965779, 0.0004370818792487889, 0.00030967101213349947, 0.0003745942360254789], [-0.04138779902242835, -0.017471827235540978, 0.017205755058660996, 0.055553944522139916, -0.0015390257173162126, 0.0014296011481778471, -0.0018242513079687577, 0.0011459680000907066], [-0.007954445403543954, -0.0027022127511684016, 0.0015042826002965779, -0.0015390257173162128, 0.013708199620879186, -0.000416902376683425, 0.0011341353418872924, -0.0014826201389642824], [-0.0013345846836569483, -0.0008373471297145922, 0.0004370818792487889, 0.0014296011481778471, -0.000416902376683425, 0.001912193445792519, 0.0011404625352794903, -0.0003070302522607278], [0.0003514368796579799, 0.001275240647388958, 0.0003096710121334996, -0.001824251307968758, 0.0011341353418872924, 0.0011404625352794903, 0.0022567084821696454, 0.00032122804047666543], [0.000454158526659454, 0.0004510724799444052, 0.000374594236025479, 0.0011459680000907063, -0.0014826201389642822, -0.0003070302522607277, 0.00032122804047666565, 0.003659644261653754]], [[0.03300830811823637, 0.010311667594578538, -0.0068029189744546244, 0.004731736587806951, -0.002838653981377792, -0.0021274745170602447, -0.0013531357723724573, -0.0036632517065248392], [0.010311667594578536, 0.003591414426817786, -0.0018289975242300354, 0.0013457900190025948, -0.0015741285184400246, -0.00016928112209333403, 0.00024671156064784883, -0.001044530573861112], [-0.0068029189744546244, -0.0018289975242300354, 0.002416332729624502, -0.0014688984921633812, 0.00036905842851148987, 0.0009556590884066704, 0.00011886681584396489, 0.0011387695577578035], [0.004731736587806952, 0.001345790019002595, -0.0014688984921633812, 0.001451338514587475, -0.0008221503376169918, -0.00045428540132506413, -7.49431507484401e-05, -0.001301305462618619], [-0.0028386539813777915, -0.0015741285184400248, 0.00036905842851148987, -0.0008221503376169917, 0.003101118061752013, -0.0015020109917363096, -0.002255673390522305, 0.001008165223820222], [-0.0021274745170602443, -0.00016928112209333405, 0.0009556590884066704, -0.000454285401325064, -0.0015020109917363096, 0.0019712754366724636, 0.002051407543304293, 0.00020376787634002663], [-0.0013531357723724573, 0.0002467115606478487, 0.00011886681584396489, -7.494315074844006e-05, -0.002255673390522305, 0.002051407543304293, 0.003208868570369831, 0.00023209570130837753], [-0.0036632517065248384, -0.001044530573861112, 0.001138769557757804, -0.001301305462618619, 0.001008165223820222, 0.00020376787634002663, 0.00023209570130837748, 0.0029715456388893103]], [[0.2139916729511066, 0.01414191026797373, -0.04106323317906151, 0.011051332377379012, 0.021413781988710984, -0.009326521829100438, 0.0007079861817549999, -0.003631795254114919], [0.014141910267973729, 0.001225141839761344, -0.0022870893349339816, 0.0008416687838498126, 0.0013854939016740837, -0.00016968441407304665, 0.00024743713752130704, -0.0009138264001350069], [-0.041063233179061506, -0.0022870893349339816, 0.008629811651060512, -0.0019490917440536774, -0.004164804967152362, 0.0021715465307023674, -7.827645658566409e-05, -0.0002613035236979573], [0.011051332377379012, 0.0008416687838498127, -0.0019490917440536778, 0.0012399584527349936, 0.0003829266479382242, -9.80447020188924e-05, 0.00024823959351133365, -0.0008133173049540788], [0.02141378198871098, 0.0013854939016740837, -0.004164804967152362, 