{"weights": [0.17222196059544093, 0.16667297795015323, 0.2999848594381379, 0.11110977125897657, 0.1063861948788587, 0.14362423587843268], "means": [[3.6610121606726085, 0.46422412846125033, -0.4063080881753127, 0.1427234199511156, -0.023217283607565743, -0.08666028396193645, 0.061354472033979895, -0.020671808228266208], [1.0644921195975154, 0.5567919086646058, -0.5279994336006252, 0.0009157982399673927, 0.047153795959892546, 0.037627248181547536, -0.02016568566792315, 0.010541175358801894], [-3.9086443216509767, -0.4397719041033512, 0.0922931112416732, 0.023087662886088853, 0.009073672100157824, -0.0016248593439441273, 0.008636343155028078, 0.0005028899574633606], [-2.6920069032548146, -0.024895545303321765, -0.20414861756286692, -0.08457232645306828, -0.11267708842821562, 7.274048530096048e-06, -0.01053413074252848, -0.012311795479058526], [-0.7354786493137897, 1.4405799122835263, 1.0700135182559352, -0.014076713599527441, 0.010179116922414213, -0.009766104587906934, -0.020081989681360074, -0.005881903081838591], [6.851988651473633, -0.6577388112597754, 0.2877548441150963, -0.035174703244492504, -0.0016505641958945911, 0.00888027088122923, -0.010833400869220097, 0.0019623263203993237]], "cov": [[[0.1817903060957728, -0.02083382586626449, 0.03301281392646676, -0.009236540759749173, -0.0063192698157195065, 0.0004916980849331541, 0.010077188327677901, 0.0005117740715455995], [-0.02083382586626449, 0.0035335981449214483, -0.0018327884105394684, -0.0004418453916664668, 0.001515306891972557, 0.00018917635997286515, -0.0013683543071961212, -0.000165084565471078], [0.03301281392646676, -0.0018327884105394684, 0.010063487422659233, -0.004478931112795018, -0.0003947564914126857, 0.0007918742742144836, 0.001080901414992659, 0.0001819440830631483], [-0.009236540759749173, -0.0004418453916664669, -0.004478931112795018, 0.0034828759180847214, -0.001493106274636211, -0.0006452761594482898, 9.137885458985081e-05, 0.0006051343917783945], [-0.0063192698157195065, 0.0015153068919725571, -0.00039475649141268557, -0.001493106274636211, 0.0036703834074043548, -0.0002316383315520121, -0.0005994256485390263, -0.0014569390520699655], [0.0004916980849331541, 0.00018917635997286518, 0.0007918742742144836, -0.0006452761594482897, -0.0002316383315520121, 0.0012265203210646237, 0.00027904724493987224, -0.0004681228447737712], [0.010077188327677903, -0.0013683543071961212, 0.001080901414992659, 9.137885458985065e-05, -0.0005994256485390264, 0.0002790472449398722, 0.0011170187551445122, -7.438029479684212e-05], [0.0005117740715455995, -0.000165084565471078, 0.00018194408306314826, 0.0006051343917783945, -0.0014569390520699653, -0.0004681228447737711, -7.438029479684212e-05, 0.0013034054868234432]], [[0.20684725995228154, 0.0023693129631594196, 0.018958288135842907, 0.018768563822247633, -0.008609862142353809, 0.013575026138738231, -0.006876226379591344, -0.0016951677996768384], [0.0023693129631594196, 0.0012234204595082759, 0.0006806572899101502, -3.658807835698089e-05, -0.001194468071790386, -0.000933003174349711, -4.7970171434940384e-05, 7.265378711635072e-05], [0.018958288135842907, 0.0006806572899101503, 0.0038104802680932136, 0.0021434501793664937, -0.001767316142967534, 0.002206411598958695, -0.0012015420238772375, 0.00014400214303935668], [0.018768563822247633, -3.658807835698091e-05, 0.0021434501793664937, 0.00397507599503367, -0.0019873351422413288, 0.002082500438639509, -0.0010425065602932345, -0.0006917395405537597], [-0.008609862142353807, -0.0011944680717903859, -0.001767316142967534, -0.0019873351422413288, 0.003663621797555726, -0.0002998826006016036, 3.99861050663826e-05, 0.0004884440553132429], [0.013575026138738231, -0.0009330031743497107, 0.0022064115989586944, 0.002082500438639509, -0.0002998826006016034, 0.004414936401746713, 0.0004537010276977712, -0.00036533518467932863], [-0.006876226379591344, -4.797017143494037e-05, -0.0012015420238772375, -0.0010425065602932347, 3.998610506638271e-05, 0.00045370102769777125, 0.0021135234672219148, -6.221371920261816e-05], [-0.0016951677996768384, 7.265378711635075e-05, 0.00014400214303935676, -0.0006917395405537597, 0.0004884440553132429, -0.00036533518467932863, -6.221371920261814e-05, 0.0014311046036746616]], [[0.04882771775602291, 0.020148733210795685, -0.01761739778044396, -0.04386452590383042, -0.007971222654565742, -0.001384116745517567, 0.00042165753987383236, 0.00040247249444908965], [0.020148733210795685, 0.010047376939941134, -0.006096337976660313, -0.018533882954200148, -0.002770250690828926, -0.000875074426177946, 0.0012553169595249398, 0.0003976523286790044], [-0.017617397780443956, -0.006096337976660313, 0.007775106533790171, 0.01806421249816915, 0.0015499067914088369, 0.00044319686667795036, 0.000256446764827083, 0.00035462100743237406], [-0.043864525903830415, -0.018533882954200148, 0.01806421249816915, 0.05769796880464856, -0.0011406149053279026, 0.001516152847062812, -0.0018626451200518155, 0.0011067650435722632], [-0.00797122265456574, -0.0027702506908289263, 0.0015499067914088369, -0.0011406149053279021, 0.01309948143876128, -0.0003738526036893506, 0.001059835129619692, -0.0014239768221625795], [-0.001384116745517567, -0.000875074426177946, 0.0004431968666779504, 0.0015161528470628122, -0.00037385260368935055, 0.0018932215809784715, 0.001118306171655529, -0.0002782765234350212], [0.0004216575398738324, 0.0012553169595249398, 0.00025644676482708276, -0.0018626451200518155, 0.0010598351296196918, 0.0011183061716555289, 0.002194871340847914, 0.0003147001650360082], [0.00040247249444908965, 0.0003976523286790044, 0.0003546210074323741, 0.001106765043572263, -0.0014239768221625793, -0.00027827652343502107, 0.0003147001650360084, 0.003561780332881382]], [[0.034829637180550654, 0.010878844491232068, -0.007161147784433792, 0.004949110378338409, -0.002928102989314984, -0.0022701876283621933, -0.0014583890338017, -0.003752273275736433], [0.010878844491232068, 0.0038248166694046133, -0.0019131908278076024, 0.0014033552854070671, -0.001770680753347846, -6.503658154175958e-05, 0.00042129258864456476, -0.0010238476704944857], [-0.007161147784433793, -0.0019131908278076024, 0.0025071752583544654, -0.0015690678540926065, 0.0003727548178062607, 0.0010396310724872454, 0.0002425967839118875, 0.0013447800280161468], [0.004949110378338409, 0.0014033552854070673, -0.0015690678540926067, 0.0015861535818806408, -0.0009328838773047716, -0.00047824646988066063, -8.462147782040317e-05, -0.0015793767504684111], [-0.0029281029893149834, -0.001770680753347846, 0.0003727548178062605, -0.0009328838773047716, 0.0038085912769415895, -0.0019894033628647606, -0.002950841605069276, 0.0012074610090997103], [-0.002270187628362193, -6.503658154175952e-05, 0.0010396310724872454, -0.0004782464698806605, -0.0019894033628647606, 0.002396789965591043, 0.0026352069647869857, 0.00024767971644020734], [-0.0014583890338017, 0.00042129258864456466, 0.0002425967839118875, -8.462147782040317e-05, -0.0029508416050692756, 0.0026352069647869857, 0.003977373256700115, 0.00022192732165279524], [-0.003752273275736432, -0.0010238476704944857, 0.0013447800280161465, -0.001579376750468411, 0.0012074610090997103, 0.0002476797164402073, 0.00022192732165279518, 0.003592755395109097]], [[0.336772345198016, 0.022233736531369, -0.0646677153308101, 0.01738016222882893, 0.03374010674273726, -0.01470637593824491, 0.0010918073478825457, -0.0056991701480758085], [0.022233736531369, 0.0018262000850791417, -0.0037463495709005637, 0.0012980242925083388, 0.0021827695278195526, -0.00038978123649341037, 0.0003390867332400278, -0.001275961120468239], [-0.0646677153308101, -0.0037463495709005637, 0.013322511467636028, -0.0031067601297794616, -0.006526464394700098, 0.0033184896258947887, -0.00013765109612328354, -0.00019980789620333188], [0.01738016222882893, 0.001298024292508339, -0.003106760129779462, 0.0017121605320633089, 0.0007949580303333447, -0.00021841601739547797, 0.00038890768956600805, -0.001090760504756312], [0.033740106742737266, 0.0021827695278195526, 