,X,Y,Z,id,nugget
0,100.0,0.0,-825.0,54657309,1e-05
1,300.0,0.0,-826.5715147690582,54657309,1e-05
2,900.0,0.0,-825.0,54657309,1e-05
3,100.0,0.0,-844.9999999999999,96693033,1e-05
4,300.0,0.0,-843.6198537503753,96693033,1e-05
5,900.0,0.0,-844.9999999999999,96693033,1e-05
