{"weights": [0.5819675333639647, 0.17442625466345285, 0.24360621197258248], "means": [[-2.109250931198974, -0.5259619081769216, 0.039339810449516344, -0.032317450394876816, 0.01153837578281371, -0.0021393341280757975, -0.003234364066765151, -0.004884836508562643], [4.022547191267775, -2.7257264150896092, -0.04836598451055514, 0.05534691711095525, -0.05335551208797585, -0.0106977270856131, -0.004787555477073393, -0.01735403144727436], [1.8340441074551344, 3.5819277627978514, -0.058132992845318775, 0.024105971904656368, 0.017933059536430426, 0.007863633809771094, 0.013366982223580152, 0.02611976275394421]], "cov": [[[0.025877033240388463, -0.010280532415711516, 0.008538982082091813, -0.08612035907236011, 0.02641658788869752, -0.025386953488830483, -0.012834877031847361, 0.0064257982781577875], [-0.010280532415711516, 0.037394558787408896, -0.01706197521691577, 0.057889589543824435, -0.04411714658714627, 0.0012602137367214205, -0.019285402399870505, -0.003250709230134999], [0.008538982082091813, -0.01706197521691577, 0.021835391795645254, -0.1047533521799477, 0.03564417709829103, -0.014899254606497978, 0.01474441912432482, -0.0068470378302701905], [-0.08612035907236011, 0.057889589543824456, -0.1047533521799477, 0.6810133897285959, -0.18545052269353557, 0.14249991345776408, -0.0033489843310600606, 0.026996610563430355], [0.026416587888697517, -0.04411714658714627, 0.03564417709829103, -0.18545052269353557, 0.0861662271888373, -0.01943882279311848, 0.006757086115188715, -0.014605287677169414], [-0.025386953488830483, 0.0012602137367214233, -0.014899254606497978, 0.14249991345776408, -0.019438822793118486, 0.055725366827747556, 0.0019278156216671507, -0.014732706360529873], [-0.012834877031847361, -0.019285402399870505, 0.01474441912432482, -0.0033489843310600606, 0.006757086115188719, 0.0019278156216671538, 0.05259425773708628, 0.008360993865585623], [0.006425798278157787, -0.003250709230134999, -0.0068470378302701905, 0.026996610563430355, -0.014605287677169409, -0.014732706360529875, 0.008360993865585625, 0.025855814699477425]], [[0.48104678226808256, 0.1342726863869144, -0.002591671714493511, -0.2659160109247555, -0.09758965085322127, 0.061900400446322335, -0.05669081494519283, -0.1361045102404907], [0.13427268638691436, 0.18432812843103552, 0.011870360720487309, 0.10653317115376562, 0.3089209751618999, -0.002004357188124591, -0.07786291564609735, -0.06389668313562469], [-0.0025916717144935115, 0.011870360720487312, 0.011194521634672532, -0.04997833591670356, 0.028102100848086075, 0.045159021729105756, -0.0170001921886596, 0.01250389044627053], [-0.2659160109247555, 0.10653317115376561, -0.04997833591670356, 1.0788101604810574, 0.4658586082154075, -0.4234247794922464, 0.0701207035292731, -0.12942888878932013], [-0.09758965085322127, 0.30892097516189987, 0.028102100848086075, 0.4658586082154076, 0.9366497170570633, -0.01688421571986948, -0.18936386212216283, 0.002124571550225324], [0.06190040044632232, -0.0020043571881245997, 0.04515902172910575, -0.4234247794922464, -0.016884215719869516, 0.3407586376187006, -0.1049856173844512, 0.07011661011447132], [-0.05669081494519283, -0.07786291564609735, -0.0170001921886596, 0.0701207035292731, -0.18936386212216283, -0.1049856173844512, 0.09536490072936765, 0.0187237705250869], [-0.13610451024049067, -0.06389668313562469, 0.01250389044627053, -0.12942888878932013, 0.0021245715502253206, 0.07011661011447132, 0.018723770525086905, 0.2427410012184774]], [[0.14885744419206942, -0.11437419636983104, 0.4137268095117534, 0.09947881587557932, 0.1609531015388986, 0.019561543979605713, 0.02955270143400928, 0.05216295753344481], [-0.11437419636983104, 0.20805930955890917, 0.1568944282216809, -0.09268027705202272, -0.20577871943488688, -0.026210673681783096, -0.026773033832881172, -0.046967441198191046], [0.4137268095117534, 0.1568944282216809, 4.782477299931326, 0.2895574742353046, -0.10742060799452267, 0.0004162521631496662, -0.020777949136680098, 0.007290127468260874], [0.0994788158755793, -0.09268027705202274, 0.2895574742353046, 0.13695780542150915, 0.06309325812685587, 0.001137411108946726, -0.042887731688291075, 0.04151365924705004], [0.16095310153889864, -0.20577871943488685, -0.10742060799452267, 0.06309325812685587, 0.34172901707274117, 0.08052723315860401, 0.1445481149303983, 0.043823287182373424], [0.019561543979605713, -0.026210673681783096, 0.00041625216314966585, 0.0011374111089467358, 0.08052723315860401, 0.04975979569770079, 0.08022417041392751, -0.02223508577530833], [0.029552701434009284, -0.026773033832881172, -0.020777949136680095, -0.04288773168829106, 0.1445481149303983, 0.08022417041392751, 0.2086481854259694, -0.03522067567378116], [0.05216295753344481, -0.04696744119819105, 0.007290127468260874, 0.04151365924705004, 0.04382328718237343, -0.02223508577530833, -0.03522067567378118, 0.048541028947444366]]]}