{"MAP index": 707, "entropy_prior_gmm": 1.1512992383663035e-08, "entropy_MAP_gmm": 1.1512925723877743e-08, "entropy_z_nk_prior": 0.0010043481942177436, "entropy_MAP_z_nk": 0.01663354696616595, "entropy_mixing_prior": 53.75278407684164, "entropy_MAP_mixing": 1.661276102786228}