{"weights": [0.12183957730084016, 0.20086791575630175, 0.3258379715154496, 0.10468828890835619, 0.05875278696110438, 0.18801345955794793], "means": [[-3.671779782385223, 0.46590351467408897, 0.3948130604780831, -0.14359780510781983, -0.03239036906534865, 0.08421010050072228, -0.06221939480320034, 0.014817598505716545], [-0.9007119139416083, 0.5573226257837989, 0.5376089900175807, 0.014086455572641295, 0.044748652687654066, -0.025565455437164483, 0.018150474365100727, -0.014954696361520888], [3.929504091304612, -0.4485647266377002, -0.09464800253843242, -0.022766892382371763, 0.025668436067559572, 0.002645209942787558, -0.011008051113300213, 0.00505019251864698], [2.733586857613331, -0.037625458327285304, 0.19262449308695903, 0.08819875078503374, -0.11029329656038792, 0.005262965358355839, 0.01920382581447816, 0.009617067845037812], [0.8147525019023185, 1.4370684362095654, -1.089010676207744, 0.01983997016766748, 0.007027606522644413, 0.004815942672291033, 0.020977745270320425, 0.012917718129655292], [-6.849620901959526, -0.6827915912604114, -0.2655226609795995, 0.020802413728551492, -0.005363455559949303, -0.015022537303272852, 0.0202232890449982, -0.0034150388861495596]], "cov": [[[0.25995519248155524, 0.029622633321958136, 0.04758411356446239, -0.013469549789797072, 0.009004329368635778, 0.0007962578849836261, 0.014342341812803831, 0.0007445562195310675], [0.029622633321958133, 0.004252510808499309, 0.003917844332290315, -0.0004045549206276668, 0.001593156416781341, -8.966627510544474e-05, 0.0018025009708898421, 0.0001383754606318692], [0.04758411356446239, 0.003917844332290317, 0.01187148210259045, -0.004598415965693397, 0.0012111097754344692, 0.0006895376350085703, 0.0020515604316174688, 0.0003005874276977242], [-0.013469549789797072, -0.000404554920627667, -0.004598415965693397, 0.002965237352808688, 0.0009030245585180572, -0.0005206147278575775, -0.00027524000991067433, 0.00045973532149939044], [0.009004329368635778, 0.0015931564167813413, 0.0012111097754344692, 0.0009030245585180572, 0.0031438276176121707, 0.00026205581587068327, 0.0006798569879979797, 0.0012183646745102987], [0.000796257884983626, -8.966627510544474e-05, 0.0006895376350085703, -0.0005206147278575775, 0.00026205581587068327, 0.0010758385702631253, 0.00028519163793025253, -0.0004127686095264942], [0.014342341812803831, 0.0018025009708898423, 0.0020515604316174688, -0.0002752400099106742, 0.0006798569879979797, 0.00028519163793025253, 0.001233095501296543, -8.756703478507556e-05], [0.0007445562195310674, 0.0001383754606318692, 0.00030058742769772424, 0.00045973532149939044, 0.0012183646745102987, -0.0004127686095264942, -8.756703478507556e-05, 0.0010910212554597902]], [[0.3670248166252421, -0.004208275291299812, 0.033983445935993326, 0.033651165901984983, 0.015601872496598833, 0.024417260193074372, -0.012283139888499443, -0.0030653821108672127], [-0.004208275291299813, 0.001286415644953037, -0.0008745965883434644, -0.0001681035422150052, -0.0010808642166193162, 0.0007316898182716306, 6.022192179817684e-05, -0.00010351128819245078], [0.03398344593599333, -0.0008745965883434644, 0.0049409079135264945, 0.003310741371253059, 0.0022499310871831706, 0.0030646450962034826, -0.0014941278935186072, 5.74330398121014e-05], [0.033651165901984983, -0.0001681035422150052, 0.003310741371253059, 0.005183238389461547, 0.0023057256690801747, 0.0028619489579651157, -0.001528329251471476, -0.0008574146751009591], [0.015601872496598833, -0.0010808642166193162, 0.00224993108718317, 0.0023057256690801743, 0.003534551770405579, 0.0006476739117769865, -0.00041008077656838073, -0.00042825906409628254], [0.024417260193074372, 0.0007316898182716308, 0.003064645096203482, 0.0028619489579651157, 0.0006476739117769864, 0.004767676619040995, 1.7909413076120097e-05, -0.00037291435175178933], [-0.012283139888499444, 6.0221921798176884e-05, -0.0014941278935186072, -0.001528329251471476, -0.000410080776568381, 1.790941307612001e-05, 0.002013655441103779, 9.219134443680319e-05], [-0.0030653821108672127, -0.00010351128819245074, 5.7433039812101394e-05, -0.0008574146751009591, -0.00042825906409628254, -0.00037291435175178933, 9.21913444368031e-05, 0.0012996552248853033]], [[0.040438128564860655, -0.01655202401079146, -0.014577254514560972, -0.03543677507556067, 0.007010423581820536, -0.0011784852163329285, 0.00013975767875718418, 0.00024372443604851597], [-0.01655202401079146, 0.008497169917911754, 0.004791530825081589, 0.01509361199040435, -0.0025003439738093074, 0.0006351703595961801, -0.0012785731620964618, -0.0005276818854620256], [-0.014577254514560973, 0.004791530825081589, 0.006578836194134497, 0.014682326519195855, -0.0012093981381768371, 0.00043079945584317673, 0.0005176094917785809, 0.0005143486773453433], [-0.03543677507556067, 0.015093611990404347, 0.014682326519195854, 0.047863680554180534, 0.0015499816375568094, 0.0012159777138296176, -0.0017278178725531987, 0.0008499604701047476], [0.007010423581820536, -0.0025003439738093074, -0.0012093981381768371, 0.0015499816375568094, 0.012081699803670585, 0.0003975005434344542, -0.000883450042512062, 0.0014344368307851482], [-0.0011784852163329287, 0.0006351703595961801, 0.00043079945584317673, 0.0012159777138296176, 0.00039750054343445413, 0.0017865341319721498, 0.0012058748506451758, -0.00025117497760756343], [0.00013975767875718404, -0.0012785731620964618, 0.000517609491778581, -0.0017278178725531987, -0.0008834500425120623, 0.0012058748506451758, 0.002316723355174805, 0.0005225241285123196], [0.00024372443604851597, -0.0005276818854620256, 0.0005143486773453433, 0.0008499604701047474, 0.001434436830785148, -0.0002511749776075635, 0.0005225241285123196, 0.0037271431793605837]], [[0.043475585716923934, -0.013587432313128362, -0.009053999130980697, 0.006345434635196918, 0.003855662332879837, -0.0028127355807885143, -0.001714786900614787, -0.005041334404914484], [-0.01358743231312836, 0.004584671307503361, 0.0025573961588227596, -0.001875206894091, -0.0018960106410977429, 0.00039202644068951956, -0.00011209567762281612, 0.0014966233673157426], [-0.009053999130980695, 0.0025573961588227596, 0.002813475288883624, -0.0017606986374453083, -0.000573753972740668, 0.001059317730933783, 0.00020913852725128345, 0.00136537144336084], [0.006345434635196917, -0.001875206894091, -0.0017606986374453081, 0.0016195473343863854, 0.0009800093213029667, -0.0005568310321302376, -0.00013291267957547776, -0.0013840279366539425], [0.0038556623328798363, -0.0018960106410977427, -0.0005737539727406682, 0.0009800093213029667, 0.003163809751533738, 0.00139504056869697, 0.0021804123000613977, -0.0010598629513717806], [-0.002812735580788514, 0.00039202644068951956, 0.001059317730933783, -0.0005568310321302376, 0.0013950405686969701, 0.0019731125285149306, 0.0020585168313163003, 0.0002392432117803859], [-0.0017147869006147868, -0.0001120956776228161, 0.00020913852725128347, -0.00013291267957547776, 0.0021804123000613977, 0.0020585168313163003, 0.0031511800658732014, 0.00022426759947003676], [-0.005041334404914484, 0.0014966233673157426, 0.00136537144336084, -0.0013840279366539425, -0.0010598629513717806, 0.0002392432117803859, 0.0002242675994700367, 0.0028292098050241945]], [[0.26096301514519266, -0.01725732360936887, -0.05005507703008788, 0.013479646121089517, -0.02612670719925496, -0.011379994644651356, 0.000846510497969285, -0.004463365808732868], [-0.01725732360936887, 0.0015366926281509326, 0.0027207609037279614, -0.001040668844446967, 0.0016827902917086032, 0.0001463532678716893, -0.00033035941580818217, 0.001208368397921917], [-0.05005507703008788, 0.002720760903727962, 0.010630845182448296, -0.0023476109415611008, 0.005123994205872993, 0.002735312431549943, -4.6933601960729384e-05, -0.00040692670689569297], [0.013479646121089517, -0.001040668844446967, -0.0023476109415611008, 0.0015680901767718084, -0.00043479149955329453, -0.00011978606202320344, 0.00027510032035548733, -0.0011424659768331969], [-0.02612670719925496, 0.0016827902917086032, 0.005123994205872993, 