{"accuracy_init": 0.7751677632331848, "accuracy_final_MAP": 0.8020133972167969, "accuracy_final_mean": 0.8053691387176514}