{"entropy_prior_gmm": 0.0009597588643864887, "entropy_Mean_gmm": 0.0011717734159901738, "entropy_z_nk_prior": 0.00127887914225473, "entropy_Mean_z_nk": 0.0103225910305889, "entropy_mixing_prior": 88.99072030499339, "entropy_Mean_mixing": 1.6711136616406315}