{"weights": [0.09802433325836887, 0.2061309445379153, 0.33654982021267305, 0.10407921621808269, 0.0908237435738558, 0.16439194219910427], "means": [[-3.8041506657268735, 0.432589682118134, 0.40257691772260007], [-1.1033727708616263, 0.5383412884083891, 0.5448808961140621], [3.9147057787960287, -0.44367572411580697, -0.10487102302198872], [2.6981888451625506, -0.032392868225339363, 0.20229151947895663], [0.6766520528757516, 1.4812611131634414, -1.0140171414074806], [-6.869998223233459, -0.6483164182411585, -0.3066600396089798]], "cov": [[[0.1914914403527428, 0.025607618839277594, 0.03062385396322298], [0.025607618839277594, 0.004552585642404655, 0.0023425690603433025], [0.03062385396322298, 0.0023425690603433033, 0.00856045214832527]], [[0.4521851839246774, -0.00021413654997825505, 0.033460768589172206], [-0.0002141365499782551, 0.0013565453997125556, -0.00042872342058833173], [0.0334607685891722, -0.00042872342058833184, 0.00463939526048656]], [[0.04472276172269186, -0.019173644502703546, -0.016098152251293376], [-0.019173644502703546, 0.010195710353483172, 0.0056898140287193946], [-0.016098152251293376, 0.0056898140287193946, 0.007264703814261796]], [[0.04769468250156257, -0.014424901597929954, -0.009673358324874887], [-0.014424901597929954, 0.00486054234483675, 0.002500363732488249], [-0.009673358324874887, 0.002500363732488249, 0.0029359722511466493]], [[0.2903583821323598, -0.019907971452716264, -0.05881330052603144], [-0.019907971452716267, 0.002200093530071631, 0.0032704277696643034], [-0.05881330052603144, 0.003270427769664304, 0.01292023915593202]], [[0.0005555999120212087, -0.00048207267406107063, 0.0009394718771854544], [-0.0004820726740610708, 0.008712035576306395, -0.006261787535272345], [0.0009394718771854544, -0.006261787535272345, 0.005538250037470904]]]}