{"weights": [0.17222196945456003, 0.1666729722391481, 0.2999861206375334, 0.12778685666803732, 0.15555077263317063, 0.07778130836755054], "means": [[6.852813881062093, -0.6524350485415485, 0.29227297998557994, -0.03775822936847768, -0.0018007476278145236, 0.007872336543908592, -0.008266955327115777, 0.0020514635546048992], [-4.114284265561088, -0.5197751201455472, 0.17389883744250378, 0.21912355340358863, 0.039502645953594616, 0.0008317171547701119, 0.007524768932955948, 0.009268011386679272], [-3.1934641835454403, -0.19078499082508404, -0.0965588953975905, -0.13567585366993726, -0.050451068105439166, -0.006369420406930698, -0.0025319422434197294, -0.006537226911685708], [0.6929823747912371, 0.554862469381967, -0.5687252488456129, -0.03924580597821272, 0.06581778169739955, 0.005343107587242087, -0.004393305519353002, 0.015300675382242874], [2.8358579928886614, 0.5056957057492864, -0.4097084203601812, 0.10887630652005133, -0.01081053558193653, 0.0020849866451179973, 0.011506286939340228, -0.005514698112748138], [4.796395040542247, 1.7699229537158863, -0.01939453064374448, 0.2387002102375188, 0.6107293484966092, -0.3609812978294899, -0.0884689733428578, -0.02074093362156626]], "cov": [[[0.0058321053817917854, 0.00029905841383841194, 0.000969225994213171, -0.00044858208051245136, -9.110575047518868e-05, -7.127083459197233e-05, 4.440992238998262e-05, -0.00010535969732929756], [0.00029905841383841194, 0.008261701184466168, 0.006193215234019753, -0.0038270550380061067, 0.00030833944102962566, -0.001962161655976714, 0.003723076474153239, -0.00022055395609053705], [0.000969225994213171, 0.006193215234019753, 0.005660715211734899, -0.0031957942190543685, 0.0002048514749864081, -0.0012620399315470291, 0.0026556586246782392, -0.0003100358291821294], [-0.00044858208051245136, -0.0038270550380061067, -0.0031957942190543685, 0.0019536272907338054, -0.0002271640583551819, 0.0008732545085618938, -0.0016362735983619693, 0.00012039388066164247], [-9.110575047518868e-05, 0.00030833944102962566, 0.0002048514749864081, -0.0002271640583551819, 0.00017038728190549304, -0.00013597246767231607, 4.900142760376942e-05, 2.536618264020041e-07], [-7.127083459197233e-05, -0.001962161655976714, -0.0012620399315470291, 0.0008732545085618938, -0.00013597246767231607, 0.00081242711789876, -0.000748543242223243, -5.461768636643002e-05], [4.440992238998262e-05, 0.003723076474153239, 0.0026556586246782392, -0.0016362735983619693, 4.900142760376942e-05, -0.000748543242223243, 0.0018213306300552932, -9.77090038901055e-05], [-0.00010535969732929756, -0.00022055395609053705, -0.0003100358291821294, 0.00012039388066164247, 2.536618264020041e-07, -5.461768636643002e-05, -9.77090038901055e-05, 0.00017703444023316217]], [[0.007283781114828358, 0.000888978475682078, 0.00043656450853650936, 0.0006116137615426507, -0.001802152209900867, -5.815757286328665e-05, -0.0005522821797467433, 0.00027299689433237504], [0.000888978475682078, 0.0025998752326900627, 0.001158603691537825, -0.002387050693219554, 0.0030085601251308106, -0.00031802220187401734, 0.0013011292600449552, -0.00017557534708658733], [0.00043656450853650936, 0.001158603691537825, 0.00068203941780408, -0.0004744629967013301, 0.0011874176988716178, -0.00010923279393031582, 0.00044665544293275396, -0.00038648443715109075], [0.0006116137615426507, -0.002387050693219554, -0.0004744629967013301, 0.016326128354188316, -0.005932910034282094, 0.0010986338928679056, -0.0022772367603199543, -0.0009538499679024973], [-0.001802152209900867, 0.0030085601251308106, 0.0011874176988716178, -0.005932910034282094, 0.014393613788137007, -0.0012357573450175832, 0.0036153162605501773, -0.00027505259888902287], [-5.815757286328665e-05, -0.00031802220187401734, -0.00010923279393031582, 0.0010986338928679056, -0.0012357573450175832, 0.0011569487926504395, 0.0005636101931158273, -0.0006700328127853366], [-0.0005522821797467433, 0.0013011292600449552, 0.00044665544293275396, -0.0022772367603199543, 0.0036153162605501773, 0.0005636101931158273, 0.0023652666476687953, -0.00019210813057856825], [0.00027299689433237504, -0.00017557534708658733, -0.00038648443715109075, -0.0009538499679024973, -0.00027505259888902287, -0.0006700328127853366, -0.00019210813057856825, 0.0030604725586423874]], [[0.28565856099402664, 0.09473136355787057, -0.05968952925030533, 0.030197736549181994, -0.03483019644579056, -0.00017128346671283322, -0.00796672834055829, -0.0018449668369145116], [0.09473136355787057, 0.032389808859799425, -0.01911788246935155, 0.010194206365420408, -0.013562627348322708, -1.8765482708170253e-05, -0.0019736376550805973, 2.5038351042488826e-05], [-0.05968952925030533, -0.01911788246935155, 0.013365569894401654, -0.0062647514296843764, 0.00595800404664901, 0.0002727884903515454, 0.001918704177941105, 0.0009327809429812207], [0.030197736549181994, 0.010194206365420408, -0.0062647514296843764, 0.005059795128900593, -0.005356225184974284, -0.0002976964063606927, -0.0009835215972733961, -0.0005820295274559081], [-0.03483019644579056, -0.013562627348322708, 0.00595800404664901, -0.005356225184974284, 0.010550432455440949, -0.000572450446945653, -0.0008676151893640228, -0.0008452825277831033], [-0.00017128346671283322, -1.8765482708170253e-05, 0.0002727884903515454, -0.0002976964063606927, -0.000572450446945653, 0.0021390282405186027, 0.001701928894264597, 0.00010817492248907502], [-0.00796672834055829, -0.0019736376550805973, 0.001918704177941105, -0.0009835215972733961, -0.0008676151893640228, 0.001701928894264597, 0.002576025425013817, 0.0006306226025780494], [-0.0018449668369145116, 2.5038351042488826e-05, 0.0009327809429812207, -0.0005820295274559081, -0.0008452825277831033, 0.00010817492248907502, 0.0006306226025780494, 0.0033248532028010225]], [[0.04809557622466903, 0.005129430607812138, -0.0005065817453718044, 0.0004971889250233201, -0.00037284906201432886, -0.006762221037037671, -0.0029376680801539434, -0.00027274768001136855], [0.005129430607812138, 0.0015064844875526827, 0.0006810002936855384, 0.00014060707882070713, -0.0017584774321094182, -0.0011602388009353797, -0.00010137243987976757, -7.471654395324392e-05], [-0.0005065817453718044, 0.0006810002936855384, 0.0008054313044443069, 0.0003001103455541199, -0.0015603630919773033, -0.00023042913366260037, 6.164668105928401e-05, 3.329605481130007e-05], [0.0004971889250233201, 0.00014060707882070713, 0.0003001103455541199, 0.0011007316621312502, -0.0007518785547561859, 0.00026930991763784334, -0.00022669660021135804, -0.0005561532344477574], [-0.00037284906201432886, -0.0017584774321094182, -0.0015603630919773033, -0.0007518785547561859, 0.004008828156169847, 0.0006072948211548835, -0.00030294861313306313, 0.0006594061728528484], [-0.006762221037037671, -0.0011602388009353797, -0.00023042913366260037, 0.00026930991763784334, 0.0006072948211548835, 0.0030944104472911977, 0.0017041278063050266, -0.0004074764628511132], [-0.0029376680801539434, -0.00010137243987976757, 6.164668105928401e-05, -0.00022669660021135804, -0.00030294861313306313, 0.0017041278063050266, 0.0016215244213913602, -8.734535767406932e-05], [-0.00027274768001136855, -7.471654395324392e-05, 3.329605481130007e-05, -0.0005561532344477574, 0.0006594061728528484, -0.0004074764628511132, -8.734535767406932e-05, 0.0016891370387044653]], [[1.0835372829661496, -0.05728608433598538, 0.04570140845889254, 0.020436519088755697, -0.024815388038051764, -0.09060006335543935, 0.06495883713289718, -0.012671754893515488], [-0.05728608433598538, 0.0041715901319211305, -0.002345805793120744, -0.0013661492723489154, 0.0017849082511813973, 0.004418855602908548, -0.0033604418319698737, 0.0006271146218053979], [0.04570140845889254, -0.002345805793120744, 0.00646798486214428, -0.0018348085459785933, -0.00041724999291705344, -0.0023902148491025737, 0.002132785721229281, -7.588030564832943e-05], [0.020436519088755697, -0.0013661492723489154, -0.0018348085459785933, 0.0031560619196647345, -0.0017188250812726917, -0.003034474666560919, 0.0016342799589728234, 