,X,Y,Z,id,nugget
0,100.0,0.0,-824.9999999999999,10100256,1e-05
1,300.0,0.0,-810.735200852907,10100256,1e-05
2,900.0,0.0,-824.9999999999999,10100256,1e-05
3,100.0,0.0,-844.9999999999999,62434182,1e-05
4,300.0,0.0,-854.9258048345289,62434182,1e-05
5,900.0,0.0,-844.9999999999999,62434182,1e-05
