{"weights": [0.11569874939747492, 0.22319307819272136, 0.288553352355392, 0.1392225751050587, 0.15555093646170493, 0.07778130848764807], "means": [[3.6475415392190205, 0.4704018672881629, -0.3955582388631926, 0.13999129135318725, -0.03415990808889482, -0.08357334851567123, 0.058537316545684184, -0.013756647424404344], [1.088890511885689, 0.55784388575107, -0.5202764556944167, 0.003873721666191432, 0.04417649267125911, 0.0438233238360701, -0.02030520093682888, 0.01370948223930718], [-3.933998564152521, -0.4473688474771521, 0.10227301895270799, 0.0380003494819882, 0.024783649474062565, -0.003776585526403035, 0.010153196550297415, 0.005770124362033834], [-2.6857524417260596, -0.025904113848090143, -0.20376017098047494, -0.08658684882627825, -0.09963970890124346, -0.009696721812964522, -0.026501178069725406, -0.013191780558223344], [-0.7118984766389026, 1.4426519994023583, 1.0645023375324385, -0.012968079185947433, 0.004552061864407359, -0.0009787201138018156, -0.008329141718209797, 0.0065791035545899], [6.851038639065847, -0.6572095376039593, 0.2861485200579086, -0.0346551181411588, -0.0017872374612390462, 0.008498109048820614, -0.010064935881835314, 0.0020687277149481287]], "cov": [[[0.18374253768759416, -0.021007895144540285, 0.033477892125217436, -0.00941153224322316, -0.006383111064281713, 0.0005300264688844158, 0.010168482228666434, 0.0005213128367818805], [-0.021007895144540285, 0.0033524900259955504, -0.002226869300934296, -0.00013650410522752712, 0.0013758943352127973, 0.0001523102458111397, -0.0013138965380056751, -0.00014415947192066836], [0.033477892125217436, -0.002226869300934296, 0.009439412965196507, -0.003994618823054394, -0.0005668319564422642, 0.0006822433235324796, 0.0012476019034114536, 0.00016882752744118968], [-0.009411532243223159, -0.000136504105227527, -0.003994618823054393, 0.0029624393843807936, -0.0011523665538228966, -0.0005260034830497608, -1.0491485512943671e-05, 0.00048009212186937933], [-0.006383111064281713, 0.001375894335212797, -0.0005668319564422643, -0.0011523665538228966, 0.003059188490950462, -0.00016313907877238667, -0.0005317026443292526, -0.0012299814494357822], [0.0005300264688844158, 0.00015231024581113974, 0.0006822433235324795, -0.0005260034830497608, -0.0001631390787723867, 0.0008659127704760813, 0.0001801116289088044, -0.0003054357195833868], [0.010168482228666434, -0.001313896538005675, 0.0012476019034114536, -1.049148551294366e-05, -0.0005317026443292526, 0.00018011162890880437, 0.001026759283385177, -1.9000703194201877e-05], [0.0005213128367818806, -0.00014415947192066827, 0.00016882752744118982, 0.00048009212186937944, -0.0012299814494357822, -0.0003054357195833868, -1.90007031942019e-05, 0.0010364307405438312]], [[0.30142592946326396, 0.003453847248544245, 0.027761760392350482, 0.027489480755507494, -0.012666085151876567, 0.019911531655954842, -0.010055938866996012, -0.002492731259663182], [0.0034538472485442454, 0.0012813527776426505, 0.0007811648882624836, 8.85729853064099e-05, -0.0013189780102799572, -0.0009433770983252768, -0.0001093357220906201, 5.135289963778366e-05], [0.027761760392350482, 0.0007811648882624836, 0.004706772379087885, 0.00306689058835386, -0.002235087558051703, 0.002855948434751104, -0.001541375869134767, 4.744323317576335e-05], [0.027489480755507497, 8.857298530640987e-05, 0.00306689058835386, 0.004849003145355623, -0.0024820763353426735, 0.00276837493459006, -0.0013202147606097355, -0.0007755816194950371], [-0.012666085151876567, -0.001318978010279957, -0.0022350875580517027, -0.002482076335342674, 0.004073836182332189, -0.0005727693788396642, 0.0001756348339854261, 0.0005684386167215158], [0.019911531655954846, -0.0009433770983252768, 0.002855948434751104, 0.0027683749345900604, -0.0005727693788396641, 0.00508192247757725, 0.00029155190601517307, -0.00045487005533383285], [-0.010055938866996014, -0.00010933572209062015, -0.0015413758691347672, -0.0013202147606097357, 0.00017563483398542616, 0.000291551906015173, 0.002281984383180501, -7.325623491287628e-05], [-0.002492731259663182, 5.1352899637783674e-05, 4.744323317576335e-05, -0.0007755816194950369, 0.0005684386167215159, -0.000454870055333833, -7.325623491287627e-05, 0.0014286528293471971]], [[0.04064003492130437, 0.016714775064468217, -0.014501014856518087, -0.03492438976553134, -0.007014647953041592, -0.0011679435491159817, 0.00018738343290096259, 0.00037474845656758604], [0.016714775064468217, 0.008730777289479054, -0.004696007578232102, -0.014772794272587389, -0.0023513395569401993, -0.0007325377784418001, 0.0013133053398533862, 0.0005190827635585956], [-0.014501014856518087, -0.004696007578232102, 0.00665225402700532, 0.0146503526754619, 0.0012602948735932627, 0.0003919625638373462, 0.00046281892664441695, 0.0004518613598376937], [-0.03492438976553134, -0.014772794272587389, 0.0146503526754619, 0.04817057003788892, -0.0016053557532160591, 0.001191728928699717, -0.001653788035526854, 0.000985079286104434], [-0.007014647953041592, -0.0023513395569401993, 0.0012602948735932627, -0.0016053557532160591, 0.01298403641684646, -0.0004443018122607733, 0.001037179321730429, -0.0014023803136322666], [-0.0011679435491159821, -0.0007325377784418001, 0.0003919625638373462, 0.0011917289286997171, -0.00044430181226077326, 0.001956140014849709, 0.0012184401667961271, -0.0002940858754574177], [0.00018738343290096259, 0.0013133053398533862, 0.0004628189266444171, -0.0016537880355268542, 0.001037179321730429, 0.0012184401667961271, 0.002400850655632417, 0.0004523473967496887], [0.000374748456567586, 0.0005190827635585956, 0.0004518613598376937, 0.000985079286104434, -0.0014023803136322668, -0.0002940858754574178, 0.00045234739674968847, 0.0038570845616817716]], [[0.03399082425467233, 0.010619790907334855, -0.007003434600636143, 0.004868198057452188, -0.0029208597124465406, -0.002191607787291007, -0.0013932427059936915, -0.003762425711776202], [0.010619790907334855, 0.0036986126361461475, -0.0018815138958973912, 0.0013860934416445793, -0.0016215847990102136, -0.00016798466223593686, 0.0002592492283984981, -0.0010672818911469093], [-0.007003434600636142, -0.0018815138958973908, 0.0024863704785818065, -0.0015163803715296381, 0.0003819812564165076, 0.0009850579534088479, 0.0001287690088440404, 0.0011845904172450136], [0.004868198057452188, 0.0013860934416445795, -0.0015163803715296381, 0.0014955167392688073, -0.0008493555622001728, -0.0004715019703792583, -7.727062846351529e-05, -0.0013602779737524509], [-0.0029208597124465406, -0.0016215847990102136, 0.0003819812564165077, -0.0008493555622001727, 0.0032059073303733884, -0.0015599560913319521, -0.002339221720510108, 0.0010485013508409336], [-0.002191607787291007, -0.00016798466223593683, 0.0009850579534088479, -0.0004715019703792583, -0.0015599560913319521, 0.002034657797239327, 0.002126554055803737, 0.00021589452248746925], [-0.0013932427059936915, 0.0002592492283984981, 0.0001287690088440405, -7.727062846351528e-05, -0.0023392217205101076, 0.0021265540558037367, 0.003319519503475064, 0.00024301053206068183], [-0.003762425711776202, -0.0010672818911469093, 0.0011845904172450136, -0.0013602779737524509, 0.0010485013508409334, 0.0002158945224874692, 0.00024301053206068172, 0.0031006452736086127]], [[0.27124917651122077, 0.017905981156569835, -0.05207865811734824, 0.013984602846128161, 0.027198256283691997, -0.01188862238070448, 0.0008417655155113722, -0.0045711958443683], [0.017905981156569835, 0.0014536383773131357, -0.00302851549230319, 0.000995781762276681, 0.001784120688009704, -0.0004139583798760588, 0.00021589032395625028, -0.000829307008385782], [-0.05207865811734824, -0.0030285154923031903, 0.010745256027250294, -0.0025559392208189826, -0.0052682782753535485, 0.0025640878712127114, -0.0001590396564406501, 0.00011579913712492876], [0.013984602846128161, 0.000995781762276681, -0.0025559392208189826, 0.001384768024087467, 0.0006634135691021458, -0.0003365702857717559, 0.00019058405066028707, -0.0007378823379278361], [0.027198256283691997, 0.0017841206880097043, -0.0052682782753535485,