{"MAP index": 0, "entropy_prior_gmm": 1.1512925464970228e-08, "entropy_MAP_gmm": 1.0031230885942932e-06, "entropy_z_nk_prior": 9.616358581884957e-06, "entropy_MAP_z_nk": 0.002848457151801938, "entropy_mixing_prior": 88.99072030499339, "entropy_MAP_mixing": 1.730564262632582}