{"weights": [0.1171191326735501, 0.19949388183959466, 0.3028415147795851, 0.11944074454450795, 0.09999650442355525, 0.1611082217392069], "means": [[3.704694652717758, 0.46431478795336667, -0.38560105430804226, 0.13447042500918005, -0.030064966939845908, -0.08315088822786472, 0.06172464387223646, -0.016683944644226477], [1.0042440420582988, 0.5566301662115969, -0.5293897537535658, -0.0021253782033863983, 0.04779979347544114, 0.0354184274606839, -0.019779239450613505, 0.013631779138931677], [-3.919238241653495, -0.4423455554284604, 0.09515269548860815, 0.018983370291695476, 0.02600264186663949, -0.004884931821352611, 0.008976069135462351, 0.00225171260445585], [-2.6671311092939014, -0.0182082731968107, -0.20890959560044342, -0.0823995896003167, -0.10880280423734699, -0.006227169931248504, -0.018191660279354482, -0.015075184565757772], [-0.7194856270486668, 1.4420546294809802, 1.0655757818754554, -0.010608337114386862, -0.000652530107098898, 0.002588793812607411, -0.005372896662813541, 0.0042386155165431965], [6.852578148087244, -0.6512572396964589, 0.29283106707219764, -0.03812578483396951, -0.00164758377058794, 0.007333544332248318, -0.007862121870991369, 0.0017172982726523034]], "cov": [[[0.16022090285240795, -0.018342868400398123, 0.029142913116854106, -0.00816171879202226, -0.0055916770458264145, 0.0004443854858234447, 0.00887431741808601, 0.0004681542811254778], [-0.018342868400398123, 0.003058946886368623, -0.0017392754846533524, -0.000290107225420709, 0.0013348856781759278, 0.00014338971101841293, -0.0011689125635149383, -0.00015330493009672283], [0.029142913116854102, -0.001739275484653352, 0.008592089816526012, -0.003789132731246034, -0.0002718359923171266, 0.0006379104523064188, 0.0010097332957209268, 8.6204183598487e-05], [-0.00816171879202226, -0.00029010722542070896, -0.003789132731246035, 0.0029285527976843995, -0.0012078015348367182, -0.0005402799650219993, 6.101244268954173e-05, 0.0004967778958079884], [-0.0055916770458264145, 0.0013348856781759276, -0.0002718359923171265, -0.0012078015348367182, 0.002867950962187261, -0.00017460295787795986, -0.0005270774280266895, -0.0010904127806627656], [0.00044438548582344457, 0.0001433897110184129, 0.0006379104523064187, -0.0005402799650219994, -0.00017460295787795986, 0.0010468672738611416, 0.00024853618726312297, -0.00042587458311900796], [0.008874317418086008, -0.0011689125635149383, 0.0010097332957209268, 6.101244268954179e-05, -0.0005270774280266895, 0.0002485361872631229, 0.0009891410067182007, -4.842817050093368e-05], [0.0004681542811254778, -0.00015330493009672283, 8.620418359848706e-05, 0.0004967778958079884, -0.0010904127806627656, -0.000425874583119008, -4.842817050093367e-05, 0.001029625360338226]], [[0.364540744906947, 0.0041793974129253845, 0.03366805016227724, 0.033345424911365835, -0.015414615495148751, 0.024179908037158176, -0.012172785802922692, -0.003035002789816173], [0.004179397412925384, 0.00123649235369652, 0.0008560040697461918, 0.00012029089590643647, -0.0012645426977293914, -0.0007764454146050916, -8.40359018198998e-05, 5.977472010176656e-05], [0.03366805016227724, 0.0008560040697461917, 0.005261175381898876, 0.0035181551462604567, -0.0024139584820537944, 0.0032295103845759138, -0.0017403890059309258, 4.4951725292045116e-05], [0.033345424911365835, 0.00012029089590643651, 0.0035181551462604567, 0.0053848904016153, -0.0026489761507690183, 0.0030838502334947005, -0.0015563420242998788, -0.0008352898946356083], [-0.015414615495148748, -0.0012645426977293912, -0.0024139584820537944, -0.0026489761507690183, 0.003998361754721468, -0.000829028218544517, 0.00021976791305310933, 0.0005676689007831413], [0.024179908037158172, -0.0007764454146050916, 0.0032295103845759138, 0.0030838502334947, -0.0008290282185445168, 0.0051077409485861276, 9.103304043652082e-05, -0.00045802299562819197], [-0.012172785802922692, -8.403590181989978e-05, -0.0017403890059309258, -0.001556342024299879, 0.0002197679130531093, 9.103304043652078e-05, 0.0023793815175604314, -3.717256208882818e-05], [-0.0030350027898161723, 5.9774720101766526e-05, 4.495172529204504e-05, -0.0008352898946356083, 0.0005676689007831413, -0.00045802299562819197, -3.717256208882807e-05, 0.0014784456589150435]], [[0.044227150791837845, 0.018234077261923966, -0.01580263511409556, -0.0384872330831112, -0.007648173549186091, -0.0012574272018696271, 0.000278993699382332, 0.00044820558968873076], [0.018234077261923963, 0.009314592884356846, -0.005292291260626848, -0.01625834498697184, -0.0025781283312159655, -0.0008025947733342873, 0.0012726528651924756, 0.0004794846675758653], [-0.01580263511409556, -0.005292291260626848, 0.007109310185964431, 0.016087462723240065, 0.0014067782379233072, 0.0004044977659962452, 0.0003628226811372881, 0.0003945173813763542], [-0.038487233083111194, -0.01625834498697184, 0.016087462723240065, 0.052397834902381125, -0.0016977361685439124, 0.001329236437270252, -0.0017552349445283865, 0.0011083807924154522], [-0.007648173549186091, -0.0025781283312159655, 0.0014067782379233074, -0.0016977361685439124, 0.01360931719194076, -0.00042918181058725736, 0.001124140655396337, -0.0014743290695032607], [-0.001257427201869627, -0.0008025947733342873, 0.00040449776599624525, 0.0013292364372702518, -0.00042918181058725736, 0.0019177058593763238, 0.0011590494252061334, -0.0002890850630160228], [0.0002789936993823321, 0.0012726528651924754, 0.0003628226811372881, -0.0017552349445283868, 0.001124140655396337, 0.0011590494252061332, 0.002290822828934469, 0.00036961758292225515], [0.00044820558968873076, 0.0004794846675758654, 0.00039451738137635415, 0.0011083807924154522, -0.0014743290695032605, -0.00028908506301602275, 0.0003696175829222551, 0.003703671985429339]], [[0.03323936649208092, 0.010378153493460591, -0.006850491668639744, 0.004767839343797427, -0.002845845003779542, -0.002155727806736457, -0.0013862292811055786, -0.0037026100951010614], [0.010378153493460591, 0.0036311422545893565, -0.0018286990205810295, 0.0013583871757569086, -0.001633940413667427, -0.00013341086163490623, 0.00029080866163139955, -0.0010746665581679211], [-0.006850491668639744, -0.0018286990205810295, 0.0024755882637634012, -0.001487184200439142, 0.00034393674976794574, 0.0009901025940578752, 0.00011131586060935941, 0.0011090873680636984], [0.0047678393437974274, 0.0013583871757569088, -0.0014871842004391422, 0.001459703192752609, -0.0008285106222519167, -0.0004483899598615158, -4.990049895995707e-05, -0.0012795527684242973], [-0.0028458450037795423, -0.001633940413667427, 0.00034393674976794584, -0.0008285106222519167, 0.0033097588172323372, -0.0016661458539167905, -0.0024716157718100537, 0.0010323243781719534], [-0.0021557278067364572, -0.0001334108616349063, 0.000990102594057875, -0.0004483899598615157, -0.0016661458539167907, 0.002104167914657149, 0.002211634052965715, 0.00017176047144485507], [-0.0013862292811055786, 0.0002908086616313996, 0.00011131586060935947, -4.990049895995702e-05, -0.0024716157718100537, 0.002211634052965715, 0.003462371873658951, 0.00021107017515309388], [-0.0037026100951010614, -0.0010746665581679211, 0.0011090873680636986, -0.0012795527684242973, 0.0010323243781719534, 0.00017176047144485518, 0.00021107017515309396, 0.0029381280272591124]], [[0.4055045210598903, 0.02675025872880967, -0.07789693594121272, 0.020898895506235235, 0.04069990548639314, -0.017781546836416695, 0.0012478326557578464, -0.006854144168394689], [0.02675025872880967, 0.0020982872882197644, -0.00464854432477534, 0.001510413721445012, 0.0026476586106532448, -0.0006482206819782301, 0.0003208231708045479, -0.0012543858295259022], [-0.07789693594121273, -0.00464854432477534, 0.015820285853127333, -0.0038111623859403733, -0.007865421661361493, 0.0038565080489997815, -0.00018277985870181107, 0.00016325015475119982], [0.020898895506235235, 0.001510413721445012, -0.0038111623859403733, 0.001841729563279848, 0.0012229477021298018, -0.0004400870554957993, 0.0003512846423210685, -0.001071611411759205], [0.04069990548639314, 0.002647658610653245, 