{"weights": [0.47948155739948006, 0.3165921220189789, 0.20392632058154095], "means": [[-2.1098636464139737, -0.5226714657418438, 0.03665863141916388, -0.02116721051190367, 0.00773710279002311, -9.192985622809238e-05, -0.007194217072787897, -0.005810184465477454], [4.011762348291204, -2.7142205980094114, -0.046188873399068804, 0.06808089990620217, -0.022451352088182327, -0.004302223428822378, -0.009997925929335278, -0.007678446602321173], [1.818166997361948, 3.609112480220731, -0.05162301475747027, -0.005469731281463819, -7.202028901336144e-05, 0.0038945520381533398, 0.026372595269660296, 0.0209569973802613]], "cov": [[[0.021107867419659216, -0.008688687365371156, 0.005924182796289215, -0.05547418762613629, 0.01750637137444732, -0.01559658936770363, -0.008826569735017784, 0.004986058686633178], [-0.008688687365371156, 0.029846116405152355, -0.014414710011503983, 0.04443515046214613, -0.0316568685832678, 0.0027493816781178427, -0.019421518283565573, -0.005354256795048266], [0.005924182796289215, -0.014414710011503983, 0.018030741941784636, -0.07365879988998637, 0.027583835478226022, -0.007076338645703048, 0.01655527592942405, -0.006107772369705366], [-0.05547418762613629, 0.04443515046214613, -0.07365879988998637, 0.40956154110510656, -0.12438144485887966, 0.06643367141085271, -0.02113302081954414, 0.025883413812700075], [0.01750637137444732, -0.0316568685832678, 0.027583835478226022, -0.12438144485887966, 0.06077154551566779, -0.008689937655810331, 0.010322938957271079, -0.01273768622333635], [-0.01559658936770363, 0.0027493816781178427, -0.007076338645703048, 0.06643367141085271, -0.008689937655810331, 0.030170837615120884, -0.0035257119507208956, -0.012952642925866165], [-0.008826569735017784, -0.019421518283565573, 0.01655527592942405, -0.02113302081954414, 0.010322938957271079, -0.0035257119507208956, 0.051390588489940485, 0.00906720646173894], [0.004986058686633178, -0.005354256795048266, -0.006107772369705366, 0.025883413812700075, -0.01273768622333635, -0.012952642925866165, 0.00906720646173894, 0.02466660851995522]], [[12.286640315325288, -5.19317304670375, -0.3961356021691401, -2.44087901624287, 0.4848325085709887, -0.6361995266933202, -0.1622114736544114, -0.07838180932810715], [-5.19317304670375, 5.219584261095626, 1.8064778845316432, 1.0214860609683694, -0.021364449849918712, 0.24185968528833726, 0.019180091971474102, 0.0046628618875585795], [-0.3961356021691401, 1.8064778845316432, 1.0601613950592415, 0.015651776228002588, 0.03857317307792149, 0.025724411020094134, 0.0053003544439829, 0.022424337919286698], [-2.44087901624287, 1.0214860609683694, 0.015651776228002588, 1.1819924936795205, 0.2025857205571813, -0.09865586313913298, 0.07087980929813838, -0.04443185730088135], [0.4848325085709887, -0.021364449849918712, 0.03857317307792149, 0.2025857205571813, 0.6659541108017021, -0.02426348790837832, -0.09678394558608976, 0.02261704066164509], [-0.6361995266933202, 0.24185968528833726, 0.025724411020094134, -0.09865586313913298, -0.02426348790837832, 0.25238279767108407, -0.048721507490645785, 0.03703313443714979], [-0.1622114736544114, 0.019180091971474102, 0.0053003544439829, 0.07087980929813838, -0.09678394558608976, -0.048721507490645785, 0.07652658521384989, 0.014378886727049954], [-0.07838180932810715, 0.0046628618875585795, 0.022424337919286698, -0.04443185730088135, 0.02261704066164509, 0.03703313443714979, 0.014378886727049954, 0.1523354657212719]], [[0.13293161782900847, -0.15534098766402082, 0.3144403666469049, 0.06756503895574405, 0.10453334587529207, 0.002673904614297644, 0.01086086052462253, 0.012185747875203715], [-0.15534098766402082, 0.45838224700123675, 0.1917079489312047, -0.1004559916744332, -0.14266471879516981, -0.001025437456876582, 0.0020108505662639066, 0.021744702247332444], [0.3144403666469049, 0.1917079489312047, 3.912000990783007, 0.17261794473911587, -0.12934294178377784, -0.0061183142972574146, -0.02642883267218936, -0.005993850936818515], [0.06756503895574405, -0.1004559916744332, 0.17261794473911587, 0.1043738695416688, 0.009522720783751208, -0.01518253865289952, -0.06014328707174479, 0.009164213324282435], [0.10453334587529207, -0.14266471879516981, -0.12934294178377784, 0.009522720783751208, 0.24642598514730996, 0.0626436603944736, 0.12699740764360978, -0.004712088829032065], [0.002673904614297644, -0.001025437456876582, -0.0061183142972574146, -0.01518253865289952, 0.0626436603944736, 0.049251267104329796, 0.08465404973467897, -0.026517858266422542], [0.01086086052462253, 0.0020108505662639066, -0.02642883267218936, -0.06014328707174479, 0.12699740764360978, 0.08465404973467897, 0.2117902796231327, -0.043522237427013596], [0.012185747875203715, 0.021744702247332444, -0.005993850936818515, 0.009164213324282435, -0.004712088829032065, -0.026517858266422542, -0.043522237427013596, 0.040359144162423026]]]}