{"weights": [0.1722010260794732, 8.204868966014484e-05, 0.3295399587732562, 0.26478945226555295, 0.15560285652796904, 0.07778465766408843], "means": [[3.6877466343716043, 0.4715531725889947, -0.38055852004388546, 0.1273112285656488, -0.022187847969715555, -0.08192369533360645, 0.06016879907177683, -0.018969557066362174], [0.9568240067074192, 0.5565932441185644, -0.5331698441488192, -0.007997389934380348, 0.05003421108050117, 0.03219521495602095, -0.018797336766556493, 0.013382545841864869], [-3.9297897875626253, -0.4466041963949955, 0.09934411070666582, 0.031874767285919446, 0.02718091524583913, -0.00445864793392697, 0.009033585279297299, 0.0025838089987582583], [-2.7220884022947627, -0.03640192302954586, -0.19697672807641728, -0.08988704087068598, -0.10116052722714874, -0.005550627333993372, -0.021483309036220553, -0.011275058185529879], [-0.6411632228034991, 1.4465928779473174, 1.0499166340507733, -0.009149496658029012, 0.012603113704204229, -0.005699689920126453, -0.009690394731106361, 0.003934995162138923], [6.852509964742906, -0.6558788154645228, 0.2896810514207041, -0.036092321696066604, -0.0018415914037476096, 0.00876414857893348, -0.009821480451709037, 0.001804051473346461]], "cov": [[[0.20852425838749886, -0.02386972211993216, 0.03794919355219284, -0.010627248481663345, -0.0072982765054369165, 0.0005936012076506964, 0.011547766643831925, 0.0006148697831305228], [-0.023869722119932164, 0.003914727169838363, -0.0023157253303734506, -0.0003850234710331269, 0.0017401481398941067, 0.00021302998906165283, -0.0015545719551645957, -0.00023158196976288026], [0.03794919355219284, -0.0023157253303734506, 0.011049362418479033, -0.004935232563294661, -0.000286806430941679, 0.0008329822441142067, 0.0013416438993989147, 5.40713166011414e-05], [-0.010627248481663345, -0.0003850234710331271, -0.004935232563294661, 0.00370706560651312, -0.0015710486511598188, -0.0006707141031852537, 6.05620195213104e-05, 0.0006395448783249802], [-0.0072982765054369165, 0.0017401481398941062, -0.00028680643094167884, -0.0015710486511598188, 0.003504829391597583, -0.00012132971838386878, -0.0006817158192479099, -0.001372519672426975], [0.0005936012076506964, 0.00021302998906165283, 0.0008329822441142068, -0.0006707141031852538, -0.00012132971838386878, 0.0010163265494766754, 0.00020307640519755463, -0.0003960884171050718], [0.011547766643831925, -0.0015545719551645957, 0.0013416438993989147, 6.056201952131029e-05, -0.0006817158192479099, 0.00020307640519755463, 0.001155937454017862, -1.118359552069545e-05], [0.0006148697831305229, -0.0002315819697628802, 5.40713166011413e-05, 0.0006395448783249802, -0.001372519672426975, -0.00039608841710507173, -1.1183595520695407e-05, 0.0011401080241276995]], [[0.3107049869746571, 0.0035597735854534804, 0.02863037157366445, 0.02835235666656898, -0.013073414964165059, 0.02054557939235515, -0.010361646397175225, -0.0025744312498812475], [0.0035597735854534804, 0.0012318068274935587, 0.0008034809496019253, 6.53718072937617e-05, -0.001244851281503128, -0.0008092198800170308, -5.730997452613155e-05, 6.792237225767777e-05], [0.02863037157366445, 0.0008034809496019254, 0.004834377608218406, 0.003085992721828207, -0.0022375162401561187, 0.002925090882833695, -0.0015754495384527065, 9.069749183273798e-05], [0.028352356666568983, 6.537180729376163e-05, 0.003085992721828207, 0.004973319613402229, -0.0024846262758418435, 0.002785656241344991, -0.0013924927707589924, -0.0008169764664674479], [-0.013073414964165057, -0.0012448512815031283, -0.002237516240156119, -0.0024846262758418435, 0.003968037460596161, -0.0007256823050283704, 0.000126999357613867, 0.0005676442681770709], [0.02054557939235515, -0.0008092198800170309, 0.002925090882833695, 0.0027856562413449905, -0.0007256823050283702, 0.004897209430731345, 0.00021749344667566385, -0.00043615147018799305], [-0.010361646397175225, -5.730997452613163e-05, -0.0015754495384527067, -0.0013924927707589922, 0.00012699935761386705, 0.00021749344667566377, 0.0023401620930291888, -6.016718986566834e-05], [-0.0025744312498812475, 6.79223722576778e-05, 9.069749183273798e-05, -0.0008169764664674479, 0.0005676442681770709, -0.00043615147018799305, -6.016718986566818e-05, 0.001473516925963968]], [[0.04872917886789998, 0.020156804356866825, -0.01752162662309259, -0.04344585264189663, -0.007815784143162469, -0.001413605504936247, 0.00042899445023215243, 0.00041314091788128963], [0.020156804356866825, 0.010137476654302915, -0.006019029861395856, -0.018297494083955125, -0.002623763613588925, -0.0008661565394158694, 0.0013400003760747467, 0.00046398999259685735], [-0.01752162662309259, -0.006019029861395857, 0.0077640959150619806, 0.017975996876093515, 0.001560641136908027, 0.0004634335769038803, 0.00031776620680056255, 0.00039983212802835493], [-0.04344585264189663, -0.01829749408395513, 0.017975996876093515, 0.057606069088097976, -0.0010106930727018313, 0.0014717515818374683, -0.0018332994653917696, 0.001122363283681219], [-0.007815784143162469, -0.002623763613588925, 0.001560641136908027, -0.0010106930727018313, 0.013385524133503397, -0.00042590098027228847, 0.0011019642585990209, -0.0013968461839990768], [-0.001413605504936247, -0.0008661565394158694, 0.0004634335769038802, 0.0014717515818374683, -0.0004259009802722885, 0.001928327243925696, 0.0011563971796244251, -0.00031668138012951974], [0.0004289944502321526, 0.0013400003760747467, 0.00031776620680056255, -0.0018332994653917696, 0.0011019642585990207, 0.0011563971796244251, 0.002292237334781056, 0.0003520378144636712], [0.0004131409178812897, 0.0004639899925968575, 0.0003998321280283548, 0.001122363283681219, -0.0013968461839990764, -0.0003166813801295198, 0.000352037814463671, 0.003707378621274749]], [[0.03746014388228522, 0.011711198591007813, -0.007732280163025768, 0.005388705527334411, -0.0032656146524949713, -0.00240370020924529, -0.001503151267750029, -0.004184869607715715], [0.011711198591007813, 0.0040371705514636955, -0.0021051794322270983, 0.0015413120353622572, -0.001693022792019247, -0.0002576514537441283, 0.00018801437027852225, -0.001192268782695475], [-0.007732280163025769, -0.0021051794322270983, 0.0026732738923304932, -0.0016453676211931742, 0.0004651029088137338, 0.0010366867558419086, 0.00012875468360757178, 0.0012816415106054976], [0.005388705527334411, 0.0015413120353622572, -0.001645367621193174, 0.0015878887428373645, -0.0008891722099722379, -0.0005136995412179431, -9.831233888300105e-05, -0.00144791204946072], [-0.0032656146524949717, -0.001693022792019247, 0.0004651029088137337, -0.000889172209972238, 0.003109184156900911, -0.0014471685089829898, -0.0021935921242047214, 0.0010918869558229254], [-0.00240370020924529, -0.00025765145374412817, 0.0010366867558419084, -0.000513699541217943, -0.0014471685089829898, 0.0019756713057267855, 0.002023017639898738, 0.0002649086052777905], [-0.0015031512677500293, 0.00018801437027852225, 0.0001287546836075718, -9.831233888300106e-05, -0.0021935921242047214, 0.0020230176398987384, 0.003190517889574058, 0.00029174541361119314], [-0.004184869607715715, -0.001192268782695475, 0.0012816415106054976, -0.00144791204946072, 0.0010918869558229252, 0.00026490860527779057, 0.0002917454136111931, 0.0032171217874605233]], [[0.2630288624109435, 0.017371723843619073, -0.050492556965964046, 0.013572100082425449, 0.0263677811062424, -0.01149600260439022, 0.0008354083438096355, -0.00448571294741864], [0.017371723843619076, 0.00145923691056232, -0.0028830833927513187, 0.0010323444858595088, 0.0016993970818358032, -0.00025431623781907865, 0.00028597268229932745, -0.0010748243384389941], [-0.050492556965964046, -0.0028830833927513187, 0.01047139699202644, -0.0024012682308876187, -0.005137844673948746, 0.002669395033125304, -5.661870790231163e-05, -0.00022794944061043534], [0.01357210008242545, 0.0010323444858595086, -0.0024012682308876187, 0.0013880777604705547, 0.0006407669889576266, -0.0001571981686006146, 0.00027584443491609584, -0.0009696314130971352], [0.026367781106242404, 0.001699397081835803, 