{"MAP index": 43, "entropy_prior_gmm": 0.0008925289686521987, "entropy_MAP_gmm": 0.004647571127861738, "entropy_z_nk_prior": 0.00127887914225473, "entropy_MAP_z_nk": 0.004334151039693068, "entropy_mixing_prior": 88.99072030499339, "entropy_MAP_mixing": 1.4133398597605122}