{"weights": [0.17101521432558414, 0.0008338698423983165, 0.46907982404364007, 0.12417326573171311, 0.15435856469942819, 0.08053926135723609], "means": [[-6.868226671309161, -0.6434536979457168, -0.30127266305340056], [0.8385335967069846, -0.6973189681992522, -0.13301512972020665], [3.548198188129999, -0.3245366688872311, -0.019637359885907698], [-0.6297203639345229, 0.5228305557892332, 0.5725994053613018], [-2.126478349796914, 0.36833174317857237, 0.22176968410233552], [-3.1539674657414802, 1.4123939897321225, -0.6464997045471326]], "cov": [[[0.8058397719567423, -0.048239753354651284, -0.8061108426387447], [-0.048239753354651284, 4.3132458878077715, -2.700145360135028], [-0.8061108426387447, -2.700145360135028, 7.875343293131503]], [[8971.153509421572, -21.384174474736298, 642.4999206682613], [-21.384174474736295, 772.8554750901778, 226.33303520216523], [642.4999206682612, 226.33303520216523, 381.61780737323295]], [[375.4581555244595, -161.63422668156045, -133.15594006479878], [-161.63422668156045, 73.86750457137965, 59.5897362695157], [-133.15594006479878, 59.5897362695157, 51.76320487089742]], [[44.49068817379841, -12.235144127705293, -8.283680964381665], [-12.235144127705293, 7.155604105874767, 3.636414637839417], [-8.283680964381665, 3.636414637839416, 3.8968033910105344]], [[2509.560614202848, -162.36945335830296, -499.26325397666943], [-162.369453358303, 57.21608959453486, 62.33123059749686], [-499.26325397666943, 62.33123059749686, 142.33178017111703]], [[18441.294057555122, -1224.3845863233664, -3755.318528946746], [-1224.3845863233673, 6263.510301556096, 8151.192234084779], [-3755.3185289467488, 8151.192234084779, 10867.746265378702]]]}