{"accuracy_init": 0.7722222208976746, "accuracy_final_MAP": 0.7055555582046509, "accuracy_final_mean": 0.7444444298744202}