{"MAP index": 66, "entropy_prior_gmm": 1.1512992384279826e-08, "entropy_MAP_gmm": 1.1940309185831666e-08, "entropy_z_nk_prior": 8.513984982852784e-07, "entropy_MAP_z_nk": 0.010003994631958446, "entropy_mixing_prior": 53.75278407684164, "entropy_MAP_mixing": 1.584885699364706}