{"weights": [0.17114087551454785, 0.14086850394063427, 0.29882136496795925, 0.15426992664650227, 0.15436241602346396, 0.08053691290689224], "means": [[3.805371389593498, 0.4319961484487801, -0.4027114177222571, 0.1480253435244286, -0.03679108632631257, 0.017465216182272415, 0.10439976044234564, 0.004989961590912465], [-0.6796294601391282, 1.4803146118760906, 1.014534969469331, -0.007677742531076312, 0.0020525470799861245, 0.0027839905118483463, -0.005589655428439563, -0.0014048046551154367], [-3.9137535186706773, -0.4431471856133108, 0.10648657321363532, 0.02759493172864391, 0.026054916347428143, -8.903376290072461e-05, 0.009926850291498214, 0.0064076445776103386], [1.1027017216205433, 0.5376895340495685, -0.544281247608699, 0.003341018662567851, 0.04807470817390808, -0.012593741379399144, -0.04489494559829209, 0.006427976851192101], [-2.6994422639059557, -0.032024008475817795, -0.20217908947551724, -0.09951009034021904, -0.10017699759960931, 0.006716848636799284, -0.008159855494650611, -0.019884581989658034], [6.870655735557381, -0.6468757815568132, 0.30786445233459, -0.0429836743140298, -0.002576301512469643, -0.0020533908664657416, -0.011526646741302958, -0.0007374656897108422]], "cov": [[[0.1351980552337982, -0.01805006811640223, 0.021641278605571707, -0.0036511777622659203, -0.005387683733144962, -0.0003907070772200448, 0.004745985576206699, 0.002856088284396712], [-0.01805006811640223, 0.003220065228737604, -0.0018755388256760325, -0.00020277780118823922, 0.0007717388876830477, -0.00011636662364146707, -0.0006104236715448326, -0.0004235181624118496], [0.02164127860557171, -0.0018755388256760325, 0.005588352198870515, -0.0021393292480022565, -0.0008644564482235867, -0.00015099408270556584, 0.00014260093889847725, 0.0007444471148889627], [-0.0036511777622659208, -0.00020277780118823914, -0.0021393292480022565, 0.001986233923862012, -0.0006526682408082692, 0.00012329084097345398, 0.0004923296652791025, -8.185037250764456e-05], [-0.005387683733144962, 0.0007717388876830477, -0.0008644564482235867, -0.0006526682408082692, 0.0021713976992042256, 0.0003360405551830769, -0.00022784676505748384, -0.000498501079099725], [-0.0003907070772200448, -0.00011636662364146711, -0.00015099408270556586, 0.00012329084097345398, 0.000336040555183077, 0.0018128563121685565, -0.00013356680886683717, 2.7259290695029623e-05], [0.004745985576206699, -0.0006104236715448327, 0.00014260093889847733, 0.0004923296652791025, -0.00022784676505748384, -0.0001335668088668372, 0.0007062034431253886, -0.0001378693604364448], [0.0028560882843967125, -0.0004235181624118496, 0.0007444471148889629, -8.185037250764456e-05, -0.000498501079099725, 2.725929069502969e-05, -0.00013786936043644481, 0.0009733498078675464]], [[0.30130351600155564, 0.02064697881476519, -0.061047247426326175, 0.008690253406890093, 0.044809050665983105, 0.004497507758358657, 0.013750168392243942, -0.012940058407760914], [0.020646978814765186, 0.0022098498332636346, -0.003495703124440965, 0.00033700561390972197, 0.0033643830920629145, 0.00020682495313610122, 0.0011740327636641026, -0.001124385199102897], [-0.06104724742632618, -0.003495703124440965, 0.013307516839184361, -0.001798061831940307, -0.009035049659738165, -0.0005924976460484404, -0.002752745593118128, 0.002465003934199606], [0.008690253406890091, 0.00033700561390972197, -0.0017980618319403067, 0.0011780018491533305, 0.0002727832029820586, -8.136555329424935e-06, 0.00028938381870024143, -0.0005030195146572835], [0.0448090506659831, 0.0033643830920629145, -0.009035049659738163, 0.0002727832029820586, 0.009093794140146378, 0.001956643219628229, 0.002023080904785697, -0.003130566836381282], [0.004497507758358656, 0.00020682495313610122, -0.0005924976460484404, -8.136555329424921e-06, 0.0019566432196282293, 0.005808334814505783, -0.0007391701028163862, 0.0002252562943167184], [0.013750168392243942, 0.0011740327636641026, -0.0027527455931181275, 0.00028938381870024143, 0.002023080904785697, -0.0007391701028163861, 0.0009094985586394575, -0.0008802781831182899], [-0.012940058407760913, -0.001124385199102897, 0.002465003934199606, -0.0005030195146572835, -0.003130566836381282, 0.00022525629431671844, -0.0008802781831182899, 0.0034969486083879994]], [[0.04120470792827907, 0.017434491624084076, -0.014544838907324753, -0.034654705773965, -0.009730444250759104, 0.0015038041112097886, 0.0006470889981341661, -0.00012321460544247362], [0.01743449162408408, 0.00986028670989324, -0.004613472864689195, -0.016385380166877704, -0.002777742166215256, 0.0003076844537490625, 0.0015934577100324956, 0.0004319915919636591], [-0.014544838907324753, -0.004613472864689194, 0.006951910465136939, 0.014758288467728429, 0.0021840293158383746, -0.00043257503749360673, 4.3034976601384067e-05, 0.00028549188958810654], [-0.034654705773965004, -0.016385380166877704, 0.014758288467728429, 0.054253170037964295, -0.0037070234241196463, 0.00013498206991990232, -0.00348168630899402, 0.0004395846008048322], [-0.009730444250759104, -0.0027777421662152557, 0.0021840293158383746, -0.0037070234241196463, 0.017108926705522498, -0.0006621280431824652, 0.0022146644888552474, -0.0007664489926442623], [0.0015038041112097882, 0.0003076844537490623, -0.00043257503749360694, 0.00013498206991990232, -0.0006621280431824652, 0.004852024875127129, -0.000738721377919748, -0.00020621489570639398], [0.0006470889981341664, 0.0015934577100324956, 4.303497660138396e-05, -0.00348168630899402, 0.0022146644888552474, -0.0007387213779197479, 0.0012428357921746049, -0.00010312679920656615], [-0.0001232146054424738, 0.0004319915919636592, 0.00028549188958810665, 0.00043958460080483223, -0.0007664489926442624, -0.00020621489570639366, -0.00010312679920656614, 0.0038339971603975733]], [[0.40285236250956025, 0.00021862482185969122, 0.029875087103824808, 0.03366187035939236, -0.005053421312742341, -0.004787452195210835, -0.02022704231520104, -0.010682169961191519], [0.00021862482185969122, 0.0012828151151224319, 0.00036578662595775676, 0.00025618561909040516, -0.001453350012389204, 0.0002472938616983201, 0.0006971420209309125, 0.00014077453078810363], [0.02987508710382481, 0.00036578662595775676, 0.004244707129462844, 0.002634526635466412, -0.0013410544135418639, -0.0010416271525371763, -0.002625634004982327, -0.0006286620129631708], [0.03366187035939236, 0.00025618561909040505, 0.002634526635466412, 0.005331758022980605, -0.0019361222933689344, -0.0011128780601614853, -0.0015937886960587315, -0.001643741901260435], [-0.005053421312742341, -0.0014533500123892038, -0.0013410544135418637, -0.001936122293368934, 0.003469669321106941, 0.0005744783830773544, -0.00029945273867902395, 0.00016195665511475768], [-0.004787452195210835, 0.00024729386169832033, -0.0010416271525371765, -0.001112878060161485, 0.0005744783830773544, 0.003197276800417216, 0.0006538598091842973, 0.00012082225996829882], [-0.020227042315201043, 0.0006971420209309125, -0.0026256340049823266, -0.0015937886960587315, -0.00029945273867902384, 0.0006538598091842972, 0.002644568734203251, 0.00039141454081779813], [-0.01068216996119152, 0.00014077453078810363, -0.0006286620129631708, -0.001643741901260435, 0.00016195665511475768, 0.00012082225996829893, 0.00039141454081779824, 0.001981847251476441]], [[0.04221063479597195, 0.012737848906261796, -0.008504471651549848, 0.004634390160572231, -0.002282235840453772, 0.004036017473853716, -0.00029569894293886425, -0.0003266369625039043], [0.012737848906261796, 0.004373375099867164, -0.0022589988089332306, 0.000985580679938933, -0.0010472077710974913, 0.0009461322159532488, 0.00026205011325950274, -0.00025338182787713735], [-0.00850447165154985, -0.0022589988089332306, 0.0026540162509359, -0.0012583533996672993, 0.0004595741117688131, -0.0009416340695150528, -0.0003592739759534315, -0.00014716134701589224], [0.004634390160572232, 0.0009855806799389333, -0.001258353399667299, 0.0020862420448703673, -0.00105437132243563, 0.0005042743364672621, -8.968128836044072e-05, -0.0004669642182766435], [-0.002282235840453772, 