{"weights": [0.13045927457057846, 0.19585946029686715, 0.31256213577159997, 0.12778642705035537, 0.15206586660472915, 0.08126683570586979], "means": [[3.820666050148975, 0.4518086781604533, -0.3627088762159573, 0.12674666131060874, -0.03377148258840182, -0.08131311036970845, 0.0683387255189438, -0.01720103510541468], [1.0434600159813014, 0.5559610311336391, -0.525015302912788, 0.0015774795156777073, 0.04671938985964488, 0.040914351936114014, -0.020681101486429654, 0.013058948183651876], [-3.923710139488678, -0.44452409023448647, 0.09703373039053564, 0.026251101080143703, 0.026000877911933177, -0.003929718024921528, 0.009226820611312646, 0.0014759990391725701], [-2.6776469221562844, -0.02217539854230554, -0.2065683621504664, -0.08301989429454397, -0.10741733826786323, -0.005737159854389849, -0.019498651079169024, -0.015469219144950284], [-0.6510501848108299, 1.4475584207429089, 1.0536754685192413, -0.010027670231639817, 0.015028669618352825, -0.002024092348472535, -0.0089697150596039, -0.0051347669460106915], [6.851702576612705, -0.6594891559256947, 0.2859762400865862, -0.03433387348344807, -0.0016499700841662993, 0.008945018027983698, -0.011664873965485944, 0.002298777762889442]], "cov": [[[0.25108053300022865, -0.028619578157779477, 0.045955589794710996, -0.012979563051534486, -0.008763872425833787, 0.0007713211297064185, 0.013857640402554479, 0.0007542381234104296], [-0.02861957815777948, 0.004203737204574207, -0.0036855494410477914, 0.00028546180856737206, 0.0017071904754904952, 9.959672457223319e-05, -0.001718904909597712, -0.00019740106284840719], [0.045955589794711, -0.0036855494410477914, 0.011577612743458872, -0.004635134993865086, -0.0007814937280978782, 0.0006736793572347216, 0.0019570832713547465, 8.664146958191698e-05], [-0.012979563051534486, 0.000285461808567372, -0.004635134993865085, 0.0031366677611858393, -0.0010083238289536054, -0.0005467190371388736, -0.0002031272382416874, 0.00047447483315353776], [-0.008763872425833787, 0.0017071904754904952, -0.0007814937280978785, -0.0010083238289536056, 0.0027849059577316707, -0.00015676142046859982, -0.0007044266859993269, -0.0009982661804926035], [0.0007713211297064185, 9.959672457223321e-05, 0.0006736793572347216, -0.0005467190371388737, -0.00015676142046859977, 0.0010081401119375211, 0.0002574369576715264, -0.00042216818247021364], [0.01385764040255448, -0.0017189049095977125, 0.0019570832713547465, -0.00020312723824168744, -0.0007044266859993269, 0.00025743695767152644, 0.0012580784311416633, -2.03198684935387e-05], [0.0007542381234104297, -0.00019740106284840719, 8.664146958191705e-05, 0.00047447483315353776, -0.0009982661804926033, -0.00042216818247021374, -2.0319868493538716e-05, 0.0009541015325223533]], [[0.30834413866213617, 0.00353545180155474, 0.028415913976890292, 0.02814257010550396, -0.012984334343649578, 0.020389977357560977, -0.01028243107937937, -0.0025572884018011904], [0.0035354518015547403, 0.0012851637784543027, 0.000782776980600792, 8.687572600790382e-05, -0.001311911658646843, -0.000940442601050405, -0.00010542332903235443, 4.3676887157570395e-05], [0.028415913976890292, 0.0007827769806007921, 0.004764305779482044, 0.0030863013106785415, -0.0021970842971455098, 0.002864770724021361, -0.0016052492735554541, 5.577260206044256e-05], [0.028142570105503962, 8.687572600790382e-05, 0.0030863013106785415, 0.00487381454733483, -0.0024467680836522065, 0.0027657734488902175, -0.0013519789534143553, -0.0007467968897169444], [-0.012984334343649578, -0.001311911658646843, -0.0021970842971455098, -0.0024467680836522065, 0.004018668847684277, -0.0005410138885638562, 0.0001705079480532408, 0.0005557943542235349], [0.020389977357560977, -0.0009404426010504052, 0.0028647707240213607, 0.002765773448890217, -0.0005410138885638557, 0.005068227283133027, 0.0002696107044921229, -0.00044813334221513], [-0.010282431079379368, -0.00010542332903235443, -0.0016052492735554541, -0.0013519789534143553, 0.00017050794805324073, 0.0002696107044921229, 0.0023438262471914234, -8.140124404261523e-05], [-0.0025572884018011904, 4.367688715757042e-05, 5.577260206044266e-05, -0.0007467968897169444, 0.0005557943542235349, -0.0004481333422151301, -8.14012440426151e-05, 0.001470258731426627]], [[0.04527601438185643, 0.018685206089016932, -0.016208424798446072, -0.039698780641816644, -0.007653820010881142, -0.0012852623014020274, 0.0003296894056172234, 0.00044370148724089136], [0.01868520608901693, 0.009512730734425275, -0.005462082086915356, -0.01675219710227078, -0.0025788673202582846, -0.0008235222979322875, 0.001281932474625852, 0.0004393452611426674], [-0.01620842479844607, -0.005462082086915356, 0.007268027454653888, 0.01654198160863749, 0.0014420684942561056, 0.00040947276829445033, 0.00033758584078425185, 0.0003653298334794317], [-0.039698780641816644, -0.016752197102270782, 0.016541981608637492, 0.053604251129716826, -0.0014913970611803128, 0.0013720511833576032, -0.00175737173612363, 0.0011096155089021587], [-0.007653820010881142, -0.0025788673202582846, 0.0014420684942561058, -0.0014913970611803132, 0.013471854962503624, -0.0004243175471964951, 0.001113622269655785, -0.0014301020585592808], [-0.001285262301402027, -0.0008235222979322875, 0.00040947276829445033, 0.001372051183357603, -0.0004243175471964951, 0.0019614964470084503, 0.0011793933892030116, -0.0003353179410352358], [0.000329689405617223, 0.0012819324746258518, 0.0003375858407842519, -0.00175737173612363, 0.001113622269655785, 0.0011793933892030116, 0.002292605692331346, 0.0003120451682484629], [0.00044370148724089126, 0.00043934526114266744, 0.00036532983347943186, 0.0011096155089021583, -0.0014301020585592804, -0.0003353179410352356, 0.0003120451682484629, 0.0037381863679935567]], [[0.040275322015850955, 0.012596704863188252, -0.008331018940385057, 0.005823990428756474, -0.003556685457309915, -0.0025716293943877488, -0.0015854775774373684, -0.004558178037132021], [0.012596704863188254, 0.004299192025240551, -0.0022974314665598823, 0.0016706187109023294, -0.0017359224728300286, -0.00035573507682933514, 9.823960336821369e-05, -0.0013134558421687755], [-0.008331018940385055, -0.002297431466559882, 0.002815995409510527, -0.001737364288474481, 0.0005327115637691176, 0.0010654489964275064, 0.00011096979777554715, 0.0013304776605652074], [0.005823990428756473, 0.001670618710902329, -0.0017373642884744814, 0.001646873986035587, -0.0009156124530503112, -0.0005459127201341087, -0.00012022155722906572, -0.0014619982405732024], [-0.003556685457309915, -0.0017359224728300286, 0.0005327115637691176, -0.0009156124530503114, 0.002934836765731617, -0.0012707773985030175, -0.0019659789837391207, 0.0010868672593653478], [-0.0025716293943877488, -0.00035573507682933514, 0.0010654489964275064, -0.0005459127201341087, -0.0012707773985030178, 0.0018707822534296467, 0.0018547262122086273, 0.0002909647755822562], [-0.0015854775774373684, 9.823960336821371e-05, 0.00011096979777554724, -0.00012022155722906572, -0.0019659789837391207, 0.0018547262122086273, 0.0029689774211183063, 0.00032429282505399003], [-0.00455817803713202, -0.0013134558421687753, 0.0013304776605652076, -0.0014619982405732024, 0.0010868672593653478, 0.0002909647755822562, 0.0003242928250539901, 0.0031859906118052203]], [[0.32816315952753244, 0.02166058412550043, -0.06301957515687431, 0.016923553967095595, 0.03291810393028249, -0.014363683845323136, 0.0010276462406387087, -0.005578366995341029], [0.02166058412550043, 0.0017600232499876065, -0.003680961487472062, 0.0012637665317918143, 0.002128052235123389, -0.00040680973681122727, 0.0003162457607851082, -0.001206802033646739], [-0.06301957515687431, -0.0036809614874720627, 0.012924748465382004, -0.003031318061883225, -0.0063904547998118386, 0.0032454830155693466, -9.648713390610325e-05, -0.00011263131009639957], [0.0169235539670956, 0.0012637665317918145, -0.003031318061883225, 0.0016099581900016083, 0.0009051231215238771, -0.0002555149148838506, 0.00032494711626459655, -0.0010621130989556837], [0.03291810393028249, 0.0021280522351233896, 