{"accuracy_init": 0.7905982732772827, "accuracy_final_MAP": 0.8760683536529541, "accuracy_final_mean": 0.8760683536529541}