,X,Y,Z,id,nugget
0,100.0,0.0,-825.0,17377504,1e-05
1,300.0,0.0,-822.1406040189853,17377504,1e-05
2,900.0,0.0,-825.0,17377504,1e-05
3,100.0,0.0,-844.9999999999999,40779091,1e-05
4,300.0,0.0,-845.8446324867851,40779091,1e-05
5,900.0,0.0,-844.9999999999999,40779091,1e-05
