{"weights": [0.5616069733504343, 0.19604561075201318, 0.24234741589755265], "means": [[-2.1136268417431894, -0.5229381203326668, 0.044311899756834486, -0.045491772386875906, 0.01612158925410091, 0.0024578835965690777, 0.0004881253428304455, -0.015239840549468281], [4.030413923598185, -2.7223030223246725, -0.048533561548512766, 0.09472580980638962, -0.07061489629849191, -0.0272296839842608, -0.0038709620434795072, -0.04521627993123075], [1.8197177505559965, 3.6108531740050234, -0.017325459282610478, -0.010049357834934627, 0.010777063605111867, 0.020856864077591013, 0.025069276014549488, 0.0027023760898629446]], "cov": [[[0.02533941196234699, -0.010916662352847013, 0.005991998266115562, -0.07016641268164556, 0.023658367241135594, -0.022485760597321342, -0.013100936195535297, 0.008544773887547078], [-0.010916662352847013, 0.03474517947948623, -0.013769220789073014, 0.0465728211103718, -0.03962594715920051, 0.0011347807429726395, -0.015268690692817461, -0.005028275425339873], [0.00599199826611556, -0.013769220789073016, 0.018678567581270324, -0.08711748851320453, 0.02940204456566562, -0.011430670249992286, 0.013359947119293804, -0.006823201969441378], [-0.07016641268164556, 0.0465728211103718, -0.08711748851320454, 0.5652165626547363, -0.15257350833112276, 0.11783689896369827, -0.0033093232254456676, 0.023543696664777545], [0.023658367241135594, -0.03962594715920051, 0.02940204456566562, -0.15257350833112276, 0.07362265948101479, -0.016742321706958226, 0.006140039087656276, -0.009668202031670032], [-0.022485760597321342, 0.0011347807429726406, -0.011430670249992286, 0.11783689896369828, -0.016742321706958226, 0.04677268344601454, 0.004567473412593122, -0.012681158743496264], [-0.013100936195535297, -0.015268690692817461, 0.013359947119293804, -0.003309323225445667, 0.006140039087656278, 0.004567473412593123, 0.04499154710857557, 0.003383193258379475], [0.008544773887547078, -0.005028275425339873, -0.006823201969441378, 0.02354369666477754, -0.009668202031670032, -0.012681158743496266, 0.0033831932583794767, 0.02335897082721479]], [[0.39729894487604833, 0.10907763954727598, 0.0021738246472063666, -0.25956826280632506, -0.07278186802982234, 0.08574889619141961, -0.05333656996093333, -0.07009820492109049], [0.10907763954727598, 0.17071525319654107, 0.013362844299671807, 0.0925181882289466, 0.299407029985234, 0.005303548936378161, -0.07337985758623049, -0.042434615342029386], [0.0021738246472063688, 0.013362844299671805, 0.010294916547730446, -0.04588971535863359, 0.025623881270607912, 0.042631738313826426, -0.016340221021786255, 0.0070625879026186555], [-0.25956826280632506, 0.09251818822894661, -0.04588971535863359, 1.0231118481495516, 0.43022258566026583, -0.3782433334744724, 0.0673407059990232, -0.10696315712427956], [-0.07278186802982234, 0.29940702998523394, 0.02562388127060791, 0.43022258566026583, 0.8850429086346624, -0.025078613223868316, -0.18082558086574446, -0.009891596431785785], [0.08574889619141962, 0.005303548936378161, 0.04263173831382643, -0.3782433334744725, -0.025078613223868302, 0.34200698461668244, -0.10345470080723929, 0.047032500889479766], [-0.05333656996093333, -0.07337985758623049, -0.01634022102178626, 0.06734070599902321, -0.1808255808657445, -0.10345470080723929, 0.09360458262272796, 0.025236721880415015], [-0.07009820492109049, -0.0424346153420294, 0.007062587902618655, -0.10696315712427956, -0.009891596431785783, 0.04703250088947978, 0.02523672188041502, 0.2279879427369967]], [[0.18572133793090007, -0.11808085380906491, 0.712967327860204, 0.12402219058957517, 0.1755760622986598, 0.024711773130272913, 0.037378501944105975, 0.05578598294992212], [-0.11808085380906491, 0.2287759878524598, 0.26414088625077536, -0.09179030068252271, -0.235392062919856, -0.033487932754700654, -0.03896203334828247, -0.048997411904919554], [0.712967327860204, 0.26414088625077536, 8.189907207687671, 0.5025350368202532, -0.18134231824101646, -0.0004896905606658308, -0.03980209799508683, 0.01593475803029561], [0.12402219058957514, -0.0917903006825227, 0.5025350368202531, 0.15174326024907447, 0.07090895819762907, 0.004996839086724904, -0.03548543246383025, 0.04292140442601132], [0.17557606229865982, -0.23539206291985607, -0.18134231824101646, 0.07090895819762909, 0.37981807405330353, 0.08771163887390315, 0.15894915202347756, 0.0504814978699013], [0.024711773130272913, -0.033487932754700654, -0.0004896905606658308, 0.004996839086724905, 0.08771163887390314, 0.04964303691112749, 0.08189468856519429, -0.01954564437801087], [0.03737850194410599, -0.03896203334828247, -0.039802097995086834, -0.03548543246383024, 0.15894915202347756, 0.08189468856519429, 0.20694805210944492, -0.030894868184424756], [0.05578598294992212, -0.04899741190491956, 0.01593475803029561, 0.04292140442601132, 0.05048149786990129, -0.01954564437801087, -0.030894868184424763, 0.0482304479455028]]]}