{"accuracy_init": 0.7722222208976746, "accuracy_final_MAP": 0.855555534362793, "accuracy_final_mean": 0.9833333492279053}