{"accuracy_init": 0.7751677632331848, "accuracy_final_MAP": 0.47651007771492004, "accuracy_final_mean": 0.5906040072441101}