{"weights": [0.10664271771893152, 0.22099793167746615, 0.31123906159335907, 0.11105855974905829, 0.08903725223111326, 0.1610244770300716], "means": [[-3.7222110915840823, 0.46165102328900776, 0.3837525411731736, -0.13435852657508793, -0.03102564441898447, 0.08189618524928202, -0.0635549599608652, 0.017768642760511384], [-1.0331426467260771, 0.5558046678055325, 0.5281637924819538, 5.45362458385325e-05, 0.047799470767166195, -0.03801810220564468, 0.02031156880677804, -0.012912470470218448], [3.9191940494045885, -0.4424762939132799, -0.09507712695897132, -0.019241416404548253, 0.025904804138599965, 0.004061906703083021, -0.009659404897361827, -0.002198885168978235], [2.68675709785012, -0.0245872389414876, 0.2042164316928486, 0.08508956788014586, -0.10680434880965403, 0.00522782817841114, 0.018880494733358726, 0.013586239763705463], [0.7474779915250407, 1.4403353849783047, -1.0712407611672738, 0.013650391413462049, 0.001808904267624796, -0.0010101743859842792, 0.009173196594129494, -0.0007974819361504936], [-6.852685486031727, -0.6525275489976061, -0.29227938980705515, 0.03771039699450574, -0.001650132890255918, -0.007932935394691015, 0.008361422611873842, -0.0016853118190336873]], "cov": [[[0.2024744288685818, 0.0231405193246294, 0.03692647168622077, -0.010371020874528389, 0.007085373622505338, 0.0005903464903757344, 0.01119857160790165, 0.0006064154207061376], [0.0231405193246294, 0.003669122806272111, 0.002506218812073446, 0.00015208467035224518, 0.0015934645137716753, -0.00015024825313258387, 0.0014523029326353111, 0.0002022944389494997], [0.03692647168622076, 0.002506218812073445, 0.01022572727844997, -0.004409828834898596, 0.0003663089276339542, 0.0007024126414422295, 0.0014011934940998793, 4.156465195895863e-05], [-0.010371020874528389, 0.00015208467035224502, -0.004409828834898596, 0.00324207609227881, 0.001266819802447157, -0.0005845361312432172, -1.4527603359489756e-05, 0.0005375161692048576], [0.007085373622505338, 0.0015934645137716753, 0.0003663089276339542, 0.001266819802447157, 0.00295703841738382, 0.000136653674982476, 0.0006378953822737135, 0.0010995161545020026], [0.0005903464903757344, -0.00015024825313258387, 0.0007024126414422295, -0.0005845361312432172, 0.00013665367498247598, 0.0010224167026679938, 0.00023737820767746643, -0.0004236139435295088], [0.01119857160790165, 0.0014523029326353111, 0.0014011934940998797, -1.452760335948975e-05, 0.0006378953822737134, 0.00023737820767746643, 0.0011216446364347616, -2.2910490290272485e-05], [0.0006064154207061376, 0.0002022944389494996, 4.1564651958958734e-05, 0.0005375161692048576, 0.0010995161545020024, -0.00042361394352950874, -2.2910490290272478e-05, 0.0010096019244592754]], [[0.34125164469239844, -0.0039109476545360865, 0.03148255351644194, 0.031177731703029146, 0.014392562875729023, 0.022598525060409234, -0.01139168174707074, -0.0028331623365883923], [-0.0039109476545360865, 0.0012595778086874727, -0.0008318396409709308, -0.00011124278967044613, -0.0012920827871595456, 0.0008424605704846371, 9.360707081355986e-05, -5.3563857628712414e-05], [0.03148255351644194, -0.0008318396409709308, 0.005077522898854668, 0.0033693895260528206, 0.0023694343769989877, 0.003108718586865136, -0.0016712738698527602, 3.8943680629087375e-05], [0.031177731703029146, -0.00011124278967044614, 0.0033693895260528206, 0.0052139817490681655, 0.002615408728937229, 0.0029880105075612167, -0.0014666545240314456, -0.0008146016585969279], [0.014392562875729023, -0.0012920827871595458, 0.0023694343769989873, 0.002615408728937229, 0.0040712741137620585, 0.0007523606145043178, -0.00019952335361019953, -0.000576159812193448], [0.022598525060409234, 0.0008424605704846371, 0.003108718586865136, 0.0029880105075612167, 0.000752360614504318, 0.005130294705688867, 0.0001710576722652346, -0.0004642544966798828], [-0.01139168174707074, 9.360707081355986e-05, -0.0016712738698527602, -0.0014666545240314456, -0.0001995233536101996, 0.00017105767226523451, 0.002353882722298596, -5.214391711039529e-05], [-0.002833162336588392, -5.356385762871239e-05, 3.894368062908742e-05, -0.0008146016585969279, -0.000576159812193448, -0.0004642544966798829, -5.21439171103953e-05, 0.001474706770519257]], [[0.04780194587020599, -0.019741473503260096, -0.017129634553714135, -0.042155403012363694, 0.008085743973329763, -0.0013610434897089385, 0.00036658693619129676, 0.0004686593957282322], [-0.019741473503260096, 0.009942673012484454, 0.005859005929957839, 0.017787640679577908, -0.0027375506733705642, 0.0008565303937971163, -0.0012927791010832856, -0.0004587286467876746], [-0.017129634553714135, 0.005859005929957839, 0.007612027255329159, 0.01752968517635644, -0.0015360955867046566, 0.00044078314791972203, 0.0003093283968864478, 0.0003765236241614719], [-0.042155403012363694, 0.017787640679577908, 0.01752968517635644, 0.056579923946150155, 0.0015475348976850818, 0.0014547160039517914, -0.0018507889539419592, 0.0011736940186336537], [0.008085743973329763, -0.0027375506733705642, -0.0015360955867046566, 0.0015475348976850814, 0.013951473530099436, 0.0004248341386572219, -0.0011608984912340713, 0.0015022067196667666], [-0.0013610434897089385, 0.0008565303937971163, 0.00044078314791972203, 0.0014547160039517914, 0.00042483413865722185, 0.001933244470114465, 0.00115103540557062, -0.0003089217820335647], [0.0003665869361912968, -0.0012927791010832854, 0.0003093283968864478, -0.0018507889539419592, -0.0011608984912340713, 0.0011510354055706197, 0.0022783233697147476, 0.0003241102951770239], [0.0004686593957282321, -0.00045872864678767473, 0.00037652362416147183, 0.0011736940186336537, 0.0015022067196667668, -0.00030892178203356484, 0.000324110295177024, 0.003696398102490522]], [[0.03854218627320082, -0.012046235949130334, -0.007969980446923305, 0.005560009607602382, 0.003365292223471203, -0.00248101485640512, -0.0015486698442880946, -0.004340419799365297], [-0.012046235949130334, 0.004142419736809204, 0.0021820421251125817, -0.0016024613531290673, -0.0017472546251200026, 0.0002693938735929221, -0.00019164697458800688, 0.001251477491129125], [-0.007969980446923305, 0.0021820421251125812, 0.002709122567633933, -0.0016671147006016818, -0.00047532006048368197, 0.0010486066966822758, 0.00014414653580383988, 0.001290487975240948], [0.005560009607602381, -0.0016024613531290673, -0.0016671147006016818, 0.0015981019609739356, 0.0009100315993415489, -0.0005199410702744465, -9.894686521915812e-05, -0.0014306816536369968], [0.0033652922234712027, -0.0017472546251200026, -0.00047532006048368197, 0.0009100315993415489, 0.003194620862609744, 0.0014901679447762721, 0.002263203796856997, -0.001091930993478438], [-0.00248101485640512, 0.00026939387359292195, 0.0010486066966822758, -0.0005199410702744465, 0.0014901679447762721, 0.00202238163754808, 0.002086849630675361, 0.0002496375480426323], [-0.001548669844288095, -0.0001916469745880069, 0.00014414653580383977, -9.89468652191581e-05, 0.002263203796856997, 0.0020868496306753605, 0.0032687308141645293, 0.0002703818181029287], [-0.004340419799365297, 0.001251477491129125, 0.0012904879752409478, -0.0014306816536369968, -0.001091930993478438, 0.0002496375480426323, 0.0002703818181029287, 0.003144514274531773]], [[0.3862264088148535, -0.025480470569721303, -0.07418697632395821, 0.019903058191055437, -0.03877998136665738, -0.01695150630849885, 0.0011694743738512963, -0.006547516654905681], [-0.025480470569721303, 0.002008607901446597, 0.004414314891213762, -0.0014395578134102902, 0.0025241778256482566, 0.0006059477951461071, -0.00030991764150666603, 0.0012078830382420195], [-0.07418697632395821, 0.004414314891213763, 0.015089601195991608, -0.003620472782401312, 0.0075202356819333745, 0.003700616562839523, -0.00014918330502407327, 0.0001595202265336311], [0.019903058191055433, -0.0014395578134102902, -0.0036204727824013117, 0.0017854402990499397, -0.001167473408504294, -0.00045332676973693623, 0.0002881612832165226, -0.0010704093822805514], [-0.03877998136665738, 0.0025241778256482566, 0.007520235681933374, -0.001167473408504294, 