,X,Y,Z,id,nugget
0,100.0,0.0,-824.9999999999999,97306803,1e-05
1,300.0,0.0,-812.6221840565295,97306803,1e-05
2,900.0,0.0,-824.9999999999999,97306803,1e-05
3,100.0,0.0,-844.9999999999999,14347132,1e-05
4,300.0,0.0,-828.6758714330967,14347132,1e-05
5,900.0,0.0,-844.9999999999999,14347132,1e-05
6,100.0,0.0,-855.0,18463214,1e-05
7,300.0,0.0,-838.633039085438,18463214,1e-05
8,900.0,0.0,-855.0,18463214,1e-05
