,X,Y,Z,id,nugget
0,100.0,0.0,-825.0,80419618,1e-05
1,300.0,0.0,-823.5648058704068,80419618,1e-05
2,900.0,0.0,-825.0,80419618,1e-05
3,100.0,0.0,-844.9999999999999,93619955,1e-05
4,300.0,0.0,-840.4945658293509,93619955,1e-05
5,900.0,0.0,-844.9999999999999,93619955,1e-05
