{"entropy_prior_gmm": 1.1512925464970228e-08, "entropy_Mean_gmm": 0.0002805076655931771, "entropy_z_nk_prior": 0.0014551250837695655, "entropy_Mean_z_nk": 0.01758914506377125, "entropy_mixing_prior": 88.99072030499339, "entropy_Mean_mixing": 1.6229626800059354}