{"weights": [0.05602344588065268, 0.11553943709632965, 0.3089804793678005, 0.2845502370744973, 0.1538639810772531, 0.08104241950346673], "means": [[3.867521941617425, 0.42282112746869444, -0.39201998423386075, 0.14698877314312475, -0.04026335200788404, 0.019876762706521892, 0.10476307587961306, 0.007449769720263876], [-0.6755973976309463, 1.4797665640882618, 1.0124833537175155, -0.005463568659816017, -0.001229799668081824, 0.001963588024182335, -0.005849706076853864, 0.0005148634947611062], [-3.9223291166934557, -0.4470075142642692, 0.10735046904529184, 0.032520070689556736, 0.028059345779659472, 0.0005396778684983439, 0.009324772149436373, 0.0036051823922096885], [1.0723439257468401, 0.5387438917382507, -0.5475967018501565, 0.00030381050445355294, 0.0495973459334738, -0.012003884146531264, -0.04179023916482694, 0.006152545204988596], [-2.7067312707771354, -0.034995056149631644, -0.20145334438575616, -0.09942028707578095, -0.10084484896993953, 0.006732696976872317, -0.007538642364746226, -0.019977255085865696], [6.870503082849288, -0.6467915358349868, 0.30814590519122964, -0.043248292060704845, -0.0018065205430989573, -0.0007269000403897946, -0.011771871753673424, -0.0010555574415981091]], "cov": [[[0.2007611024813518, -0.026844599341782474, 0.03209414794874019, -0.005356190324133752, -0.008072890124919387, -0.0005831926432787102, 0.007044510972511735, 0.004265559819417982], [-0.026844599341782478, 0.004709250006778148, -0.0025548889434037977, -0.0006948258536698591, 0.0013614375412766058, -0.00016237305163063108, -0.0011950439396724996, -0.0005365249858998698], [0.032094147948740194, -0.0025548889434037977, 0.008780072236567026, -0.0038744937718211097, -0.0008408052409331242, -0.000259361655248841, 5.466223759807916e-06, 0.0010979436766676894], [-0.005356190324133752, -0.0006948258536698592, -0.0038744937718211106, 0.0034306479559985752, -0.001087587371758443, 0.0002047296310140351, 0.0008860061856608369, -0.00019546794373719216], [-0.008072890124919387, 0.0013614375412766058, -0.0008408052409331242, -0.0010875873717584427, 0.002552817295124856, 0.00034102095614583935, -0.0004653859374100381, -0.0006041389980809986], [-0.0005831926432787102, -0.00016237305163063108, -0.0002593616552488409, 0.00020472963101403506, 0.0003410209561458395, 0.0019640628930654726, -0.0001514029346135515, 6.416736752136224e-05], [0.007044510972511735, -0.0011950439396724993, 5.4662237598078845e-06, 0.0008860061856608369, -0.00046538593741003796, -0.00015140293461355153, 0.0009129493529831669, -0.00011131455996715778], [0.004265559819417982, -0.0005365249858998699, 0.0010979436766676896, -0.00019546794373719216, -0.0006041389980809985, 6.416736752136224e-05, -0.00011131455996715776, 0.0009539890886586555]], [[0.2660830884846031, 0.018235828446154945, -0.053893320565251715, 0.0076964095466617215, 0.039497312982492795, 0.0040221812490275595, 0.012128207711293127, -0.011330666872984108], [0.018235828446154945, 0.0020804665040042303, -0.0029482198835900962, 0.00027921806363923724, 0.003034344674461575, 0.00015648377164417687, 0.0010692184514534075, -0.0011236778620106918], [-0.053893320565251715, -0.0029482198835900967, 0.011893427181008318, -0.0015878052440954382, -0.007979710894938078, -0.0005739985847185776, -0.002387344140604363, 0.002088240252210495], [0.007696409546661721, 0.0002792180636392372, -0.0015878052440954382, 0.0010896391494632383, 0.00012892577987013004, 9.08791789131749e-05, 0.00022676920488550506, -0.00030688794073430116], [0.03949731298249279, 0.003034344674461575, -0.007979710894938078, 0.0001289257798701301, 0.008351782082014836, 0.0013946254648265616, 0.00189245173601824, -0.003265127808010221], [0.004022181249027559, 0.00015648377164417685, -0.0005739985847185775, 9.087917891317488e-05, 0.0013946254648265612, 0.004551163547410193, -0.00058035340578026, 0.00034475969853823706], [0.012128207711293125, 0.0010692184514534075, -0.002387344140604363, 0.00022676920488550506, 0.0018924517360182397, -0.00058035340578026, 0.0008028730217234263, -0.0008754807253346763], [-0.011330666872984108, -0.001123677862010692, 0.0020882402522104954, -0.0003068879407343012, -0.0032651278080102213, 0.00034475969853823706, -0.0008754807253346763, 0.0038084918552391527]], [[0.045388078896575854, 0.019501662460776264, -0.016361499745907438, -0.04177617695730246, -0.008899939090464824, 0.0015685688037090258, 0.0011627131226116599, -0.00024593706871858817], [0.019501662460776264, 0.010341914727007342, -0.005828290934255647, -0.019441387696422237, -0.002725675805615374, 0.0004666134490740662, 0.001552323180267899, 0.0003155865400648071], [-0.016361499745907435, -0.005828290934255647, 0.007353868855889027, 0.01719154121586652, 0.0021817521427146443, -0.0004104771584085535, -0.00025022568238326423, 0.0002946426709527414], [-0.04177617695730245, -0.019441387696422233, 0.01719154121586652, 0.05984860715773437, -0.0015842322302334023, -6.343820711799329e-06, -0.0035784807168979544, 0.00034847245163885], [-0.008899939090464824, -0.002725675805615374, 0.0021817521427146447, -0.001584232230233401, 0.014058965036747204, -0.00036679811268317425, 0.0017116237398361888, -0.00070866804365555], [0.0015685688037090253, 0.00046661344907406624, -0.00041047715840855344, -6.343820711799591e-06, -0.00036679811268317447, 0.004130798050037605, -0.0005693669118118944, -0.00015229363070024], [0.0011627131226116599, 0.001552323180267899, -0.0002502256823832643, -0.003578480716897955, 0.0017116237398361888, -0.0005693669118118944, 0.0010364784361010181, -8.449084148432945e-05], [-0.00024593706871858817, 0.00031558654006480714, 0.00029464267095274146, 0.00034847245163885013, -0.0007086680436555502, -0.00015229363070023999, -8.449084148432947e-05, 0.0031380104978117073]], [[0.4798139307962946, 0.0002702959474662752, 0.03562276132868875, 0.04013700122209714, -0.006065662293359298, -0.005737603115605892, -0.024110811376965878, -0.012735441970795047], [0.00027029594746627524, 0.001338711045892764, 0.0004063232465612428, 0.00018625705507054107, -0.0014749883653887245, 0.0002851127894587349, 0.0007188346012817892, 0.00016715871859516204], [0.03562276132868875, 0.0004063232465612428, 0.004802847321476053, 0.003024840424226367, -0.0014334409167745807, -0.001070241054802872, -0.0029922163582596006, -0.0007446482447503102], [0.04013700122209714, 0.00018625705507054093, 0.003024840424226367, 0.006021578766698013, -0.0019672825623919974, -0.0011956960426364918, -0.0019241749949630168, -0.001859756184203711], [-0.006065662293359298, -0.0014749883653887245, -0.001433440916774581, -0.001967282562391998, 0.0035042116151045503, 0.00053626392295329, -0.00024829899990762045, 0.00014723760262490263], [-0.005737603115605893, 0.00028511278945873473, -0.001070241054802872, -0.0011956960426364918, 0.00053626392295329, 0.003349396788076549, 0.0006798457718899001, 0.0001742987327943307], [-0.02411081137696588, 0.0007188346012817893, -0.002992216358259601, -0.0019241749949630172, -0.0002482989999076204, 0.0006798457718899003, 0.002925179332242257, 0.0004625749074936913], [-0.012735441970795047, 0.00016715871859516201, -0.0007446482447503102, -0.001859756184203711, 0.00014723760262490263, 0.00017429873279433075, 0.0004625749074936912, 0.002236195153498919]], [[0.04935129533927913, 0.014922507506545349, -0.010002133700785013, 0.005423016272775275, -0.0027255038758531793, 0.00479120274152284, -0.00027444262280775097, -0.00038400133920867994], [0.014922507506545349, 0.005012047724545082, -0.0026058618137672048, 0.0013137237621134719, -0.0012197691143938326, 0.00109914496088426, 0.00015699864587154086, -0.0002718715459661445], [-0.010002133700785013, -0.0026058618137672043, 0.002998559847047981, -0.0014714004940570742, 0.00039050432504428935, -0.0009681178338944409, -0.00030090710269597553, -7.270423145472527e-05], [0.005423016272775276, 0.0013137237621134719, -0.0014714004940570744, 0.002067498643416798, -0.0011485425474027713, 0.0005710395349579825, 5.196769263159277e-05, -0.0005066176461390188], [-0.0027255038758531797, 