,X,Y,Z,id,nugget
0,100.0,0.0,-825.0,81846690,1e-05
1,300.0,0.0,-823.6865306278379,81846690,1e-05
2,900.0,0.0,-825.0,81846690,1e-05
3,100.0,0.0,-844.9999999999999,64282899,1e-05
4,300.0,0.0,-840.3649349453566,64282899,1e-05
5,900.0,0.0,-844.9999999999999,64282899,1e-05
