{"accuracy_init": 0.7751677632331848, "accuracy_final_MAP": 0.8859060406684875, "accuracy_final_mean": 0.6442952752113342}