{"accuracy_init": 0.7722222208976746, "accuracy_final_MAP": 0.6888889074325562, "accuracy_final_mean": 0.6833333373069763}