{"weights": [0.1711405966292955, 0.16779136760488042, 0.30199953547698516, 0.12417051695413668, 0.15435771935366688, 0.0805402639810353], "means": [[-6.869661954156285, -0.647775933096474, -0.30718430511076417], [4.105089805201408, -0.521742624092987, -0.1825417744636369], [3.2281251924395065, -0.20393772509779726, 0.08481797401304217], [-0.6622447945984168, 0.5397039070987065, 0.5856698087664588], [-2.9839390488716386, 0.47750010161722706, 0.4313451303498461], [0.6805590943251961, 1.4809068239087246, -1.0146319241176918]], "cov": [[[0.00574908428821026, -0.0003886963730734993, 0.0009374129562497763], [-0.0003886963730734993, 0.008124136332170387, -0.005836435369891647], [0.0009374129562497763, -0.005836435369891647, 0.005165185486333107]], [[0.007791740334140711, -0.0013700118946777238, 0.0006003019047424516], [-0.0013700118946777238, 0.0033020481949986736, -0.001414886643585236], [0.0006003019047424516, -0.001414886643585236, 0.0007927652265113611]], [[0.2814492628150304, -0.09156323233879156, -0.061334576011435306], [-0.09156323233879156, 0.03083471441138275, 0.019315351197219603], [-0.061334576011435306, 0.019315351197219603, 0.014164007334354686]], [[0.052077169050412264, -0.004144932837360577, -0.00247514403867133], [-0.004144932837360577, 0.0012443196166374833, -0.0005968285147899547], [-0.00247514403867133, -0.0005968285147899547, 0.0011830235019304831]], [[1.0114687412876409, 0.062128056025536664, 0.04580368811025157], [0.062128056025536664, 0.005519666899957668, 0.002740498084844637], [0.04580368811025157, 0.002740498084844637, 0.006020861976079068]], [[0.25367916229428084, -0.01698115095527716, -0.051587564512386934], [-0.01698115095527716, 0.001994034473034444, 0.002721587786299684], [-0.051587564512386934, 0.002721587786299684, 0.0114074160555064]]]}