{"weights": [0.17217762390048078, 0.16759771242483115, 0.2979685578129093, 0.12910744864870732, 0.15485724593310116, 0.07829141127997039], "means": [[6.781951437487191, -0.6527378878970796, 0.29053841329943575, -0.03547971149416395, -0.0013694627927792696, 0.008038263249148985, -0.008770481813281272, 0.0018081442159356986, -0.002308170870593683, 0.0010018306785505538], [-4.029870149881753, -0.5167904241172707, 0.1719272556611138, 0.21678691235107614, 0.04101943863411021, 0.0004857686568201733, 0.007587160697275844, 0.008556141647231391, -0.001020119806690561, -0.006404988005571638], [-3.2343886368676396, -0.20614601883550734, -0.08695786471644325, -0.13869710271084346, -0.04400095926204223, -0.0069178221601273624, -0.0022310237957912493, -0.008584253372772844, 0.00040952684006388495, 0.003688997061153741], [0.6479156147596606, 0.5430386662939675, -0.5594899647250358, -0.03886465081951979, 0.06234740714834501, 0.00521742068944128, -0.0044462455813470405, 0.014620019984617432, -0.0062169767331898326, 0.00873631740167909], [2.8492653519198092, 0.506325600595967, -0.40556121443595206, 0.10962192444619782, -0.011779150466574469, -0.0009720993115481785, 0.013794335019023551, -0.006528716215776099, 0.00811323972514775, -0.011880443119371805], [-0.6825431335358758, 1.429355490957195, 1.048777821304912, -0.01091864221224379, 0.0031485098201547443, 0.0009298524233058187, -0.008415283508005618, -0.0008175687517844098, -9.422431968532435e-05, 0.0065602653112094445]], "covariances": [[[0.7697828423249035, -0.009032346309822222, 0.009118956203552492, -0.0185538583960673, -0.0031671771249779635, 0.00045580467481776165, -0.0011230138116458607, -0.0005942204134742685, -3.957626181634097e-05, 0.00012601515310589593], [-0.009032346309822222, 0.008338155178300898, 0.006060323927245409, -0.0035957856826567074, 0.00036324459669432463, -0.001957840626318787, 0.0037211066845899555, -0.00021459524673800745, 5.402581787636376e-06, -0.0035420751134463578], [0.009118956203552492, 0.006060323927245409, 0.005714907942934957, -0.003371169097996518, 0.00017854255053676148, -0.001248838599729507, 0.0026285227590699943, -0.00031605057063637524, 3.256302326074957e-05, -0.003082322769528279], [-0.0185538583960673, -0.0035957856826567074, -0.003371169097996518, 0.0024744127125416633, -0.00019113573260719577, 0.000862079802806008, -0.0016124287236401454, 0.00012535409246240039, 2.903036339087152e-05, 0.0017965720083860345], [-0.0031671771249779635, 0.00036324459669432463, 0.00017854255053676148, -0.00019113573260719577, 0.0002735287014454621, -0.0001451434206410057, 7.655268481572082e-05, 5.150406684722105e-07, -7.339642968988807e-05, -0.000152844794043661], [0.00045580467481776165, -0.001957840626318787, -0.001248838599729507, 0.000862079802806008, -0.0001451434206410057, 0.0008149459152454226, -0.0007408279360785354, -5.8830175193976775e-05, 6.307550109235924e-05, 0.0007924351492713379], [-0.0011230138116458607, 0.0037211066845899555, 0.0026285227590699943, -0.0016124287236401454, 7.655268481572082e-05, -0.0007408279360785354, 0.0018262078184079563, -9.773925369351804e-05, 5.493248660767992e-05, -0.0014987791373225025], [-0.0005942204134742685, -0.00021459524673800745, -0.00031605057063637524, 0.00012535409246240039, 5.150406684722105e-07, -5.8830175193976775e-05, -9.773925369351804e-05, 0.0001956973884167608, -1.2435964275308492e-05, 0.0001286736131130693], [-3.957626181634097e-05, 5.402581787636376e-06, 3.256302326074957e-05, 2.903036339087152e-05, -7.339642968988807e-05, 6.307550109235924e-05, 5.493248660767992e-05, -1.2435964275308492e-05, 0.00023640561077564986, -5.198241027012866e-05], [0.00012601515310589593, -0.0035420751134463578, -0.003082322769528279, 0.0017965720083860345, -0.000152844794043661, 0.0007924351492713379, -0.0014987791373225025, 0.0001286736131130693, -5.198241027012866e-05, 0.0018119588257644113]], [[0.833988851710912, -0.0050716257794632584, 0.006012450723310244, -0.021755471484808154, -0.006256017935003074, 0.00043226946239442623, -0.0019706573108831263, -0.00044344437340914657, 0.00012179102716833646, 0.0007168959333412473], [-0.0050716257794632584, 0.004255997401201034, -0.0001085284428817831, -0.003336090500207496, 0.002517526197054334, -0.00036030574791080555, 0.001257659099155752, -0.00023141287324416343, 0.0003234834449584058, 8.434863233614856e-05], [0.006012450723310244, -0.0001085284428817831, 0.0017568219732097459, 0.0003355711764597958, 0.001465437221362512, -8.332876138870699e-05, 0.0004962092879593349, -0.00032216133208153405, 6.090050430965141e-05, -0.00015486043889837242], [-0.021755471484808154, -0.003336090500207496, 0.0003355711764597958, 0.018065004288298044, -0.005453709798943505, 0.001100239838571052, -0.002187104737072487, -0.0008543409375467172, -0.0012870262179165814, 0.000930137363670639], [-0.006256017935003074, 0.002517526197054334, 0.001465437221362512, -0.005453709798943505, 0.014343560570911849, -0.0012141066832831841, 0.0035521924010839382, -0.0002586861060284378, 0.00015276290960672786, 0.001573706688799269], [0.00043226946239442623, -0.00036030574791080555, -8.332876138870699e-05, 0.001100239838571052, -0.0012141066832831841, 0.0011671603648010602, 0.0005682167949743577, -0.0006556020589862708, 0.00035026038119445813, -6.338102902578699e-05], [-0.0019706573108831263, 0.001257659099155752, 0.0004962092879593349, -0.002187104737072487, 0.0035521924010839382, 0.0005682167949743577, 0.002367004812116459, -0.00017876615293947837, 0.00018090908453504426, 0.0001821029615889291], [-0.00044344437340914657, -0.00023141287324416343, -0.00032216133208153405, -0.0008543409375467172, -0.0002586861060284378, -0.0006556020589862708, -0.00017876615293947837, 0.0030475437795879513, -0.00013413084083891452, 2.2690861059121494e-05], [0.00012179102716833646, 0.0003234834449584058, 6.090050430965141e-05, -0.0012870262179165814, 0.00015276290960672786, 0.00035026038119445813, 0.00018090908453504426, -0.00013413084083891452, 0.0015351190697821219, 0.00012199347615456624], [0.0007168959333412473, 8.434863233614856e-05, -0.00015486043889837242, 0.000930137363670639, 0.001573706688799269, -6.338102902578699e-05, 0.0001821029615889291, 2.2690861059121494e-05, 0.00012199347615456624, 0.0010305903829921754]], [[0.32813182750468906, 0.10282840936020439, -0.0650173369508742, 0.02972881580204506, -0.033396553605586965, -0.00010531494623220702, -0.007971133551836481, -0.001730029391274153, -0.005700066726563756, 0.001696132285136062], [0.10282840936020439, 0.03393150015881998, -0.02016454426721945, 0.009842692183589142, -0.013238469395394586, -1.4906599223939788e-05, -0.0019686257387987256, 1.976945637530259e-05, -0.001809888974640106, 0.0002161089963217877], [-0.0650173369508742, -0.02016454426721945, 0.01409162961690943, -0.0059669456238751264, 0.005796264279392545, 0.00026631132031698374, 0.0019182766726895386, 0.0009313864361414828, 0.00106777230378723, -0.0005345225984813468], [0.02972881580204506, 0.009842692183589142, -0.0059669456238751264, 0.005582624095896163, -0.005171279596695943, -0.0002802006886260801, -0.0009721188061678525, -0.0005632068493199205, -0.00041413640938058494, 0.0001732071422239485], [-0.033396553605586965, -0.013238469395394586, 0.005796264279392545, -0.005171279596695943, 0.010573793220113287, -0.0005618004863861351, -0.0008485354528351596, -0.0008133725825897344, 0.00021588443888282056, 0.00030935655225124533], [-0.00010531494623220702, -1.4906599223939788e-05, 0.00026631132031698374, -0.0002802006886260801, -0.0005618004863861351, 0.002138375906757235, 0.0016980901658513695, 0.00010383418754676436, -0.00012656752920237247, 0.0004993626637499743], [-0.007971133551836481, -0.0019686257387987256, 0.0019182766726895386, -0.0009721188061678525, -0.0008485354528351596, 0.0016980901658513695, 0.002572860527112155, 0.000626624588848347, -0.00011772060055466803, 2.1445779373187263e-05], [-0.001730029391274153, 1.976945637530259e-05, 0.0009313864361414828, -0.0005632068493199205, -0.0008133725825897344, 0.00010383418754676436, 