{"weights": [0.17102955988871577, 0.1741780833077309, 0.2902822935879373, 0.12952937851651738, 0.15373463683805413, 0.0812460478610446], "means": [[6.764924009493438, -0.6538999477751971, 0.30772334315510685, -0.04351552151638753, -0.0023176789192106443, -0.00038215163345539107, 0.013069082643729813, 0.0011627749547108665, -0.002048111690995536, -0.0007296693702558884], [-4.050978797063628, -0.519839502520139, 0.17256755767717236, 0.21675105167348507, 0.04481633971380758, 0.005260158079892955, -0.000534699752972724, -0.007191127216853775, 0.0001795208525729609, 0.004640790635191528], [-3.239866142097168, -0.195239553895152, -0.08800997661226055, -0.14912008034842328, -0.04620460771671769, -0.004726444333104214, -0.005995915738417291, 0.006853955953159772, -0.0014665365798375114, -0.002758730078475459], [0.5339841063642711, 0.5250368468979695, -0.5614007676151599, -0.04200100577528777, 0.04726775537000209, -0.0034666065888104888, 0.01879366498161676, -0.012051334445513175, -0.0036963486519461194, -0.0051882556176330785], [3.054159439590272, 0.4678328990729281, -0.4229230902929534, 0.12182077282853579, -0.003954676769946198, 0.007280615682263996, -0.02037669426644423, 0.0022886918821651784, 0.008578576092196175, 0.007074941495032376], [-0.6108752612369885, 1.4662330018381102, 0.9920025137390789, -0.0038356498780893478, 0.006008351034672764, -0.001835133398205185, 0.003652037900011824, 0.0033630738398060045, -0.0011731018780461165, -0.003672185116053989]], "covariances": [[[0.8067429656172969, -0.008998600200707113, 0.01112910272580445, -0.020282811990978936, -0.0036823742317019714, -0.00035514615891979104, 0.0007528573157161935, 0.0005860224593986367, 1.6950024511187942e-05, 8.11031432376948e-06], [-0.008998600200707113, 0.007580723583568691, 0.005498619156148349, -0.0031705387999400388, 0.00016814789216749892, 0.0006785158430249479, -0.0031477632477666722, -0.0012095264872680912, 0.001236812173690231, 0.002200469068506539], [0.01112910272580445, 0.005498619156148349, 0.0055202985236671, -0.003214839849983, 3.444124969456486e-05, 0.0006762799088844152, -0.002104301189497627, -0.0008722300050384808, 0.0011224444020608423, 0.002001806230819], [-0.020282811990978936, -0.0031705387999400388, -0.003214839849983, 0.002510144887604259, -0.00019058274505412515, -0.0001429587259955874, 0.0012806270644083277, 0.0006400873412711244, -0.0005994169752315177, -0.0011708062606059137], [-0.0036823742317019714, 0.00016814789216749892, 3.444124969456486e-05, -0.00019058274505412515, 0.0004028362118790729, -0.0002589261621295166, 1.3295507844702684e-05, -0.0001072586756469956, -4.1114360811264765e-06, 0.0001126953885499482], [-0.00035514615891979104, 0.0006785158430249479, 0.0006762799088844152, -0.0001429587259955874, -0.0002589261621295166, 0.0007662763259985785, -0.00024082899097133625, 8.145481351923833e-05, 0.00021927192667967554, 0.00012050043442425735], [0.0007528573157161935, -0.0031477632477666722, -0.002104301189497627, 0.0012806270644083277, 1.3295507844702684e-05, -0.00024082899097133625, 0.0014791822314284037, 0.0004217278450585075, -0.0004339179123338288, -0.0008454493824371278], [0.0005860224593986367, -0.0012095264872680912, -0.0008722300050384808, 0.0006400873412711244, -0.0001072586756469956, 8.145481351923833e-05, 0.0004217278450585075, 0.0005813051031999554, -0.00018845391309894343, -0.00033525197685307733], [1.6950024511187942e-05, 0.001236812173690231, 0.0011224444020608423, -0.0005994169752315177, -4.1114360811264765e-06, 0.00021927192667967554, -0.0004339179123338288, -0.00018845391309894343, 0.0005347699374268312, 0.0003764967363932883], [8.11031432376948e-06, 0.002200469068506539, 0.002001806230819, -0.0011708062606059137, 0.0001126953885499482, 0.00012050043442425735, -0.0008454493824371278, -0.00033525197685307733, 0.0003764967363932883, 0.0009228227002702953]], [[0.8014982189936269, -0.003224592976773548, 0.005667427941208655, -0.02523712883901026, -0.0058453078942490065, -0.002104616409222037, 0.0014443343281644533, 0.0019138067988400986, -0.00031650165959161793, -0.0004709667758036864], [-0.003224592976773548, 0.005423493706442798, 1.016420080193861e-05, -0.006193323806054526, 0.0014989763484012139, -0.0005506760186521551, -0.0009834420022518434, -0.00019625278310310095, -0.00036985519729106005, -0.00010077078166362608], [0.005667427941208655, 1.016420080193861e-05, 0.0028993395971849754, 0.0015751384138071268, -9.161849476601856e-06, 0.00016031355715308924, -0.00035287649165000084, -0.0005520804669970649, -8.834106127514766e-05, 0.00023028300090853496], [-0.02523712883901026, -0.006193323806054526, 0.0015751384138071268, 0.027605759113906378, -0.007382557720255768, -0.00026542294426462745, 0.0026521897684172106, 0.0006001494850362994, -0.00042853205939235645, -0.00045306690705675394], [-0.0058453078942490065, 0.0014989763484012139, -9.161849476601856e-06, -0.007382557720255768, 0.016416290293605078, -0.0008719900887126941, -0.002578488424916146, -3.5944603495062903e-05, -0.002156592195917117, -0.0024183961639457612], [-0.002104616409222037, -0.0005506760186521551, 0.00016031355715308924, -0.00026542294426462745, -0.0008719900887126941, 0.004070556293462032, -0.00039987134930449364, -0.0002714604370933683, 0.0006536577941921462, -0.00011815571867955656], [0.0014443343281644533, -0.0009834420022518434, -0.00035287649165000084, 0.0026521897684172106, -0.002578488424916146, -0.00039987134930449364, 0.0008837780521684095, 9.946379342800238e-05, 0.00044017051981483905, 0.00020134441461168928], [0.0019138067988400986, -0.00019625278310310095, -0.0005520804669970649, 0.0006001494850362994, -3.5944603495062903e-05, -0.0002714604370933683, 9.946379342800238e-05, 0.0027447736081579323, -0.00044848821217285305, -3.837744530078968e-05], [-0.00031650165959161793, -0.00036985519729106005, -8.834106127514766e-05, -0.00042853205939235645, -0.002156592195917117, 0.0006536577941921462, 0.00044017051981483905, -0.00044848821217285305, 0.0028874047172605553, 8.185513730565938e-05], [-0.0004709667758036864, -0.00010077078166362608, 0.00023028300090853496, -0.00045306690705675394, -0.0024183961639457612, -0.00011815571867955656, 0.00020134441461168928, -3.837744530078968e-05, 8.185513730565938e-05, 0.0013775489894060644]], [[0.31628358942258056, 0.09877223465854411, -0.06513385751012578, 0.02731658426765649, -0.03154588415362956, -0.0010796709656072324, 0.008431665507958317, 0.0030196419863142096, -0.007530355165506941, -0.0007578190467126845], [0.09877223465854411, 0.03204364244507655, -0.020103147496176765, 0.008288445550592058, -0.011127984638603131, 3.811164398768542e-05, 0.0023605788472796808, 0.0008845631036596776, -0.0025453818193084433, 0.00011272603888128283], [-0.06513385751012578, -0.020103147496176765, 0.014390741989134882, -0.0055374538464517484, 0.005951728234871619, 0.00022898265989047998, -0.001717883240280158, -0.0006066854804156175, 0.001429063998948929, 0.00036675739700588867], [0.02731658426765649, 0.008288445550592058, -0.0055374538464517484, 0.007448635987498931, -0.006072175408474511, -0.001251792633887267, 0.001192174292545026, 0.000719068121499368, -0.0005450777305804447, -0.0001355732510654054], [-0.03154588415362956, -0.011127984638603131, 0.005951728234871619, -0.006072175408474511, 0.009258920479948182, 0.000346045555326803, -0.000815060472543532, -3.2679191087299626e-05, 0.001146786301971609, 8.184097820147273e-06], [-0.0010796709656072324, 3.811164398768542e-05, 0.00022898265989047998, -0.001251792633887267, 0.000346045555326803, 0.0037750734082887456, -0.0004017219770997197, -0.00010193158642942714, -0.0004714909841486382, -0.00019960242278445158], [0.008431665507958317, 0.0023605788472796808, -0.001717883240280158, 0.001192174292545026, -0.000815060472543532, -0.0004017219770997197, 0.000778295445921708, -0.0002882931155046926, -0.00020130704677364162, -0.00023089954347493626], [0.0030196419863142096, 0.0008845631036596776, -0.0006066854804156175, 0.000719068121499368, -3.2679191087299626e-05, -0.00010193158642942714, 