{"accuracy_init": 0.7751677632331848, "accuracy_final_MAP": 0.5570470094680786, "accuracy_final_mean": 0.5604026913642883}