{"entropy_prior_gmm": 0.009748144157807774, "entropy_Mean_gmm": 0.08387641608715057, "entropy_z_nk_prior": 0.12996118058402142, "entropy_Mean_z_nk": 0.07635065288625717, "entropy_mixing_prior": 69.87861929989414, "entropy_Mean_mixing": 1.0256393718367876}