,X,Y,Z,id,nugget
0,100.0,0.0,-825.0,71149367,1e-05
1,300.0,0.0,-820.0677253057795,71149367,1e-05
2,900.0,0.0,-825.0,71149367,1e-05
3,100.0,0.0,-844.9999999999999,47256373,1e-05
4,300.0,0.0,-836.1476419491345,47256373,1e-05
5,900.0,0.0,-844.9999999999999,47256373,1e-05
