{"MAP index": 9, "entropy_prior_gmm": 0.0008925289686521987, "entropy_MAP_gmm": 0.6217243671417236, "entropy_z_nk_prior": 0.9493291570877403, "entropy_MAP_z_nk": 0.9565983902558801, "entropy_mixing_prior": 88.99072030499339, "entropy_MAP_mixing": 1.6463096796169994}