{"MAP index": 194, "entropy_prior_gmm": 0.0008925289686521755, "entropy_MAP_gmm": 0.12998712062835693, "entropy_z_nk_prior": 0.07189029527253646, "entropy_MAP_z_nk": 0.15507652288038684, "entropy_mixing_prior": 88.99072030499339, "entropy_MAP_mixing": 1.6037394905710292}