{"weights": [0.07874297676904342, 0.22836351512884426, 0.28987279195468524, 0.1421041557568749, 0.09674752066031189, 0.16416903973024025], "means": [[-3.8115775651772337, 0.4331687061769977, 0.3912510240403897], [-1.203903027372497, 0.5461939210039721, 0.5291421697280163], [3.907910667217953, -0.4408464700326289, -0.10060352327048522], [2.7140274664463377, -0.03638821849956744, 0.19917995269103592], [0.6590230068264556, 1.4796870653355974, -1.006201649093413], [-6.86888214186951, -0.6477167408815138, -0.3052250873650219]], "cov": [[[0.15073047033321343, 0.020197940072572185, 0.024023400112671654], [0.020197940072572185, 0.003835547461253896, 0.0013755905293407656], [0.02402340011267165, 0.0013755905293407651, 0.007621936170209339]], [[0.5057663980074625, -0.00023798358058607752, 0.03743168831020348], [-0.00023798358058607752, 0.001394652987559535, -0.0005009584033980503], [0.03743168831020348, -0.0005009584033980501, 0.005108450909000142]], [[0.046296391740115295, -0.019861438693106047, -0.016663413310319314], [-0.019861438693106047, 0.010480434462081665, 0.0059495797824549715], [-0.016663413310319314, 0.005949579782454972, 0.007456758088216527]], [[0.043996899242974855, -0.013299086735159947, -0.008920699585766348], [-0.013299086735159945, 0.004476672007771221, 0.0023492810640111444], [-0.008920699585766348, 0.0023492810640111444, 0.0026550416806039273]], [[0.30725065264554996, -0.021060357166644273, -0.06224874815747912], [-0.021060357166644273, 0.0022504524276281707, 0.0035161916313047143], [-0.06224874815747912, 0.0035161916313047143, 0.01358747097331389]], [[0.00047632773949524143, -0.0005172973109271286, 0.0008523842733090556], [-0.0005172973109271283, 0.008394627577253615, -0.00610934251075527], [0.0008523842733090556, -0.00610934251075527, 0.005310098168705114]]]}