{"mean_data1": [[-3.618200920155969, 0.11155540792817298, 0.43888812665738913, 0.16737428983176308, 0.38945445494745806, 0.19106886016358532, -1.3250221960718593, 0.13632570775225752, 0.2641321081085653, 0.4309103866193413], [-3.5801806427594904, 0.1422470330034711, 0.37782077537106956, 0.18958828519063536, 0.45303939109122243, 0.1527626635057341, -1.304489065045435, 0.1316141631169509, 0.28399884364885675, 0.4748752715281226], [-3.463636645925503, 0.31715257955754683, 0.4737175379276151, 0.2013292044654715, 0.4068114153731041, -0.018654996875993785, -1.0854420657609387, 0.11206782564797454, 0.27364929160983364, 0.47821952055686556], [-3.4622311905216447, 0.31142774348574764, 0.4728884224379549, 0.19514491590536673, 0.41283726544515253, -0.02649028539263312, -1.0831332790945865, 0.11600936633639604, 0.2776924715973983, 0.47231531377392594], [-3.4674190140570267, 0.3748604556205448, 0.45431122815480823, 0.22047466409117752, 0.38238111807135267, -0.012649595343869757, -1.0386472299060932, 0.11329829870343752, 0.32423123786600866, 0.4380702953272336]], "mean_data2": [[-0.960433259146709, -0.09898247453373239, -0.7339094792522098, 0.477816833991781, 0.6140018416345705, 0.42045681680687436, -0.7204906585030462, -0.6472667153215041, -0.26677124806791086, 0.55537281601786], [-0.9308497748227237, -0.04830969084340733, -0.6503651372744269, 0.5507919704378804, 0.5665064921659482, 0.33111256032204517, -0.6755352086666017, -0.5496287916944663, -0.22474883180292918, 0.5893116760900454], [-0.9288927587734576, 0.1426526652079712, -0.6996976794170863, 0.5517528482762712, 0.6753022008089435, 0.255615333709143, -0.5313560526837848, -0.44908265483723103, -0.18207513063718966, 0.6733935284302179], [-0.9268984114038977, 0.14075433885397975, -0.7042342594849025, 0.5494498703442302, 0.6731833764303493, 0.24971468544542783, -0.532886887438749, -0.45080418380441006, -0.1852741759221018, 0.6707022662915008], [-0.9676876857685792, 0.15511135132646503, -0.7157685578793842, 0.5917155084282113, 0.694453548805969, 0.2265091167254778, -0.5454259619004453, -0.5003941949955703, -0.15858528335064442, 0.6423320973829693]], "mean_data3": [[3.1953795740372315, -0.19741202482900613, 0.1075928474317179, 0.1887242831452362, -0.05816009632519428, -0.03139157368114833, -0.035739571765802544, -0.028145874324405767, 0.06893439824333429, 0.021527906392960976], [3.208818830612014, -0.21878874024049624, 0.09976555994267071, 0.09974164571007518, -0.07697937375417399, 0.029392183521825724, 0.06296105439445529, 0.02536663198276493, -0.06386934871995364, 0.0005735203188226888], [3.2335012938043723, -0.20027067091001746, 0.08201776697660455, 0.15310009494842008, -0.029348605423755655, -0.016563044694520117, -0.023538728396467166, -0.0060084083262753815, 0.004714729307616664, 0.002368815541683442], [3.237742101044069, -0.2037377076148318, 0.08769838915240136, 0.16384631266354194, -0.037290823179713904, -0.014517992634742573, -0.028527404586974472, -0.020646829328434674, 0.007386402144706372, 0.0009863055853788641], [3.2837859505896088, -0.23079101108308564, 0.08382307061350108, 0.1218900360253954, -0.027664856809692502, 0.026889356168106667, 0.025844328419355894, 0.029662627617349082, 4.756542980190138e-05, 0.006417235194038995]], "mean_data4": [[2.632441833460322, 0.15000203768481704, 0.5996053122181123, -0.25277002203256277, -0.20485742220784614, -0.1039518275849574, -0.0076752329789066594, 0.23855469405026117, 0.2517346423083795, -0.2726379177725698], [2.537124269008575, 0.1449298697737191, 0.6230867220874077, -0.20053918874778465, -0.3097053194505466, -0.08724688144734268, 0.10766420118771844, 0.15678791982088724, 0.24511788683679722, -0.21117881807392586], [2.5335642167026693, 0.26632174173994483, 0.5537410683969652, -0.07842897194101403, -0.3375208066532576, -0.050018369732525304, 0.06995336720423521, 0.16220474528840403, 0.27644083735930547, -0.1987001910083349], [2.537410317803844, 0.2688903853057539, 0.5544133052666544, -0.07925031982660843, -0.33700455173264376, -0.05959838817327629, 0.06968707439727662, 0.16272639179351867, 0.2748624857814819, -0.20067844782361433], [2.553324597048125, 0.2583695259220714, 0.5645801817755632, -0.06273262913238441, -0.3214243831700701, -0.06786324643410616, 0.01961953613769503, 0.13997670425977957, 0.2668853127018, -0.20311822602980475]], "mean_data5": [[0.46353834098108976, 0.8702846884049774, -0.345288740996745, 0.6864921958225104, 0.4255155185420564, 0.3786524665517663, 0.6425774950470368, -0.34819918292923185, -0.12202546682982669, 0.1420412301766764], [0.36049143787154536, 0.8209933260945044, -0.320081997719173, 0.7052465790523816, 0.4951204309131499, 0.3666340281318724, 0.6466452818538067, -0.3613807288543196, -0.25352238083426665, 0.05938204357467863], [0.33357046231253923, 0.9406808131069022, -0.34249833920679423, 0.5680755443693855, 0.4429795116818424, 0.2714603977375508, 0.6833758210506262, -0.4859855424976776, -0.1926953382237441, -0.0042837829420386475], [0.3340825016888112, 0.9475487131540413, -0.3437418391784927, 0.5693816635660941, 0.4474056949505294, 0.2724334565922416, 0.6834730952851106, -0.47739822117961084, -0.19492745433349348, 0.001043220384551033], [0.36207388802312523, 0.9042779787208495, -0.3594579516059346, 0.6029020993073431, 0.40398052386499345, 0.2745445261021552, 0.6750224146478416, -0.49964060511389574, -0.1433139806476213, 0.007502617919629055]], "mean_data6": [[-6.756388376073528, -1.071640270630707, 0.16160290524569718, -0.21857270850617413, 0.19751308129630582, -0.7498943504447537, 0.30391357840185035, 0.1648967141372011, -0.1480856449725441, -0.259008900379594], [-6.70834799024205, -1.0720924289514377, 0.18484728010558754, -0.09641356900778762, 0.09938920879761975, -0.65042815285227, 0.2655084679543681, 0.20032528704734848, -0.08671656774563323, -0.24150027665256293], [-6.677912292240684, -1.173259519031147, 0.16396928447866044, -0.08023541508953913, 0.10025914407089642, -0.604916866113716, 0.3115839872053472, 0.25483861864918206, 0.021598709377488028, -0.45034917781539685], [-6.674446916054511, -1.17235745813599, 0.16426978733788766, -0.0803575132385116, 0.10372585480489085, -0.6021420657761608, 0.30165347210449567, 0.25568289277884465, 0.026522663688327168, -0.44381747301358315], [-6.671312975242333, -1.1434669302294755, 0.1702059651045129, -0.06472576751202808, 0.06957031241594112, -0.6188309083631903, 0.28085425413122883, 0.2610109564910271, 0.026788704569895842, -0.4105789432054092]], "mu_1": [2.8802802930636013, 3.0623759265220807, 3.1630184955746024, 3.1644471505311276, 3.1671316244825096], "mu_2": [2.170270883444036, 2.2271142015496883, 2.2287744869188386, 2.2219444667243238, 2.2386119720044038], "mu_3": [1.1763737454067535, 1.2474164793311375, 1.1682891187490398, 1.1671898941049652, 1.1893966779154743], "mu_4": [-0.11955317256155261, -0.02291389431259145, -0.07813838631751129, -0.07773646211145083, -0.09067475798664087]}