{"MAP index": 136, "entropy_prior_gmm": 4.6051701859880925e-09, "entropy_MAP_gmm": 0.0032842883374542, "entropy_z_nk_prior": 0.133683021582775, "entropy_MAP_z_nk": 0.09039252380311402, "entropy_mixing_prior": 85.69175851611257, "entropy_MAP_mixing": 1.0292962772513323}