,X,Y,Z,id,nugget
0,100.0,0.0,-825.0,89791514,1e-05
1,300.0,0.0,-810.7177437725699,89791514,1e-05
2,900.0,0.0,-825.0,89791514,1e-05
3,100.0,0.0,-845.0,92614595,1e-05
4,300.0,0.0,-854.9503716782648,92614595,1e-05
5,900.0,0.0,-845.0,92614595,1e-05
