{"weights": [0.5034945585225773, 0.292636123907345, 0.20386931757007762], "means": [[-2.082292698131941, -0.5267765936745279, 0.05764740396374133, -0.20751852297519602, 0.04437303222796576, -0.056048462113304755, -0.020313030674261316, -0.003984625632613794], [2.346608022574309, -1.5908577540200413, 0.2555726716607274, 0.39388847139506644, -0.06698813571692581, 0.09756545087443232, 0.019741877725189563, 0.0031242038938375637], [1.7742776157592488, 3.5845099400274334, -0.5092230231479115, -0.05288460538688778, -0.013432290452465846, -0.0016239799470792627, 0.02182924771850874, 0.005356286168988876]], "cov": [[[0.024305418435043816, -0.010869645994974952, 0.006452583753731556, -0.05769151996722796, 0.019168238054565797, -0.015177959387493771, -0.00827743822658562, 0.004716168119812263], [-0.010869645994974952, 0.031863175605079896, -0.01603508070812583, 0.055489132156811984, -0.035680239615239785, 0.0047589416153982975, -0.01937925047851375, -0.004779405831605014], [0.006452583753731556, -0.01603508070812583, 0.018912809802369843, -0.07995470299757226, 0.030517831088693763, -0.0080080409179874, 0.016268943889942208, -0.006459163869272756], [-0.05769151996722796, 0.055489132156811984, -0.07995470299757226, 0.447922482104724, -0.1433641134819531, 0.06971878602933868, -0.021253929179023065, 0.029691153369928447], [0.019168238054565797, -0.035680239615239785, 0.030517831088693763, -0.1433641134819531, 0.06866440622136827, -0.011521344524880062, 0.010433827222990504, -0.013924313385421685], [-0.015177959387493771, 0.0047589416153982975, -0.0080080409179874, 0.06971878602933868, -0.011521344524880062, 0.029569071381029186, -0.004268805408026044, -0.012215280062760583], [-0.00827743822658562, -0.01937925047851375, 0.016268943889942208, -0.021253929179023065, 0.010433827222990504, -0.004268805408026044, 0.05054448573482069, 0.009604204849984706], [0.004716168119812263, -0.004779405831605014, -0.006459163869272756, 0.029691153369928447, -0.013924313385421685, -0.012215280062760583, 0.009604204849984706, 0.024819272639161036]], [[7.3011508102736205, -2.481226912143314, 0.02093400631145115, -1.54253119717543, 0.2340263824017433, -0.40384077760693327, -0.14003607479636418, -0.04562758729454552], [-2.481226912143314, 3.8249037312623324, 1.629215602657423, 0.5314862694295999, 0.11771142099671772, 0.10240902402419606, -0.00840184182913098, -0.014405593438956497], [0.02093400631145115, 1.629215602657423, 1.0439786262935586, -0.06415529013597275, 0.05257274627473289, -0.0003090310117120179, -0.002808428758168957, 0.023073693287777905], [-1.54253119717543, 0.5314862694295999, -0.06415529013597275, 1.0344880004629913, 0.28775250721395207, -0.1679717793130524, 0.06399206678636264, -0.060296466864735346], [0.2340263824017433, 0.11771142099671772, 0.05257274627473289, 0.28775250721395207, 0.7071844952490058, -0.013147295150497989, -0.10430915369050768, 0.02753612448335392], [-0.40384077760693327, 0.10240902402419606, -0.0003090310117120179, -0.1679717793130524, -0.013147295150497989, 0.2558850437629805, -0.055648103779429206, 0.03922392823965309], [-0.14003607479636418, -0.00840184182913098, -0.002808428758168957, 0.06399206678636264, -0.10430915369050768, -0.055648103779429206, 0.07856641835188455, 0.013977555520978945], [-0.04562758729454552, -0.014405593438956497, 0.023073693287777905, -0.060296466864735346, 0.02753612448335392, 0.03922392823965309, 0.013977555520978945, 0.16320127500906847]], [[0.11590415488191144, -0.12194737774360526, 0.29312005916112954, 0.05653555896826351, 0.09440202363915469, 0.003173261696203636, 0.011761089180775026, 0.013328460317612516], [-0.12194737774360526, 0.3585959316784706, 0.18493050901031302, -0.08089568865516458, -0.1279381837954013, -0.003054651851989465, 0.00032819869426606974, 0.01523226136124166], [0.29312005916112954, 0.18493050901031302, 3.718327871817728, 0.14766871105422819, -0.13941589928869227, -0.008418332225844666, -0.029382434697751064, -0.015019346511495574], [0.05653555896826351, -0.08089568865516458, 0.14766871105422819, 0.09450979663652952, 0.0009280340602824947, -0.015049343483158159, -0.059782230691388424, 0.009696865593008346], [0.09440202363915469, -0.1279381837954013, -0.13941589928869227, 0.0009280340602824947, 0.23584677661544926, 0.06282780551829358, 0.12837565542716667, -0.004327840183352529], [0.003173261696203636, -0.003054651851989465, -0.008418332225844666, -0.015049343483158159, 0.06282780551829358, 0.048943045399298016, 0.08487939053995489, -0.027114841018254267], [0.011761089180775026, 0.00032819869426606974, -0.029382434697751064, -0.059782230691388424, 0.12837565542716667, 0.08487939053995489, 0.21220383782354654, -0.044188314755625194], [0.013328460317612516, 0.01523226136124166, -0.015019346511495574, 0.009696865593008346, -0.004327840183352529, -0.027114841018254267, -0.044188314755625194, 0.03891443570904576]]]}