{"MAP index": 367, "entropy_prior_gmm": 0.0009597588643864824, "entropy_MAP_gmm": 0.005170060321688652, "entropy_z_nk_prior": 0.00127887914225473, "entropy_MAP_z_nk": 0.0022491356082992675, "entropy_mixing_prior": 88.99072030499339, "entropy_MAP_mixing": 1.7133469032907045}