{"weights": [0.17113989250708128, 0.16745982255829034, 0.302332455509162, 0.1241700866092429, 0.1543574471288918, 0.08054029568733173], "means": [[-6.869706354948126, -0.6477766034301069, -0.3071846902461388], [4.105268273552656, -0.5218828026727943, -0.18246617568779294], [3.228980709010863, -0.20420754228970467, 0.08448328423878088], [-0.6622433558357165, 0.5397038458155321, 0.5856699397868627], [-2.9839429494546654, 0.47749995456769584, 0.43134490019600735], [0.6805571594887456, 1.4809064111078323, -1.0146314286280542]], "cov": [[[0.005264457900972161, -0.00039605235222885793, 0.0009332221631985051], [-0.00039605235222885793, 0.008124053337485903, -0.005836521478319319], [0.0009332221631985051, -0.005836521478319319, 0.005165169422992572]], [[0.0077926040929396844, -0.0013563772847923978, 0.0005940653313138395], [-0.0013563772847923978, 0.003295406142237179, -0.0014117492305674648], [0.0005940653313138395, -0.0014117492305674648, 0.0007913404097197191]], [[0.281857102325924, -0.09168461056334189, -0.06153485212590687], [-0.09168461056334189, 0.03087088403532714, 0.019377453809063205], [-0.06153485212590687, 0.019377453809063205, 0.014251459698843305]], [[0.05207404350896013, -0.004145019412113501, -0.002475423141272041], [-0.004145019412113501, 0.0012443161109206202, -0.0005968384598209493], [-0.002475423141272041, -0.0005968384598209493, 0.00118299876896818]], [[1.0114615699764309, 0.062127834798664454, 0.04580324927739156], [0.062127834798664454, 0.005519662582299338, 0.0027404849500461455], [0.04580324927739156, 0.0027404849500461455, 0.006020837092074581]], [[0.25368861543463, -0.016979103620809274, -0.0515899902237456], [-0.016979103620809274, 0.0019944703357391825, 0.0027210638808227794], [-0.0515899902237456, 0.0027210638808227794, 0.011408038264664478]]]}