{"weights": [0.17114078566996863, 0.16778538903579576, 0.28252383419609944, 0.1436506542587757, 0.15436242370005265, 0.0805369131393075], "means": [[3.8045610525477045, 0.4321516193688336, -0.40195095254364277, 0.14748691712376513, -0.03659105203066179, 0.01667200794871311, 0.10413655138114723, 0.004999561196551624], [-0.6806586748746144, 1.4814477182921224, 1.0146337806106664, -0.009047764599034187, 0.002655955675539428, 0.0019598118857407972, -0.004897206163246028, -0.002470675949967043], [-3.914860089873186, -0.4446010145867115, 0.10595942758928376, 0.027133766898003366, 0.02649075789774171, -4.4732812730469375e-05, 0.008091650234840916, 0.006009037942294427], [1.1029773135145637, 0.5392550901811415, -0.5446380564544927, 0.004138336777473281, 0.049281752007628535, -0.01303550225996306, -0.04413154137572007, 0.005702032968575413], [-2.6980034042433454, -0.03242470030723357, -0.2020004394922926, -0.09880547543901637, -0.09961006349878969, 0.006695006530524616, -0.007251970645269901, -0.020438699579783653], [6.8703532072129825, -0.6481489059437773, 0.30579578501238, -0.04316256822460026, -0.0021882495413894955, -0.0005804937691508712, -0.012225996466835691, -0.0004577672338430569]], "cov": [[[0.1682566158058272, -0.022500866986376034, 0.02689272113608034, -0.004482050487526983, -0.006773785837068178, -0.0004873556630188569, 0.00590611074319987, 0.003577909725824907], [-0.022500866986376034, 0.0039639727482721765, -0.002110689855039907, -0.0006176698149614973, 0.0011638183444281206, -0.00012838109318216484, -0.0010090305361511616, -0.00044232833839922804], [0.02689272113608034, -0.0021106898550399076, 0.007422961200152869, -0.0033107712817616896, -0.0006530681206005168, -0.00022558054655616748, -1.8131408020068517e-05, 0.0009125252250247918], [-0.004482050487526983, -0.0006176698149614971, -0.0033107712817616896, 0.0029493710169947672, -0.0009161101292690402, 0.00017121202482013888, 0.0007638753837300839, -0.00017216040394712928], [-0.006773785837068178, 0.0011638183444281206, -0.0006530681206005165, -0.0009161101292690402, 0.002082351991813977, 0.0002747983216545719, -0.0004046036265086549, -0.00047529050034657815], [-0.0004873556630188568, -0.00012838109318216481, -0.00022558054655616748, 0.00017121202482013885, 0.00027479832165457194, 0.001559414606487945, -0.00011228162448928734, 4.0921452372491426e-05], [0.00590611074319987, -0.0010090305361511614, -1.8131408020068588e-05, 0.000763875383730084, -0.0004046036265086549, -0.00011228162448928738, 0.0007740270397638269, -8.076281074091053e-05], [0.0035779097258249065, -0.00044232833839922804, 0.000912525225024792, -0.00017216040394712925, -0.00047529050034657815, 4.0921452372491487e-05, -8.076281074091053e-05, 0.0007896674980187332]], [[0.2527095959257162, 0.01732698729160907, -0.05118683463566105, 0.007294115558724949, 0.037560828398474244, 0.0038085902423074204, 0.0115259386857079, -0.010808786902229816], [0.01732698729160907, 0.001915019389708793, -0.0028457237790707017, 0.0003140841827497201, 0.002804601082564132, 0.00017842761859024117, 0.0009949810341246842, -0.0010342971510462762], [-0.05118683463566106, -0.0028457237790707017, 0.01125019037153497, -0.0014864565774645832, -0.007607033644567796, -0.0005404797665231919, -0.0022817502362340453, 0.002021897577119322], [0.0072941155587249494, 0.00031408418274972004, -0.0014864565774645832, 0.0008858404366621614, 0.00026641892360739156, 3.485644219952013e-05, 0.00024140862021522703, -0.0002691448632294616], [0.037560828398474244, 0.002804601082564131, -0.007607033644567794, 0.0002664189236073916, 0.007653002786041831, 0.001390522267717248, 0.0017489982483396332, -0.002903266511508484], [0.0038085902423074212, 0.0001784276185902412, -0.0005404797665231919, 3.485644219952017e-05, 0.001390522267717248, 0.004203389659010962, -0.0005186978929972478, 0.0002726285983212422], [0.0115259386857079, 0.000994981034124684, -0.002281750236234045, 0.00024140862021522703, 0.0017489982483396335, -0.0005186978929972479, 0.0007501780586086566, -0.0007908147704424847], [-0.010808786902229816, -0.0010342971510462757, 0.002021897577119322, -0.00026914486322946157, -0.002903266511508484, 0.00027262859832124223, -0.0007908147704424847, 0.0031286890902661284]], [[0.043335502994595904, 0.018580705690462506, -0.015600326394785289, -0.039554456508357955, -0.008709812689447644, 0.0015380406000057997, 0.0010563730899000577, -0.0002118847260224496], [0.018580705690462506, 0.0098532427897282, -0.005535468056360359, -0.018456454387261744, -0.0026659632174501676, 0.0004755723901333949, 0.001469316947584444, 0.0002648462479928712], [-0.015600326394785289, -0.005535468056360359, 0.007016499090697881, 0.016316074858895753, 0.002096015961424107, -0.00038289725027150777, -0.00022018579350660433, 0.0002389516275927677], [-0.039554456508357955, -0.01845645438726174, 0.016316074858895753, 0.0571356083740801, -0.0017943590393865064, 4.522690116295211e-05, -0.0034608699081542884, 0.00035015985195459466], [-0.008709812689447646, -0.002665963217450167, 0.002096015961424107, -0.0017943590393865068, 0.013898220416148958, -0.0003589996851064253, 0.0016979292678561241, -0.0006886290199924895], [0.0015380406000057997, 0.0004755723901333948, -0.00038289725027150766, 4.522690116295204e-05, -0.0003589996851064252, 0.003960352477521807, -0.0005413366106421797, -0.00017014110260141733], [0.0010563730899000577, 0.001469316947584444, -0.00022018579350660433, -0.003460869908154289, 0.0016979292678561244, -0.0005413366106421797, 0.0009958750072002487, -0.00010157488550931893], [-0.00021188472602244962, 0.00026484624799287114, 0.0002389516275927678, 0.0003501598519545946, -0.0006886290199924896, -0.00017014110260141747, -0.00010157488550931893, 0.0030247365225900646]], [[0.42244694105185965, 0.0002258036437167454, 0.03134138729018916, 0.03530675812992375, -0.005299344747974619, -0.0050292104780356355, -0.021223092326246883, -0.01120511084958477], [0.00022580364371674541, 0.0012619182881396483, 0.0004171576194687821, 0.00024801677789648637, -0.001495655943795808, 0.0002172287877462635, 0.0006794365067748917, 0.00014850553021398787], [0.031341387290189156, 0.0004171576194687821, 0.004355780711858512, 0.0027388195432497204, -0.0014265908060184494, -0.0010256720217646374, -0.0026912626143488667, -0.0006520116255032632], [0.03530675812992375, 0.0002480167778964865, 0.002738819543249721, 0.005532524375162448, -0.0020042005904125793, -0.0011784330940965845, -0.001670332965382747, -0.001708542164763674], [-0.005299344747974618, -0.001495655943795808, -0.0014265908060184494, -0.0020042005904125798, 0.003531534901545456, 0.0006285648701484848, -0.000274515519266073, 0.0001578991126065678], [-0.0050292104780356355, 0.0002172287877462634, -0.0010256720217646374, -0.0011784330940965843, 0.0006285648701484849, 0.003157973915065968, 0.0006102831075220025, 0.0001638556854112224], [-0.021223092326246883, 0.0006794365067748915, -0.0026912626143488667, -0.0016703329653827467, -0.000274515519266073, 0.0006102831075220025, 0.0026411924623210787, 0.00039879311691163634], [-0.011205110849584768, 0.00014850553021398792, -0.0006520116255032633, -0.001708542164763674, 0.0001578991126065678, 0.00016385568541122243, 0.00039879311691163634, 0.002033575255525918]], [[0.04301691389983733, 0.013008785548502148, -0.008717137402084378, 0.004711897997137438, -0.0023692011697707144, 0.0041644472806156374, -0.00024003050784256744, -0.00031838844951076456], [0.013008785548502148, 0.004394262510775606, -0.00223585504137998, 0.0011247517877162696, -0.0010789616583486397, 0.0009427454069799685, 0.00013333570541869158, -0.00022146173712073167], [-0.008717137402084378, -0.0022358550413799803, 0.0026767632754211993, -0.0013007917366438368, 0.0003074729309119757, -0.0008268838866828728, -0.00028214362695481586, -6.0017765107122276e-05], [0.004711897997137439, 0.0011247517877162696, -0.0013007917366438368, 0.0018866078108827182, -0.001033857201554519, 0.0005468229645216779, 5.481772510430609e-05, -0.0005228522649798207], [-0.0023692011697707144, 