,X,Y,Z,id,nugget
0,100.0,0.0,-825.0,51985471,1e-05
1,300.0,0.0,-815.4750936835411,51985471,1e-05
2,900.0,0.0,-825.0,51985471,1e-05
3,100.0,0.0,-845.0,12157155,1e-05
4,300.0,0.0,-818.582643746031,12157155,1e-05
5,900.0,0.0,-845.0,12157155,1e-05
