{"weights": [0.23413876777064493, 0.5615705476221885, 0.2042906846071666], "means": [[1.8162254797399313, 3.610036663450569, -0.04750939857651668, -0.008517098645689815, 0.0029931386601669543, 0.008269682913903193, 0.03882059273148031, 0.01659951899956116], [-2.109245671823739, -0.5228317846319167, 0.03666558729877405, -0.02349745468605974, 0.007180140902968492, -0.001612517455442689, -0.007756615767510171, -0.0047480383805535795], [4.007947833573621, -2.7177817278569285, -0.04656082922737248, 0.06743892248176504, -0.033270711165812386, -0.007125691151365663, -0.006584193972388294, -0.006285977945739414]], "cov": [[[0.14925062530937394, -0.11118755486560258, 0.44364020454814523, 0.10057645510673767, 0.15573634595432978, 0.018334643270913224, 0.02686529892076466, 0.05169109720479884], [-0.11118755486560258, 0.20480523257497898, 0.16757065093517787, -0.09147089544927632, -0.20017233308447366, -0.024167623434059454, -0.023565191408459765, -0.047191598943441646], [0.4436402045481453, 0.1675706509351779, 5.121945662083511, 0.31077259804106044, -0.11448239305395808, 0.00048445283980361203, -0.02229581067490525, 0.008126879311068586], [0.10057645510673767, -0.09147089544927632, 0.3107725980410604, 0.1380995030353143, 0.06004541191165933, -0.0005065268792000529, -0.04649693032517919, 0.04217221089283826], [0.15573634595432978, -0.20017233308447363, -0.11448239305395808, 0.06004541191165932, 0.3342962979559786, 0.07945526231126732, 0.14216587832722874, 0.041966434028649253], [0.01833464327091322, -0.024167623434059454, 0.0004844528398036123, -0.0005065268792000549, 0.07945526231126732, 0.0499792010923776, 0.08059534264067512, -0.022991843867258777], [0.02686529892076466, -0.023565191408459762, -0.022295810674905242, -0.0464969303251792, 0.14216587832722874, 0.08059534264067512, 0.2114049141934818, -0.0369510314846629], [0.051691097204798836, -0.047191598943441646, 0.008126879311068584, 0.04217221089283827, 0.041966434028649253, -0.022991843867258777, -0.0369510314846629, 0.04859092563930498]], [[0.025747707517047542, -0.009961745553637817, 0.008534619831517478, -0.08627323048816594, 0.026161135895124452, -0.025443137787603945, -0.012883583896948225, 0.006278725571439308], [-0.009961745553637817, 0.03786555217360947, -0.017356434476029955, 0.05783400226512486, -0.04455849519048178, 0.0007717562855901167, -0.01999942238080449, -0.0030163824268372628], [0.008534619831517478, -0.017356434476029955, 0.021926362968414815, -0.1047183729017699, 0.03591298536377888, -0.014756486976864956, 0.014966702337714414, -0.006832500974942212], [-0.08627323048816594, 0.05783400226512486, -0.10471837290176991, 0.6813321190280496, -0.18544432632828756, 0.14269892868441653, -0.003150435228480101, 0.02691466627824958], [0.02616113589512445, -0.04455849519048177, 0.03591298536377888, -0.18544432632828753, 0.08664807555962784, -0.018980357852320457, 0.007345822894548903, -0.014855535698000142], [-0.025443137787603945, 0.0007717562855901156, -0.014756486976864956, 0.1426989286844165, -0.018980357852320464, 0.05609005173201851, 0.0022565199175124673, -0.014796212188341866], [-0.012883583896948225, -0.01999942238080449, 0.014966702337714416, -0.0031504352284801, 0.007345822894548901, 0.0022565199175124655, 0.05324258871208894, 0.008449442928750089], [0.006278725571439308, -0.0030163824268372628, -0.006832500974942213, 0.02691466627824958, -0.014855535698000145, -0.014796212188341866, 0.008449442928750089, 0.025786041077983546]], [[0.48676281080846606, 0.13299716102203604, -0.002419565511666497, -0.27474238036234533, -0.10669505470836181, 0.06611121998541067, -0.05691678358414187, -0.1391609560058956], [0.13299716102203601, 0.1860216013077026, 0.011592963587302593, 0.11496840229510857, 0.3148483929580575, -0.0045352516588991, -0.07846261064706428, -0.06621401538058272], [-0.002419565511666499, 0.011592963587302595, 0.011126864498356873, -0.0510480491248627, 0.027517671575639033, 0.045379041433894256, -0.01694605027057079, 0.013126641664093055], [-0.2747423803623452, 0.11496840229510853, -0.0510480491248627, 1.1182680653549726, 0.49471833905236096, -0.43660388797668553, 0.06948793736931747, -0.13213141660868089], [-0.10669505470836183, 0.31484839295805755, 0.02751767157563903, 0.49471833905236107, 0.959467961752335, -0.026431311793004734, -0.19042835759712157, -0.0007569800919543808], [0.06611121998541064, -0.004535251658899094, 0.045379041433894256, -0.43660388797668553, -0.02643131179300474, 0.3447235682813359, -0.10378323935116286, 0.07598870344622236], [-0.05691678358414187, -0.07846261064706428, -0.01694605027057079, 0.06948793736931745, -0.19042835759712157, -0.10378323935116288, 0.094886079278728, 0.017456658743076572], [-0.1391609560058956, -0.06621401538058272, 0.013126641664093051, -0.13213141660868089, -0.0007569800919543819, 0.07598870344622237, 0.017456658743076572, 0.2403479900779617]]]}