{"entropy_prior_gmm": 1.1512992383663035e-08, "entropy_Mean_gmm": 1.1512925723877743e-08, "entropy_z_nk_prior": 0.9500293567589047, "entropy_Mean_z_nk": 0.988222075681805, "entropy_mixing_prior": 53.75278407684164, "entropy_Mean_mixing": 1.7294066857230608}