{"MAP index": 110, "entropy_prior_gmm": 6.907755278982138e-09, "entropy_MAP_gmm": 6.907755256690962e-09, "entropy_z_nk_prior": 0.09482914514214456, "entropy_MAP_z_nk": 0.19345976468688647, "entropy_mixing_prior": 81.09822012551359, "entropy_MAP_mixing": 0.6340497720476432}