{"weights": [2.7516934240132496e-10, 0.05977565398661773, 0.7931910260319642, 0.1470333197062487], "means": [[1.679386966304202, 3.572667747210956, -1.4514117770846997, -0.10542623108386244, -0.0008503134465826491, -0.01070258818260307, 0.007941481991495403, 0.01528130761910364], [2.147358760965517, 3.6928310958347343, 3.265938748133995, 0.23966455063321326, -0.0014009892118227152, 0.03941901299903584, 0.06546798042084298, 0.03522823973444975], [4.013270779130406, -2.714706718119712, -0.045181198247238916, 0.06872795602940175, -0.020606760018059247, -0.004683340012322058, -0.011287755907764962, -0.010955044551044856], [-2.1126871862913474, -0.5232453622964389, 0.03503989023993578, -0.021377469775054215, 0.00803646121874623, -0.0030020178597301977, -0.008725037058974275, -0.004942818160486729]], "cov": [[[0.04742154036347713, -0.03019984067495723, 0.00794229334049898, 0.006935131517000542, 0.07254638212996332, 0.001489056128139913, 0.012852551639754831, 0.024761504205646656], [-0.030199840674957238, 0.04500686453013087, 0.029097400979963262, -0.012439001875683931, -0.062247929528400504, -0.010561385222292092, -0.016541774797710244, -0.006373628518287302], [0.007942293340498983, 0.02909740097996326, 0.11589909737625262, -0.021330655276339518, -0.0336042021118551, -0.04701944044533968, -0.05737836994741558, 0.03722610656173354], [0.006935131517000542, -0.012439001875683931, -0.021330655276339518, 0.05750683811168576, -0.03376418677571589, -0.019894582754611295, -0.07093885516778677, 0.016505378275302917], [0.07254638212996332, -0.062247929528400504, -0.03360420211185511, -0.0337641867757159, 0.22040773738283934, 0.07513213212663426, 0.15255924964339013, -0.008416445924631914], [0.0014890561281399115, -0.010561385222292089, -0.047019440445339684, -0.019894582754611298, 0.07513213212663425, 0.056751381845279635, 0.0999906461622133, -0.03529529717017683], [0.01285255163975483, -0.016541774797710247, -0.05737836994741559, -0.07093885516778677, 0.15255924964339013, 0.0999906461622133, 0.23663145887061113, -0.061667275342460234], [0.02476150420564666, -0.006373628518287302, 0.03722610656173354, 0.016505378275302914, -0.008416445924631906, -0.03529529717017683, -0.061667275342460234, 0.037952951932352735]], [[0.19950308207159304, -0.30625918698875443, -0.13697107175371045, 0.18450777824639314, 0.3037179775047721, 0.03562097492323566, 0.031331162040201505, 0.09566878055370182], [-0.30625918698875443, 0.517351817586685, 0.0847177495802145, -0.2817776841549764, -0.4652880167304849, -0.050806462561041196, -0.030474408982272033, -0.13256581676462173], [-0.13697107175371045, 0.0847177495802145, 0.6198703566694186, -0.10126659962929926, -0.2858800097581766, -0.04285461154634052, -0.10606658751393469, -0.12743643151577055], [0.18450777824639314, -0.2817776841549764, -0.10126659962929926, 0.2142140995465347, 0.2595646265974611, 0.030448516588850647, 0.0030342658889880567, 0.08945047198248274], [0.3037179775047721, -0.465288016730485, -0.2858800097581766, 0.2595646265974611, 0.5062480664447304, 0.06812342302206417, 0.07951811780076046, 0.14656719294028528], [0.03562097492323566, -0.050806462561041196, -0.04285461154634052, 0.030448516588850647, 0.06812342302206417, 0.021263226291441995, 0.01568839037568731, 0.008822112309539517], [0.03133116204020151, -0.030474408982272033, -0.1060665875139347, 0.003034265888988061, 0.07951811780076046, 0.015688390375687308, 0.106430243593438, 0.025684478606272154], [0.09566878055370183, -0.13256581676462173, -0.12743643151577053, 0.08945047198248274, 0.14656719294028528, 0.008822112309539517, 0.025684478606272154, 0.06322598688650563]], [[0.4409379694693169, 0.118541761585655, -0.0019395000045689928, -0.2564951107924113, -0.10104841353490511, 0.06194383567029044, -0.051055431170639626, -0.12306644295503583], [0.11854176158565499, 0.16954083423730745, 0.010353211593378169, 0.10930709989452286, 0.28942790980717714, -0.006078090970881557, -0.07115454232980963, -0.05950630615786064], [-0.001939500004568992, 0.010353211593378169, 0.010100542481544636, -0.04681698141978147, 0.024389247378359923, 0.041389999192999155, -0.015340476832773946, 0.011633025918568683], [-0.2564951107924113, 0.10930709989452286, -0.04681698141978147, 1.0381684416018038, 0.46781417071024023, -0.4041443461904597, 0.062102462053322205, -0.12235943510173614], [-0.1010484135349051, 0.28942790980717714, 0.024389247378359923, 0.46781417071024023, 0.8836820747504972, -0.030874356370113137, -0.1727601841009425, -0.0023696987478589024], [0.06194383567029042, -0.006078090970881562, 0.04138999919299914, -0.40414434619045964, -0.030874356370113158, 0.3156670154078022, -0.09427362477969313, 0.06700574545029961], [-0.05105543117063963, -0.07115454232980963, -0.015340476832773946, 0.062102462053322205, -0.17276018410094246, -0.09427362477969314, 0.08632357107576014, 0.016627495322009227], [-0.1230664429550358, -0.05950630615786063, 0.01163302591856868, -0.12235943510173614, -0.0023696987478589106, 0.06700574545029962, 0.016627495322009227, 0.21944732478922985]], [[0.025358814157903278, -0.010078814657044194, 0.008292723873194616, -0.08425969944098807, 0.025854060505948823, -0.024949155699884113, -0.012685822786892969, 0.006373921535213185], [-0.010078814657044197, 0.036856774967248186, -0.016774135614696463, 0.05656732946078443, -0.04341853009840055, 0.0010848927132493498, -0.019057368545694092, -0.0031901720338872136], [0.008292723873194614, -0.016774135614696463, 0.0214189394788391, -0.10249153609607389, 0.034956864354459015, -0.014509683539890444, 0.014519389608473035, -0.006744434049778371], [-0.08425969944098809, 0.05656732946078443, -0.10249153609607389, 0.6664455371659473, -0.18141116095977838, 0.1394784471082207, -0.003239007566793935, 0.026436353922333178], [0.025854060505948823, -0.04341853009840055, 0.034956864354459015, -0.18141116095977838, 0.08449544109194607, -0.01891881679426499, 0.006852268352419295, -0.014232515545394947], [-0.024949155699884113, 0.001084892713249349, -0.014509683539890447, 0.1394784471082207, -0.01891881679426499, 0.05458623862809799, 0.0021482586074129334, -0.014404026736236444], [-0.012685822786892969, -0.019057368545694092, 0.014519389608473035, -0.0032390075667939355, 0.00685226835241929, 0.0021482586074129317, 0.05161387915867627, 0.008007163299063074], [0.006373921535213185, -0.0031901720338872144, -0.006744434049778371, 0.026436353922333178, -0.01423251554539495, -0.014404026736236444, 0.008007163299063072, 0.02529516380142557]]]}