{"accuracy_init": 0.6495726704597473, "accuracy_final_MAP": 0.6538461446762085, "accuracy_final_mean": 0.6538461446762085}