{"weights": [0.17088812265360828, 0.00040959153700452505, 0.4696290219720882, 0.12417306950547952, 0.154359842186647, 0.08054035214517241], "means": [[6.8689034570201875, -0.639222652596842, 0.32657805365304066], [1.9273879051391178, -0.014676852658601233, -0.0284995837314546], [-3.5408966047343298, -0.3125829639506295, 0.007086784126918015], [0.6348541430064667, 0.5407009787301033, -0.5920728887758209], [2.916992581567028, 0.46205049682893845, -0.43117659112374007], [-0.6198306079828403, 1.4960998415216253, 0.9908095811350558]], "cov": [[[0.7754490552039064, -0.0115500922571824, -0.9902906536903577], [-0.011550092257182433, 4.924308406955978, 3.615606409981478], [-0.9902906536903575, 3.6156064099814778, 9.715244641035417]], [[1532.594386589945, 0.1858148016682107, 107.20805481474689], [0.18581480166821038, 74.90816806630853, 8.378719880806454], [107.20805481474689, 8.378719880806452, 98.99320971158161]], [[292.9040456015944, 125.50628604078659, -103.30672228640236], [125.50628604078659, 58.36656033431354, -46.665457704415076], [-103.30672228640235, -46.665457704415076, 41.291439811486214]], [[36.03597605796576, 9.65828821652804, -6.535295837301891], [9.65828821652804, 6.611355063032368, -2.7990602009993553], [-6.535295837301891, -2.7990602009993553, 4.115575971082373]], [[754.4801553494095, 40.97630955195674, -141.7280840363093], [40.97630955195674, 53.54986949866828, -44.376838670188974], [-141.72808403630927, -44.37683867018898, 73.16795452068529]], [[207.86692787597647, 68.2648267873559, -111.78324395271244], [68.2648267873559, 51.61134703634109, -72.20941016527995], [-111.78324395271247, -72.20941016527996, 107.05840781408548]]]}