,X,Y,Z,id,nugget
0,100.0,0.0,-825.0,7185735,1e-05
1,300.0,0.0,-785.9510416449391,7185735,1e-05
2,900.0,0.0,-825.0,7185735,1e-05
3,100.0,0.0,-844.9999999999999,91872230,1e-05
4,300.0,0.0,-806.4023240614112,91872230,1e-05
5,900.0,0.0,-844.9999999999999,91872230,1e-05
