{"weights": [0.2418664460629244, 0.18195013117763303, 0.5761834227594426], "means": [[1.818193121867128, 3.609087023680198, -0.051461767286212164, -0.005462788680994201, -0.00015792941518191292, 0.003853116835875335, 0.02643883296949868, 0.02077488550346604], [4.011698665318863, -2.7141692035886393, -0.046132542087511566, 0.06795954647458871, -0.022483722562632816, -0.004330151987214072, -0.009912444656360772, -0.007853922418996984], [-2.1098588577429345, -0.5226084761463955, 0.036560820982056826, -0.021053748210512133, 0.007756387859738387, -0.0001907833666459428, -0.007155751790379421, -0.005850032912923123]], "cov": [[[0.14091528295221095, -0.10298657351919681, 0.43184325766435216, 0.09549197683903217, 0.14348501915250003, 0.015974337871038042, 0.022804536470802526, 0.04906139463454924], [-0.10298657351919681, 0.19219592441179828, 0.16289142552137367, -0.08639580515876934, -0.18441313808005597, -0.02095311257824604, -0.018859364851805466, -0.04479891431572527], [0.43184325766435216, 0.16289142552137367, 4.983703205873583, 0.3024789375656974, -0.11105561514630262, 0.0005692368353790998, -0.021488623742222088, 0.00795417530039572], [0.09549197683903217, -0.08639580515876934, 0.3024789375656974, 0.13312855425421563, 0.05384357628289101, -0.0017762265307638702, -0.04780198463441445, 0.040495938183164173], [0.14348501915250003, -0.18441313808005602, -0.11105561514630262, 0.05384357628289101, 0.31088217644355726, 0.07439824200822719, 0.13277738757131685, 0.038297805109603344], [0.015974337871038042, -0.020953112578246044, 0.0005692368353790991, -0.001776226530763872, 0.07439824200822719, 0.04825032799479342, 0.07739274976649693, -0.023133088315733116], [0.022804536470802526, -0.018859364851805463, -0.021488623742222088, -0.047801984634414464, 0.13277738757131685, 0.07739274976649693, 0.20489519086267016, -0.03719881219765432], [0.04906139463454924, -0.04479891431572527, 0.007954175300395721, 0.04049593818316417, 0.03829780510960334, -0.023133088315733116, -0.037198812197654314, 0.047014933443219255]], [[0.46127832954007514, 0.1229588384016811, -0.00042849007290289874, -0.2849703412712699, -0.10625412864927353, 0.0759957309862344, -0.05688335411053066, -0.12476287924741641], [0.12295883840168108, 0.18275070808816846, 0.011706916361262455, 0.11893364904677763, 0.318049970045417, -0.003985024943078768, -0.07835744946719196, -0.06226679273696716], [-0.0004284900729028982, 0.01170691636126246, 0.010806935731555299, -0.0509678958047726, 0.02628310823126511, 0.04435205884696042, -0.016706181534474576, 0.012225451331271392], [-0.28497034127126997, 0.11893364904677761, -0.050967895804772595, 1.1350354400324163, 0.5146735386828069, -0.44244162292762534, 0.06793853251272833, -0.13066360591586199], [-0.10625412864927354, 0.3180499700454171, 0.026283108231265114, 0.5146735386828069, 0.9651776246772437, -0.035336124496522694, -0.1888407517392103, -0.006687266175723293], [0.07599573098623438, -0.003985024943078757, 0.04435205884696042, -0.44244162292762534, -0.035336124496522694, 0.33866751983517895, -0.1016245997262026, 0.07250198350789216], [-0.056883354110530644, -0.07835744946719196, -0.016706181534474573, 0.06793853251272831, -0.18884075173921028, -0.10162459972620258, 0.0934222197050077, 0.016548603083190914], [-0.12476287924741641, -0.06226679273696716, 0.012225451331271392, -0.130663605915862, -0.006687266175723308, 0.07250198350789216, 0.016548603083190914, 0.22443569351762716]], [[0.02556252749218834, -0.009910209845162684, 0.00846496593864635, -0.08536629264021933, 0.0259108598632735, -0.025150054601777435, -0.012709454841521303, 0.0062558707358721264], [-0.009910209845162686, 0.03737858158465886, -0.017116855473566506, 0.05724562949198438, -0.04405256322343812, 0.000856231709269717, -0.01963152639084181, -0.0030018335499563294], [0.00846496593864635, -0.017116855473566506, 0.021687802210484934, -0.10365388040291773, 0.03550685706666203, -0.014599337785595226, 0.014740885718964291, -0.006794096662657389], [-0.08536629264021933, 0.05724562949198438, -0.10365388040291773, 0.6742967014080606, -0.18355552345150136, 0.1412018779183391, -0.0031562526043882808, 0.026660451665066198], [0.025910859863273503, -0.04405256322343812, 0.03550685706666203, -0.18355552345150136, 0.08554301764275667, -0.01902879200832724, 0.007370158723908691, -0.014467700121390367], [-0.02515005460177744, 0.0008562317092697157, -0.014599337785595232, 0.14120187791833913, -0.019028792008327248, 0.055238441963646134, 0.0024908304554160047, -0.01439236816663079], [-0.012709454841521304, -0.01963152639084181, 0.014740885718964291, -0.003156252604388281, 0.007370158723908691, 0.0024908304554160064, 0.05214747368643913, 0.00800014301403595], [0.0062558707358721264, -0.003001833549956329, -0.006794096662657389, 0.026660451665066198, -0.014467700121390367, -0.01439236816663079, 0.00800014301403595, 0.02525170837192439]]]}