{"weights": [0.17221807919449572, 0.11006143939262941, 0.21799589543666464, 0.2663943631645258, 0.19943394559565567, 0.033896277216028836], "means": [[3.7380944122276145, 0.4652759901338889, -0.36883943531632873, 0.12112570949268499, -0.020050003612740355, -0.07857856728393428, 0.0606484647780626, -0.023626136640671338], [1.1539211116579258, 0.564111088346473, -0.5099488744581568, 0.012569475556319966, 0.035206937943375725, 0.04239327753099959, -0.028039978597877446, 0.011510042385019806], [-3.928084698630766, -0.4484486653881, 0.09862440544261869, 0.03746244900898926, 0.015866096611059387, -0.006386386178506015, 0.004956870029744949, 0.006378214662743513], [-2.690289639988907, -0.02331968640380442, -0.20024187602484886, -0.0880862686432643, -0.10961026340986464, -0.004523433027287407, -0.01813860601203056, -0.010258872637333289], [-0.7761137019344964, 1.4368127712178071, 1.0750084923952716, -0.01771965782457527, -0.007539141007679963, 0.0022843960875025696, -0.004582792028119592, 0.01893935489954069], [6.852153905950928, -0.6435394465924655, 0.2985365871788628, -0.04221445149693421, -0.0007328116655930012, 0.005711361264405632, -0.004383529238042073, 0.002263605603473137]], "cov": [[[0.15260012767217723, -0.0174706732226436, 0.027755029035509776, -0.007775479934193172, -0.005321961556199799, 0.0004271280527937758, 0.00845388475837846, 0.0004400989237942038], [-0.0174706732226436, 0.0029072509665859577, -0.001662059998231943, -0.00027637841134403005, 0.0012537772571105381, 0.00014680984568601454, -0.001113786197936144, -0.00015091162303761897], [0.02775502903550978, -0.001662059998231943, 0.008183846899171138, -0.003601628980980986, -0.0002907724139506085, 0.0006225473592234222, 0.0009649142044459837, 9.182711664016821e-05], [-0.00777547993419317, -0.0002763784113440301, -0.003601628980980986, 0.0027733533209032416, -0.001147410979254113, -0.000500120519696491, 5.547500919559244e-05, 0.00046629733437585053], [-0.0053219615561998, 0.0012537772571105381, -0.00029077241395060856, -0.0011474109792541129, 0.0027508127593979075, -0.00013049372612979358, -0.0004843658781501374, -0.0010775869750005637], [0.0004271280527937758, 0.00014680984568601454, 0.0006225473592234223, -0.000500120519696491, -0.0001304937261297935, 0.0008479668014717657, 0.00017794770901290491, -0.00031594369573531106], [0.00845388475837846, -0.001113786197936144, 0.0009649142044459832, 5.547500919559246e-05, -0.0004843658781501374, 0.0001779477090129049, 0.0009106069521531864, -1.8758572725963493e-05], [0.00044009892379420393, -0.000150911623037619, 9.18271166401682e-05, 0.00046629733437585053, -0.0010775869750005637, -0.00031594369573531106, -1.8758572725963486e-05, 0.000947231048100925]], [[0.2434401502554257, 0.0027914063199708447, 0.022317685151937373, 0.02210130582382109, -0.010152283585391943, 0.015982955334824963, -0.008089262888618885, -0.002001774524053318], [0.0027914063199708447, 0.0014722248293123437, 0.0007346268778856927, 4.513802777444532e-05, -0.0014653298028118706, -0.001248189956544883, -0.00011629406543131784, 5.2525288379405604e-05], [0.022317685151937373, 0.0007346268778856926, 0.004370928198869065, 0.0026370875625655672, -0.002018775689511657, 0.0025165945418726674, -0.0015136589437370724, 0.00014362693267425328], [0.02210130582382109, 4.5138027774445355e-05, 0.0026370875625655677, 0.0044592856426111825, -0.002291569953366595, 0.0024676562703938977, -0.001164481055463612, -0.0007450670225861916], [-0.010152283585391943, -0.0014653298028118706, -0.002018775689511657, -0.0022915699533665947, 0.0043542444057481635, -0.00015634240272001412, 9.149898699158226e-05, 0.0005940403220814093], [0.015982955334824963, -0.0012481899565448833, 0.0025165945418726674, 0.0024676562703938977, -0.00015634240272001412, 0.00535853311187078, 0.0005684313059442277, -0.00044946731898458327], [-0.008089262888618887, -0.00011629406543131786, -0.0015136589437370722, -0.0011644810554636118, 9.149898699158229e-05, 0.0005684313059442276, 0.0025052654418527736, -0.00017748085470399493], [-0.002001774524053318, 5.25252883794056e-05, 0.00014362693267425326, -0.0007450670225861917, 0.0005940403220814095, -0.00044946731898458316, -0.00017748085470399499, 0.0014802743083673297]], [[0.041100418110547765, 0.016838146944931152, -0.014646892349789139, -0.035132340198909415, -0.007745194670649218, -0.0011217030606030752, 0.00013401890792050732, 0.00045337872051254106], [0.016838146944931156, 0.008684781869357689, -0.004795606681465449, -0.014945824323686976, -0.00270774183024446, -0.0007338230649376933, 0.0012032941552578933, 0.0004411425961372886], [-0.01464689234978914, -0.004795606681465449, 0.006675038083368417, 0.01476771340241073, 0.0012781065166343562, 0.00036894050239827327, 0.0003942640178759637, 0.0003696696159470614], [-0.03513234019890942, -0.014945824323686976, 0.014767713402410728, 0.048779760192358704, -0.0024219030094747985, 0.0012641391229087074, -0.0017478645554310048, 0.0010740198256460477], [-0.007745194670649218, -0.00270774183024446, 0.001278106516634356, -0.002421903009474799, 0.013776102658109333, -0.00040915835766244487, 0.001106675546253888, -0.0015879668576970066], [-0.0011217030606030754, -0.0007338230649376933, 0.0003689405023982734, 0.0012641391229087074, -0.00040915835766244487, 0.0019678318000294448, 0.0012110749171122838, -0.0003136280584846277], [0.00013401890792050748, 0.0012032941552578933, 0.0003942640178759636, -0.0017478645554310048, 0.0011066755462538881, 0.0012110749171122838, 0.0023225412995680644, 0.0003247851881035029], [0.00045337872051254106, 0.0004411425961372887, 0.00036966961594706146, 0.0010740198256460477, -0.0015879668576970066, -0.0003136280584846276, 0.00032478518810350317, 0.003794788490452184]], [[0.030431015777205375, 0.009491053790344157, -0.006243326396602327, 0.004354248876062763, -0.0025688898959813707, -0.0019863107898033337, -0.0013321053628806518, -0.0034089689152495307], [0.009491053790344157, 0.0033817603865524534, -0.0015950335150483014, 0.0012178048968781083, -0.0016208799481328639, -3.091410470589376e-05, 0.0003438114663242093, -0.0010378208181015792], [-0.006243326396602327, -0.0015950335150483014, 0.0025484116076721786, -0.0014465452375217232, 0.00021803000318393255, 0.0010352897334007087, -2.0743802168153924e-05, 0.0008854513159252878], [0.004354248876062765, 0.0012178048968781083, -0.0014465452375217232, 0.001402343580016715, -0.000768654660638408, -0.00041447575705857965, 3.2572941424160246e-05, -0.001098813896125541], [-0.0025688898959813707, -0.0016208799481328639, 0.00021803000318393255, -0.000768654660638408, 0.0035054327700645388, -0.0018688687611440873, -0.0026970914751896927, 0.0010013060545228903], [-0.0019863107898033337, -3.091410470589388e-05, 0.0010352897334007084, -0.00041447575705857976, -0.0018688687611440873, 0.002256521145714616, 0.0023362565965960834, 6.339057189423518e-05], [-0.0013321053628806518, 0.00034381146632420925, -2.0743802168153873e-05, 3.257294142416027e-05, -0.0026970914751896923, 0.0023362565965960834, 0.003779938433963079, 0.00018865388488917785], [-0.0034089689152495307, -0.0010378208181015792, 0.0008854513159252875, -0.001098813896125541, 0.0010013060545228903, 6.339057189423512e-05, 0.0001886538848891779, 0.0027075316669670727]], [[0.33315839432962846, 0.021981742374177722, -0.06398424629803204, 0.0171566628014443, 0.033438124806061266, -0.014627176740242252, 0.0010157207660618141, -0.005591157856862826], [0.021981742374177722, 0.0017263769127743853, -0.003794310455320341, 0.001199383256309141, 0.00219318480785929, -0.0006224740924255492, 0.00020676018187591491, -0.0008464045567411376], [-0.06398424629803204, -0.003794310455320341, 0.01307946293886768, -0.003197690548714908, -0.0064416573875312275, 0.0030514577094349657, -0.0002257604022976449, 0.000372893510773351], [0.0171566628014443, 0.001199383256309141, -0.003197690548714908, 0.0015029522263570075, 0.0010410232378564677, -0.0004344701288227016, 0.00024448589352877084, -0.0007128954391678864], [0.033438124806061266, 0.00219318480785929, 