{"MAP index": 34, "entropy_prior_gmm": 1.1512925464970228e-08, "entropy_MAP_gmm": 0.0006998268072493374, "entropy_z_nk_prior": 0.0012788791422551772, "entropy_MAP_z_nk": 0.011895997066036244, "entropy_mixing_prior": 88.99072030499339, "entropy_MAP_mixing": 1.6116613850779542}