{"weights": [0.17113980739434556, 0.1674610279154574, 0.3023311400651922, 0.12417022747577092, 0.15435749247692757, 0.0805403046723063], "means": [[-6.869712001140609, -0.6477766838843652, -0.3071847483546285], [4.105308063025311, -0.5219184796897074, -0.1824600337261538], [3.2289582012840685, -0.20418709444627808, 0.08448055147087821], [-0.6622434570781139, 0.5397038973121159, 0.5856699487062587], [-2.983942289565023, 0.4774999785805283, 0.4313449459968598], [0.6805566084557645, 1.480906292780649, -1.0146312869823733]], "cov": [[[0.0052024247730623465, -0.00039692196303488784, 0.0009325810789998992], [-0.00039692196303488784, 0.008124045277149782, -0.005836533293824413], [0.0009325810789998992, -0.005836533293824413, 0.005165165228693428]], [[0.007783982377288888, -0.0013509567372316253, 0.0005920562299675634], [-0.0013509567372316253, 0.003290963433825433, -0.0014100408239115594], [0.0005920562299675634, -0.0014100408239115594, 0.0007908754207330361]], [[0.28180965843230743, -0.09166064718054596, -0.061528975374806484], [-0.09166064718054596, 0.03086014448170822, 0.019371842378374478], [-0.061528975374806484, 0.019371842378374478, 0.014253174227451103]], [[0.0520731237923378, -0.00414500846677362, -0.0024754669348849502], [-0.00414500846677362, 0.001244304985887933, -0.000596845977045833], [-0.0024754669348849502, -0.000596845977045833, 0.0011829883655216148]], [[1.0114626531741107, 0.06212786660744334, 0.04580332545575567], [0.06212786660744334, 0.005519663007284297, 0.0027404873327736734], [0.04580332545575567, 0.0027404873327736734, 0.006020841606363674]], [[0.25369130998948264, -0.01697851707814365, -0.05159068374345724], [-0.01697851707814365, 0.0019945958765079075, 0.0027209132670119856], [-0.05159068374345724, 0.0027209132670119856, 0.01140821683748224]]]}