,X,Y,Z,id,nugget
0,100.0,0.0,-825.0,55646959,1e-05
1,300.0,0.0,-603.6176674380242,55646959,1e-05
2,900.0,0.0,-825.0,55646959,1e-05
3,100.0,0.0,-844.9999999999999,74110447,1e-05
4,300.0,0.0,-832.024058649518,74110447,1e-05
5,900.0,0.0,-844.9999999999999,74110447,1e-05
