{"weights": [0.13497718938375397, 0.2039143329700318, 0.2664895046278818, 0.15009276265684912, 0.13352731274443239, 0.11099889761705091], "means": [[3.7252463291696314, 0.4536431429498803, -0.40156351684449687, 0.14138661142737785, -0.029008165746244582, -0.07648520434099379, 0.06909940861828494, -0.02973853104198907], [1.0423332784792887, 0.5469231757848386, -0.5257617637392101, 0.002926584678117826, 0.05712967939658977, 0.04290617341410686, -0.030192613632530105, 0.01483791237766408], [-3.9384357200151134, -0.4507687049780134, 0.1016485199076956, 0.030207445936444546, 0.030602571236409963, -0.0050795692707476985, 0.00828376169265327, 0.004089607888447414], [-2.6586267737550946, -0.011773013152574301, -0.2110994640008349, -0.08339761845074789, -0.1138208909608676, -0.006615072581198084, -0.013291690295181022, -0.014351596859915562], [-0.7362189082008266, 1.4386009530000037, 1.0652438417731567, -0.003447935111833864, -0.008159778704155456, 0.0027663769410364194, -0.006985321389128426, -0.006081313306664057], [6.8466341368277215, -0.6646364377970079, 0.2795246471718563, -0.032377918430991595, -0.0007588454708540952, 0.015046704687686284, -0.011618761842552196, 0.0012586659282253759]], "cov": [[[0.12175825447358776, -0.013956439420447775, 0.02209622332826286, -0.0061953221266969555, -0.004190597850705789, 0.00032322333378227654, 0.006746952762460502, 0.0003218344691985142], [-0.013956439420447777, 0.0023112872378613382, -0.0012460041986308377, -0.00029953634592879184, 0.0009253145878797113, 0.00012967249415720927, -0.0009779786584470092, -7.169504277577788e-05], [0.022096223328262863, -0.0012460041986308377, 0.006781778953951238, -0.00295678765140574, -0.0004891205170130776, 0.0005379831422949289, 0.0006970355891430324, 0.0002402399808703273], [-0.006195322126696956, -0.00029953634592879184, -0.00295678765140574, 0.0022335851910419524, -0.0009787715823403448, -0.0004257544329878381, -6.562879062590351e-06, 0.000387054666300324], [-0.004190597850705789, 0.0009253145878797113, -0.0004891205170130776, -0.0009787715823403446, 0.002705790052428369, -0.0002367220343676878, -0.00039962817765430437, -0.0011259544510214654], [0.00032322333378227654, 0.00012967249415720927, 0.0005379831422949289, -0.0004257544329878381, -0.0002367220343676878, 0.0009232431037926195, 0.00022802156456545143, -0.0003427556895203839], [0.006746952762460502, -0.0009779786584470092, 0.0006970355891430321, -6.562879062590321e-06, -0.00039962817765430437, 0.00022802156456545145, 0.0006895835078252474, -0.00010413766397928026], [0.0003218344691985142, -7.16950427757779e-05, 0.00024023998087032724, 0.000387054666300324, -0.0011259544510214656, -0.0003427556895203839, -0.00010413766397928027, 0.000989655047575565]], [[0.3262642747769676, 0.00375716622072158, 0.03011983520142237, 0.029830522721926694, -0.013801688810556751, 0.021592664027593276, -0.01090530847744912, -0.0027130922982315283], [0.0037571662207215796, 0.001655679906545818, 0.0007549153198728729, 0.0001743386400031358, -0.0018359112595826477, -0.0017395394587135446, -0.00041695045789283923, 1.8738925442211727e-05], [0.03011983520142237, 0.0007549153198728729, 0.004669132567322681, 0.0033169558151905595, -0.002255487847065343, 0.002782103540265283, -0.0016533985291820015, -6.16554274416438e-05], [0.029830522721926694, 0.0001743386400031358, 0.0033169558151905595, 0.00471379648317124, -0.002435270935709894, 0.002878667012276199, -0.0012931272056386982, -0.0006413362271254691], [-0.01380168881055675, -0.0018359112595826477, -0.0022554878470653424, -0.0024352709357098935, 0.004520108064274319, 0.0004691436747873843, 0.0005551176331064674, 0.000512854627831755], [0.021592664027593276, -0.0017395394587135446, 0.0027821035402652836, 0.002878667012276199, 0.0004691436747873839, 0.00646607544964473, 0.0005809722173541387, -0.0005042436103985645], [-0.010905308477449117, -0.0004169504578928393, -0.0016533985291820013, -0.001293127205638698, 0.0005551176331064674, 0.0005809722173541388, 0.0022602137545371464, -0.0001181125307693911], [-0.0027130922982315283, 1.8738925442211727e-05, -6.165542744164378e-05, -0.0006413362271254691, 0.000512854627831755, -0.0005042436103985645, -0.00011811253076939108, 0.0012540430607171896]], [[0.04530999986542639, 0.018572662711472013, -0.016314653023704554, -0.03990581130400344, -0.008002986903771563, -0.0013025345093019126, 0.00018443659826892486, 0.00032968741343688667], [0.018572662711472013, 0.009363798169536057, -0.005508133372703716, -0.01698709009074509, -0.0028613550711605457, -0.0007273725582985696, 0.0012968543048132535, 0.0005627950510083331], [-0.01631465302370455, -0.005508133372703716, 0.007283505228683347, 0.016521595531975394, 0.001393949032199669, 0.0004840417813755046, 0.00044101322194336167, 0.0005251227143156826], [-0.03990581130400344, -0.01698709009074509, 0.016521595531975394, 0.053633675863020744, -0.0018846414450441524, 0.001376548429629702, -0.0019210682234029276, 0.001013135174510288], [-0.008002986903771563, -0.002861355071160546, 0.001393949032199669, -0.001884641445044152, 0.013428016844959426, -0.0003997256142111839, 0.001016886884587636, -0.0016231937761138824], [-0.0013025345093019124, -0.0007273725582985696, 0.00048404178137550455, 0.0013765484296297018, -0.0003997256142111839, 0.0018020921254019208, 0.0011539179122930013, -0.00018428882436884975], [0.00018443659826892486, 0.0012968543048132535, 0.00044101322194336156, -0.0019210682234029272, 0.001016886884587636, 0.001153917912293001, 0.0023416031396049615, 0.0005448762555295605], [0.00032968741343688667, 0.000562795051008333, 0.0005251227143156826, 0.0010131351745102878, -0.0016231937761138821, -0.0001842888243688498, 0.0005448762555295605, 0.0037053356634514797]], [[0.030218174089030866, 0.009430606029671886, -0.006244742960993654, 0.004350836480295912, -0.002626370765355389, -0.0019517077884480699, -0.0012405452779273888, -0.0033953938853616165], [0.009430606029671886, 0.003300002568195229, -0.0016805228776833976, 0.0012637841440730087, -0.0014005929154520176, -0.00018349935479280999, 0.00021146920007529118, -0.00099414544179399], [-0.006244742960993653, -0.0016805228776833976, 0.0021835318763274336, -0.0013126016482525374, 0.00035738540709074804, 0.0008563554142208851, 0.00011053381126895508, 0.0009937994391083836], [0.004350836480295912, 0.0012637841440730087, -0.0013126016482525374, 0.0012974028034464851, -0.0007001717172513155, -0.00039377343299634254, -4.966829197909642e-05, -0.001123139921521837], [-0.002626370765355389, -0.0014005929154520176, 0.000357385407090748, -0.0007001717172513155, 0.0027128249481451357, -0.0013286850190552914, -0.0019744717046501718, 0.0008906293427867492], [-0.0019517077884480699, -0.00018349935479280999, 0.0008563554142208852, -0.00039377343299634254, -0.0013286850190552917, 0.0017230992692281004, 0.001782296998687889, 0.00017985936601648986], [-0.0012405452779273888, 0.00021146920007529118, 0.00011053381126895506, -4.966829197909639e-05, -0.001974471704650172, 0.0017822969986878892, 0.0028118479615147755, 0.0002000668873639538], [-0.003395393885361617, -0.00099414544179399, 0.0009937994391083836, -0.001123139921521837, 0.0008906293427867492, 0.00017985936601648994, 0.0002000668873639538, 0.0025003010556242924]], [[0.3757338859673722, 0.02482230724166351, -0.07209468438794776, 0.019363568136626843, 0.03771643906581109, -0.01651335912258895, 0.0011091615124766067, -0.006343179202492415], [0.02482230724166351, 0.002064478892950094, -0.004088230694202893, 0.0013314917380266103, 0.0024774878960119218, -0.0006126498476981989, 0.0002694382349069856, -0.0010487698211144576], [-0.07209468438794776, -0.004088230694202893, 0.01509799461961365, -0.003572417544395156, -0.007353581563583459, 0.003540995378807011, -0.00022406939745655088, 0.00036142690243323673], [0.01936356813662684, 0.0013314917380266103, -0.0035724175443951553, 0.0018965486474913503, 0.0009020524955566242, -0.0006271284347670565, 0.00014836687643359707, -0.0010684858501852374], [0.0377164390658111, 0.0024774878960119218, 