{"weights": [0.1722219328198787, 0.16667300864081888, 0.29998629396965, 0.12778680955196292, 0.15555066161058279, 0.07778129340710674], "means": [[6.842244977408659, -0.6711586475725928, 0.2756185625355356, -0.028140711054463235, -0.0013316405791793666, 0.014238556178804667, -0.015938322297819076, 0.0026146442710078548], [-4.131185410646179, -0.515104618413638, 0.17896885102387822, 0.22328884293842036, 0.023140570557730875, -0.0028707567311225058, -0.006969452965811121, 0.00788844602068167], [-3.1855016313111366, -0.19026108472046813, -0.10047588262381053, -0.1354948132713462, -0.05143735997225512, -0.00013858978368045638, 0.003024974479846359, -0.005956707045734108], [0.6641483491029662, 0.5503128944171798, -0.5712587390380424, -0.04070680087003004, 0.07533369208147124, 0.017978946120655245, 0.002159693492800154, 0.019433348518913526], [3.132153977849484, 0.48732035530432477, -0.3974013257632731, 0.11041271771935263, -0.019798033061461686, -0.013504814274604452, 0.031941922865580286, -0.009128768462156286], [-0.6265480972877673, 1.4399734535881694, 1.039971095991223, -0.00043632237287995657, -0.006467473224538023, -0.009945316876575898, -0.007148414972447792, 0.030103511770198238]], "cov": [[[0.005927616058509566, 0.00047051218506550835, 0.0011222033146527561, -0.0005364223692375578, -9.412437633873495e-05, -0.0001314679345810127, 0.00011322668431433408, -0.00011393335647106993], [0.00047051218506550835, 0.008568858790576365, 0.006467270415109238, -0.003984439098638724, 0.00030290846416981224, -0.0020699674376576755, 0.003846391653109457, -0.00023584574814517918], [0.0011222033146527561, 0.006467270415109238, 0.005905232827987493, -0.0033362178150871677, 0.0001999994889158796, -0.001358218144606695, 0.002765691191364367, -0.00032366278040345644], [-0.0005364223692375578, -0.003984439098638724, -0.0033362178150871677, 0.0020342682323047485, -0.0002243841021701468, 0.0009284971935878942, -0.0016994556582951518, 0.00012823682564496735], [-9.412437633873495e-05, 0.00030290846416981224, 0.0001999994889158796, -0.0002243841021701468, 0.00017046662153575462, -0.00013404146215614666, 4.683972647094891e-05, 5.687206424171317e-07], [-0.0001314679345810127, -0.0020699674376576755, -0.001358218144606695, 0.0009284971935878942, -0.00013404146215614666, 0.0008502277837474484, -0.0007918520039445351, -4.931703752172604e-05], [0.00011322668431433408, 0.003846391653109457, 0.002765691191364367, -0.0016994556582951518, 4.683972647094891e-05, -0.0007918520039445351, 0.0018708172574752376, -0.00010389827930472934], [-0.00011393335647106993, -0.00023584574814517918, -0.00032366278040345644, 0.00012823682564496735, 5.687206424171317e-07, -4.931703752172604e-05, -0.00010389827930472934, 0.000177676301481184]], [[0.007567853207166637, 0.000816888672143166, 0.0003605336345420199, 0.0006071895357794174, -0.0014911014467932826, -3.7867353862589307e-06, -0.0003144481604847844, 0.00028737673314099783], [0.000816888672143166, 0.0026197601316037852, 0.0011797745066590931, -0.0023858831086131893, 0.0029222466856070523, -0.0003331049123772295, 0.0012350637160250194, -0.00017959853421209418], [0.0003605336345420199, 0.0011797745066590931, 0.0007045933760490081, -0.0004735690920987133, 0.0010951211562138484, -0.0001252863729903096, 0.0003761757946156339, -0.00039073593058360856], [0.0006071895357794174, -0.0023858831086131893, -0.0004735690920987133, 0.016312390740064645, -0.005951838498554358, 0.0010983170837552117, -0.002284734753240373, -0.0009525433240483105], [-0.0014911014467932826, 0.0029222466856070523, 0.0010951211562138484, -0.005951838498554358, 0.014754447055494908, -0.0011696960258312141, 0.00389855280723718, -0.00025602379987474394], [-3.7867353862589307e-06, -0.0003331049123772295, -0.0001252863729903096, 0.0010983170837552117, -0.0011696960258312141, 0.001168369538623577, 0.000613891134398059, -0.0006670415171962976], [-0.0003144481604847844, 0.0012350637160250194, 0.0003761757946156339, -0.002284734753240373, 0.00389855280723718, 0.000613891134398059, 0.0025839194460936703, -0.00017832095323480813], [0.00028737673314099783, -0.00017959853421209418, -0.00039073593058360856, -0.0009525433240483105, -0.00025602379987474394, -0.0006670415171962976, -0.00017832095323480813, 0.0030611157503800937]], [[0.28650894069462757, 0.09489318044093607, -0.059992665481915196, 0.030245391587230053, -0.034932418509689325, 0.00018742458638067207, -0.0076534000854085555, -0.0017948150194568172], [0.09489318044093607, 0.03240755835515289, -0.01918946904852979, 0.010199762816851615, -0.013582305317884066, 8.677887249119952e-05, -0.0018799524976610884, 3.595178199382047e-05], [-0.059992665481915196, -0.01918946904852979, 0.01345937473502814, -0.006285525864577441, 0.005994509804486694, 0.00018367649024388457, 0.0018424344483652646, 0.0009161831819424166], [0.030245391587230053, 0.010199762816851615, -0.006285525864577441, 0.0050615227559173154, -0.005362037593042893, -0.0002674789283007021, -0.0009567231600219264, -0.0005788361410863571], [-0.034932418509689325, -0.013582305317884066, 0.005994509804486694, -0.005362037593042893, 0.010562880608504925, -0.0006154584677637247, -0.0009051681551019228, -0.0008513846459433562], [0.00018742458638067207, 8.677887249119952e-05, 0.00018367649024388457, -0.0002674789283007021, -0.0006154584677637247, 0.002185469484749751, 0.0017382659044231205, 0.0001257275672092525], [-0.0076534000854085555, -0.0018799524976610884, 0.0018424344483652646, -0.0009567231600219264, -0.0009051681551019228, 0.0017382659044231205, 0.0026039009597963276, 0.0006458050917181914], [-0.0017948150194568172, 3.595178199382047e-05, 0.0009161831819424166, -0.0005788361410863571, -0.0008513846459433562, 0.0001257275672092525, 0.0006458050917181914, 0.003327723131712405]], [[0.04880714795358662, 0.005259497070696853, -0.0004219348495886828, 0.0005580644512865052, -0.0006615337241558222, -0.007096942222695829, -0.0031198387983532075, -0.00038736510569888256], [0.005259497070696853, 0.0015298145319689734, 0.0006959197370437263, 0.00015111386136341945, -0.0018098996675405723, -0.001220849569138468, -0.00013415969538894094, -9.535179683244747e-05], [-0.0004219348495886828, 0.0006959197370437263, 0.0008148128159278419, 0.0003065803871850625, -0.0015930302730124447, -0.0002695346627265179, 4.061215487766442e-05, 2.0053887656807232e-05], [0.0005580644512865052, 0.00015111386136341945, 0.0003065803871850625, 0.0011050733685661126, -0.0007746978167755618, 0.00024147181435621163, -0.00024156777365306472, -0.0005655170384028565], [-0.0006615337241558222, -0.0018098996675405723, -0.0015930302730124447, -0.0007746978167755618, 0.0041218739330847465, 0.0007413590158995893, -0.0002305896393027086, 0.0007049518166367458], [-0.007096942222695829, -0.001220849569138468, -0.0002695346627265179, 0.00024147181435621163, 0.0007413590158995893, 0.0032511254132833057, 0.0017891634315083125, -0.0003539647929904978], [-0.0031198387983532075, -0.00013415969538894094, 4.061215487766442e-05, -0.00024156777365306472, -0.0002305896393027086, 0.0017891634315083125, 0.0016675749874500146, -5.836519845121775e-05], [-0.00038736510569888256, -9.535179683244747e-05, 2.0053887656807232e-05, -0.0005655170384028565, 0.0007049518166367458, -0.0003539647929904978, -5.836519845121775e-05, 0.0017073732434545645]], [[1.1492054669377791, -0.06121815540577524, 0.0488653512032395, 0.020250161479032462, -0.02671630510668327, -0.0937192048736162, 0.06952048025662376, -0.013266247469209293], [-0.06121815540577524, 0.004406804956536222, -0.0025360769087766958, -0.0013538727767306723, 0.0018985390435238352, 0.004604882460980255, -0.0036336378950747447, 0.0006622645889818204], [0.0488653512032395, -0.0025360769087766958, 0.006617709696335255, -0.0018403018191671032, -0.0005094362766891687, -0.002542759784994717, 0.0023523749358913535, -0.00010590344101647144], [0.020250161479032462, -0.0013538727767306723, -0.0018403018191671032, 0.0031523604456136028, -0.0017127051110383796, -0.0030229362283906184, 0.0016215989153541032, 