{"MAP index": 0, "entropy_prior_gmm": 1.1512925464970228e-08, "entropy_MAP_gmm": 6.392305635927187e-07, "entropy_z_nk_prior": 9.616358581884957e-06, "entropy_MAP_z_nk": 0.0014850106424996944, "entropy_mixing_prior": 88.99072030499339, "entropy_MAP_mixing": 1.723531098030012}