{"entropy_prior_gmm": 0.0008925289686521755, "entropy_Mean_gmm": 0.0029452480375766754, "entropy_z_nk_prior": 0.0012788791422551772, "entropy_Mean_z_nk": 0.0026849647621361287, "entropy_mixing_prior": 88.99072030499339, "entropy_Mean_mixing": 1.4100551022332035}