{"weights": [0.17097017717674332, 0.00035012121387730286, 0.4696057744474231, 0.1241751549977364, 0.15435850765873502, 0.08054026450548478], "means": [[6.870195892390916, -0.6484202038190529, 0.30710030729732546], [1.284800845608433, -0.6591293283995759, 0.19556735774984993], [-3.5374578115326396, -0.3155606010175479, 0.009230686053236226], [0.6604004116744606, 0.5393452837495846, -0.5851872443912807], [2.961895146552927, 0.47587358601722385, -0.42693150387352224], [-0.6674647727835642, 1.4848793176322443, 1.0078137538099958]], "cov": [[[0.7675115067678807, -0.030541285048558457, -0.9275788679311797], [-0.030541285048558478, 4.609097004149782, 3.4697903257293117], [-0.9275788679311797, 3.4697903257293112, 9.212218427400876]], [[1093.9108990942614, -1.2632738822917384, 69.45581138042536], [-1.2632738822917384, 112.83513354004658, 24.30513378298648], [69.45581138042536, 24.305133782986488, 164.99717167229224]], [[326.4817498461234, 139.9659721895012, -115.19093392859932], [139.9659721895012, 64.84940722089313, -52.12317288488125], [-115.19093392859932, -52.12317288488126, 45.82527272968597]], [[47.96394692735337, 13.363729244317769, -9.031795219615034], [13.363729244317767, 7.386512562559951, -3.667229032765802], [-9.031795219615034, -3.667229032765801, 4.153873698765208]], [[893.3301472315316, 51.67203785192596, -171.00351142726598], [51.67203785192596, 49.696964742705696, -41.9047040038009], [-171.003511427266, -41.9047040038009, 75.3494488847012]], [[156.08358068177168, 37.33476964871849, -66.06389749547044], [37.33476964871849, 44.228753183676055, -58.796105270127335], [-66.06389749547044, -58.796105270127335, 84.7169992426123]]]}