,X,Y,Z,id,nugget
0,100.0,0.0,-825.0,30904931,1e-05
1,300.0,0.0,-830.1228245578833,30904931,1e-05
2,900.0,0.0,-825.0,30904931,1e-05
3,100.0,0.0,-844.9999999999999,36615680,1e-05
4,300.0,0.0,-843.0578017003902,36615680,1e-05
5,900.0,0.0,-844.9999999999999,36615680,1e-05
