{"weights": [0.5986000112033443, 0.16707605172439643, 0.2343239370722592], "means": [[-2.1028966037180683, -0.5226109258898461, 0.03231116462114337, -0.0029636024742535723, 0.015782058252300942, 0.01055477587828469, -0.01987237448820178, -0.011182476813329574], [4.001175273933158, -2.701577347008857, -0.040919210674234416, 0.033563585169859744, -0.00468460453269922, 0.0030161899672096286, -0.012134746219044607, -0.018901011518617745], [1.807572727193445, 3.628709238963017, -0.03399878481839209, 0.006048119019802386, -0.01648039458866523, 0.009763548676508645, -0.0015381629991356293, 0.010575413512288112]], "cov": [[[0.026627552198709752, -0.012668964402565723, 0.008983055356996063, -0.08709996143721621, 0.02879043076914657, -0.025235799626908847, -0.012227671177846506, 0.007097947909189527], [-0.012668964402565722, 0.03353556206234183, -0.015096082087674753, 0.059992165712761406, -0.040807137437708106, 0.005316243696326444, -0.013984510341311996, -0.004769466175499583], [0.008983055356996065, -0.015096082087674753, 0.021427310787046357, -0.10740426534791228, 0.03427412436769208, -0.016636287364459178, 0.013008521727654486, -0.0068617144246223396], [-0.08709996143721621, 0.059992165712761406, -0.10740426534791228, 0.6939325056639113, -0.19003129849729736, 0.1442054306229301, -0.004956499530546366, 0.0280477403200829], [0.028790430769146568, -0.040807137437708106, 0.034274124367692074, -0.19003129849729739, 0.08371457282160771, -0.023483496065089746, 0.0018425844330403503, -0.013454766584942828], [-0.025235799626908844, 0.005316243696326445, -0.01663628736445918, 0.14420543062293006, -0.02348349606508975, 0.05390878589715267, -0.0015151468344808666, -0.014528616345065422], [-0.012227671177846506, -0.013984510341311996, 0.013008521727654487, -0.004956499530546367, 0.0018425844330403503, -0.0015151468344808674, 0.04826919599478405, 0.008706022742581174], [0.007097947909189527, -0.004769466175499584, -0.0068617144246223396, 0.0280477403200829, -0.013454766584942828, -0.014528616345065422, 0.008706022742581173, 0.026714450532258915]], [[0.5619552547511277, 0.1254468077245114, 0.0009306197013363309, -0.39903483220117825, -0.1994587693522579, 0.11434871729922147, -0.05944423960641243, -0.15013184390399498], [0.1254468077245114, 0.21429748850172348, 0.008285937717144462, 0.20888315673456798, 0.40602484049699505, -0.032637665694346084, -0.09286958223156241, -0.08288098153647193], [0.0009306197013363324, 0.008285937717144457, 0.011314981196401777, -0.06547131118489544, 0.023403146175181293, 0.0520485931770261, -0.019063905419314322, 0.0167610681191915], [-0.39903483220117825, 0.20888315673456798, -0.06547131118489544, 1.6161411504689613, 0.8356286957901969, -0.6062878030250399, 0.06698357310478045, -0.17411793341419873], [-0.1994587693522579, 0.40602484049699505, 0.023403146175181296, 0.8356286957901969, 1.273680707272425, -0.13113126920897303, -0.2147217717634739, -0.030634162581726295], [0.11434871729922147, -0.03263766569434609, 0.0520485931770261, -0.6062878030250399, -0.13113126920897303, 0.4223385840993076, -0.10677020378609549, 0.11109256926207306], [-0.05944423960641242, -0.09286958223156241, -0.019063905419314325, 0.06698357310478045, -0.21472177176347393, -0.10677020378609549, 0.10076097774386635, 0.01573623239919582], [-0.15013184390399498, -0.08288098153647193, 0.0167610681191915, -0.17411793341419873, -0.0306341625817263, 0.11109256926207306, 0.01573623239919582, 0.25485246044267235]], [[0.1316786570294098, -0.0946352277382296, 0.40458266161165174, 0.09168447764794417, 0.13031832776819946, 0.012079713756438643, 0.01536898116160884, 0.048322953461038626], [-0.0946352277382296, 0.18280824570276966, 0.15279563877559274, -0.08313929860533097, -0.16654262274250414, -0.016126323283825596, -0.0068080336412461905, -0.042415913944320344], [0.40458266161165174, 0.15279563877559277, 4.672493543995999, 0.2826750033377034, -0.10372498130390839, 0.0009594705388521078, -0.01908984756466302, 0.006913566032074342], [0.09168447764794417, -0.08313929860533097, 0.2826750033377034, 0.13439540924885943, 0.045105401062519916, -0.005612470409523115, -0.05627001447414819, 0.0420988066186226], [0.13031832776819946, -0.16654262274250414, -0.10372498130390839, 0.045105401062519916, 0.2856112685244203, 0.06908508701595573, 0.12592685508862664, 0.03401880896742489], [0.012079713756438643, -0.016126323283825593, 0.0009594705388521078, -0.005612470409523115, 0.06908508701595573, 0.047722936764341466, 0.07991846490637529, -0.025176635594379066], [0.01536898116160885, -0.006808033641246189, -0.01908984756466302, -0.05627001447414819, 0.12592685508862664, 0.07991846490637528, 0.21077434272089374, -0.042821587166799464], [0.048322953461038626, -0.04241591394432035, 0.006913566032074342, 0.0420988066186226, 0.03401880896742489, -0.025176635594379066, -0.04282158716679947, 0.048034741925198875]]]}