{"weights": [0.14448277586507163, 0.030182566562713155, 0.1385356923523434, 0.2918073942489734, 0.13414653681175398, 0.2608450341591445], "means": [[6.860877728855749, -0.6372361168049429, 0.3165354287056616], [5.563818217724056, -0.6089327053047192, 0.19593586545219477], [-3.6514161969340493, -0.36995325817604935, 0.06018171076657546], [-3.480177361458344, -0.3016967669139173, -0.0030654388942545994], [-0.24389166003868273, 0.4186930338477376, -0.23817859540758074], [1.39235202806688, 0.6625287574684254, 0.14023219125779937]], "cov": [[[3.0806990278334814, -0.2652816394283684, -0.5624674790035921], [-0.2652816394283685, 4.852894886497959, 3.1443376707766695], [-0.5624674790035921, 3.144337670776669, 9.090228522608752]], [[16051.145597290464, 7.1174853244344485, 1188.5087580314464], [7.1174853244344485, 25.375457537605744, 23.88763601748151], [1188.5087580314464, 23.887636017481505, 158.7542984389173]], [[378.9062772553009, 153.46103342184608, -123.86076115758934], [153.46103342184608, 81.99925723089125, -68.2564645591069], [-123.86076115758934, -68.2564645591069, 63.62945741412587]], [[724.052513574374, 217.82100862013652, -146.48736280985418], [217.82100862013652, 71.81159303902834, -45.94392180976944], [-146.48736280985418, -45.94392180976945, 33.956630647800594]], [[6246.514732557076, 437.2516158803359, -1239.0350437718637], [437.25161588033586, 192.45506787518985, 24.16895014702819], [-1239.0350437718637, 24.168950147028177, 434.14875457554314]], [[1607.7649651696433, 183.87946151742722, -363.1241770789155], [183.8794615174273, 854.6752382616633, -437.43882010734933], [-363.12417707891564, -437.43882010734933, 1131.9345380304092]]]}