{"MAP index": 138, "entropy_prior_gmm": 1.1512925464970228e-08, "entropy_MAP_gmm": 2.0955890533969068e-07, "entropy_z_nk_prior": 0.0012788791422551772, "entropy_MAP_z_nk": 0.002006448364687926, "entropy_mixing_prior": 88.99072030499339, "entropy_MAP_mixing": 1.7133746673085473}