{"weights": [0.17113994018164233, 0.16750583210215367, 0.30228569591237947, 0.12417046508043164, 0.15435775475351587, 0.08054031196987702], "means": [[3.8159603446098624, 0.4260217778276084, -0.4106818607600912, 0.14034756521715325, -0.030906481009649402, 0.021349833751041474, 0.11198568986589322, 0.019436357220499887], [-0.669807433633891, 1.48672303862914, 1.0131937280685455, 0.004048980502477123, 0.013224301205403948, 0.0030929301606007287, -0.008636038025063629, 0.0023718329784311286], [-3.9058066193948506, -0.4451487529112702, 0.07978993158807798, -0.015276468613199838, -0.008719873039252474, 0.01607556731329504, -0.007605478901314776, -0.0036553004088524044], [1.0979491921436704, 0.5661981963751801, -0.5630720520672894, -0.017566092805616853, 0.045136769024068386, -0.009912169131144894, -0.03252894072248094, 0.0008651271116141477], [-2.693973938919403, -0.025105048271471888, -0.20167567663087188, -0.11293425762370381, -0.10259805073903415, -0.002999436790380911, -0.017083264782798542, -0.0300164263161371], [6.855346686052301, -0.6456319138225534, 0.29780826952193523, -0.04151656728471977, -0.0043106478264996265, -0.016001471469449857, -0.005162940327579692, -0.004023584204300634]], "cov": [[[9.330641923643023, -3.2787089450771294, 2.193113601559704, -0.5594719408870565, 0.08856232227320013, -0.06791674308024748, -0.3792843882918354, -0.06221315156058987], [-3.2787089450771294, 1.1611669386023051, -0.7650073710675237, 0.19286959834547462, -0.030920364621719824, 0.023483515631029923, 0.1370190260785211, 0.022663923619145245], [2.193113601559704, -0.7650073710675237, 0.5204975214236046, -0.13436298097576696, 0.02102132496830448, -0.016435809947377183, -0.08685726192263712, -0.014205138706417906], [-0.5594719408870565, 0.19286959834547462, -0.13436298097576696, 0.03544285985098679, -0.005625432160603274, 0.004126679140705466, 0.02124773491331895, 0.003242099833485363], [0.08856232227320013, -0.030920364621719824, 0.02102132496830448, -0.005625432160603274, 0.0011556913750493845, -0.0003838923228096693, -0.00361015631028191, -0.00037264734312146173], [-0.06791674308024748, 0.023483515631029923, -0.016435809947377183, 0.004126679140705466, -0.0003838923228096693, 0.0011461129037016028, 0.002603727319406399, 0.0006816118835150566], [-0.3792843882918354, 0.1370190260785211, -0.08685726192263712, 0.02124773491331895, -0.00361015631028191, 0.002603727319406399, 0.01718146756230093, 0.002843245925792236], [-0.06221315156058987, 0.022663923619145245, -0.014205138706417906, 0.003242099833485363, -0.00037264734312146173, 0.0006816118835150566, 0.002843245925792236, 0.0008840358952249084]], [[11.810243009947722, 6.901900017133821, 2.8545161987106815, -0.7822045206247876, -0.1241228433781587, 0.02938409692138681, -0.03923297930391149, -0.024832133278066163], [6.901900017133821, 4.037836341029703, 1.6700144535934536, -0.4616085432359902, -0.06831670800821948, 0.016809591429086945, -0.0213832288854289, -0.01443894219929923], [2.8545161987106815, 1.6700144535934536, 0.6908910718465952, -0.1905876842940561, -0.028293781625936164, 0.00712385108444921, -0.00888985678514362, -0.006235914410741945], [-0.7822045206247876, -0.4616085432359902, -0.1905876842940561, 0.06991163870696632, -0.0003794141069537392, -0.0005659252439550687, -0.0005438865705058892, 0.0007537642440899105], [-0.1241228433781587, -0.06831670800821948, -0.028293781625936164, -0.0003794141069537392, 0.01680312707836377, -0.0013338993143828081, 0.00420178099603636, 0.0007878932783929313], [0.02938409692138681, 0.016809591429086945, 0.00712385108444921, -0.0005659252439550687, -0.0013338993143828081, 0.004162179527875585, -0.0010384849123072034, -0.0001514773632241962], [-0.03923297930391149, -0.0213832288854289, -0.00888985678514362, -0.0005438865705058892, 0.00420178099603636, -0.0010384849123072034, 0.001500144121044664, 4.2578511775146144e-05], [-0.024832133278066163, -0.01443894219929923, -0.006235914410741945, 0.0007537642440899105, 0.0007878932783929313, -0.0001514773632241962, 4.2578511775146144e-05, 0.0027073263221760787]], [[0.7400063821637721, 0.2547855535885897, -0.17273421686173632, -0.062194992820675386, -0.056036050232144946, -0.004196188265359537, 0.0019573210027370716, -0.008199397348796584], [0.2547855535885897, 0.08893416903258475, -0.058962808661185064, -0.023172744377360277, -0.020546815981455545, -0.0018426611413723975, 0.0013239481760112324, -0.0024349175276449473], [-0.17273421686173632, -0.058962808661185064, 0.041240362413365664, 0.015915767875919626, 0.011779066672261003, 0.0010030964522446824, -0.0006673961360747831, 0.002017815495066509], [-0.062194992820675386, -0.023172744377360277, 0.015915767875919626, 0.023660717993165336, -0.0004323544207924741, 0.0020912407675071376, -0.002585186161301743, -0.00012605941374263193], [-0.056036050232144946, -0.020546815981455545, 0.011779066672261003, -0.0004323544207924741, 0.010818405463172776, 0.000969120747107405, -0.00015371605595781778, -0.00021543982193202347], [-0.004196188265359537, -0.0018426611413723975, 0.0010030964522446824, 0.0020912407675071376, 0.000969120747107405, 0.003589932406035969, -0.0006218385791298483, -0.00010573954703020505], [0.0019573210027370716, 0.0013239481760112324, -0.0006673961360747831, -0.002585186161301743, -0.00015371605595781778, -0.0006218385791298483, 0.0009143415452377199, -0.00019309625767322642], [-0.008199397348796584, -0.0024349175276449473, 0.002017815495066509, -0.00012605941374263193, -0.00021543982193202347, -0.00010573954703020505, -0.00019309625767322642, 0.003026019670486342]], [[0.24191219226486294, 0.015688764861319315, 0.007370474009675888, 0.010646769412069549, -0.0048615286584832735, 0.0016207251852844826, -0.005720198225844458, -0.008692451470616262], [0.015688764861319315, 0.001946258726791473, 0.0011955552962719038, 0.0005499977767996129, -0.001675723883137826, 0.000423165825084633, -8.136380268571188e-05, -0.0005216854949533247], [0.007370474009675888, 0.0011955552962719038, 0.0016936494412165568, 0.00041520431200448124, -0.0017511020564111718, -0.00036432139343034556, -0.0005509303970134212, -0.00030155541146296706], [0.010646769412069549, 0.0005499977767996129, 0.00041520431200448124, 0.0015080131293094623, -0.0005404324514256376, -0.00035092293843318087, -0.000412156897652472, -0.0009889994186676248], [-0.0048615286584832735, -0.001675723883137826, -0.0017511020564111718, -0.0005404324514256376, 0.003205911241317649, -0.00015368004817207685, 1.2565591257764424e-05, 0.0003466534975556078], [0.0016207251852844826, 0.000423165825084633, -0.00036432139343034556, -0.00035092293843318087, -0.00015368004817207685, 0.003243160159451666, 0.0002996057887362495, 0.0003512260255116345], [-0.005720198225844458, -8.136380268571188e-05, -0.0005509303970134212, -0.000412156897652472, 1.2565591257764424e-05, 0.0002996057887362495, 0.0007921156507309253, 1.0616824118181388e-05], [-0.008692451470616262, -0.0005216854949533247, -0.00030155541146296706, -0.0009889994186676248, 0.0003466534975556078, 0.0003512260255116345, 1.0616824118181388e-05, 0.0023171724323599006]], [[33.2501587532305, 2.791620044379041, -1.2582395767735455, 1.353496253647859, 0.5075713402723419, 0.00848063970455128, 0.2863900053150604, 0.1523503013436894], [2.791620044379041, 0.2581316211947744, -0.11817358230912274, 0.11611638159334686, 0.04938075479028045, -0.003197353728046952, 0.01125168307215365, 0.011704827294161887], [-1.2582395767735455, -0.11817358230912274, 0.05876894590682246, -0.05527894171450116, -0.02294733184298412, 0.0014308700556761814, -0.0046554868513851615, -0.0044061412414025955], [1.353496253647859, 0.11611638159334686, -0.05527894171450116, 0.05891532173967498, 0.019476306686246236, 0.0001219007020423672, 0.012206677203793908, 0.005692396081294808], [0.5075713402723419, 0.04938075479028045, -0.02294733184298412, 0.019476306686246236, 0.012966809263211374, -0.00030899336052936025, -0.0012626232818833, 0.0015011526705539487], [0.00848063970455128, -0.003197353728046952, 0.0014308700556761814, 