{"accuracy_init": 0.5897436141967773, "accuracy_final_MAP": 0.7735042572021484, "accuracy_final_mean": 0.7735042572021484}