,X,Y,Z,id,nugget
0,100.0,0.0,-824.9999999999999,19733655,1e-05
1,300.0,0.0,-798.387306719315,19733655,1e-05
2,900.0,0.0,-824.9999999999999,19733655,1e-05
3,100.0,0.0,-844.9999999999999,41462565,1e-05
4,300.0,0.0,-836.6560917558453,41462565,1e-05
5,900.0,0.0,-844.9999999999999,41462565,1e-05
