{"weights": [0.21944536219528626, 0.5966158040821963, 0.18393883372251738], "means": [[-1.7439515698530936, 3.6783582227744063, -0.10519661682957865, 0.07904398578449466, -0.06887539425175754, -0.01808533375411402, -0.03977540956831553, 0.02957743843308121], [2.1142883497376848, -0.5201238266587368, 0.03634077274322552, 0.02673541630798246, 0.00046622306141943045, 0.007879955098183586, 0.0030486671935515916, 0.002435107055082943], [-4.022078725389539, -2.7226608644628465, -0.056136778565218676, -0.09765251470842211, -0.07550604462466032, 0.05015818017644726, -0.01457939031975034, 0.05577123525815508]], "cov": [[[0.17666780505070206, 0.13673954191118662, -0.48005957956949213, 0.11794618701383862, -0.19896431196901324, 0.0290823720772514, 0.04714506061869115, 0.0591531337459218], [0.13673954191118665, 0.24904695859746273, 0.18119897746952793, 0.09972975841020422, -0.2574405552372769, 0.0373343000401012, 0.04648947205562306, 0.05139150116927729], [-0.4800595795694921, 0.1811989774695279, 5.549685322244441, -0.33674446210348363, -0.1255693152393206, 0.00015857477395845058, 0.026101379370203594, -0.008673075746339347], [0.11794618701383862, 0.09972975841020422, -0.3367444621034837, 0.14595496360775878, -0.08629926238889535, 0.006173116207850548, -0.030048207242251285, 0.04792969903861271], [-0.19896431196901324, -0.2574405552372768, -0.1255693152393206, -0.08629926238889535, 0.4142916569994799, -0.09711892349780456, -0.1712278907755468, -0.054645111332259924], [0.029082372077251405, 0.0373343000401012, 0.00015857477395845072, 0.0061731162078505495, -0.09711892349780457, 0.05208668264842501, 0.08335028975617877, -0.018239445360791452], [0.04714506061869115, 0.046489472055623066, 0.026101379370203594, -0.030048207242251285, -0.17122789077554681, 0.08335028975617875, 0.21470819528562546, -0.02659411406914942], [0.05915313374592179, 0.05139150116927728, -0.008673075746339349, 0.0479296990386127, -0.054645111332259924, -0.01823944536079145, -0.02659411406914942, 0.050328607999794994]], [[0.024927206638153992, 0.008988611889099878, -0.008813863975446133, -0.0864237740445397, -0.02530141430004437, -0.025063026317466115, -0.012169514225708555, 0.005469904426602608], [0.00898861188909988, 0.03749189274124418, -0.017665692292014035, -0.05790099291457392, -0.04429583180483241, -0.00010212925627044635, 0.02064890605155618, 0.002125659284624585], [-0.008813863975446133, -0.01766569229201403, 0.02184346176394098, 0.10427056023226147, 0.036208460398799956, 0.01456636720569612, -0.014716565637457634, 0.006724245414395647], [-0.0864237740445397, -0.05790099291457392, 0.10427056023226147, 0.6792802636041275, 0.18505939822048048, 0.14246678410143152, -0.0027843431409383785, 0.026492583317920065], [-0.02530141430004437, -0.04429583180483241, 0.03620846039879995, 0.1850593982204805, 0.08576718478438346, 0.01933900689524602, -0.009221712254692035, 0.014505121546443681], [-0.025063026317466115, -0.00010212925627044655, 0.01456636720569612, 0.14246678410143152, 0.019339006895246015, 0.054939844696104544, 0.003879494068403081, -0.013177959078126342], [-0.012169514225708554, 0.020648906051556178, -0.014716565637457634, -0.002784343140938379, -0.009221712254692035, 0.0038794940684030786, 0.050843464724254855, 0.007121415869454232], [0.005469904426602608, 0.002125659284624585, 0.006724245414395647, 0.02649258331792007, 0.014505121546443681, -0.013177959078126342, 0.007121415869454232, 0.023482122184376893]], [[0.40557643597047316, -0.12879855307977262, 0.000453103716875454, -0.19730959651981028, 0.037590877693810025, 0.06095132118302078, -0.059189447480789775, -0.11553185436111627], [-0.12879855307977262, 0.16288409338451446, 0.013976775743151645, -0.05044822867148418, 0.2626360330850606, -0.02199126345040398, 0.07477842857095837, 0.052032559830725855], [0.00045310371687545353, 0.013976775743151643, 0.010538328917223115, 0.04168694064303257, 0.030904413154487675, -0.03966654140184372, 0.01613976831569864, -0.010869571342403116], [-0.19730959651981028, -0.050448228671484185, 0.04168694064303257, 0.8034841779193848, -0.26805178904724986, -0.31971333893042536, 0.07469143549860056, -0.09106161710211733], [0.037590877693810025, 0.2626360330850606, 0.030904413154487668, -0.26805178904724986, 0.7629479651633326, -0.041109345364795026, 0.17867866909969987, -0.0076347656299327665], [0.06095132118302078, -0.02199126345040397, -0.03966654140184371, -0.31971333893042536, -0.041109345364795026, 0.2948421881673251, -0.09914498754078498, 0.06727736267916455], [-0.059189447480789775, 0.07477842857095837, 0.01613976831569864, 0.07469143549860058, 0.17867866909969987, -0.09914498754078498, 0.09027918210961187, 0.01312213086094064], [-0.11553185436111627, 0.052032559830725855, -0.010869571342403116, -0.09106161710211733, -0.007634765629932767, 0.06727736267916454, 0.013122130860940641, 0.19952850083949444]]]}