{"weights": [0.14249739800563602, 0.19639550891351887, 0.2843734935150289, 0.10529143190059619, 0.09377747004596762, 0.17766469761925233], "means": [[3.8040439964929607, 0.4538835347027121, -0.3696775257822467, 0.1334163432243238, -0.044859319140831966, -0.08833640315685451, 0.06845870536943874, -0.0056040363522107915], [1.1129869236976297, 0.5558604563644446, -0.5185209472271589, 0.019339190069080435, 0.03328229356531245, 0.044165958466353836, -0.025528122449017473, 0.011055627142172036], [-3.935349248049429, -0.45397684746860784, 0.10075366187315928, 0.046333912463824706, 0.03336581851094652, -0.007939271391088996, -0.0002880737383540594, 0.005075660542748504], [-2.645436028698879, -0.008725807565206783, -0.21384251863697099, -0.07662328452078966, -0.12377661754889464, 0.006428292806362167, -0.0029542115315996796, -0.024037435708736215], [-0.7593799350541545, 1.439123595953983, 1.0720608318225586, -0.002005210764636371, -0.002913169939151142, 0.0014320476778563174, -0.014301433048175787, -0.022978851967940667], [6.855678782631929, -0.6572555978654558, 0.2901372237624954, -0.034151945880205196, -0.004714987651535317, 0.010103502180869924, -0.008921972496094577, 3.591246803208682e-05]], "cov": [[[0.20416398919985446, -0.02325247153790755, 0.037388418218578565, -0.010593425852190728, -0.007079664470749951, 0.0006300453894086971, 0.011265830554023748, 0.000592137564754236], [-0.02325247153790755, 0.003361609502397806, -0.0031370715478904253, 0.0003807183097641229, 0.0012442858567533084, 4.853229374933204e-05, -0.0013460489656095614, -0.00010879659396589788], [0.037388418218578565, -0.0031370715478904257, 0.009248483012551486, -0.0034585452595730115, -0.0009263448565831044, 0.0005173918192146584, 0.001613569461401222, 0.00017056545383292062], [-0.010593425852190728, 0.0003807183097641231, -0.003458545259573012, 0.0023728645280364133, -0.0006364963465926831, -0.0003939978483665528, -0.00024479391155384335, 0.00028696297156904454], [-0.00707966447074995, 0.0012442858567533084, -0.0009263448565831042, -0.0006364963465926833, 0.0023375682174714835, -0.0001757756579876682, -0.0005109655720919752, -0.000867288249432315], [0.0006300453894086972, 4.8532293749332044e-05, 0.0005173918192146583, -0.0003939978483665528, -0.00017577565798766818, 0.0008088525910034252, 0.00020879727499413056, -0.0002878519385742105], [0.011265830554023746, -0.0013460489656095614, 0.001613569461401222, -0.0002447939115538433, -0.0005109655720919751, 0.00020879727499413056, 0.0010616737853040858, -1.0162140619419984e-06], [0.000592137564754236, -0.00010879659396589788, 0.00017056545383292064, 0.0002869629715690445, -0.0008672882494323148, -0.0002878519385742105, -1.0162140619419948e-06, 0.0008782887623626913]], [[0.28375381399088384, 0.0032572759239137402, 0.026078455557971413, 0.02585606939032105, -0.011935920757577823, 0.01874778194777291, -0.009386586146449945, -0.002369517089857534], [0.0032572759239137402, 0.001089349615309086, 0.0007701951238047492, -0.00012084930356544249, -0.001144190660969575, -0.0005441261930112611, 0.0001244378118266821, 8.70854027614764e-05], [0.026078455557971413, 0.0007701951238047492, 0.005037491183333558, 0.002734914654930717, -0.0019188421035928292, 0.002802037762420783, -0.0018963061103662506, 0.0003653613754997323], [0.025856069390321052, -0.00012084930356544255, 0.002734914654930717, 0.004923390254172771, -0.0023162427172271362, 0.0025283672843211084, -0.0015284599303554166, -0.0008243706148215246], [-0.011935920757577824, -0.001144190660969575, -0.0019188421035928292, -0.0023162427172271362, 0.0037474142600396844, -0.0009311915640672548, -0.0003075144713604946, 0.0006276282931604209], [0.018747781947772914, -0.0005441261930112611, 0.0028020377624207835, 0.002528367284321109, -0.0009311915640672549, 0.00432004828756483, 0.00017999468805328177, -0.0003715159401714074], [-0.009386586146449945, 0.00012443781182668205, -0.0018963061103662506, -0.0015284599303554166, -0.00030751447136049463, 0.00017999468805328186, 0.0030256766449459106, -0.00022577332098058453], [-0.002369517089857534, 8.708540276147643e-05, 0.0003653613754997324, -0.0008243706148215246, 0.0006276282931604208, -0.0003715159401714074, -0.00022577332098058453, 0.0017863830945695563]], [[0.03640117839248911, 0.014877532786697092, -0.013107149411201875, -0.031784533028727, -0.0063491907757839165, -0.0010446812353984197, 9.150472067626985e-05, 0.0001959150958421957], [0.014877532786697092, 0.0076967146011966085, -0.004264888857119845, -0.013549766342882828, -0.002282644251011561, -0.0005179786403394192, 0.0012305393738943234, 0.00043088939964918056], [-0.013107149411201875, -0.004264888857119845, 0.0059959722623990665, 0.013174140508021912, 0.001078741278086597, 0.0004580127145314205, 0.0004959041299054685, 0.00045623751094398636], [-0.03178453302872699, -0.013549766342882826, 0.013174140508021912, 0.04309004228338509, -0.0014622966393586024, 0.0011013102980433741, -0.0015598147288950822, 0.0007285149885268333], [-0.0063491907757839165, -0.002282644251011561, 0.0010787412780865968, -0.0014622966393586024, 0.011022368877771095, -0.0003819429487569782, 0.0007692430186122262, -0.001293487904883827], [-0.0010446812353984197, -0.0005179786403394192, 0.00045801271453142057, 0.0011013102980433741, -0.00038194294875697817, 0.0018230474562697292, 0.0012185823994450757, -0.0004214764507068795], [9.15047206762698e-05, 0.0012305393738943234, 0.0004959041299054684, -0.0015598147288950822, 0.0007692430186122262, 0.0012185823994450757, 0.0023011320858204436, 0.00033394835842809616], [0.00019591509584219576, 0.00043088939964918056, 0.00045623751094398636, 0.0007285149885268333, -0.001293487904883827, -0.00042147645070687953, 0.0003339483584280962, 0.0037511807099107424]], [[0.021022529156367337, 0.006570686976492844, -0.004244944788927399, 0.0029022475726591815, -0.0017263888815442665, -0.0013237150932912329, -0.0008864561205024784, -0.00213466867454965], [0.006570686976492843, 0.002397351870396551, -0.0010359258436096637, 0.0007759710844182656, -0.0010812478477828747, -4.609512007620426e-06, 0.0002617203578179696, -0.0005312082409296945], [-0.004244944788927398, -0.0010359258436096637, 0.0018661369370328558, -0.0010955551188040979, 0.00018568256878161992, 0.000753815196203289, 3.838564380329172e-06, 0.000866834529623331], [0.002902247572659181, 0.0007759710844182656, -0.0010955551188040979, 0.0011815578596089862, -0.0006181797031905205, -0.0003708560148818959, -3.9864510548099094e-05, -0.0011429733632987277], [-0.001726388881544266, -0.001081247847782875, 0.0001856825687816199, -0.0006181797031905205, 0.0025093801226321517, -0.0012209606723552421, -0.0017945226012543412, 0.000837833426456916], [-0.0013237150932912326, -4.609512007620481e-06, 0.0007538151962032891, -0.0003708560148818959, -0.0012209606723552423, 0.0016202160171973996, 0.0016331999945201885, 0.00018210048268185725], [-0.0008864561205024784, 0.00026172035781796954, 3.838564380329101e-06, -3.9864510548099074e-05, -0.0017945226012543417, 0.0016331999945201885, 0.0026500016124328426, 0.0002636665273141079], [-0.002134668674549649, -0.0005312082409296945, 0.0008668345296233312, -0.0011429733632987277, 0.000837833426456916, 0.0001821004826818573, 0.0002636665273141079, 0.0029145798541151007]], [[0.3475770159281729, 0.022895248534329258, -0.06681887558770438, 0.01790971955140457, 0.03489407487355974, -0.015302476540143033, 0.0010292830795437782, -0.005851358636019546], [0.022895248534329258, 0.0016785480581688677, -0.004177412858380012, 0.0012316764346299305, 0.0023354358652999422, -0.0006969271998317792, 0.00021615792865716267, -0.0008117200559049528], [-0.06681887558770438, -0.004177412858380012, 0.013248829276122618, -0.003294979430677741, -0.006752197590008478, 0.0031158398135268466, -0.00022020127434753606, 0.00044908652936943296], [0.01790971955140457, 0.0012316764346299307, -0.003294979430677741, 0.0017417030399797112, 0.000902103215038514, -0.0006957902012959528, 4.327833947768867e-05, -0.0006724915560698143], [0.03489407487355974, 