{"weights": [0.1442198495772231, 0.03222514288409085, 0.18932982912660765, 0.2688355872387774, 0.12701132937172768, 0.23837826180157332], "means": [[6.870364710261381, -0.6407865758248728, 0.3062478828208102], [3.4221359184544053, -0.6515300016756684, 0.15747947513000513], [-3.6147786067553023, -0.3512219908962279, 0.03459689171265212], [-3.369361082247977, -0.277646524781884, -0.015077417460263004], [0.606942036937667, 0.5152437178619965, -0.38663551410177904], [1.53064769897951, 0.7481670256135694, -0.061771984316615125]], "cov": [[[3.7463173756084625, -0.40437167301480187, -0.17818015737263032], [-0.40437167301480187, 3.5842917601142483, 2.3465655446170266], [-0.17818015737263035, 2.346565544617027, 6.803843908367947]], [[17576.940946153278, 8.604985517039506, 1303.281312765954], [8.604985517039506, 24.80889749709039, 15.277827632235743], [1303.281312765954, 15.277827632235743, 149.92609081853345]], [[462.45086784449427, 191.28462630072926, -155.42396536970804], [191.28462630072926, 96.63457748638977, -80.3603003916461], [-155.42396536970804, -80.3603003916461, 72.67984184670487]], [[1092.2126013428356, 328.0974264174358, -220.74055869507893], [328.0974264174358, 108.61497551563627, -70.9368116940295], [-220.74055869507893, -70.9368116940295, 49.73635501441303]], [[2845.024122444929, 207.11616342144708, -550.3415723898097], [207.11616342144706, 168.03053204028566, 78.02444029374743], [-550.3415723898097, 78.02444029374743, 286.84296752774674]], [[1702.546300250372, 248.6361622346937, -458.3955892652604], [248.6361622346937, 858.9011680662883, -463.76338850895337], [-458.3955892652604, -463.7633885089533, 1166.5532873062314]]]}