{"entropy_prior_gmm": 1.1512925464970228e-08, "entropy_Mean_gmm": 0.0004609202151186764, "entropy_z_nk_prior": 0.0012788791422551772, "entropy_Mean_z_nk": 0.01164839341793586, "entropy_mixing_prior": 88.99072030499339, "entropy_Mean_mixing": 1.6232952116012749}