{"weights": [0.05725406279364985, 0.11423573411101035, 0.31064257392424194, 0.2829638908832092, 0.15436321998050243, 0.08054051830738622], "means": [[3.8152822180015447, 0.43342259189603655, -0.39724924129720846, 0.1450963629543438, -0.035810389165851275, 0.014840078480721655, 0.1039330525331205, 0.0046278523864338], [-0.7192819119606154, 1.4803501821411555, 1.0242599813151647, -0.01040918376580144, 0.0005884068162670521, 0.0017787376794427027, -0.006811032362364345, -0.003574608773014311], [-3.920031430476695, -0.44606243853041483, 0.10767440996949512, 0.035578053452027886, 0.02070538419063521, 0.000818041058117117, 0.00819325265065314, 0.005735009886060188], [1.105404888125775, 0.5393013388408753, -0.5447989862103255, 0.0036701545863522048, 0.047781913945265944, -0.012237291403330401, -0.043426976112337326, 0.004729240807302097], [-2.706238002697056, -0.034567631568953934, -0.1999415689012185, -0.10042758244664703, -0.0999336899060578, 0.005735359937290731, -0.00843832750109592, -0.01948199764007932], [6.870044915823082, -0.6474363105636086, 0.30709175365495317, -0.04285492501286849, -0.0018440884085354104, -0.00041845108714161334, -0.011968581938878356, -0.0007511964524404094]], "cov": [[[0.17710605408629138, -0.023701818201197437, 0.02826383769432264, -0.004683464500561752, -0.007123835559675237, -0.000503337501050936, 0.006232331681250941, 0.00375540107842537], [-0.023701818201197437, 0.004312149273242925, -0.00201126898156058, -0.0008112214464701638, 0.0012423560426757427, -0.00016217342134096938, -0.0010935026608606857, -0.00046683975922310147], [0.028263837694322638, -0.0020112689815605794, 0.00821661896345081, -0.003831065533112894, -0.0006486446411292899, -0.00028468502643027774, -0.00013789161447548721, 0.001002983597596775], [-0.004683464500561751, -0.000811221446470164, -0.003831065533112894, 0.003472333710630438, -0.0011260112630701244, 0.00018892519444083677, 0.0009350988639424952, -0.00019255675338520172], [-0.007123835559675238, 0.0012423560426757427, -0.0006486446411292899, -0.0011260112630701244, 0.0024912169566364407, 0.00039484442128726217, -0.00045431193571442255, -0.0005522124363534225], [-0.000503337501050936, -0.00016217342134096938, -0.00028468502643027774, 0.00018892519444083677, 0.00039484442128726217, 0.0018051606546297433, -0.00011096598999724914, 4.537073171892088e-06], [0.00623233168125094, -0.0010935026608606857, -0.0001378916144754872, 0.0009350988639424952, -0.00045431193571442255, -0.00011096598999724918, 0.0008890766692934524, -0.00011892661020868456], [0.0037554010784253706, -0.00046683975922310147, 0.001002983597596775, -0.00019255675338520172, -0.0005522124363534224, 4.537073171892111e-06, -0.00011892661020868456, 0.0009310899941148298]], [[0.2514669756525778, 0.017251223554463006, -0.05091384005816333, 0.007275225168200489, 0.03732609769506331, 0.00378453435236424, 0.011468447567227256, -0.010725423229442841], [0.01725122355446301, 0.0020389081602691754, -0.0027059518845828153, 0.0002679070417990969, 0.0028325718658109168, 0.0001566488597848144, 0.0010208851521022364, -0.0010305852784435843], [-0.05091384005816334, -0.0027059518845828153, 0.01133798403142679, -0.0014903933961438257, -0.00757291541127381, -0.0005066591681390498, -0.0022497935363420523, 0.0019892544911514114], [0.00727522516820049, 0.00026790704179909685, -0.0014903933961438257, 0.0010643279377849787, 0.00010125498953138347, 5.9940420048142725e-05, 0.00021960102626115616, -0.0003450232258030214], [0.037326097695063315, 0.002832571865810917, -0.0075729154112738105, 0.0001012549895313835, 0.007906210392240216, 0.0014490913848918196, 0.001755711756407326, -0.002980386997247863], [0.0037845343523642406, 0.00015664885978481437, -0.0005066591681390498, 5.994042004814277e-05, 0.0014490913848918196, 0.004667633325822099, -0.0006026826341977189, 0.00029711053412328993], [0.011468447567227256, 0.0010208851521022364, -0.0022497935363420523, 0.0002196010262611562, 0.0017557117564073257, -0.0006026826341977188, 0.0007694135513141089, -0.0008082268908877683], [-0.010725423229442843, -0.0010305852784435843, 0.0019892544911514114, -0.0003450232258030214, -0.002980386997247863, 0.00029711053412328993, -0.0008082268908877683, 0.003516942192695819]], [[0.043124997347355094, 0.01844478540038526, -0.015474161442420298, -0.03882621974184451, -0.008866168280130588, 0.0016116118890002913, 0.0009796997085761382, -0.00020124767336143865], [0.01844478540038526, 0.009848381620237578, -0.005421986818239406, -0.0181645686092728, -0.0026887877169447043, 0.0004991796768670448, 0.001477746567432933, 0.00024336547951914788], [-0.015474161442420297, -0.005421986818239406, 0.007016953253485731, 0.016090142964421236, 0.0021032047659907183, -0.0003915506039581902, -0.00019062601579385616, 0.0002094261159636443], [-0.038826219741844505, -0.018164568609272798, 0.016090142964421236, 0.056834237389618375, -0.002082561484531032, 0.0001384580887933636, -0.003484242088005116, 0.0003560247833056538], [-0.008866168280130588, -0.0026887877169447043, 0.002103204765990718, -0.0020825614845310318, 0.014520952390857994, -0.00031683856774345734, 0.0017749995770170647, -0.0007192103795281208], [0.001611611889000291, 0.0004991796768670447, -0.0003915506039581902, 0.00013845808879336366, -0.00031683856774345723, 0.004144712453675182, -0.00055989669142246, -0.00022918873860476444], [0.0009796997085761382, 0.001477746567432933, -0.00019062601579385621, -0.003484242088005116, 0.0017749995770170645, -0.00055989669142246, 0.001040066013637296, -0.00011531555720560611], [-0.0002012476733614387, 0.00024336547951914797, 0.00020942611596364442, 0.0003560247833056538, -0.0007192103795281207, -0.00022918873860476441, -0.00011531555720560613, 0.003131469995314423]], [[0.4131851074086361, 0.00022672516469433743, 0.0306460567171778, 0.03453192940014508, -0.005190734790648186, -0.0049021686820606, -0.020747917530023165, -0.010962525496688922], [0.00022672516469433745, 0.0013324224002368061, 0.00038884241344492215, 0.00023454298122973366, -0.0014776012996995786, 0.00030841247455155505, 0.0007194102966505907, 0.00014741925894220476], [0.0306460567171778, 0.0003888424134449222, 0.004381374336326623, 0.0026305951164937685, -0.001357819060249408, -0.0010952010045892232, -0.0027067018907841753, -0.0005896555396867128], [0.03453192940014507, 0.00023454298122973366, 0.0026305951164937685, 0.005479918585324108, -0.0019290723210834643, -0.0011650839556211568, -0.0016048666067751745, -0.0016781264179083957], [-0.005190734790648186, -0.0014776012996995786, -0.0013578190602494078, -0.0019290723210834643, 0.003520957945824533, 0.0005308013773178146, -0.0003051915009998242, 0.00014864541481442555], [-0.0049021686820606, 0.00030841247455155505, -0.0010952010045892232, -0.0011650839556211568, 0.0005308013773178146, 0.0032805458351724314, 0.0007360642310188056, 0.00018241745270517086], [-0.020747917530023165, 0.0007194102966505907, -0.0027067018907841753, -0.0016048666067751745, -0.0003051915009998242, 0.0007360642310188056, 0.0027146958267215892, 0.0003463433448442674], [-0.010962525496688923, 0.00014741925894220476, -0.0005896555396867128, -0.0016781264179083957, 0.00014864541481442555, 0.000182417452705171, 0.0003463433448442673, 0.002060193277561149]], [[0.04361565497311761, 0.013189868398797067, -0.008831919965130058, 0.004759114748343771, -0.002388197995732784, 0.004207436754853349, -0.0002495467968868486, -0.0003047007992135077], [0.013189868398797067, 0.004490240626735054, -0.0022372391789680876, 0.0011075049585614598, -0.0011186201273452705, 0.0009168409089132471, 0.00015047324442143658, -0.00022189189002429845], [-0.008831919965130058, -0.0022372391789680876, 0.002776431638934988, -0.0013423701011420707, 0.0002985194274532516, -0.000837296562739417, -0.00030869914462137147, -7.175404395211084e-05], [0.004759114748343771, 0.0011075049585614598, -0.001342370101142071, 0.0020428208400455035, -0.0011180679676284532, 0.000586178650500908, 6.305002318423193e-05, -0.0006234949371618533], [-0.002388197995732784, 