{"accuracy_init": 0.7751677632331848, "accuracy_final_MAP": 0.4463087320327759, "accuracy_final_mean": 0.708053708076477}