{"MAP index": 196, "entropy_prior_gmm": 0.0008925289686521755, "entropy_MAP_gmm": 0.012088953517377377, "entropy_z_nk_prior": 0.0012788791422551772, "entropy_MAP_z_nk": 0.010488836797474546, "entropy_mixing_prior": 88.99072030499339, "entropy_MAP_mixing": 1.6439277480540304}