{"MAP index": 1613, "entropy_prior_gmm": 0.0008925289686521954, "entropy_MAP_gmm": 0.003955794032663107, "entropy_z_nk_prior": 0.00127887914225473, "entropy_MAP_z_nk": 0.004086924530604752, "entropy_mixing_prior": 88.99072030499339, "entropy_MAP_mixing": 1.5027685776262707}