{"weights": [0.04201823555416437, 0.12913901018091836, 0.46976538402441237, 0.12417932344994839, 0.15435777409418727, 0.08054027269636933], "means": [[-3.805973274863967, 0.43248006866491473, 0.4020448565368049], [-1.1036007387080982, 0.5383948457289572, 0.5448787539976051], [3.9153431612613345, -0.4438029808149324, -0.10511210137264713], [2.698748048396588, -0.03254181597827447, 0.20226836298526452], [0.6808779774036897, 1.4809941378876967, -1.0147577476136884], [-6.870138391021983, -0.6477813436909956, -0.3071897529774329]], "cov": [[[167.96856230097637, 22.446050658997894, 26.851873108961236], [22.446050658997894, 4.073419086710606, 2.0875621858625344], [26.851873108961236, 2.0875621858625344, 7.540853606076256]], [[424.47288442276306, -0.20480998524480973, 31.410795205928938], [-0.20480998524480973, 1.3749276009274074, -0.4034344654821816], [31.41079520592893, -0.40343446548218165, 4.458623644372438]], [[43.30752007023689, -18.523310251373363, -15.551087004343122], [-18.523310251373363, 9.946980259419076, 5.5005659561268825], [-15.55108700434312, 5.5005659561268825, 7.1162026566339005]], [[43.492289398657014, -13.12325030780292, -8.799257445071424], [-13.12325030780292, 4.527625964528686, 2.2669110717784107], [-8.799257445071424, 2.266911071778411, 2.7844870917072044]], [[252.5445433544265, -17.308034355563137, -51.1349026612853], [-17.308034355563137, 2.006108474318436, 2.8478499692622177], [-51.13490266128529, 2.8478499692622177, 11.325932114557904]], [[0.61902148430538, -0.44804839199937807, 0.8776252233916972], [-0.44804839199937807, 8.223673364211361, -5.837306932149608], [0.8776252233916972, -5.837306932149608, 5.264692322936375]]]}