{"accuracy_init": 0.7751677632331848, "accuracy_final_MAP": 0.4899328947067261, "accuracy_final_mean": 0.4899328947067261}