,X,Y,Z,id,nugget
0,100.0,0.0,-825.0,35617254,1e-05
1,300.0,0.0,-822.9443692103457,35617254,1e-05
2,900.0,0.0,-825.0,35617254,1e-05
3,100.0,0.0,-844.9999999999999,14963173,1e-05
4,300.0,0.0,-838.482870890583,14963173,1e-05
5,900.0,0.0,-844.9999999999999,14963173,1e-05
6,100.0,0.0,-855.0,14466698,1e-05
7,300.0,0.0,-846.1299386574171,14466698,1e-05
8,900.0,0.0,-855.0,14466698,1e-05
