{"weights": [0.38605684856474287, 0.29068624865069703, 0.2859718854909118, 0.03728501729364824], "means": [[2.0428273246964137, -0.5663802651333693, 0.09708833776977395, 0.4339023770307849, 0.13071102494897913, 0.1009883794458923, 0.012973717421553536, 0.007655392903971077, -0.0031581191806038084, 0.002942197855979911], [-0.03689187307364826, -1.2577959291656209, -0.06865340647814853, -0.40643304360841553, -0.21622845723803927, -0.1955258344920953, 0.008228781642138534, -0.05828642421715779, -0.02078249570245735, -0.02325575707837616], [-2.4860567651610577, 1.590248923614395, 0.1282603546684675, -0.17460589064140253, 0.034637146945346496, 0.05000288219394099, -0.054687514023108515, 0.0667624380137089, 0.016636905020061824, 0.01676116370373502], [-1.7964636531262077, 3.4735796515262964, -1.4537708687900384, 0.015177363954123868, 0.06671587361769238, 0.09521243622665787, 0.2209602131778832, -0.13690580038173458, 0.06712380296276205, 0.022289155952037794]], "cov": [[[0.014116539523191512, 0.004556959100307048, -0.0006184636784644926, -0.02218512891106727, -0.007596206878962619, -0.008523637651675285, -0.009293473351670188, 0.006011103605473668, -0.001374560127311383, -0.0021536341735723602], [0.004556959100307048, 0.02663622329300606, -0.010210846086009872, -0.01645241983239405, -0.022718841830758785, 0.003680300117981299, 0.01901041181079943, 0.0063273413584382055, -0.0003550081732812591, 0.00025074914125269463], [-0.0006184636784644926, -0.010210846086009872, 0.014095189288909129, 0.04284183643978596, 0.017599284124954026, -0.0005690687691730966, -0.018502014595112935, 0.0063225895762340735, -0.001727703187678, -0.0035907386846310866], [-0.02218512891106727, -0.01645241983239405, 0.04284183643978596, 0.18716335819430047, 0.05466654771388893, 0.016663844672701256, -0.030159931737772913, 0.02177148700683391, -0.003930796759928638, -0.008231899597175869], [-0.007596206878962619, -0.022718841830758785, 0.017599284124954026, 0.05466654771388893, 0.03802351967250044, -0.006795897590079228, -0.011849467445776722, 0.011127937199540763, 0.005168675653395496, -0.00164656678130069], [-0.008523637651675285, 0.003680300117981299, -0.0005690687691730966, 0.016663844672701256, -0.006795897590079228, 0.019559924542980694, -0.0036106357256065194, -0.014010910417337532, -0.006722049343233529, -0.003194643418179929], [-0.009293473351670188, 0.01901041181079943, -0.018502014595112935, -0.030159931737772913, -0.011849467445776722, -0.0036106357256065194, 0.05213011165374755, 0.0066164692173722684, 0.011437343825492474, 0.010571634938871446], [0.006011103605473668, 0.0063273413584382055, 0.0063225895762340735, 0.02177148700683391, 0.011127937199540763, -0.014010910417337532, 0.0066164692173722684, 0.024947767298172822, 0.00642373033244863, 0.0003519390224673814], [-0.001374560127311383, -0.0003550081732812591, -0.001727703187678, -0.003930796759928638, 0.005168675653395496, -0.006722049343233529, 0.011437343825492474, 0.00642373033244863, 0.005403382266479206, 0.002757421430425763], [-0.0021536341735723602, 0.00025074914125269463, -0.0035907386846310866, -0.008231899597175869, -0.00164656678130069, -0.003194643418179929, 0.010571634938871446, 0.0003519390224673814, 0.002757421430425763, 0.0046045964427214245]], [[9.506696592815771, 3.3783558693635434, -0.07477332135604238, -1.8425314439479414, -0.040042192172157265, -0.0431728319425287, -0.06985763646710895, 0.1694131702739239, 0.08551316194622163, 0.006137355712369514], [3.3783558693635434, 1.2633912147175579, -0.035592816007960645, -0.6339704336189619, -0.05019590067648122, -0.017671747854834757, 0.008611843887809664, 0.08975739117367085, 0.023659134896377373, -0.0042502736760713375], [-0.07477332135604238, -0.035592816007960645, 0.01347034971478464, 0.08057428165143171, 0.030822168573870126, -0.014697761622051973, 0.0044661864240454815, -0.005002438443215689, -9.465664585726835e-05, 0.0006926528491076327], [-1.8425314439479414, -0.6339704336189619, 0.08057428165143171, 0.9452725812617259, 0.10582328335143687, -0.06099997956469075, 0.10203920142396995, -0.0010893587273306767, -0.018571495302847726, 0.009426096123993359], [-0.040042192172157265, -0.05019590067648122, 0.030822168573870126, 0.10582328335143687, 0.25562924747534516, -0.058836048216355116, 0.05841080480070094, -0.061700715296456335, 0.009042266598392646, 0.013428274153360524], [-0.0431728319425287, -0.017671747854834757, -0.014697761622051973, -0.06099997956469075, -0.058836048216355116, 0.18179611893110895, -0.05821067000554996, 0.002230537445855668, -0.013246243812563108, 0.009828416100724753], [-0.06985763646710895, 0.008611843887809664, 0.0044661864240454815, 0.10203920142396995, 0.05841080480070094, -0.05821067000554996, 0.07447506540057588, 0.0025045494730743345, 0.005677894501091797, 0.005876021339617384], [0.1694131702739239, 0.08975739117367085, -0.005002438443215689, -0.0010893587273306767, -0.061700715296456335, 0.002230537445855668, 0.0025045494730743345, 0.09653443034496552, 0.010877865234921097, -0.0013648064849785832], [0.08551316194622163, 0.023659134896377373, -9.465664585726835e-05, -0.018571495302847726, 0.009042266598392646, -0.013246243812563108, 0.005677894501091797, 0.010877865234921097, 0.007698799307419718, 0.0029354729597957144], [0.006137355712369514, -0.0042502736760713375, 0.0006926528491076327, 0.009426096123993359, 0.013428274153360524, 0.009828416100724753, 0.005876021339617384, -0.0013648064849785832, 0.0029354729597957144, 0.014642600800304974]], [[1.1779246689005338, 2.8308273630888685, -0.21723107827029325, 0.25425658944765617, -0.1953935661493244, -0.08458558106027517, -0.0351904032653225, -0.07657365326562446, -0.01131669107782468, 0.03477174546769264], [2.8308273630888685, 8.989673677413204, 0.4864009920482165, 0.7446654770866006, -0.16002463196285052, -0.2851204487408008, -0.028913152548631256, -0.21690254300567863, -0.10582265047561167, -0.05897318185285271], [-0.21723107827029325, 0.4864009920482165, 3.6617980242563477, -0.19994439603844474, -0.06899565998987453, -0.004246197249650761, 0.06270180069487825, -0.0414089598308834, 0.007612445492521592, 0.006297565751991794], [0.25425658944765617, 0.7446654770866006, -0.19994439603844474, 0.4785401213882665, -0.3356407777928635, -0.09060112478063113, -0.07304487172584628, -0.04899417000593916, 0.02268861352411267, -0.007046117175564813], [-0.1953935661493244, -0.16002463196285052, -0.06899565998987453, -0.3356407777928635, 0.5916364862725317, 0.015294595832795674, -0.034040025009673285, 0.03818283443965671, -0.027602068981149627, -0.02203814445779598], [-0.08458558106027517, -0.2851204487408008, -0.004246197249650761, -0.09060112478063113, 0.015294595832795674, 0.0908608444978383, 0.056849461129697784, 0.005266291466399961, 0.012079154739901097, -0.0091819755563549], [-0.0351904032653225, -0.028913152548631256, 0.06270180069487825, -0.07304487172584628, -0.034040025009673285, 0.056849461129697784, 0.15527199912268386, 0.0010895115062382439, -0.027602434055328497, -0.01724815913093938], [-0.07657365326562446, -0.21690254300567863, -0.0414089598308834, -0.04899417000593916, 0.03818283443965671, 0.005266291466399961, 0.0010895115062382439, 0.09076173332862746, -0.01282560118375655, -0.0026665612130612423], [-0.01131669107782468, -0.10582265047561167, 0.007612445492521592, 0.02268861352411267, -0.027602068981149627, 0.012079154739901097, -0.027602434055328497, -0.01282560118375655, 0.14762573568046417, -0.004097610631248575], [0.03477174546769264, -0.05897318185285271, 0.006297565751991794, -0.007046117175564813, -0.02203814445779598, -0.0091819755563549, -0.01724815913093938, -0.0026665612130612423, -0.004097610631248575, 0.03895952397430692]], [[0.10131647597783447, 0.08281307342167786, 0.016146998070706246, 0.047749144246381825, -0.1571857845054233, 0.005766940918519642, -0.007107650942425391, 0.052645003058513634, -0.06702163264441123, -0.0015270785547521696], [0.08281307342167786, 0.08388074563814815, 0.03410950851928928, 0.037472513221055805, -0.15409610376028832, 