,X,Y,Z,id,nugget
0,100.0,0.0,-825.0,8835891,1e-05
1,300.0,0.0,-825.5484095986694,8835891,1e-05
2,900.0,0.0,-825.0,8835891,1e-05
3,100.0,0.0,-844.9999999999999,71432868,1e-05
4,300.0,0.0,-841.9218381345457,71432868,1e-05
5,900.0,0.0,-844.9999999999999,71432868,1e-05
