{"weights": [0.45681535846507876, 0.40157300929125433, 0.14161163224366696], "means": [[-2.1092146330440333, -0.5261664353604624, 0.03844957386096652, -0.02547239300168971, 0.011091267005249263, -0.0008888903773739404, -0.003884103620466298, -0.004930040163035852], [1.8192135819733533, 3.611272490363357, -0.049355250025226165, -0.002929350595815227, 0.0027372776565879955, 0.0022680070292570554, 0.026697093268735983, 0.02351514728529278], [4.009942204218784, -2.7152992394523374, -0.04717711857137228, 0.06735629951532746, -0.0240390318531889, -0.00610850214197918, -0.01290591263814497, -0.007175264088487162]], "cov": [[[0.02613941943728278, -0.01110188387427144, 0.00916991157418838, -0.08879092572939677, 0.027594317599692064, -0.025724796400813606, -0.01220383305977052, 0.006414147697212587], [-0.01110188387427144, 0.03585452442807098, -0.016653225888315505, 0.0603948160792467, -0.04334091906582979, 0.0028454092098775014, -0.017288473954227574, -0.0032879879230207167], [0.00916991157418838, -0.01665322588831551, 0.022036518714820097, -0.10828536671724719, 0.03609466467925739, -0.01589465020528773, 0.013763264629779809, -0.007096789167128561], [-0.08879092572939677, 0.0603948160792467, -0.10828536671724719, 0.7023308937432533, -0.19200109819454853, 0.14659707989530366, -0.0039924861162289604, 0.027896466518635674], [0.02759431759969206, -0.04334091906582979, 0.036094664679257385, -0.19200109819454853, 0.08544388678506315, -0.0231880457790013, 0.007043791314704848, -0.012971956690426547], [-0.025724796400813602, 0.002845409209877499, -0.015894650205287728, 0.14659707989530366, -0.023188045779001302, 0.05383158700276097, 0.0031999919017077906, -0.01228994987461883], [-0.01220383305977052, -0.017288473954227578, 0.013763264629779809, -0.003992486116228961, 0.007043791314704848, 0.0031999919017077906, 0.04712156165334104, 0.005677793854740644], [0.006414147697212587, -0.0032879879230207167, -0.007096789167128562, 0.027896466518635674, -0.012971956690426544, -0.01228994987461883, 0.005677793854740642, 0.02346954269782532]], [[0.1615082583204755, -0.11480247610553408, 0.5450129508585968, 0.11327441844265428, 0.1551184502671958, 0.01587544255951301, 0.017692243218982186, 0.055367864600591336], [-0.11480247610553408, 0.2123936494442634, 0.20512578699726816, -0.10125597835947132, -0.20302279422300248, -0.02016265317999403, -0.00905806512524934, -0.05424653107145385], [0.5450129508585968, 0.20512578699726816, 6.280516767936021, 0.382039835134256, -0.1390126095831175, 0.0010783250482289495, -0.026294577861569007, 0.010332771759089058], [0.11327441844265428, -0.10125597835947131, 0.382039835134256, 0.15537952251916787, 0.05586445532905261, -0.009148431595053649, -0.06990037458403983, 0.05120363514808608], [0.1551184502671958, -0.2030227942230025, -0.1390126095831175, 0.055864455329052626, 0.34085313054889943, 0.08260376273827981, 0.15387631242334232, 0.04047271747054442], [0.01587544255951301, -0.020162653179994033, 0.0010783250482289497, -0.009148431595053649, 0.08260376273827981, 0.05383852008089819, 0.09672595310662939, -0.027198865307424207], [0.017692243218982197, -0.009058065125249353, -0.026294577861568996, -0.06990037458403983, 0.15387631242334232, 0.09672595310662939, 0.2482572216412179, -0.05236640760789125], [0.05536786460059134, -0.05424653107145385, 0.010332771759089058, 0.05120363514808608, 0.04047271747054442, -0.027198865307424207, -0.05236640760789125, 0.052760288504318624]], [[0.6233923522347199, 0.18030438492835946, -0.015598830466153108, -0.2147888396406614, -0.13738492918028516, -0.006769130472793947, -0.049172468251314175, -0.2450095186997393], [0.18030438492835948, 0.18852803153670442, 0.0063843918157094745, 0.11295733008260708, 0.2754590419047206, -0.022273664491755614, -0.0722423104212978, -0.09624110821607017], [-0.015598830466153112, 0.006384391815709475, 0.011606235265482974, -0.04972001921371978, 0.029628287531002214, 0.04675268593002461, -0.016504050812125623, 0.02051571845367363], [-0.21478883964066134, 0.11295733008260707, -0.04972001921371978, 1.0191724387697758, 0.4324803681492413, -0.41561404587328965, 0.06576647297463215, -0.1493824493019535], [-0.1373849291802852, 0.2754590419047206, 0.029628287531002207, 0.4324803681492413, 0.889682146454543, 0.00032136975531762085, -0.17748765013974957, 0.032978991320255883], [-0.006769130472793931, -0.0222736644917556, 0.04675268593002461, -0.4156140458732897, 0.0003213697553176384, 0.3356343569750409, -0.09961060940208397, 0.10342273416439579], [-0.04917246825131418, -0.0722423104212978, -0.016504050812125623, 0.06576647297463216, -0.1774876501397496, -0.09961060940208397, 0.08860864903764856, 0.01511887693386896], [-0.2450095186997393, -0.09624110821607015, 0.02051571845367363, -0.1493824493019535, 0.0329789913202559, 0.10342273416439579, 0.01511887693386896, 0.30224135712166195]]]}