{"MAP index": 517, "entropy_prior_gmm": 1.1512925464970228e-08, "entropy_MAP_gmm": 0.15264436602592468, "entropy_z_nk_prior": 0.5947685701538927, "entropy_MAP_z_nk": 0.6396251172292367, "entropy_mixing_prior": 88.99072030499339, "entropy_MAP_mixing": 1.421610677463284}