{"MAP index": 150, "entropy_prior_gmm": 0.0008925289686521755, "entropy_MAP_gmm": 0.003490963252261281, "entropy_z_nk_prior": 0.0012788791422551772, "entropy_MAP_z_nk": 0.00327606894958142, "entropy_mixing_prior": 88.99072030499339, "entropy_MAP_mixing": 1.4108860961360226}