{"weights": [0.17085470210653406, 0.00048527750828275486, 0.4695879360441025, 0.12417383205464504, 0.15435799394097022, 0.08054025834546544], "means": [[6.865091482144476, -0.6514881278113656, 0.3188044582008859], [4.084600088258427, -0.5412028999324744, 0.1893188910685696], [-3.5231031483376487, -0.30185570092106045, -0.0014307004880987656], [0.6492587075749261, 0.5409268705788816, -0.5923429857941479], [2.9633745447350277, 0.5117282315732105, -0.45855133721075847], [-0.6945648663103573, 1.4823276137031764, 1.017534772560397]], "cov": [[[0.724038356116749, -0.015888992978169262, -0.8370672950283198], [-0.01588899297816927, 4.217128154795857, 3.08200582706358], [-0.8370672950283198, 3.0820058270635795, 8.302683448232328]], [[1708.0675407478698, -0.7312191623300554, 113.77904972614158], [-0.7312191623300552, 136.41196869352234, 21.558527052975684], [113.77904972614158, 21.558527052975688, 186.50358319510812]], [[313.6700819257777, 134.58910476675211, -110.76460019288683], [134.58910476675214, 62.08348398180958, -50.12636157700054], [-110.76460019288683, -50.12636157700053, 43.791410285834864]], [[39.750471908595486, 10.989599847729437, -7.435863667693992], [10.989599847729437, 6.273277641903829, -3.1798117595041524], [-7.435863667693994, -3.1798117595041524, 3.438920593851467]], [[860.085069908161, 47.36249438434312, -162.47702374502575], [47.36249438434313, 56.90008254739463, -48.8538786055211], [-162.47702374502578, -48.8538786055211, 79.73420815706154]], [[174.37630015763943, 50.43094602920727, -84.98711834861763], [50.43094602920727, 46.0511266290039, -62.77191839120771], [-84.98711834861763, -62.77191839120771, 91.9761964517107]]]}