{"weights": [0.10492529376381646, 0.23396684726570968, 0.31085458974302144, 0.11643586669937366, 0.0782909777110205, 0.15552642481705828], "means": [[3.715800577540689, 0.4608900820354311, -0.38381731272561126, 0.13424013067118373, -0.029673895089480026, -0.08041461033117721, 0.06043969728624206, -0.019789778068536955], [1.0465953855974848, 0.5564865954498736, -0.5215005922994249, -0.0008130213750013047, 0.048141010886718516, 0.041013408223137544, -0.02349803964057173, 0.010429997739442656], [-3.9200541923523873, -0.44198992564137496, 0.09560302636010999, 0.026618244740690893, 0.02925701228621164, -0.008834508134152189, 0.007791162694827558, 0.0028114930069631392], [-2.688549676765069, -0.02536178762704905, -0.20262184910621744, -0.0858788027939829, -0.10275363679953088, -0.004751787232823412, -0.020878260720144638, -0.012373735476941781], [-0.7363984520333868, 1.4412789348232424, 1.0698983473820218, -0.009165140356022295, 0.0028813450060245576, 0.0008650657930200633, -0.010292656078136599, 0.00018098683295660292], [6.853603119527889, -0.651442537626175, 0.2962428853694585, -0.04022434923409599, -0.0009715142252612522, 0.008419399262243641, -0.008385051011457992, 0.0032080667700999372]], "cov": [[[0.17142831828490002, -0.019528558939530007, 0.03139887027144891, -0.00887872391721133, -0.0059840853848261155, 0.0005330766830229026, 0.009459600466470415, 0.0005160736087216576], [-0.019528558939530007, 0.0028451220373549475, -0.002593871449221871, 0.000265282911039736, 0.0011334577611752713, 5.3249447499022983e-05, -0.001138306137413073, -0.00013343865659667714], [0.0313988702714489, -0.0025938714492218704, 0.007766077042363635, -0.003033209384396299, -0.0005605960382515502, 0.000437082985040831, 0.0013642488790110792, 4.5354649277180726e-05], [-0.00887872391721133, 0.000265282911039736, -0.0030332093843962993, 0.002061830096213032, -0.0006064495048924601, -0.00034590224424085875, -0.00015894398604306806, 0.0002850872071549936], [-0.005984085384826115, 0.0011334577611752713, -0.0005605960382515503, -0.00060644950489246, 0.0017707029107433575, -8.29697668817018e-05, -0.00045892084713022635, -0.0006210952778166147], [0.0005330766830229026, 5.3249447499022983e-05, 0.000437082985040831, -0.00034590224424085875, -8.296976688170179e-05, 0.0006078732773166856, 0.0001492720075557432, -0.0002395990294313469], [0.009459600466470413, -0.0011383061374130733, 0.0013642488790110794, -0.000158943986043068, -0.00045892084713022646, 0.0001492720075557432, 0.0008696129905155504, 1.5057939767549812e-05], [0.0005160736087216576, -0.00013343865659667717, 4.535464927718077e-05, 0.0002850872071549936, -0.0006210952778166147, -0.0002395990294313469, 1.5057939767549808e-05, 0.0006141678862345158]], [[0.2686553409695671, 0.003076968008409186, 0.024683686222655103, 0.024434694471563746, -0.01122785329559487, 0.017672921578088602, -0.008964692545297588, -0.0022065340261766867], [0.003076968008409186, 0.001485383628824739, 0.0007346664418555123, 0.00016533677144247452, -0.0014841796098544443, -0.0013151234604178463, -0.00021026658304187874, -4.593082656733649e-06], [0.0246836862226551, 0.0007346664418555123, 0.004378460222004367, 0.0029563946483111554, -0.002195296042340208, 0.002648267326762603, -0.0014726781280339925, -5.5875371966099404e-05], [0.024434694471563746, 0.00016533677144247457, 0.0029563946483111554, 0.0045445064100713365, -0.0024445464289578355, 0.002686338529747335, -0.0011039601913995245, -0.0006495205139753689], [-0.01122785329559487, -0.0014841796098544443, -0.002195296042340208, -0.0024445464289578355, 0.00444303022130322, -0.00016496061027742554, 0.00027304303305513545, 0.0005767282446283922], [0.017672921578088602, -0.0013151234604178463, 0.0026482673267626032, 0.0026863385297473353, -0.00016496061027742548, 0.0055827720852083, 0.0005180674326407081, -0.0005083706083137004], [-0.008964692545297588, -0.0002102665830418788, -0.0014726781280339927, -0.0011039601913995247, 0.00027304303305513545, 0.0005180674326407083, 0.0022228221080161947, -0.00012227964033011203], [-0.0022065340261766867, -4.59308265673365e-06, -5.5875371966099465e-05, -0.0006495205139753687, 0.0005767282446283923, -0.0005083706083137005, -0.00012227964033011205, 0.001403343076229224]], [[0.04392565463818833, 0.01813195105814391, -0.015377051750156861, -0.03665612158524691, -0.0092667671256972, -0.0011954257309880155, 0.00013894718182415225, 0.0007472331570349747], [0.01813195105814391, 0.008977402840493216, -0.005371404937756312, -0.015507616829606575, -0.0031170459508890877, -0.0006792625435206182, 0.001093771716755485, 0.0004973437930902066], [-0.015377051750156861, -0.005371404937756312, 0.006778599246248219, 0.015723163328443153, 0.0015163820376333213, 0.0004928040854516654, 0.00024287360335627887, 0.0003046303583802702], [-0.03665612158524691, -0.015507616829606575, 0.015723163328443153, 0.05233456598728791, -0.0038546926714352727, 0.001340358821806669, -0.0018836682667287498, 0.001447567170022788], [-0.009266767125697198, -0.0031170459508890872, 0.0015163820376333213, -0.0038546926714352727, 0.016538501797243983, -0.00047053844131239147, 0.0014679655412192629, -0.0019418390499624707], [-0.0011954257309880155, -0.0006792625435206182, 0.0004928040854516654, 0.0013403588218066694, -0.0004705384413123916, 0.0017145913903760456, 0.000988736409816943, -0.0004221360926188583], [0.00013894718182415222, 0.001093771716755485, 0.00024287360335627884, -0.0018836682667287498, 0.0014679655412192629, 0.0009887364098169432, 0.002074856348838282, 5.971419623059171e-05], [0.0007472331570349746, 0.0004973437930902065, 0.0003046303583802702, 0.001447567170022788, -0.0019418390499624711, -0.0004221360926188583, 5.9714196230591866e-05, 0.0034006723539224044]], [[0.03597248993152875, 0.011239654251503207, -0.007455089181597032, 0.005185116512713807, -0.003119545140207017, -0.00233383263942622, -0.0014467208709379527, -0.004032295983609404], [0.011239654251503207, 0.0038580642476197125, -0.0020647735201636923, 0.0015204434232608365, -0.001662975189390017, -0.00021990893384567965, 0.00023906977885122062, -0.0011426367152937958], [-0.0074550891815970315, -0.0020647735201636923, 0.002389039656012201, -0.0015111681947212483, 0.0004518933992639347, 0.0009372178493472523, 0.00023844944431484566, 0.0012769319624325627], [0.005185116512713807, 0.0015204434232608368, -0.0015111681947212483, 0.0014631481978361637, -0.0008839925678708514, -0.0004846564557975146, -0.00011393226779184872, -0.0013831687306078845], [-0.003119545140207017, -0.0016629751893900168, 0.00045189339926393493, -0.0008839925678708514, 0.0031527915737517647, -0.0015059026757717345, -0.0022979695411103384, 0.0010314684228202693], [-0.00233383263942622, -0.00021990893384567976, 0.0009372178493472524, -0.0004846564557975146, -0.0015059026757717347, 0.001961724762144872, 0.002125611480606678, 0.00023753856407254554], [-0.0014467208709379525, 0.00023906977885122067, 0.00023844944431484583, -0.00011393226779184869, -0.002297969541110339, 0.0021256114806066785, 0.0031922955134013435, 0.0002014990037493145], [-0.004032295983609404, -0.0011426367152937958, 0.0012769319624325627, -0.0013831687306078845, 0.0010314684228202693, 0.00023753856407254554, 0.0002014990037493145, 0.0029680175265820435]], [[0.28657434244828195, 0.01898647208717193, -0.05490320164676515, 0.014770797580912352, 0.02869123312685875, -0.012470662208285613, 0.0009553991092855804, -0.004831850082325796], [0.01898647208717193, 0.0017763720574046989, -0.0027882131555340204, 0.0011243851031672613, 0.0018109669782928486, -0.000242319913102676, 0.00028880888183937316, -0.0011725704151996713], [-0.05490320164676514, -0.00278821315553402, 0.012067192028313689, -0.002705789673827814, -0.005547632889252641, 0.0029262985043253214, -0.00014941175992991103, -0.0002202625896454996], [0.014770797580912352, 0.0011243851031672613, -0.002705789673827814, 0.0014070297935655828, 0.0008344827856368689, 8.847241764967849e-05, 0.0005269362449935264, -0.001075907846487235], [0.028691233126858746, 