{"weights": [0.16650205775999685, 0.005720165120497842, 0.32823592956606434, 0.2662085132237813, 0.15555555638961036, 0.07777777794004928], "means": [[3.769815193504022, 0.4602034394803306, -0.35744245449201184, 0.12515117988506144, -0.02933757118107274, -0.07880401871288562, 0.05923747481971213, -0.018131597828887576], [1.0752979655318087, 0.5503267686809341, -0.5257303592440934, -0.0037973954670696922, 0.0635973626506173, 0.04292265823034321, -0.02230645227229468, 0.01494122012830399], [-3.9325503587965027, -0.4397617397515975, 0.10619612701343141, 0.04007204529496197, 0.030897170003031407, -0.00344477678232141, 0.013591128535316533, -0.010053165690300769], [-2.6216763771911635, 0.0016759200454372681, -0.21829905450035317, -0.0798672889960526, -0.12159440913993962, -0.009446838064836814, -0.01215851669093727, -0.01453980857520893], [-0.6994049924092778, 1.446196504745521, 1.0685706703006166, -0.004939436028243363, 0.003630642306914857, 0.0006145562637155717, -0.009974022436712186, -0.0014485385434816259], [6.85698075516393, -0.6505849879190043, 0.30528401432812996, -0.04266894150761768, -0.002973085440439174, 0.014760006267420056, -0.006129525258095966, 0.0017835214632536407]], "cov": [[[0.18467705416439206, -0.021169530632928854, 0.03347207929545369, -0.009435944387439714, -0.006184044150794144, 0.00047687298668917387, 0.010239230650874873, 0.00039516902907951295], [-0.021169530632928858, 0.0034682107858390334, -0.001916125532042628, -0.00022156674510295332, 0.0010991114741150292, 0.00020141461291794022, -0.0014071183038979324, 7.66464375578578e-05], [0.03347207929545369, -0.0019161255320426283, 0.010384451327177743, -0.004176959956681359, -0.0016549915863511046, 0.0008651550356633297, 0.001094193190775975, 0.0008697030288453597], [-0.009435944387439714, -0.00022156674510295338, -0.004176959956681359, 0.00309062052702966, -0.001269193737294424, -0.0005931542292061164, 7.019202257141978e-06, 0.0005494251387103271], [-0.006184044150794143, 0.001099111474115029, -0.0016549915863511044, -0.001269193737294424, 0.005061596471253556, -0.0005884577738062613, -0.00042391387040100116, -0.00232690426903607], [0.00047687298668917387, 0.00020141461291794027, 0.0008651550356633298, -0.0005931542292061164, -0.0005884577738062614, 0.001391934953861867, 0.0003331621695602214, -0.0004108701613337826], [0.010239230650874873, -0.0014071183038979324, 0.0010941931907759747, 7.019202257141959e-06, -0.00042391387040100127, 0.0003331621695602214, 0.0010986411659849357, -0.0002370977236846945], [0.00039516902907951306, 7.66464375578579e-05, 0.0008697030288453599, 0.000549425138710327, -0.0023269042690360706, -0.00041087016133378257, -0.0002370977236846945, 0.0018310453841523745]], [[0.39272354984186797, 0.00446885705636397, 0.036089474733660136, 0.03571152275206637, -0.01632129667322707, 0.025859751727025766, -0.013137392242003486, -0.0032077174967080064], [0.00446885705636397, 0.0009754793804944725, 0.0008307563164526432, 0.0003619340515042772, -0.0012926932664033346, -0.00044714068555388314, -9.254219324153169e-05, -3.2071003427406774e-05], [0.03608947473366014, 0.0008307563164526432, 0.0059193205258013274, 0.004685313043350204, -0.0033548762545563045, 0.003997873875257532, -0.0018908005535796593, -0.00023922903906594336], [0.03571152275206636, 0.0003619340515042772, 0.004685313043350203, 0.006116271124363748, -0.003875117411885524, 0.004105440288414659, -0.001465057573342777, -0.0010217313028030902], [-0.01632129667322707, -0.0012926932664033346, -0.0033548762545563045, -0.003875117411885524, 0.005147317588838489, -0.0021678747213716115, 3.236795105641856e-05, 0.0009717316715163163], [0.025859751727025766, -0.00044714068555388304, 0.003997873875257532, 0.004105440288414659, -0.0021678747213716115, 0.005474136802151752, -4.5139008391675134e-05, -0.0007333177676472969], [-0.013137392242003484, -9.254219324153162e-05, -0.0018908005535796589, -0.0014650575733427765, 3.236795105641856e-05, -4.513900839167498e-05, 0.0023620086688100127, -0.00022404665510675814], [-0.0032077174967080064, -3.207100342740676e-05, -0.0002392290390659434, -0.0010217313028030902, 0.0009717316715163163, -0.0007333177676472969, -0.00022404665510675814, 0.0011977967230911563]], [[0.049167454350339874, 0.020384002800908362, -0.017500495953624837, -0.043259109415066964, -0.008706177357565702, -0.0013173390557184115, 0.0004679288406715988, 0.0006741529032400862], [0.020384002800908362, 0.010082976206441024, -0.006167790493965561, -0.018188514634549943, -0.0029157375915515515, -0.0009185227281889008, 0.001129177622073306, 0.00024459890786491395], [-0.017500495953624833, -0.006167790493965561, 0.007708961927584014, 0.018085941194135844, 0.0016623738531336353, 0.00043026490086402257, 5.091678121857153e-05, 0.00012888633374779935], [-0.043259109415066964, -0.018188514634549943, 0.018085941194135844, 0.058259404035868045, -0.0020626060268840755, 0.0015581453250220827, -0.0018114298021064752, 0.0013836204366647036], [-0.008706177357565702, -0.002915737591551551, 0.0016623738531336353, -0.002062606026884075, 0.014806210598434956, -0.00039661585414467644, 0.0013255495614142869, -0.0015287475696490972], [-0.0013173390557184115, -0.0009185227281889006, 0.0004302649008640223, 0.0015581453250220825, -0.00039661585414467644, 0.002014400904276667, 0.0010643720848689847, -0.0005045539632222707], [0.0004679288406715987, 0.001129177622073306, 5.09167812185716e-05, -0.0018114298021064752, 0.0013255495614142869, 0.0010643720848689847, 0.0020720556186234985, -0.00011573931693542082], [0.0006741529032400862, 0.00024459890786491395, 0.00012888633374779935, 0.0013836204366647032, -0.0015287475696490972, -0.0005045539632222707, -0.00011573931693542102, 0.0034890475515815733]], [[0.03380136396113376, 0.010537538896349731, -0.007034707500495655, 0.004953826581260024, -0.0029679907745898903, -0.002202290461236339, -0.0013993822224264059, -0.003988321633932438], [0.010537538896349731, 0.0036342394700965212, -0.0019419468911752074, 0.0014372875298387857, -0.001604145467467597, -0.0002536763401637385, 0.00017493977074268895, -0.0012617469880141605], [-0.007034707500495656, -0.0019419468911752074, 0.002386397488328845, -0.0013905333855693837, 0.00035348359891000886, 0.0009203044126312085, 7.042199356154458e-05, 0.0009021528998317871], [0.004953826581260024, 0.0014372875298387857, -0.0013905333855693837, 0.001324360356840738, -0.0007546792353722618, -0.00038530935185781396, -4.0472257514555186e-05, -0.0009002025276209589], [-0.0029679907745898907, -0.0016041454674675967, 0.00035348359891000886, -0.0007546792353722618, 0.0029311961701915974, -0.0014058521476966704, -0.0021248836881302873, 0.0008264447226053354], [-0.002202290461236339, -0.0002536763401637385, 0.0009203044126312084, -0.00038530935185781396, -0.0014058521476966704, 0.0018779279065649838, 0.0019047479123496028, 7.091953535535856e-05], [-0.0013993822224264059, 0.00017493977074268898, 7.04219935615446e-05, -4.04722575145552e-05, -0.0021248836881302873, 0.0019047479123496032, 0.00302483986001535, 0.00011280251264077393], [-0.003988321633932439, -0.0012617469880141603, 0.0009021528998317871, -0.0009002025276209587, 0.0008264447226053354, 7.091953535535853e-05, 0.0001128025126407739, 0.0019653367381782146]], [[0.2587162525507542, 0.017074149140306777, -0.04968535298332795, 0.013373663884329218, 0.025897741668413913, -0.01131654293666434, 0.0008226255896967633, -0.004381576209731658], [0.01707414914030678, 0.001386858567404469, -0.0029083110490051153, 0.0009614061049315087, 0.0017179000380032829, -0.000290533824361431, 0.0002773055011160226, -0.0009580646766217462], [-0.049685352983327956, -0.002908311049005115, 0.010187717520815313, -0.002352588865740357, -0.005054867106563044, 0.002512408160320424, -0.00012764909471434522, -0.00014219069348721814], [0.01337366388432922, 0.0009614061049315087, -0.0023525888657403575, 0.0015880346178057188, 0.0002366946889990277, -0.00040680443068373334, 0.00010643332649387451, -0.0008830000410295808], [0.025897741668413913, 