{"weights": [0.17222105010147526, 0.16665276235189827, 0.30000719629219946, 0.12778684139154903, 0.1555508334491715, 0.07778131641370645], "means": [[-6.858671207561779, -0.6339807975387098, -0.3077969324161383, 0.045080439875946586, -0.00532441384496734, -0.0002179755599541492, -0.0006329211788584598, -0.00224381750705604, 0.004274925990191211, -0.007821374081087991], [4.117566158918357, -0.5152371692616701, -0.17583311026928988, -0.22742639240404836, 0.060675859304102464, 0.002712496255484455, -0.005360087865914047, -0.00832043602995622, 0.00012580328482188793, 0.0008557993421859625], [3.321392095167185, -0.23165571584828432, 0.06690794467817561, 0.1425695518930636, -0.04371359184649813, 0.003302899414146112, -0.0037358649124500276, 0.009123976556903515, -0.005859358543453502, 0.007409135077964984], [-0.7115382269501086, 0.5561799472032305, 0.5664716629420773, 0.03487255895230546, 0.06868029302192258, 0.003425832810982574, 0.01513246112126916, -0.019257989991999735, 0.0069640361226483, 0.014015876812333414], [-2.947752393855955, 0.49478717732363836, 0.4128854143838009, -0.11812776504566506, -0.022493780446185704, 0.0039010795275198737, -0.022558363859840485, 0.00712850999523768, -0.011407574046354575, -0.01478753201608587], [-6.308417479242791, 1.962577652225567, 0.15482194408317831, -0.2648194558462549, 0.7855924895721632, 0.48429302153026493, 0.13648085139789737, 0.026129713447952115, -0.26004714899402165, -0.23706973705794598]], "cov": [[[0.00556263109125878, -0.0004321110691773974, 0.001074745310491629, -0.0004885434701706019, 0.0001173153337712, -0.00012336403705829455, 0.00010567590088069118, -0.00010284549217573204, 3.6036544035405794e-05, 0.0004672422513878462], [-0.0004321110691773974, 0.008645014123537702, -0.006515960899036381, 0.00398221885222439, 0.00023649095331212253, 0.002116246137145063, -0.003908917349400318, 0.000211461915505302, 3.630643714050891e-05, -0.0037328436824198776], [0.001074745310491629, -0.006515960899036381, 0.0059323302123899906, -0.003326154182565691, -0.0001443295205730991, -0.0013917477353751345, 0.0028120685355706387, -0.0003023921057150587, 1.0507597667347885e-06, 0.0032536881235154316], [-0.0004885434701706019, 0.00398221885222439, -0.003326154182565691, 0.0020158064152666338, 0.00019801416479066293, 0.0009355979004803864, -0.001711350677722086, 0.00011677614646770588, 5.0993932757385644e-05, -0.0018848833608312778], [0.0001173153337712, 0.00023649095331212253, -0.0001443295205730991, 0.00019801416479066293, 0.0001838434937108061, 0.00010710053532573773, -1.4149182072101764e-05, 1.4721158366714154e-06, 6.802822773618824e-05, -0.00012947572168115276], [-0.00012336403705829455, 0.002116246137145063, -0.0013917477353751345, 0.0009355979004803864, 0.00010710053532573773, 0.000874298379815852, -0.0008232442690914796, -5.8336987880965255e-05, 7.665066459840727e-05, -0.0008674642442384441], [0.00010567590088069118, -0.003908917349400318, 0.0028120685355706387, -0.001711350677722086, -1.4149182072101764e-05, -0.0008232442690914796, 0.0019113945658585194, -9.33201834433246e-05, 3.532922880471365e-05, 0.0015932583635023146], [-0.00010284549217573204, 0.000211461915505302, -0.0003023921057150587, 0.00011677614646770588, 1.4721158366714154e-06, -5.8336987880965255e-05, -9.33201834433246e-05, 0.00017718012978337077, -1.2624468567589136e-05, -0.00012541134633467683], [3.6036544035405794e-05, 3.630643714050891e-05, 1.0507597667347885e-06, 5.0993932757385644e-05, 6.802822773618824e-05, 7.665066459840727e-05, 3.532922880471365e-05, -1.2624468567589136e-05, 0.00023190469941493738, 3.5670243031633334e-05], [0.0004672422513878462, -0.0037328436824198776, 0.0032536881235154316, -0.0018848833608312778, -0.00012947572168115276, -0.0008674642442384441, 0.0015932583635023146, -0.00012541134633467683, 3.5670243031633334e-05, 0.001895386218637463]], [[0.007628337904632963, -0.0008718024205216819, 0.00043555901574959886, 0.0005956489124952403, 0.0018461129314278142, -4.945395198709818e-05, -0.0005480552367578514, 0.0002729419924181123, 0.0002729732107195111, -2.0805732547110606e-05], [-0.0008718024205216819, 0.0026190065557249683, -0.001165612423073558, 0.0023684448294330395, 0.003087997230746681, 0.00033202932804698396, -0.001290675719370894, 0.0001775611672417495, -0.000348671474269196, 0.00010954206471102452], [0.00043555901574959886, -0.001165612423073558, 0.0006846140182661173, -0.000468742600569805, -0.001216812738694475, -0.00011439485656492251, 0.00044270338747983253, -0.00038712125175635137, 5.605404903681084e-05, 9.205783813514706e-05], [0.0005956489124952403, 0.0023684448294330395, -0.000468742600569805, 0.016332639256476513, 0.005858029969305461, 0.001085107484604676, -0.002289218288692424, -0.0009540303491752923, -0.0012988907588523911, -0.001025272026049921], [0.0018461129314278142, 0.003087997230746681, -0.001216812738694475, 0.005858029969305461, 0.014720947801954735, 0.0012943326446686841, -0.0035692666289074563, 0.00028320782810978794, -0.00017134653076993948, 0.0017499449432694185], [-4.945395198709818e-05, 0.00033202932804698396, -0.00011439485656492251, 0.001085107484604676, 0.0012943326446686841, 0.0011674650419990027, 0.0005717248664552679, -0.0006686686689406447, 0.0003553725878305248, 9.973538178906779e-05], [-0.0005480552367578514, -0.001290675719370894, 0.00044270338747983253, -0.002289218288692424, -0.0035692666289074563, 0.0005717248664552679, 0.0023713944453325336, -0.00019088654465824676, 0.00018324393373336207, -0.0001795444421548882], [0.0002729419924181123, 0.0001775611672417495, -0.00038712125175635137, -0.0009540303491752923, 0.00028320782810978794, -0.0006686686689406447, -0.00019088654465824676, 0.003060799841929095, -0.00013901865025908063, -2.2828537384216267e-05], [0.0002729732107195111, -0.000348671474269196, 5.605404903681084e-05, -0.0012988907588523911, -0.00017134653076993948, 0.0003553725878305248, 0.00018324393373336207, -0.00013901865025908063, 0.0015316057068798104, -0.00013008702749612547], [-2.0805732547110606e-05, 0.00010954206471102452, 9.205783813514706e-05, -0.001025272026049921, 0.0017499449432694185, 9.973538178906779e-05, -0.0001795444421548882, -2.2828537384216267e-05, -0.00013008702749612547, 0.0010776131058258943]], [[0.2895461444410718, -0.0958772587912669, -0.060764787720258895, 0.030118126688165485, 0.03461463259754299, -0.0004920392402549204, -0.00842554016131216, -0.0019186521191996585, -0.006094162389966192, -0.0013203302412630128], [-0.0958772587912669, 0.03272510928247016, 0.01943929156303844, -0.010162586716062018, -0.01348837804903167, 0.00011890305528453816, 0.0021154227119933367, 5.034451507414397e-07, 0.0019415555327911883, 0.00010233891701083608], [-0.060764787720258895, 0.01943929156303844, 0.013655620981467132, -0.00625219433091668, -0.005916861252378953, 0.00035116010140018793, 0.0020330989757843167, 0.0009463638527641968, 0.001173314975722886, 0.00044913475457334815], [0.030118126688165485, -0.010162586716062018, -0.00625219433091668, 0.005061461208745985, 0.0053319601094869605, -0.0003087412296576978, -0.0009968033347445525, -0.0005914958968045879, -0.00042253303305497933, -0.00017441977328639], [0.03461463259754299, -0.01348837804903167, -0.005916861252378953, 0.0053319601094869605, 0.01051673786071091, 0.000565478325557846, 0.000863550807699209, 0.0008328983729915428, -0.00022322680935532943, 0.0003124105549912367], [-0.0004920392402549204, 0.00011890305528453816, 0.00035116010140018793, -0.0003087412296576978, 0.000565478325557846, 0.0021520300217912854, 0.0017240294696610815, 0.00010533655501839555, -0.00010961809423885052, -0.000516327430800792], [-0.00842554016131216, 0.0021154227119933367, 0.0020330989757843167, -0.0009968033347445525, 0.000863550807699209, 0.0017240294696610815, 0.0026118111824360232, 0.0006287423975240841, -8.531475113497798e-05, -4.218839854161913e-05], [-0.0019186521191996585, 5.034451507414397e-07, 0.0009463638527641968, -0.0005914958968045879, 0.0008328983729915428, 0.00010533655501839555, 0.0006287423975240841, 