{"accuracy_init": 0.7751677632331848, "accuracy_final_MAP": 0.6946308612823486, "accuracy_final_mean": 0.7986577153205872}