,X,Y,Z,id,nugget
0,0.0,0.0,-20.999999999999993,46955312,1e-05
1,20.0,0.0,-11.438455348717177,46955312,1e-05
2,30.0,0.0,-1.0,46955312,1e-05
3,0.0,0.0,-39.0,26369801,1e-05
4,20.0,0.0,-40.34451820590772,26369801,1e-05
5,40.0,0.0,-15.999999999999993,26369801,1e-05
6,0.0,0.0,-61.0,12226833,1e-05
7,20.0,0.0,-52.64822949867257,12226833,1e-05
8,60.0,0.0,-27.0,12226833,1e-05
9,0.0,0.0,-72.0,36048499,1e-05
10,30.0,0.0,-55.5,36048499,1e-05
11,60.0,0.0,-39.0,36048499,1e-05
12,20.0,0.0,-75.89776350122575,18038739,1e-05
13,60.0,0.0,-52.0,18038739,1e-05
14,70.0,0.0,-77.0,90601632,1e-05
15,80.0,0.0,-71.0,90601632,1e-05
