{"accuracy_init": 0.4572649598121643, "accuracy_final_MAP": 0.9316239356994629, "accuracy_final_mean": 0.9316239356994629}