{"weights": [0.05673424109335839, 0.11463932817242282, 0.31065504172580627, 0.2830637823963646, 0.1477468675523754, 0.08716073905967248], "means": [[3.812573724395717, 0.43168090361646233, -0.40005027593250325, 0.14876508234548477, -0.03955932115245422, 0.018058227239662657, 0.10379840152050346, 0.005495113542774183], [-0.6244949345481592, 1.484262069719598, 1.0036708464804474, -0.00564398403744481, 0.011725305495587006, 0.002804997309237512, -0.003503075247487563, -0.0065793271446501775], [-3.9125095781438652, -0.4432997053511582, 0.10411599124082774, 0.02845075284794519, 0.020927824744234456, 0.00021531940430856474, 0.00845878448338913, 0.0077813877532609274], [1.0931367023714638, 0.5387715899860989, -0.5434118874908416, 0.0013514666846681498, 0.04926640539033266, -0.01196649646809516, -0.04470556871414717, 0.006722282621120929], [-2.7036007892297764, -0.0327871045882514, -0.20052741473664187, -0.09803065640901334, -0.10505785956784844, 0.003075900162145057, -0.006716637901668413, -0.02093017947480067], [6.8700836145996345, -0.6493831021654581, 0.30638838438015853, -0.04214951780141235, -0.001931430651584216, -0.0010721166287866227, -0.013133148477268061, -0.000934480813688892]], "cov": [[[0.18744850181738412, -0.025049637937383563, 0.029995660305362173, -0.005027609326599167, -0.007532463046135554, -0.0005414002590524972, 0.00656801542384155, 0.003988860991774436], [-0.025049637937383563, 0.00433463214086795, -0.0025285050573684385, -0.0005060215385375127, 0.001233235055384513, -0.00013541486139282658, -0.0010598344361897449, -0.0004938133646311797], [0.029995660305362173, -0.0025285050573684385, 0.007913914329942769, -0.0033377576114787255, -0.0008560486569231114, -0.0002470937933197893, 0.00010219018882324145, 0.0009964432118246263], [-0.005027609326599168, -0.0005060215385375126, -0.0033377576114787255, 0.002945724314986029, -0.0009038089058297959, 0.00016490686231926218, 0.0007405814663259153, -0.00016460039004347743], [-0.007532463046135554, 0.0012332350553845128, -0.0008560486569231112, -0.000903808905829796, 0.0023115645683061416, 0.00034774998023972837, -0.00040804322851949274, -0.0005355913042947618], [-0.0005414002590524972, -0.0001354148613928266, -0.0002470937933197893, 0.00016490686231926215, 0.0003477499802397284, 0.0017138201222588684, -0.00012263750034239388, 2.5902475643767215e-05], [0.00656801542384155, -0.0010598344361897449, 0.0001021901888232415, 0.0007405814663259153, -0.00040804322851949263, -0.00012263750034239388, 0.0008296210755990577, -7.223188273693087e-05], [0.003988860991774437, -0.0004938133646311798, 0.0009964432118246263, -0.00016460039004347749, -0.0005355913042947618, 2.5902475643767215e-05, -7.223188273693087e-05, 0.000889252632970671]], [[0.3110132488562654, 0.021329481446891313, -0.06299568427733328, 0.008964244268232183, 0.046265148072207773, 0.004722557015417519, 0.014184805378758656, -0.0133341014239372], [0.021329481446891313, 0.00232877528263317, -0.003518922169621212, 0.00040246178248179513, 0.0034262871775079164, 0.0002256820183750807, 0.0012093695738549784, -0.0012295142427659652], [-0.06299568427733328, -0.0035189221696212123, 0.013811482491670812, -0.0018225078046808084, -0.009406921362250834, -0.0007294846564619523, -0.002795812081505443, 0.002512676925348733], [0.008964244268232183, 0.00040246178248179513, -0.0018225078046808082, 0.0010613748861491626, 0.00040326541442080945, 0.00011889781357358678, 0.00029509006700754363, -0.0003696558583504139], [0.04626514807220778, 0.003426287177507917, -0.009406921362250834, 0.0004032654144208095, 0.009171399016861625, 0.0014082981154302586, 0.002187379305405528, -0.00341977245190623], [0.00472255701541752, 0.00022568201837508075, -0.0007294846564619522, 0.00011889781357358677, 0.0014082981154302586, 0.00412518604903447, -0.00047085343399384425, 0.0002641703595099549], [0.014184805378758658, 0.0012093695738549786, -0.002795812081505443, 0.00029509006700754363, 0.002187379305405528, -0.00047085343399384436, 0.0008825748554802853, -0.0009352754595161242], [-0.0133341014239372, -0.0012295142427659652, 0.0025126769253487327, -0.00036965585835041384, -0.0034197724519062296, 0.00026417035950995494, -0.0009352754595161242, 0.0036076266739210818]], [[0.042485083964461094, 0.018176029340109742, -0.01522175705921537, -0.03810439482785257, -0.008789404221659436, 0.0015682255710130436, 0.000955923452688426, -0.00015568692256673236], [0.018176029340109742, 0.00980374243157645, -0.005259130440646285, -0.01781201554981243, -0.0026377182032744995, 0.00041569515523471283, 0.0015064412663235982, 0.0002488285594726965], [-0.01522175705921537, -0.005259130440646285, 0.0069623664806654625, 0.01583026884889155, 0.0020890614388627943, -0.0004274330885143556, -0.00014860942003871655, 0.00018424510455189466], [-0.038104394827852564, -0.017812015549812425, 0.015830268848891545, 0.05599254585583579, -0.0021289653697021535, 0.00011013134802541522, -0.0034277895857732048, 0.00039349284269622585], [-0.008789404221659435, -0.002637718203274499, 0.0020890614388627943, -0.0021289653697021526, 0.014490172494012498, -0.0003596051471253777, 0.0017850540801031569, -0.0006719926296067938], [0.0015682255710130436, 0.0004156951552347129, -0.00042743308851435563, 0.00011013134802541504, -0.000359605147125378, 0.004160633490509206, -0.0005888811993921356, -0.00029760018725022506], [0.0009559234526884265, 0.0015064412663235982, -0.00014860942003871655, -0.003427789585773205, 0.0017850540801031566, -0.0005888811993921357, 0.0010586769808823666, -0.00011073009678564407], [-0.00015568692256673236, 0.00024882855947269645, 0.00018424510455189463, 0.0003934928426962259, -0.000671992629606794, -0.00029760018725022495, -0.00011073009678564412, 0.003144950263042995]], [[0.41466125128271797, 0.00023010997330246406, 0.03074758229512508, 0.034648480047667546, -0.005206682266379592, -0.004920206278368888, -0.02081346747973904, -0.010996581827977399], [0.00023010997330246406, 0.0013594873631497257, 0.000377164407792218, 0.00022888560799729925, -0.0015167715380839956, 0.00031406131713395297, 0.0007502975438384305, 0.00014873309801043808], [0.03074758229512508, 0.0003771644077922179, 0.0044473709337932805, 0.002651811951440747, -0.0013707908995363477, -0.0011062564261954126, -0.002761443860256165, -0.0006143692604907973], [0.034648480047667546, 0.00022888560799729922, 0.0026518119514407465, 0.0055499779549492995, -0.001964345125349129, -0.0011517678492968693, -0.0016297747830313321, -0.0016995599954524178], [-0.005206682266379592, -0.0015167715380839956, -0.001370790899536348, -0.001964345125349129, 0.0035821825388250277, 0.0005337311108065459, -0.0003278968463816401, 0.0001491885794329156], [-0.004920206278368888, 0.00031406131713395313, -0.0011062564261954129, -0.0011517678492968693, 0.000533731110806546, 0.0034063055970300713, 0.0007359381306560068, 0.00015000682979438221], [-0.02081346747973904, 0.0007502975438384305, -0.002761443860256165, -0.001629774783031332, -0.00032789684638164006, 0.0007359381306560068, 0.002791056076565958, 0.00036491786108573204], [-0.010996581827977399, 0.00014873309801043802, -0.0006143692604907974, -0.0016995599954524178, 0.00014918857943291562, 0.0001500068297943822, 0.00036491786108573204, 0.0021274800086032012]], [[0.040847070071791204, 0.012356177940814728, -0.008258674676895452, 0.004440120894441713, -0.002220395347062168, 0.003937882276708909, -0.00023741335923340104, -0.0003062912670329581], [0.01235617794081473, 0.004244155824787262, -0.0020621317374677306, 0.0009824558851307915, -0.0010297194576246126, 0.0008267735258698196, 0.0001652416287598486, -0.00027180072695017404], [-0.008258674676895452, -0.002062131737467731, 0.0026492068350157725, -0.001321388222210934, 0.0003238282485937215, -0.0008084448386211284, -0.0002898837881043169, -0.00012809137479100085], [0.004440120894441713, 0.0009824558851307917, -0.001321388222210934, 0.002056744452626136, -0.0011489419697289643, 0.0005367160486794804, 5.0278979057198834e-05, -0.00045412911585747406], [-0.0022203953470621685, 