{"entropy_prior_gmm": 0.0008925289686521755, "entropy_Mean_gmm": 0.33746036887168884, "entropy_z_nk_prior": 0.3246704860947339, "entropy_Mean_z_nk": 0.4538845907869261, "entropy_mixing_prior": 88.99072030499339, "entropy_Mean_mixing": 1.5897251683762779}