{"weights": [0.10646502245911393, 0.20315498389248934, 0.32829584559628966, 0.10220580432636238, 0.09877120141808986, 0.16110714230765477], "means": [[3.730329434161854, 0.45996715974538716, -0.3806563488005358, 0.13114966067229505, -0.03580429843220765, -0.08088330855678787, 0.06190458873731466, -0.015036035082350217], [1.0471185787745143, 0.5583908110323539, -0.5236841010719985, -0.006115519712422985, 0.05242550927497828, 0.03155616981902204, -0.02527684916306271, 0.025373459047737038], [-3.9127219937597357, -0.43934436522063214, 0.09424806833231744, 0.027088362587373946, 0.02500314228048722, -0.00918437099224761, 0.004909780766865656, -0.005227347770506242], [-2.6901705523038966, -0.027796702419915303, -0.20585383382899725, -0.08118259972161311, -0.10685013319379451, -0.0066092256110010855, -0.021752439394018303, -0.020391680457537142], [-0.7194784815708006, 1.443190167408252, 1.0691750108707245, -0.009345619507217306, 0.0008134686111036694, -0.0011820751661834005, -0.010449051152977206, -0.0017879477502816005], [6.848427206381855, -0.6632230880125526, 0.2813620639108724, -0.03223543629481214, -0.002242098859321474, 0.012368423086847585, -0.011732510660470976, 0.0022509616213616367]], "cov": [[[0.11869434796419649, -0.013704124301801285, 0.021353405045418824, -0.005854519212365787, -0.004222942713096383, 0.0002663621926478434, 0.006612111716603443, 0.0003736152481087628], [-0.013704124301801285, 0.002775916074626757, -0.0004115335282286021, -0.0010156061122807549, 0.001480372697445328, 0.000221199245538738, -0.0010525020948277091, -0.00023899423136157177], [0.021353405045418824, -0.0004115335282286021, 0.00799746935063067, -0.004173779266796017, 0.0005529855890307894, 0.0007364952196901608, 0.0003930865901255841, -0.00011550106409199146], [-0.005854519212365787, -0.0010156061122807549, -0.004173779266796017, 0.0035565444449098143, -0.001813247070136527, -0.0007018870530834121, 0.0002950157704590921, 0.0006852264546130382], [-0.004222942713096383, 0.0014803726974453283, 0.0005529855890307898, -0.001813247070136527, 0.0032000509510322073, -0.00015424157320193508, -0.0006121335653282155, -0.001153472531152865], [0.00026636219264784345, 0.000221199245538738, 0.0007364952196901608, -0.0007018870530834121, -0.00015424157320193517, 0.0014236828618226626, 0.00034511292998952567, -0.0006478277279913637], [0.006612111716603443, -0.0010525020948277091, 0.000393086590125584, 0.00029501577045909207, -0.0006121335653282155, 0.0003451129299895256, 0.0009110153548554517, -9.526961688234887e-05], [0.00037361524810876275, -0.00023899423136157182, -0.00011550106409199151, 0.0006852264546130383, -0.0011534725311528652, -0.0006478277279913636, -9.526961688234884e-05, 0.0011826493200986297]], [[0.39595776098725116, 0.004541240241725771, 0.03665132863514581, 0.036288192192180733, -0.01681081426960651, 0.026335671745788842, -0.013243335335226938, -0.0033024684481521628], [0.004541240241725771, 0.0012839876963933639, 0.0010473835438210076, -2.169605365431542e-05, -0.0011580174543280388, -0.0005802368102721276, 4.396962258121941e-05, 0.00023532515760836672], [0.03665132863514581, 0.0010473835438210076, 0.005564986522042844, 0.0033626409567024083, -0.0025027715425523516, 0.0034363194900453357, -0.0015125733374264912, 0.00026712301210730666], [0.036288192192180733, -2.1696053654315346e-05, 0.0033626409567024083, 0.00590412600915062, -0.0025432486422185215, 0.0030393065211799988, -0.001853343687680788, -0.0011923044108545892], [-0.016810814269606515, -0.0011580174543280388, -0.002502771542552352, -0.0025432486422185215, 0.0037198243642940667, -0.0009520940005672986, 0.00031118157102265944, 0.0004710380779675603], [0.026335671745788845, -0.0005802368102721277, 0.0034363194900453352, 0.0030393065211799988, -0.0009520940005672981, 0.004922982094183144, 3.820323403931772e-06, -0.00033623003323386366], [-0.013243335335226938, 4.396962258121944e-05, -0.0015125733374264912, -0.001853343687680788, 0.00031118157102265944, 3.820323403931752e-06, 0.0022717838545945907, 0.00019917516674977545], [-0.0033024684481521628, 0.00023532515760836664, 0.0002671230121073067, -0.001192304410854589, 0.0004710380779675602, -0.00033623003323386366, 0.00019917516674977545, 0.0015288463827737085]], [[0.05392474163893318, 0.022316982713721883, -0.019570185435581255, -0.049217098419334734, -0.007798750264543842, -0.0017146014793766777, 0.0004440523141377097, 0.00016904499190641766], [0.022316982713721883, 0.011070852613157786, -0.006847005008216461, -0.020734647815712975, -0.002626351494489434, -0.000810119784266877, 0.0016111314659865816, 0.000828743852067198], [-0.019570185435581255, -0.006847005008216461, 0.008564820874887066, 0.020098117152189978, 0.0016968575992542209, 0.000699708122657984, 0.0005108469957477438, 0.0008000460184732088], [-0.049217098419334734, -0.02073464781571297, 0.020098117152189978, 0.0635755680385984, 3.501438767845144e-05, 0.0015250101821938588, -0.0020683626286152937, 0.0009734276635759715], [-0.007798750264543842, -0.002626351494489434, 0.0016968575992542213, 3.501438767845038e-05, 0.012856792827168095, -0.00046972049290966076, 0.0009504314571138338, -0.0014317635022266324], [-0.0017146014793766777, -0.0008101197842668772, 0.000699708122657984, 0.0015250101821938588, -0.00046972049290966076, 0.001628122758701971, 0.0010552747262972096, -3.5007306443784816e-05], [0.00044405231413770956, 0.0016111314659865816, 0.0005108469957477439, -0.0020683626286152933, 0.0009504314571138338, 0.0010552747262972096, 0.0024814956477949963, 0.0009219209574055622], [0.0001690449919064178, 0.000828743852067198, 0.000800046018473209, 0.0009734276635759715, -0.0014317635022266324, -3.5007306443784856e-05, 0.0009219209574055622, 0.003680840591611962]], [[0.053024727944895544, 0.01663939250635075, -0.010921456306806068, 0.007601875405002892, -0.0047143876201375355, -0.0033323881997541598, -0.0019779767002957925, -0.005768837271682847], [0.01663939250635075, 0.0055826142319183505, -0.00306307801254174, 0.002123785385169798, -0.002073676435181075, -0.0005553089638987056, -3.845437753546733e-06, -0.0015004939040352168], [-0.010921456306806066, -0.00306307801254174, 0.0035223855749623384, -0.0023440590501804985, 0.0008649935543343211, 0.0013255040445137002, 0.00024993717020255175, 0.0020991709664383573], [0.007601875405002892, 0.002123785385169798, -0.002344059050180499, 0.0022014381944083956, -0.0012087610300688817, -0.000762019738539763, -0.0002758794656192587, -0.002401966139296972], [-0.0047143876201375355, -0.002073676435181075, 0.0008649935543343213, -0.0012087610300688814, 0.0030677968732818364, -0.001167862550383533, -0.001902546986796132, 0.0015588186793207477], [-0.0033323881997541598, -0.0005553089638987056, 0.0013255040445137002, -0.000762019738539763, -0.001167862550383533, 0.0019568664599681814, 0.0019083236625644234, 0.0006719050883489928], [-0.001977976700295792, -3.845437753546684e-06, 0.00024993717020255164, -0.0002758794656192587, -0.0019025469867961315, 0.0019083236625644234, 0.0030191413718562926, 0.0006335453313543712], [-0.005768837271682847, -0.0015004939040352166, 0.0020991709664383573, -0.002401966139296972, 0.0015588186793207477, 0.0006719050883489928, 0.0006335453313543712, 0.0051146437666005976]], [[0.49943434463928515, 0.03289017945808724, -0.0960435293183849, 0.025797850163622543, 0.04990433193101893, -0.021830945955832525, 0.0016824987026051769, -0.008153757335829815], [0.03289017945808725, 0.0023691174383545896, -0.006052818914461086, 0.001661597021728984, 0.00339504769572822, -0.0011259773322154936, 0.0002620261788595872, -0.000911622627937176], [-0.0960435293183849, -0.006052818914461086, 0.019037315895936633, -0.004832277714519027, -0.009425271236696972, 0.004053681274872393, -0.0007118899965059327, 0.0007129393718999351], [0.025797850163622543, 0.001661597021728984, -0.004832277714519027, 0.002644872134828196, 0.0005380610458324293, -0.001021690619554722, 0.0002894449382077321, -0.0004531123967325174], [0.04990433193101893, 0.0033950476957282194, 