{"accuracy_init": 0.4145299196243286, "accuracy_final_MAP": 0.3461538553237915, "accuracy_final_mean": 0.3461538553237915}