{"weights": [0.15049553045785263, 0.182921793299063, 0.28843950054081724, 0.11716138034692286, 0.10543245311377135, 0.15554934224157288], "means": [[3.7207255211078594, 0.4620602419445582, -0.3832803721943929, 0.134076132075584, -0.03107688411414845, -0.08199238223774902, 0.06334038485614009, -0.017377161898815194], [1.0517243079248375, 0.5560997114393756, -0.5257352947950112, 0.001936611012695316, 0.046908710842911226, 0.040245129916714494, -0.02090972558732238, 0.012796687478850273], [-3.921138973743187, -0.44318088268204, 0.09578298969602922, 0.020978970810383493, 0.026431664778104054, -0.0040885602421897775, 0.009641411879419718, 0.0020424152314962737], [-2.6886786021875095, -0.02529814908346597, -0.20404887878676375, -0.08544917203363837, -0.10689971734757343, -0.004679127658991482, -0.018115367213077285, -0.01316338569400193], [-0.730518599117121, 1.4417836533954131, 1.068539969820301, -0.012632680939903659, 0.0031921069646243657, 0.0010120436558001752, -0.008617444341736336, -0.0005080813175387958], [6.852641533416129, -0.6536643486528421, 0.2913596423112228, -0.0372158547665183, -0.001654484125025421, 0.008092283297029794, -0.008871619767187724, 0.0018738479086991178]], "cov": [[[0.22139906227761944, -0.025244086177661967, 0.040501591427865476, -0.01143525348316688, -0.0077200405183340814, 0.0006771259838645577, 0.012224513913119323, 0.0006577274086257839], [-0.025244086177661967, 0.0037519411022162337, -0.0031884631283722008, 0.00021889616105919528, 0.00151429393004008, 0.000101135698622908, -0.0015073365050756182, -0.00017144166843260016], [0.040501591427865476, -0.0031884631283722008, 0.010341508414250748, -0.004149299697320638, -0.0007116340631089923, 0.0006252089658308256, 0.001705683363518354, 9.772034517457502e-05], [-0.01143525348316688, 0.00021889616105919522, -0.004149299697320638, 0.0028590107978588254, -0.0009342066680150409, -0.0004924948869390826, -0.0001536888954260743, 0.0004291100055976915], [-0.0077200405183340814, 0.0015142939300400798, -0.0007116340631089923, -0.0009342066680150409, 0.0026115268837417945, -0.0001314731256578523, -0.0006074450167192518, -0.0009677780532935184], [0.0006771259838645577, 0.00010113569862290803, 0.0006252089658308256, -0.0004924948869390825, -0.0001314731256578522, 0.0008419974794232884, 0.00019911756096753982, -0.0003303399205473173], [0.012224513913119324, -0.0015073365050756184, 0.001705683363518354, -0.00015368889542607419, -0.0006074450167192518, 0.00019911756096753982, 0.0011324505223010797, -5.63558361310667e-07], [0.0006577274086257838, -0.00017144166843260016, 9.772034517457505e-05, 0.0004291100055976915, -0.0009677780532935184, -0.0003303399205473173, -5.635583613107007e-07, 0.0008816641528317]], [[0.3055023259628964, 0.003500513045492036, 0.028149155820060924, 0.02787548772040374, -0.012851456906202194, 0.020196692022512553, -0.010190709265676796, -0.0025303176822705107], [0.0035005130454920357, 0.0012297527719984298, 0.0007756073341332623, 8.856244082364042e-05, -0.0012634438669368038, -0.0008609762702834508, -8.874317759034605e-05, 5.118691245533233e-05], [0.028149155820060924, 0.0007756073341332623, 0.004722326115723988, 0.0030799823728765003, -0.002213702629943242, 0.002866454939643296, -0.00155969697701518, 5.5385043589346114e-05], [0.027875487720403738, 8.856244082364043e-05, 0.0030799823728765003, 0.004848442913545887, -0.0024634264336224386, 0.0027648361021286316, -0.001339378955043772, -0.00077239968485301], [-0.012851456906202196, -0.001263443866936804, -0.0022137026299432414, -0.0024634264336224386, 0.003962342622486926, -0.0006506761054512065, 0.0001534246684165153, 0.0005634802936361279], [0.020196692022512553, -0.0008609762702834508, 0.002866454939643296, 0.0027648361021286316, -0.0006506761054512065, 0.004925681874004321, 0.0002371693096058266, -0.0004448537317818727], [-0.010190709265676796, -8.874317759034605e-05, -0.0015596969770151799, -0.001339378955043772, 0.0001534246684165153, 0.00023716930960582654, 0.002279212634732674, -7.454881932889342e-05], [-0.0025303176822705107, 5.11869124553323e-05, 5.538504358934622e-05, -0.0007723996848530098, 0.0005634802936361279, -0.0004448537317818727, -7.454881932889345e-05, 0.001417407118805315]], [[0.04625257956787386, 0.019086010915617433, -0.0166326982586223, -0.04111961814579746, -0.00766130299409273, -0.0013184591782712284, 0.0003638539957954172, 0.00039942990691869013], [0.019086010915617433, 0.009601353911390064, -0.005692684462194054, -0.017365927949465735, -0.002627870372377444, -0.000813398254049613, 0.0012600340517873211, 0.00041891474573254716], [-0.0166326982586223, -0.005692684462194055, 0.007390400463312935, 0.017017527614592506, 0.0014689848250110894, 0.0004391705606325769, 0.0003052845002053277, 0.00036810285021864113], [-0.04111961814579746, -0.017365927949465735, 0.017017527614592506, 0.05469982615345359, -0.0012658689616902679, 0.0014171076434032124, -0.0017837722794793792, 0.001072520602224475], [-0.007661302994092732, -0.002627870372377444, 0.0014689848250110894, -0.0012658689616902683, 0.012988210741219459, -0.0003958072690050309, 0.00105247421783775, -0.0014014083893059727], [-0.0013184591782712284, -0.000813398254049613, 0.0004391705606325768, 0.0014171076434032124, -0.00039580726900503084, 0.001887815847395687, 0.0011360809426571381, -0.0003207124095120973], [0.00036385399579541724, 0.0012600340517873211, 0.0003052845002053276, -0.0017837722794793792, 0.0010524742178377499, 0.0011360809426571381, 0.002220733717787243, 0.00030580880001654034], [0.0003994299069186902, 0.00041891474573254716, 0.00036810285021864097, 0.001072520602224475, -0.0014014083893059731, -0.0003207124095120973, 0.00030580880001654045, 0.0036114511861995205]], [[0.0337194705818453, 0.010545082921802154, -0.006934637977283133, 0.004820943003325956, -0.002919498442301196, -0.002149332306488658, -0.0013544324347638987, -0.003712551085659586], [0.010545082921802154, 0.0036582603156362025, -0.001861409381616383, 0.0013572197723182244, -0.0015376278847481577, -0.00021634210141515282, 0.0001826981352643759, -0.0010344359246540556], [-0.0069346379772831325, -0.001861409381616383, 0.002499110425406398, -0.001527406057651653, 0.0004067722439711646, 0.0009717045091037829, 8.572447475672316e-05, 0.0011941487124749856], [0.004820943003325955, 0.0013572197723182241, -0.001527406057651653, 0.0015056848675476743, -0.000828869681197509, -0.00048584282605128, -9.388954619197002e-05, -0.0013868367532327006], [-0.002919498442301196, -0.0015376278847481575, 0.0004067722439711645, -0.000828869681197509, 0.00289727524195747, -0.0013279572657743791, -0.002014310312589264, 0.001028368669587844], [-0.0021493323064886577, -0.00021634210141515284, 0.0009717045091037827, -0.00048584282605128, -0.0013279572657743791, 0.0018530696320537066, 0.001867560560126554, 0.00025677789784913], [-0.0013544324347638987, 0.00018269813526437584, 8.572447475672316e-05, -9.388954619197007e-05, -0.0020143103125892636, 0.0018675605601265537, 0.0029796490629572427, 0.0003014922986318608], [-0.003712551085659585, -0.0010344359246540556, 0.0011941487124749854, -0.0013868367532327006, 0.001028368669587844, 0.00025677789784912987, 0.0003014922986318607, 0.0031842350329434163]], [[0.3349666413732174, 0.0221032097165978, -0.06433079870094743, 0.017262442712651614, 0.03362811874726849, -0.014702014583786545, 0.0010134954383147763, -0.005676458194788395], [0.022103209716597797, 0.0017591785848748058, -0.0037997325582995083, 0.0012435332241745299, 0.0021924382021552397, -0.0005196802717425788, 0.00026882425130649154, -0.001044421292223065], [-0.06433079870094743, -0.003799732558299509, 0.013143421131228086, -0.003142264112229632, -0.006527491520863436, 0.0032081339689873883, -0.00013762692428372764, 0.00014484905659160232], [0.017262442712651618, 0.00124353322417453, -0.003142264112229632, 0.0015892478442647105, 0.0009720209599308218, -0.00040888661057147827, 0.00023379298716824247, -0.0009406098192404257], [0.03362811874726849, 0.00219243820215524, -0.006527491520863436, 