{"weights": [0.17222196956248378, 0.1666729723490902, 0.2999861166529393, 0.12778685627039518, 0.1555507768131688, 0.07778130835192267], "means": [[6.85205634249635, -0.653594453816874, 0.2912866583636135, -0.03714186279878792, -0.001650758631411039, 0.008086608845258325, -0.008877221801174933, 0.0017630801862498322], [-4.115111868377051, -0.5195675825531744, 0.17420974137285852, 0.22285625956683602, 0.04234821731336739, 0.0005227941916002756, 0.007820410345780274, 0.008811494317021142], [-3.2423017121693016, -0.20715094874513787, -0.08655716726914968, -0.14032712662876057, -0.044631742323120054, -0.006980773901930942, -0.0022615563584445064, -0.008716628508126706], [0.6909046578207205, 0.5551516703923317, -0.5681405099792788, -0.038490105048382385, 0.06463586740621528, 0.005459829927626871, -0.004630607266502045, 0.01516008082577881], [2.8731860041362176, 0.5029056297530674, -0.40963205970267463, 0.11084763661771636, -0.012250271189760147, -0.001013958576183383, 0.013971449412985146, -0.0066674633713937476], [-0.7298162352363803, 1.4416723042892963, 1.068166730606317, -0.012537550840341739, 0.0033532684850933188, 0.0009556978836477266, -0.008712915525132776, -0.0007397859244783683]], "cov": [[[0.005831548560670892, 0.000298179877706487, 0.0009684789600450747, -0.0004481157991071232, -9.099201285668117e-05, -7.110849725273362e-05, 4.3947656710130074e-05, -0.00010557813003033176], [0.000298179877706487, 0.008260356965373267, 0.006192071682713294, -0.003826340408997651, 0.00030851333692685697, -0.001961913227468577, 0.003722368927321181, -0.00022088830852225015], [0.0009684789600450747, 0.006192071682713294, 0.005659742379432272, -0.00319518628713231, 0.00020499941311006637, -0.0012618285895113757, 0.0026550567050071055, -0.00031032026715988617], [-0.0004481157991071232, -0.003826340408997651, -0.00319518628713231, 0.001953247406239382, -0.0002272565106573718, 0.0008731224373822949, -0.001635897451552402, 0.00012057162902134067], [-9.099201285668117e-05, 0.00030851333692685697, 0.00020499941311006637, -0.0002272565106573718, 0.00017036478596957878, -0.00013600460587033766, 4.9092960839157096e-05, 2.9691621967300594e-07], [-7.110849725273362e-05, -0.001961913227468577, -0.0012618285895113757, 0.0008731224373822949, -0.00013600460587033766, 0.0008123812050469115, -0.0007484124791159095, -5.4555894016584886e-05], [4.3947656710130074e-05, 0.003722368927321181, 0.0026550567050071055, -0.001635897451552402, 4.9092960839157096e-05, -0.0007484124791159095, 0.0018209582053174298, -9.788499374025501e-05], [-0.00010557813003033176, -0.00022088830852225015, -0.00031032026715988617, 0.00012057162902134067, 2.9691621967300594e-07, -5.4555894016584886e-05, -9.788499374025501e-05, 0.00017695127558921573]], [[0.0072830359084991875, 0.0008891513906313536, 0.00043682125717500096, 0.0006147040818326164, -0.0017997969203580946, -5.841342267156988e-05, -0.0005520371489766604, 0.00027261922069845424], [0.0008891513906313536, 0.0025998321270088542, 0.0011585391777946292, -0.0023878253997998934, 0.0030079695678380874, -0.0003179580865009961, 0.0013010678927042197, -0.0001754806092499831], [0.00043682125717500096, 0.0011585391777946292, 0.0006819428015148957, -0.0004756233925408761, 0.0011865329272087327, -0.00010913673380793411, 0.00044656355491814884, -0.00038634246812369304], [0.0006147040818326164, -0.0023878253997998934, -0.0004756233925408761, 0.01631219544449495, -0.005943531859247374, 0.0010997870452548217, -0.0022783402609366033, -0.0009521458594249304], [-0.0017997969203580946, 0.0030079695678380874, 0.0011865329272087327, -0.005943531859247374, 0.014385516590851972, -0.0012348783035570207, 0.003614474955108496, -0.00027375359195266934], [-5.841342267156988e-05, -0.0003179580865009961, -0.00010913673380793411, 0.0010997870452548217, -0.0012348783035570207, 0.0011568533654504316, 0.0005637015339935705, -0.0006701738288405895], [-0.0005520371489766604, 0.0013010678927042197, 0.00044656355491814884, -0.0022783402609366033, 0.003614474955108496, 0.0005637015339935705, 0.002365179253533279, -0.000191973149114535], [0.00027261922069845424, -0.0001754806092499831, -0.00038634246812369304, -0.0009521458594249304, -0.00027375359195266934, -0.0006701738288405895, -0.000191973149114535, 0.0030602641706489703]], [[0.2832732341882681, 0.09393205088722634, -0.05920104434711293, 0.02997057376743674, -0.034546003464933514, -0.00020114179479990022, -0.00795352294865413, -0.0019514047257254469], [0.09393205088722634, 0.032121957283126064, -0.018954190155073353, 0.010118082793389894, -0.013467390135682258, -2.8771101037740426e-05, -0.0019692124600661975, -1.0629878970299178e-05], [-0.05920104434711293, -0.018954190155073353, 0.013265532506652654, -0.006218230004164399, 0.0058998017476206135, 0.00027890324873192335, 0.0019159998220852942, 0.000954578880003919], [0.02997057376743674, 0.010118082793389894, -0.006218230004164399, 0.0050381606449037405, -0.005329158218135672, -0.0003005400241710524, -0.0009822639568720323, -0.0005921665617885742], [-0.034546003464933514, -0.013467390135682258, 0.0058998017476206135, -0.005329158218135672, 0.010516567738933577, -0.0005688928525405811, -0.0008691886519806717, -0.0008325999296673878], [-0.00020114179479990022, -2.8771101037740426e-05, 0.00027890324873192335, -0.0003005400241710524, -0.0005688928525405811, 0.0021386544921548427, 0.001702094214731232, 0.0001068425392443413], [-0.00795352294865413, -0.0019692124600661975, 0.0019159998220852942, -0.0009822639568720323, -0.0008691886519806717, 0.001702094214731232, 0.0025759523465630684, 0.0006312118966219079], [-0.0019514047257254469, -1.0629878970299178e-05, 0.000954578880003919, -0.0005921665617885742, -0.0008325999296673878, 0.0001068425392443413, 0.0006312118966219079, 0.0033201034442041457]], [[0.048091228140001406, 0.005130024204987164, -0.0005053631645936778, 0.0004987578211647038, -0.00037530300125446307, -0.0067619790055101605, -0.0029381617189044953, -0.00027304076006873267], [0.005130024204987164, 0.0015063991491233108, 0.0006808320438296979, 0.00014038824428192487, -0.001758135217713604, -0.0011602726664743147, -0.00010130394868158182, -7.467611019897981e-05], [-0.0005053631645936778, 0.0006808320438296979, 0.0008050889570705376, 0.0002996686034497928, -0.001559672189435851, -0.0002304973330934304, 6.178550822657723e-05, 3.337837808203522e-05], [0.0004987578211647038, 0.00014038824428192487, 0.0002996686034497928, 0.0011001605314179543, -0.000750985317477457, 0.00026922169260506877, -0.00022651729364225203, -0.0005560470253220894], [-0.00037530300125446307, -0.001758135217713604, -0.001559672189435851, -0.000750985317477457, 0.004007431149006195, 0.0006074328043803636, -0.00030322904999285883, 0.0006592400600940543], [-0.0067619790055101605, -0.0011602726664743147, -0.0002304973330934304, 0.00026922169260506877, 0.0006074328043803636, 0.003094396820331357, 0.0017041554975601716, -0.0004074600696115734], [-0.0029381617189044953, -0.00010130394868158182, 6.178550822657723e-05, -0.00022651729364225203, -0.00030322904999285883, 0.0017041554975601716, 0.0016214680994673346, -8.73787418704556e-05], [-0.00027304076006873267, -7.467611019897981e-05, 3.337837808203522e-05, -0.0005560470253220894, 0.0006592400600940543, -0.0004074600696115734, -8.73787418704556e-05, 0.0016891172450648922]], [[1.0821439696179829, -0.05718193769075124, 0.0456985647783286, 0.020362939030846232, -0.024761650446511255, -0.09048438431038942, 0.06486681694972048, -0.01262872522620238], [-0.05718193769075124, 0.004163805690757438, -0.0023455927621133742, -0.0013606492622898008, 0.0017808913751657784, 0.004410209187345411, -0.003353563793978672, 0.0006238983426444624], [0.0456985647783286, -0.0023455927621133742, 0.006467979744771718, -0.001834958499100912, -0.0004171405180101491, -0.002389978247098359, 0.0021325975139404297, -7.579236449498906e-05], [0.020362939030846232, -0.0013606492622898008, -0.001834958499100912, 0.003152176110534558, -0.001715987198534509, -0.003028365590572581, 0.0016294203463604801, 