{"weights": [0.43796789152338145, 0.4017434313870003, 0.16028867708961825], "means": [[-2.099740846220071, -0.523090224664233, 0.04241365776499682, -0.09471361067147771, 0.018640086814699593, -0.02596580784619797, -0.01547577685792134, -0.0017755749666341478], [1.8155718839607458, 3.60389461747807, -0.022209093875535837, 0.02055170302978635, -0.015573079446504025, 0.0026606350297286004, 0.05363105759009688, 0.016963749177128302], [3.9779456674825266, -2.735246060114517, -0.05479741795026066, 0.11942052177366567, -0.041327822087211724, -0.00024512653533831667, 0.00424344572964796, 0.07147456769218818]], "cov": [[[0.024479212326349375, -0.009484603947832064, 0.009248022700891015, -0.08790284253650181, 0.026142462123907154, -0.025158289336360527, -0.011531212261571293, 0.005158309178599533], [-0.009484603947832066, 0.03577451030265877, -0.017201531139721272, 0.05962492538375603, -0.04281165092971874, 0.0013707459849841158, -0.018901844851160598, -0.0021863042575048716], [0.009248022700891015, -0.017201531139721272, 0.02177271270778192, -0.10626176267244986, 0.03620159624996977, -0.015481905645585558, 0.013836953992241783, -0.006676885212754175], [-0.08790284253650181, 0.05962492538375604, -0.10626176267244986, 0.6909492607754218, -0.188848678700853, 0.14457727101765636, -0.003254676571314325, 0.02689816009483505], [0.026142462123907154, -0.042811650929718746, 0.03620159624996977, -0.188848678700853, 0.08495338196937241, -0.02162711686001962, 0.008380462814800404, -0.014064175454507158], [-0.025158289336360523, 0.001370745984984114, -0.015481905645585554, 0.14457727101765633, -0.02162711686001962, 0.053856775015776064, 0.0032034606397327897, -0.012084203251104677], [-0.011531212261571295, -0.018901844851160598, 0.013836953992241784, -0.003254676571314325, 0.008380462814800402, 0.0032034606397327867, 0.04773477281364903, 0.006614895664389769], [0.005158309178599534, -0.002186304257504871, -0.006676885212754174, 0.026898160094835047, -0.014064175454507154, -0.012084203251104679, 0.006614895664389769, 0.02251920903946359]], [[0.1262947685542305, -0.09387213793784015, 0.3655444590932069, 0.08034169246194174, 0.13649999787202033, 0.01722588367854449, 0.028009169193187924, 0.043010971645695416], [-0.09387213793784016, 0.17165246587138977, 0.13790810179407695, -0.07595192385240995, -0.17396304643801933, -0.025710320652814967, -0.02984794230201594, -0.03623103895170715], [0.3655444590932069, 0.13790810179407695, 4.218651025954505, 0.25635822577636175, -0.09467070131535175, -0.00010970929458197126, -0.01945253588509749, 0.007158485102202243], [0.08034169246194174, -0.07595192385240995, 0.25635822577636175, 0.11382896387237167, 0.0525520292563474, 0.007077969236753858, -0.025166775572149806, 0.027683534178590142], [0.13649999787202036, -0.17396304643801933, -0.09467070131535177, 0.0525520292563474, 0.2876604956336892, 0.06488510080371407, 0.11795559062324006, 0.03991746080432074], [0.017225883678544492, -0.02571032065281497, -0.00010970929458197149, 0.007077969236753859, 0.06488510080371407, 0.04062447392554969, 0.06252841564961094, -0.01792919193524002], [0.02800916919318794, -0.029847942302015946, -0.019452535885097492, -0.0251667755721498, 0.11795559062324007, 0.06252841564961094, 0.159022132430094, -0.02478813403403297], [0.043010971645695416, -0.03623103895170715, 0.007158485102202245, 0.02768353417859015, 0.03991746080432074, -0.017929191935240025, -0.02478813403403297, 0.040135739545874766]], [[0.41080239930588275, 0.09057460962405432, -0.0007809988899496287, -0.28382013435414427, -0.13495931671118414, 0.08100080649936214, -0.04837044244500599, -0.11300335056409473], [0.09057460962405434, 0.16976318139792898, 0.011321037288260819, 0.14281231332755118, 0.2912119045330685, -0.017175320130559318, -0.06084259430919344, -0.061831853844214295], [-0.0007809988899496266, 0.011321037288260817, 0.011772923169757697, -0.047641578975959935, 0.017337113663791242, 0.0384276236961138, -0.011456105984571027, 0.01217864850364], [-0.2838201343541443, 0.1428123133275512, -0.047641578975959935, 1.1464419575253488, 0.5811371243623609, -0.43519238426509615, 0.05094009836208352, -0.12456480498718554], [-0.1349593167111841, 0.2912119045330685, 0.01733711366379125, 0.5811371243623608, 0.9169939173359148, -0.08243223735836032, -0.16094795893761216, -0.01951878607871174], [0.08100080649936214, -0.017175320130559335, 0.0384276236961138, -0.43519238426509615, -0.08243223735836033, 0.3033042231443938, -0.07794818004146305, 0.08154373837237253], [-0.04837044244500599, -0.06084259430919343, -0.011456105984571023, 0.05094009836208351, -0.16094795893761218, -0.07794818004146305, 0.08022833277813785, 0.009443406836010363], [-0.11300335056409473, -0.061831853844214295, 0.012178648503640003, -0.12456480498718554, -0.019518786078711735, 0.08154373837237253, 0.009443406836010365, 0.1819573979333081]]]}