{"MAP index": 35, "entropy_prior_gmm": 0.0008925289686521987, "entropy_MAP_gmm": 0.01846868172287941, "entropy_z_nk_prior": 0.00127887914225473, "entropy_MAP_z_nk": 0.01758906767768434, "entropy_mixing_prior": 88.99072030499339, "entropy_MAP_mixing": 1.7076699762390377}