{"accuracy_init": 0.7751677632331848, "accuracy_final_MAP": 0.573825478553772, "accuracy_final_mean": 0.5771812200546265}