{"MAP index": 4, "entropy_prior_gmm": 0.0007022341778000683, "entropy_MAP_gmm": 8.820325904827707e-05, "entropy_z_nk_prior": 0.0011754161606685348, "entropy_MAP_z_nk": 0.02197394333651802, "entropy_mixing_prior": 53.75278407684164, "entropy_MAP_mixing": 1.672155029389161}