{"MAP index": 78, "entropy_prior_gmm": 0.0007022341778000683, "entropy_MAP_gmm": 3.0063893632738942e-06, "entropy_z_nk_prior": 0.0011754161606685348, "entropy_MAP_z_nk": 0.006330135973360729, "entropy_mixing_prior": 53.75278407684164, "entropy_MAP_mixing": 1.7020095589935043}