{"weights": [0.09896351952071514, 0.2084614910264772, 0.33145429595228854, 0.11231498266291119, 0.08340276078040447, 0.16540295005720346], "means": [[3.7653687422312676, 0.40027018609377835, -0.38432260343829794, 0.13690097002853224, -0.036267371331628585, -0.0857702418287703, 0.06822616799214413, -0.016821809774007355, 0.008170621798002991, 0.006676164713190018], [1.133435705374882, 0.5581912795955847, -0.5214036906597665, 0.011009410543587414, 0.03817099231917794, 0.04496592279547318, -0.020814578457782708, 0.016793235421614778, 0.005958072743181437, -0.005827921825498689], [-3.9010435311856204, -0.4541603853248529, 0.09529789712623736, 0.03235086546988182, 0.041408301328181664, -0.005803227056892654, 0.00805895606890824, -0.002564665542298169, 0.00989043609677749, 0.0049481273390748395], [-2.677136148594361, -0.029135027057452193, -0.20372077219273887, -0.08810029070668425, -0.10777861286599706, -0.0007245760407018446, -0.016275257130172728, -0.010362665739535714, -0.018567977077707604, 0.01383855196056723], [-0.6657720593091433, 1.4400910473525232, 1.0629457756638299, -0.017603002816219314, 0.003243713212539096, -0.004748669963052804, -0.006663492032269193, 0.027206697451947204, 0.005006189161247839, 0.004568664317756343], [6.847869675443111, -0.6566579527415707, 0.29458062211853736, -0.042013696682561476, 0.0005488490317570159, 0.003699530289711874, -0.014413099090764356, -0.0001497541211048274, -0.0019675817557194297, -2.7691953469301125e-05]], "cov": [[[0.17341993927433744, 0.006637399290649739, -0.004310668853308266, 0.0017030820277383182, -0.00109744652018475, -0.001492076503727162, 0.002029176825000788, -0.0002900123736445387, 0.00023658484939962125, 0.0002304016213760816], [0.006637399290649738, 0.01629780511305329, -0.0026780494459577838, 0.0007763090271289534, 0.00038903094821520943, -0.0005194383954273976, -8.898584418110495e-05, -0.00021056816927645812, 0.00011078465397046243, -0.00017702683153626516], [-0.004310668853308266, -0.0026780494459577838, 0.013578246125286419, -0.0027302670972492483, -6.762365820091345e-05, 0.0009216601029820271, 0.00017217341263427342, 0.00020279003929072657, 0.000215310459956704, -0.00014968857621990456], [0.001703082027738318, 0.0007763090271289533, -0.0027302670972492488, 0.0033764961049698623, -0.0012411398539428464, -0.0004539436456816464, 0.0004310026735238296, 0.0003016959623745303, 0.000526967108732601, 0.0005825452614538571], [-0.00109744652018475, 0.00038903094821520954, -6.762365820091346e-05, -0.0012411398539428464, 0.0025136138176650624, 0.00010115869624128015, -0.00030224789026420855, -0.0008631928699961009, -0.0007177654843076823, -6.720727121852105e-05], [-0.001492076503727162, -0.0005194383954273976, 0.0009216601029820271, -0.0004539436456816465, 0.00010115869624128013, 0.0009615847298190183, 0.00017903463329379136, -0.0004329139077418867, 0.00033639809794361374, 0.00034670138337754335], [0.0020291768250007875, -8.898584418110497e-05, 0.00017217341263427345, 0.0004310026735238295, -0.00030224789026420855, 0.00017903463329379133, 0.0007352212605367232, -0.0001379032799025665, 0.0004900064658173853, 0.00048492798919865], [-0.0002900123736445387, -0.00021056816927645815, 0.00020279003929072657, 0.0003016959623745303, -0.0008631928699961011, -0.0004329139077418868, -0.00013790327990256652, 0.0009594102286708978, 0.00013161574056554004, -0.0002493148994238614], [0.00023658484939962125, 0.00011078465397046241, 0.00021531045995670401, 0.0005269671087326009, -0.0007177654843076823, 0.0003363980979436137, 0.0004900064658173852, 0.00013161574056554, 0.0012062457470677279, 0.00032169714843459965], [0.0002304016213760816, -0.0001770268315362652, -0.00014968857621990462, 0.0005825452614538572, -6.720727121852105e-05, 0.0003467013833775433, 0.00048492798919865, -0.0002493148994238614, 0.0003216971484345997, 0.0006126482869058032]], [[0.3422155882635782, 0.008580695687081665, 0.005487832373575655, 0.01200765613089873, -0.004949120293441172, 0.009185306638638995, -0.0046551652120047134, -0.0009208052390529379, 0.0011479669849863065, -0.0043325955030015136], [0.008580695687081667, 0.004497083761720632, 0.0015419276507047438, 0.0005789863099274954, -0.0005666775542292757, 0.0004950709297081967, -0.00035068208416682406, 5.6346859424663446e-05, -3.261223567398857e-06, -0.00013739259219145542], [0.005487832373575655, 0.001541927650704744, 0.004604692901137974, 2.794664855997924e-05, -0.00041050894053577564, 0.00015023533324712125, -0.00032950056531522805, 0.00021905527992926294, -0.0001682743259695685, -6.921812807061855e-05], [0.01200765613089873, 0.0005789863099274954, 2.794664855997916e-05, 0.003691571289655124, -0.001534428463900455, 0.0015628404602946522, -0.0008336608961350309, -0.0005442363869977648, 0.0007715129607146005, -0.0006846483952591963], [-0.004949120293441172, -0.0005666775542292757, -0.00041050894053577564, -0.0015344284639004554, 0.003272298913031741, 0.00032512525643977203, -6.613685177407246e-05, 0.0004747774148831283, -0.00012358035003991408, -0.00043542762924584337], [0.009185306638638997, 0.0004950709297081967, 0.00015023533324712125, 0.0015628404602946522, 0.0003251252564397719, 0.003984794787507968, 0.0004128140357851988, -0.00024070624379058766, 0.00033032608671959335, -0.0008350089122125085], [-0.004655165212004714, -0.00035068208416682406, -0.0003295005653152281, -0.0008336608961350309, -6.613685177407238e-05, 0.0004128140357851987, 0.001768208420903901, -5.504350825273717e-05, -0.0003421302726108247, 0.00048748603124977087], [-0.0009208052390529379, 5.634685942466343e-05, 0.00021905527992926294, -0.0005442363869977648, 0.0004747774148831283, -0.00024070624379058777, -5.504350825273719e-05, 0.0013229789740339185, -0.00016478360945020186, 0.00023172901812444735], [0.0011479669849863065, -3.2612235673988283e-06, -0.0001682743259695685, 0.0007715129607146005, -0.00012358035003991403, 0.0003303260867195933, -0.00034213027261082476, -0.00016478360945020186, 0.000917462358762243, -0.00027250059308929616], [-0.0043325955030015136, -0.00013739259219145545, -6.921812807061846e-05, -0.0006846483952591963, -0.00043542762924584337, -0.0008350089122125085, 0.00048748603124977087, 0.0002317290181244473, -0.00027250059308929627, 0.0012302110581309594]], [[0.06417963016211879, 0.0034947980362256235, -0.0011109035119503251, -0.0002329484516339319, -0.0006227533421156521, 4.8846728929054045e-05, -0.00016727183189237387, 5.1671511687384196e-05, -4.021886215487739e-05, 0.00011740370813782289], [0.0034947980362256235, 0.012123068505040668, -0.004882225283714067, -0.011697216188944863, -0.004955620056251648, -0.00035570482879649306, 0.00048455746156778474, 0.0006124212855755435, 0.0008278305426963958, -0.0004554814010708236], [-0.001110903511950325, -0.004882225283714067, 0.007177825610969203, 0.012877592543322073, 0.0013121803764373425, 0.00013035371934760925, -0.00023480754055397134, -0.00039733016577954026, -0.0006025031714351639, -0.00016936448585129995], [-0.00023294845163393126, -0.011697216188944863, 0.012877592543322072, 0.042214314612519115, -0.0028544302112243768, 0.0010700323992997604, -0.001501486622948371, 0.0011953598717524758, -0.0013788364393864216, -0.00020567068767375683], [-0.0006227533421156521, -0.004955620056251647, 0.001312180376437342, -0.0028544302112243763, 0.013291068703899366, -0.0003933459202352966, 0.000956222233471774, -0.0014797316698041147, -0.0007078414691209305, 0.0012366048569626969], [4.884672892905405e-05, -0.00035570482879649306, 0.00013035371934760925, 0.0010700323992997602, -0.0003933459202352966, 0.0014482771057565803, 0.000935267201271647, -0.00016030222588606593, 0.00026542237161206617, 0.0001612201329695148], [-0.0001672718318923739, 0.0004845574615677848, -0.00023480754055397128, -0.001501486622948371, 0.0009562222334717742, 0.000935267201271647, 0.0016666681833745766, 0.0004582182282504079, 8.274187470672643e-05, 3.1064819589548734e-05], [5.1671511687384196e-05, 0.0006124212855755433, -0.0003973301657795404, 0.0011953598717524758, -0.0014797316698041154, 