{"weights": [0.17113984537771737, 0.1673883776670904, 0.3024042698432198, 0.1241697201176877, 0.15435735493554803, 0.08054043205873665], "means": [[-6.8697094849459015, -0.6477766485183827, -0.3071847215344559], [4.10532773571583, -0.5219321787791967, -0.18244645512228577], [3.229150733496289, -0.20425448650122852, 0.0844097692042043], [-0.6622405632927579, 0.5397038668108527, 0.5856702044661365], [-2.9839431400729683, 0.4774999407763031, 0.43134493617583025], [0.6805488146383414, 1.4809046338614806, -1.0146292916230475]], "cov": [[[0.005230126184922668, -0.0003965380750660713, 0.0009328769428447213], [-0.0003965380750660713, 0.008124048668330025, -0.005836527893373202], [0.0009328769428447213, -0.005836527893373202, 0.005165167276397915]], [[0.007786917063505104, -0.0013506077805330826, 0.0005916521864918038], [-0.0013506077805330826, 0.003291643660092959, -0.0014101676488061567], [0.0005916521864918038, -0.0014101676488061567, 0.0007907838695490691]], [[0.2819357288373338, -0.09170108190409335, -0.061576925807443984], [-0.09170108190409335, 0.030873533671708142, 0.019388254457813607], [-0.061576925807443984, 0.019388254457813607, 0.014271488072794136]], [[0.052065227635844515, -0.0041453151855462235, -0.0024762199862259234], [-0.0041453151855462235, 0.0012443038830910892, -0.0005968657940735277], [-0.0024762199862259234, -0.0005968657940735277, 0.0011829260271022644]], [[1.011460166220152, 0.062127808732137926, 0.045803118290653845], [0.062127808732137926, 0.005519663211368907, 0.0027404825706614823], [0.045803118290653845, 0.0027404825706614823, 0.006020822981084015]], [[0.253729341447337, -0.016970306706928204, -0.05160043850646057], [-0.016970306706928204, 0.001996337626207755, 0.0027188133267293533], [-0.05160043850646057, 0.0027188133267293533, 0.01141071795663111]]]}