{"entropy_prior_gmm": 1.1512925464970228e-08, "entropy_Mean_gmm": 1.7531162939121714e-06, "entropy_z_nk_prior": 9.616358581884957e-06, "entropy_Mean_z_nk": 0.0017093422446459918, "entropy_mixing_prior": 88.99072030499339, "entropy_Mean_mixing": 1.726688137318856}