{"weights": [0.1610649417566811, 0.15101509915335734, 0.2879888012283371, 0.16503182882000908, 0.15436241612771184, 0.0805369129139034], "means": [[3.8264195762969697, 0.4300020494585486, -0.39946476679206316, 0.14845126243546167, -0.03814566073825477, 0.01649951997063732, 0.10554059294469899, 0.004915216792266952], [-0.6651026110407506, 1.4804752652461812, 1.0083983724538004, -0.009384502859608821, 0.008591093665158093, 0.0032829446569988476, -0.0042319670531234714, -0.004864699696229089], [-3.9074731283488675, -0.4426449597369911, 0.105440311058553, 0.045898698779080475, 0.019884019393037012, -0.001884866065369429, 0.007734888736863038, 0.0018255782541424452], [1.109862717002021, 0.5374252835080152, -0.5474420541627133, 0.000864386011014818, 0.052010275106068156, -0.013119607031632358, -0.04270383259641712, 0.006938725942505777], [-2.672054551430832, -0.02357045021374096, -0.20610782039630546, -0.0980744570958742, -0.10314819254230256, 0.009467922670805273, -0.00940576227955357, -0.018828252893641154], [6.869868700170391, -0.6430507620498456, 0.3101393496926332, -0.04464105987089345, -0.00169400159588673, -0.00127319817950806, -0.01018456454532823, -0.0005908367281312334]], "cov": [[[0.22062066938236932, -0.02949082066242131, 0.03529967068216518, -0.005917059712436567, -0.008856105816869733, -0.000623294804420872, 0.007725866176524776, 0.004690693687467075], [-0.02949082066242131, 0.005065307034132034, -0.002959366307787853, -0.0006199455600277173, 0.0014063210624574239, -0.00018125919431989144, -0.0012980755175635852, -0.0005857411369474501], [0.03529967068216518, -0.0029593663077878527, 0.00933356881667958, -0.003962417466641953, -0.0010577943069943082, -0.00035552705786084064, 0.00011457562810897167, 0.001187084174993201], [-0.005917059712436567, -0.0006199455600277173, -0.003962417466641953, 0.0034554593544148, -0.0011138906731546212, 0.00016541660177049082, 0.0008662484994057562, -0.0002055858945571561], [-0.008856105816869735, 0.0014063210624574239, -0.0010577943069943082, -0.0011138906731546214, 0.0028662316777744827, 0.0005747075693879819, -0.0004987538064317147, -0.0007049894396856352], [-0.0006232948044208721, -0.0001812591943198915, -0.0003555270578608407, 0.00016541660177049085, 0.0005747075693879819, 0.0019624357018045648, -0.00011998552713370698, -3.810086894407088e-05], [0.007725866176524776, -0.0012980755175635852, 0.00011457562810897148, 0.0008662484994057564, -0.0004987538064317146, -0.00011998552713370698, 0.0009238711743310591, -0.00010238018298242827], [0.004690693687467074, -0.0005857411369474501, 0.0011870841749932008, -0.00020558589455715607, -0.0007049894396856353, -3.8100868944070836e-05, -0.00010238018298242823, 0.0009629040307683983]], [[0.3130533754180316, 0.021460375494628803, -0.06341768226001217, 0.009029337628558537, 0.046547947364857394, 0.004731759604960666, 0.014277739379923701, -0.013403330725629208], [0.021460375494628803, 0.00232922194018997, -0.0035654605553514245, 0.00039107412599535634, 0.003478557259929569, 0.00021929318063818563, 0.0012198162753626928, -0.001260572722301778], [-0.06341768226001217, -0.0035654605553514245, 0.013878960243644203, -0.0018459985093333237, -0.009429289551971197, -0.0006977856531941804, -0.002824614190579813, 0.00251514278238001], [0.009029337628558537, 0.00039107412599535634, -0.0018459985093333237, 0.001089159471809963, 0.0003601022412242099, 7.461557231187811e-05, 0.00029827840579554703, -0.0003529447640784453], [0.04654794736485739, 0.0034785572599295694, -0.009429289551971195, 0.00036010224122420993, 0.009375511986706768, 0.0016024619497242527, 0.0021842655334750245, -0.003530042521353829], [0.004731759604960665, 0.00021929318063818563, -0.0006977856531941804, 7.461557231187814e-05, 0.0016024619497242527, 0.004785798763402121, -0.0005770406959515818, 0.00030726566105129436], [0.0142777393799237, 0.0012198162753626928, -0.002824614190579813, 0.00029827840579554703, 0.0021842655334750245, -0.0005770406959515818, 0.0009085351722935671, -0.0009626438878046893], [-0.013403330725629208, -0.001260572722301778, 0.00251514278238001, -0.0003529447640784453, -0.003530042521353829, 0.00030726566105129447, -0.0009626438878046893, 0.0037774441649960602]], [[0.045151882243025174, 0.01925518032405221, -0.01606183961717203, -0.039367052009419104, -0.009561297948772304, 0.0017148986362220866, 0.0009407206439095958, -0.0003299497919994684], [0.019255180324052205, 0.01068615606173327, -0.005306985867448108, -0.01844711036383926, -0.00275170856957167, 0.0004426732460266312, 0.0016891577229101744, 0.0005248996261553638], [-0.016061839617172023, -0.0053069858674481074, 0.007496183060620377, 0.01655277411033863, 0.0022733556661870906, -0.00044617505038052255, -4.402930462425258e-05, 0.0004712412743393584], [-0.0393670520094191, -0.018447110363839257, 0.01655277411033863, 0.059445286505674794, -0.002658209168149605, 0.00018327634705669386, -0.0036630912056891517, 0.00029847326897578544], [-0.009561297948772304, -0.0027517085695716696, 0.0022733556661870906, -0.002658209168149604, 0.016691049787411535, -0.0003509132467669327, 0.00209661438547684, -0.0009098022003006632], [0.0017148986362220862, 0.0004426732460266309, -0.0004461750503805226, 0.000183276347056694, -0.00035091324676693296, 0.005336419171092325, -0.0007600260169627081, -0.00014082556461012379], [0.0009407206439095956, 0.0016891577229101742, -4.4029304624252636e-05, -0.0036630912056891526, 0.00209661438547684, -0.0007600260169627081, 0.001198429467085395, -5.155243134276368e-05], [-0.00032994979199946835, 0.0005248996261553638, 0.0004712412743393585, 0.0002984732689757856, -0.0009098022003006632, -0.0001408255646101236, -5.155243134276369e-05, 0.0039710290411478786]], [[0.39982278803133714, 0.00020880349016975898, 0.0296352852903101, 0.03338163400418979, -0.004987390888979508, -0.004742980522872698, -0.02007060969342478, -0.010592521873876059], [0.000208803490169759, 0.0013713824024889109, 0.00045792546430798955, 0.00025967494795744306, -0.0015797537505047238, 0.00021600185601129007, 0.0007048726516200811, 0.00017474532521413635], [0.0296352852903101, 0.00045792546430798955, 0.004384748791324338, 0.0025978606385167226, -0.0014803023427966758, -0.001008933766100924, -0.002661550845265135, -0.0005810014332797911], [0.03338163400418979, 0.00025967494795744306, 0.0025978606385167226, 0.005567488972780796, -0.0020653441402189924, -0.0012124881592767678, -0.0015598110922799345, -0.0017305366247673262], [-0.004987390888979507, -0.0015797537505047238, -0.001480302342796676, -0.0020653441402189924, 0.0037769459727779115, 0.0006723829746202709, -0.0003082479619141184, 0.00014406681454404746], [-0.004742980522872697, 0.00021600185601128996, -0.001008933766100924, -0.0012124881592767678, 0.0006723829746202708, 0.003345601425844147, 0.0005811815746298833, 0.00016211940436085652], [-0.020070609693424783, 0.000704872651620081, -0.002661550845265135, -0.0015598110922799345, -0.00030824796191411834, 0.0005811815746298832, 0.002692482001399845, 0.00036408609667297085], [-0.010592521873876059, 0.00017474532521413643, -0.0005810014332797911, -0.0017305366247673262, 0.00014406681454404743, 0.00016211940436085647, 0.0003640860966729707, 0.002154342988871824]], [[0.032390233558748115, 0.009793702785444653, -0.006535219722578581, 0.0034832908163967996, -0.001725520925452851, 0.003095403520902043, -0.00020712208205604055, -0.00020385978783131746], [0.009793702785444655, 0.0034646970219685937, -0.001542916732849556, 0.000718585875381331, -0.0009240998294737612, 0.0005529133061049682, 0.0001734383299798316, -0.00021485310041366692], [-0.006535219722578582, -0.001542916732849556, 0.002298922834136148, -0.0010955563757353035, 0.0001802882327144848, -0.0006181317149374232, -0.000308499295165651, -0.0001092841535669609], [0.0034832908163968, 0.000718585875381331, -0.0010955563757353035, 0.0019177831418884404, -0.0010838395281573734, 0.0004253246515648449, 7.698620824409089e-05, -0.0005775264715784024], [-0.0017255209254528512, -0.0009240998294737612, 