{"entropy_prior_gmm": 1.1512925464970228e-08, "entropy_Mean_gmm": 2.548806321556185e-07, "entropy_z_nk_prior": 9.616358581884957e-06, "entropy_Mean_z_nk": 0.0028701874001135557, "entropy_mixing_prior": 88.99072030499339, "entropy_Mean_mixing": 1.7303045543800721}