{"MAP index": 1455, "entropy_prior_gmm": 1.1512925464970228e-08, "entropy_MAP_gmm": 1.1512924835699323e-08, "entropy_z_nk_prior": 0.5947685701538927, "entropy_MAP_z_nk": 0.664895306871759, "entropy_mixing_prior": 88.99072030499339, "entropy_MAP_mixing": 1.5806346556811375}