,X,Y,Z,id,nugget
0,0.0,0.0,-20.999999999999993,95482103,1e-05
1,20.0,0.0,-2.1348783192542697,95482103,1e-05
2,30.0,0.0,-1.0,95482103,1e-05
3,0.0,0.0,-39.0,18985864,1e-05
4,20.0,0.0,-17.07280072409435,18985864,1e-05
5,40.0,0.0,-15.999999999999993,18985864,1e-05
6,0.0,0.0,-61.0,57557980,1e-05
7,20.0,0.0,-39.536321183778185,57557980,1e-05
8,60.0,0.0,-27.0,57557980,1e-05
9,0.0,0.0,-72.0,11864929,1e-05
10,30.0,0.0,-55.5,11864929,1e-05
11,60.0,0.0,-39.0,11864929,1e-05
12,20.0,0.0,-81.99762526612355,9811077,1e-05
13,60.0,0.0,-52.0,9811077,1e-05
14,70.0,0.0,-77.0,26708595,1e-05
15,80.0,0.0,-71.0,26708595,1e-05
