{"entropy_prior_gmm": 0.0008925289686521755, "entropy_Mean_gmm": 0.002815547399222851, "entropy_z_nk_prior": 0.0012788791422551772, "entropy_Mean_z_nk": 0.0026238772370877055, "entropy_mixing_prior": 88.99072030499339, "entropy_Mean_mixing": 1.4099805981588034}