{"weights": [0.1709889964064905, 0.00033701779907670503, 0.46959923472669396, 0.12417596859572672, 0.1543585193382677, 0.08054026313374428], "means": [[6.8700975209435615, -0.6471947320268173, 0.3075941540167341], [0.6314359761726128, -0.5595514007389513, -0.14750582260945752], [-3.5375965819212207, -0.31567431992702355, 0.00902090005950022], [0.6643113693493026, 0.5407399814517544, -0.5864504975012929], [2.9691748798065407, 0.4758574782673902, -0.42588481239066583], [-0.6783661620665828, 1.4837896883565775, 1.01079696015282]], "cov": [[[0.8802224725440055, -0.029223308299503863, -0.9309385648311137], [-0.029223308299503942, 4.738948486109679, 3.476335138526321], [-0.9309385648311138, 3.4763351385263204, 9.350370535177257]], [[1089.4669601453506, 0.6281251774490255, 69.06388291065362], [0.6281251774490246, 163.90438196929827, -1.5386834438487151], [69.06388291065362, -1.5386834438487207, 165.9867683210587]], [[323.1587732775575, 138.50630865345732, -113.99246205253492], [138.50630865345732, 64.26654782001792, -51.56673907957236], [-113.99246205253492, -51.566739079572365, 45.437929954532564]], [[49.788568078594054, 13.872792666568918, -9.373840006986846], [13.87279266656892, 7.690666628546984, -3.768756957256197], [-9.373840006986846, -3.7687569572561967, 4.375829337527464]], [[887.7221982839587, 51.46700003792769, -169.97316531787783], [51.46700003792769, 49.27130796430791, -41.09782441895971], [-169.97316531787783, -41.09782441895971, 74.86364208690237]], [[158.30505912637162, 38.110368924796504, -67.30067094929117], [38.110368924796504, 44.853087380244204, -59.48622428031681], [-67.30067094929117, -59.48622428031682, 85.90269999924752]]]}