,X,Y,Z,id,nugget
0,100.0,0.0,-825.0,69527185,1e-05
1,300.0,0.0,-625.9807470810085,69527185,1e-05
2,900.0,0.0,-825.0,69527185,1e-05
3,100.0,0.0,-844.9999999999999,7168592,1e-05
4,300.0,0.0,-835.7999769984119,7168592,1e-05
5,900.0,0.0,-844.9999999999999,7168592,1e-05
