{"entropy_prior_gmm": 1.1512992384279826e-08, "entropy_Mean_gmm": 1.1512925723877743e-08, "entropy_z_nk_prior": 0.0011754161606685348, "entropy_Mean_z_nk": 0.0023330553830364347, "entropy_mixing_prior": 53.75278407684164, "entropy_Mean_mixing": 1.7061754406252927}