,X,Y,Z,id,nugget
0,100.0,0.0,-825.0,33436524,1e-05
1,300.0,0.0,-828.1014513043058,33436524,1e-05
2,900.0,0.0,-825.0,33436524,1e-05
3,100.0,0.0,-844.9999999999999,96753931,1e-05
4,300.0,0.0,-842.4552841766629,96753931,1e-05
5,900.0,0.0,-844.9999999999999,96753931,1e-05
