{"weights": [0.06389399291062053, 0.30442847403421225, 0.09846719814399411, 0.2158482831687682, 0.15684544657635324, 0.16051660516605162], "means": [[-13.482029217535265, 5.323899579048084, 0.002903342782974999, 0.7690370876199166, -0.19236071162424534], [-11.60790121112927, -2.4923535565117776, -1.7502559325875304, -0.054142009900097286, -0.034227048389867946], [-13.894934697984965, 8.863816081442609, 0.9191783237853655, 0.49012085891345913, -0.5223156298023874], [-0.9241985564276634, -3.5193484723291606, 2.03225335228059, 0.2091585938211703, 0.15320361887569894], [7.4339230575806345, 0.35390316121073306, 1.6052875150254136, -1.3765906715171357, 0.6012955527621796], [29.884143791624933, 1.556974617050964, -1.5469247655004708, 0.5597560866005714, -0.33166580417998914]], "covariances": [[[0.9931234382525481, -1.2773908674449725, -0.29608120033274105, 0.9018081031512767, -0.18268880114332492], [-1.2773908674449723, 3.3511006709026168, 0.7343691241163313, -0.974625234820642, 0.2159128285304439], [-0.29608120033274105, 0.7343691241163314, 0.3448705020752519, -0.3916489684828093, -0.14256408065118506], [0.9018081031512767, -0.974625234820642, -0.3916489684828092, 1.0655363987519564, 0.07798280830890295], [-0.18268880114332495, 0.2159128285304439, -0.1425640806511851, 0.07798280830890295, 0.3964445283057599]], [[1.2863861320938026, -7.674964975062814e-06, 0.537049390193385, -0.29341771711127207, -0.020178242805201103], [-7.674964975105877e-06, 1.866350634249303, 0.7541271700881171, -0.4321160800989457, 0.37359194074538016], [0.537049390193385, 0.7541271700881171, 0.7319947842813209, -0.5279471037252831, -0.10338386493055993], [-0.29341771711127207, -0.4321160800989457, -0.5279471037252831, 0.5424619579404428, 0.30738589190392723], [-0.020178242805201113, 0.3735919407453801, -0.10338386493055993, 0.30738589190392723, 0.6685324625984415]], [[0.2518040538412036, -0.9249014976922194, -0.17482842899735046, 0.07016358972126857, -0.2508440597398104], [-0.9249014976922195, 4.122084851204299, 0.8699497925097898, -0.15104085496903488, 1.39311220682248], [-0.17482842899735046, 0.8699497925097898, 0.3394533920497844, -0.18877180813979538, 0.1775601184907454], [0.07016358972126857, -0.15104085496903488, -0.1887718081397954, 0.32264473237981695, 0.2615118958332278], [-0.2508440597398104, 1.3931122068224804, 0.1775601184907454, 0.26151189583322776, 0.922142337436966]], [[3.376004790384369, -1.8041577143046479, 3.0376872182509636, 1.4790700334368836, -0.3691403660337892], [-1.8041577143046479, 3.6390188684000657, -3.9018850850897153, -2.0663885183694863, 1.1120919224922363], [3.0376872182509636, -3.9018850850897153, 6.052743925493285, 2.779612090595096, -1.274709514396022], [1.4790700334368836, -2.0663885183694863, 2.779612090595096, 1.7018306423106613, -0.30093959902962186], [-0.3691403660337892, 1.1120919224922363, -1.2747095143960219, -0.3009395990296218, 0.8711539579678094]], [[14.781249870869663, -1.0430789376431362, 1.3095760909379515, -1.2262435169958168, 0.1975015769503026], [-1.0430789376431362, 0.8840906799379079, 0.05447018974140584, -0.08090319850271921, 0.220773624239358], [1.3095760909379515, 0.05447018974140584, 0.5076431481968925, -0.4819263321871791, -0.27100913310374586], [-1.2262435169958168, -0.08090319850271921, -0.4819263321871791, 0.6070217298331821, 0.3990109950886166], [0.1975015769503026, 0.220773624239358, -0.2710091331037458, 0.39901099508861665, 0.7327887484411078]], [[0.14899123720620494, 0.30208442447003, 0.2541056850858897, 0.008062884065024013, 0.06457898589981659], [0.30208442447003, 1.3221750655647642, 1.131140195951846, 0.20159068036374322, 0.759168693389161], [0.2541056850858897, 1.131140195951846, 1.3041142498464031, 0.0027358310254652217, 0.42903271298185436], [0.008062884065024013, 0.20159068036374322, 0.0027358310254652217, 0.2234788191743727, 0.4041326909977461], [0.06457898589981659, 0.759168693389161, 0.42903271298185436, 0.4041326909977461, 0.9971590694939038]]]}