{"weights": [0.5726495726495726, 0.19658119658119658, 0.23076923076923078], "means": [[2.1098656478286655, -0.5226711264259952, 0.03665917747294733, 0.021166210341793845, 0.007736244798508375, 9.229719675485525e-05, 0.007195485478983354, 0.005809892959452454], [-4.011761882018355, -2.714219909643005, -0.046189699822140176, -0.06808052618662658, -0.02245132572766792, 0.0043029637558261715, 0.009997291420488776, 0.007677668650757521], [-1.8181657451147577, 3.6091119774937312, -0.05162228869549073, 0.005470963310822482, -7.214480606236943e-05, -0.0038945214283918786, -0.026371675176412118, -0.02095737804632378]], "covariances": [[[0.025097668578508075, 0.009657565060386071, -0.008371669148069185, -0.08414395983655822, -0.025455802336542443, -0.024735021292102716, -0.012441792444152455, 0.006025934024293136], [0.009657565060386071, 0.03680824151568151, -0.016894909541942782, -0.05644484102573914, -0.043287484627453784, -0.0008098121609561789, 0.019415851682022894, 0.002864648776903525], [-0.008371669148069185, -0.016894909541942782, 0.0214461779210572, 0.10209192274284959, 0.03499348625285165, 0.0144216135686308, -0.01449940716412483, 0.006637542901375306], [-0.08414395983655822, -0.05644484102573914, 0.10209192274284959, 0.6643152695282248, 0.18085347788100542, 0.13911361627473318, -0.0030768075712059926, 0.026210355401510826], [-0.025455802336542443, -0.043287484627453784, 0.03499348625285165, 0.18085347788100542, 0.08435461239136613, 0.018639847180898034, -0.007200037879782068, 0.014426480127478847], [-0.024735021292102716, -0.0008098121609561789, 0.0144216135686308, 0.13911361627473318, 0.018639847180898034, 0.054584196082117856, 0.0022437320557497625, -0.014246470058602191], [-0.012441792444152455, 0.019415851682022894, -0.01449940716412483, -0.0030768075712059926, -0.007200037879782068, 0.0022437320557497625, 0.051601977218353925, 0.008143227995476378], [0.006025934024293136, 0.002864648776903525, 0.006637542901375306, 0.026210355401510826, 0.014426480127478847, -0.014246470058602191, 0.008143227995476378, 0.024997473146324382]], [[0.4420304104889803, -0.11878534215375736, 0.002077912278266463, -0.2558947070661111, 0.10089859318087493, 0.061678158515186744, -0.051139407299771, -0.12305366932354293], [-0.11878534215375736, 0.17023001536491952, 0.010556100542346148, -0.1089663819560286, 0.2892343886820343, 0.005992970653225364, 0.07075319358762393, 0.05954488686615529], [0.002077912278266463, 0.010556100542346148, 0.010328998009626182, 0.04680340613578491, 0.0243824952916756, -0.04147586776806176, 0.01528772586315004, -0.01161199837608774], [-0.2558947070661111, -0.1089663819560286, 0.04680340613578491, 1.0375137017318743, -0.46654271648817663, -0.4033418660612344, 0.06217510067271279, -0.1221982228545886], [0.10089859318087493, 0.2892343886820343, 0.0243824952916756, -0.46654271648817663, 0.8834450311048898, 0.030630924504019497, 0.17295936579544074, 0.0021602792495488583], [0.061678158515186744, 0.005992970653225364, -0.04147586776806176, -0.4033418660612344, 0.030630924504019497, 0.31668954503572627, -0.09443794525534362, 0.06697310052718607], [-0.051139407299771, 0.07075319358762393, 0.01528772586315004, 0.06217510067271279, 0.17295936579544074, -0.09443794525534362, 0.08665298784913457, 0.016842946586061423], [-0.12305366932354293, 0.05954488686615529, -0.01161199837608774, -0.1221982228545886, 0.0021602792495488583, 0.06697310052718607, 0.016842946586061423, 0.22079886047794856]], [[0.13765265987004738, 0.10003143080319418, -0.4246362418341043, 0.09325530950521567, -0.14014331005197833, 0.015979791370134208, 0.02298158137347212, 0.04758590384976912], [0.10003143080319418, 0.1872844443721018, 0.15999388083479935, 0.08318738342412123, -0.1805834876792466, 0.021028823553311177, 0.019174418852773514, 0.04309259229146825], [-0.4246362418341043, 0.15999388083479935, 4.899778661861064, -0.2975305802849395, -0.10919683255470163, -0.0004958047639443553, 0.02133456117077657, -0.007887534301682082], [0.09325530950521567, 0.08318738342412123, -0.2975305802849395, 0.12881776611442966, -0.053067273534024885, -0.0013543397399142522, -0.04498279953552711, 0.039309034396387076], [-0.14014331005197833, -0.1805834876792466, -0.10919683255470163, -0.053067273534024885, 0.30305363464030344, -0.07226720313360081, -0.1294178319711074, -0.037605490688122994], [0.015979791370134208, 0.021028823553311177, -0.0004958047639443553, -0.0013543397399142522, -0.07226720313360081, 0.046344683743350386, 0.07473836099357722, -0.021809900100671385], [0.02298158137347212, 0.019174418852773514, 0.02133456117077657, -0.04498279953552711, -0.1294178319711074, 0.07473836099357722, 0.19685060061867798, -0.035276768858837924], [0.04758590384976912, 0.04309259229146825, -0.007887534301682082, 0.039309034396387076, -0.037605490688122994, -0.021809900100671385, -0.035276768858837924, 0.04529696404437232]]]}