{"entropy_prior_gmm": 7.321111044497155e-09, "entropy_Mean_gmm": 0.015812905505299568, "entropy_z_nk_prior": 0.2076536539080485, "entropy_Mean_z_nk": 0.16258426268780446, "entropy_mixing_prior": 81.09822012551359, "entropy_Mean_mixing": 1.196993472769991}