{"weights": [0.3911931519765697, 0.2907192833549771, 0.2849299177589512, 0.033157646909502014], "means": [[-2.076970882945066, -0.5419028467526358, 0.07311806232086142, -0.3189578676673115, 0.08186309082250527, -0.07211689119387601, -0.025755349575079627, -0.015011557619130308, -0.0030710479696722834, 0.01396545354289631], [1.6225092984995373, -1.926807817994769, -0.08280255140503372, 0.4385652215778921, -0.16324041446918805, -0.02426187672407703, 0.03894324254289027, -0.04192372071434956, 0.02555953913557105, 0.018031206667683826], [2.1611583650086397, 0.6571369095302066, -0.2578930359969645, 0.24778223655533807, -0.2969226039393645, 0.06203557215264752, 0.31734786259376124, -0.13219326979451876, 0.2957655488862639, 0.1897367598628311], [2.369816195710445, 3.3672371945476685, -0.5270881963608934, -0.1606665629785586, 0.7903018720550854, -0.30468153423518923, -0.2710929003934096, 0.6146954074791197, 1.2381812155896164, 0.04673386837367632]], "cov": [[[0.015369809576619238, -0.005395846346104007, 0.0015755206265894376, -0.026802627742130075, 0.009414256052473537, -0.009640244805308108, -0.008783552153402752, 0.006202670076167336, 0.0013308119954246786, 0.0017600139825081579], [-0.005395846346104007, 0.027145304669782884, -0.010817138031529719, 0.01954595795886893, -0.023873824543093104, -0.002841461747899322, -0.01932226854393575, -0.006505219555529149, -0.0003156387204519424, 0.0005365163232370789], [0.0015755206265894376, -0.010817138031529719, 0.014714637919636576, -0.0461067939849555, 0.01883908399994701, -0.000311608328262166, 0.018767881446159294, -0.0060761198212353085, -0.001752998821034569, -0.00384342110748215], [-0.026802627742130075, 0.01954595795886893, -0.0461067939849555, 0.20382567483458278, -0.061022036340544, 0.02088367560380766, -0.03171493931446587, 0.020785680248831394, 0.004081229464106831, 0.009456931899518559], [0.009414256052473537, -0.023873824543093104, 0.01883908399994701, -0.061022036340544, 0.040510591926127174, 0.005150137769922479, 0.012378258290671143, -0.010754620094059794, 0.005146822802374379, -0.002167454212455398], [-0.009640244805308108, -0.002841461747899322, -0.000311608328262166, 0.02088367560380766, 0.005150137769922479, 0.020552929953620385, -0.004143708749849624, -0.014219794748848455, 0.00678104762013852, 0.0035163028888228914], [-0.008783552153402752, -0.01932226854393575, 0.018767881446159294, -0.03171493931446587, 0.012378258290671143, -0.004143708749849624, 0.05229104012958686, 0.0068683292377531, -0.011484589699047618, -0.010715694276172567], [0.006202670076167336, -0.006505219555529149, -0.0060761198212353085, 0.020785680248831394, -0.010754620094059794, -0.014219794748848455, 0.0068683292377531, 0.024951745676683044, -0.006470325425268917, -0.00046776695294179497], [0.0013308119954246786, -0.0003156387204519424, -0.001752998821034569, 0.004081229464106831, 0.005146822802374379, 0.00678104762013852, -0.011484589699047618, -0.006470325425268917, 0.005428731774991395, 0.0027605516545695726], [0.0017600139825081579, 0.0005365163232370789, -0.00384342110748215, 0.009456931899518559, -0.002167454212455398, 0.0035163028888228914, -0.010715694276172567, -0.00046776695294179497, 0.0027605516545695726, 0.004726342638252909]], [[11.881567133624229, -4.383166268314396, 0.05651677622346075, -1.832966771163451, 0.10754326569804831, -0.3864852633142646, 0.0022273115627845213, 0.014837666468354618, -0.01530109425554977, 0.056625130234603624], [-4.383166268314396, 1.6909966498211644, -0.027491415284126023, 0.62677397001141, -0.08026977923615906, 0.16342514628105026, -0.039272326344907224, -0.02554869026752072, -0.0065532790090528795, -0.031588793381379376], [0.05651677622346075, -0.027491415284126023, 0.013675002119547327, -0.08094878673742188, 0.02949485214172964, 0.018095763951001816, -0.005244003917968205, 0.006491038340411171, -0.0006907093388119988, 4.095918405296518e-05], [-1.832966771163451, 0.62677397001141, -0.08094878673742188, 0.9554494221909526, -0.09345933510077466, -0.07244081747758897, 0.1029688474041197, -0.004703869290703621, 0.020308213063145848, -0.006118934255653319], [0.10754326569804831, -0.08026977923615906, 0.02949485214172964, -0.09345933510077466, 0.26730971877771476, 0.044323589360074155, -0.056832708472967834, 0.05620731457224141, 0.011993043105095764, 0.01691950569093945], [-0.3864852633142646, 0.16342514628105026, 0.018095763951001816, -0.07244081747758897, 0.044323589360074155, 0.23224273186390865, -0.06858908570247298, 0.02443208192273641, 0.0028250584643465092, -0.01946603322851253], [0.0022273115627845213, -0.039272326344907224, -0.005244003917968205, 0.1029688474041197, -0.056832708472967834, -0.06858908570247298, 0.07617318043336994, -0.0019016801684320218, -0.0033600755902235616, -0.0036753930274240803], [0.014837666468354618, -0.02554869026752072, 0.006491038340411171, -0.004703869290703621, 0.05620731457224141, 0.02443208192273641, -0.0019016801684320218, 0.10797445694475921, -0.015468401479078065, -0.002419321615688022], [-0.01530109425554977, -0.0065532790090528795, -0.0006907093388119988, 0.020308213063145848, 0.011993043105095764, 0.0028250584643465092, -0.0033600755902235616, -0.015468401479078065, 0.009944341409015902, 0.004974387473279342], [0.056625130234603624, -0.031588793381379376, 4.095918405296518e-05, -0.006118934255653319, 0.01691950569093945, -0.01946603322851253, -0.0036753930274240803, -0.002419321615688022, 0.004974387473279342, 0.017030133780289284]], [[1.2145397523846664, -2.4316201396977655, 0.3454056027911681, 0.24971140948290174, 0.31788368682232154, -0.11896404068676796, -0.11009945387014784, -0.06040242917765386, -0.06535556470130667, -0.08082973332237302], [-2.4316201396977655, 9.791889400321015, 0.8124869658863713, -0.8515137400398101, 0.1388872689718731, 0.16855188127141676, -0.2503931365077073, 0.29822836756432547, -0.39978168780391116, -0.2425107364440182], [0.3454056027911681, 0.8124869658863713, 3.844948930224536, 0.17955469277504651, 0.056336470800809516, -0.03679602879922388, -0.15589041900932896, 0.0629769649350247, -0.09369519769858788, -0.05712106821964536], [0.24971140948290174, -0.8515137400398101, 0.17955469277504651, 0.4774388930724023, 0.30382555767139363, -0.07867992232711742, -0.0536329030517503, -0.05372342903741685, -0.0028139134001690805, 0.017738388509642378], [0.31788368682232154, 0.1388872689718731, 0.056336470800809516, 0.30382555767139363, 0.7003358992882328, -0.04976677217111291, -0.05402271338831526, -0.01523982614670931, -0.12281806320976468, -0.08193115594005107], [-0.11896404068676796, 0.16855188127141676, -0.03679602879922388, -0.07867992232711742, -0.04976677217111291, 0.10200610398550235, 0.08868371428120739, -0.002622006518365416, 0.0190314645011776, 0.02951192527453553], [-0.11009945387014784, -0.2503931365077073, -0.15589041900932896, -0.0536329030517503, -0.05402271338831526, 0.08868371428120739, 0.22928075022214375, -0.018184411678668102, 0.10211919726133405, 0.06356354915750136], [-0.06040242917765386, 0.29822836756432547, 0.0629769649350247, -0.05372342903741685, -0.01523982614670931, -0.002622006518365416, -0.018184411678668102, 0.09429963348662607, -0.0046102313898818935, -0.009106346478215028], [-0.06535556470130667, -0.39978168780391116, -0.09369519769858788, -0.0028139134001690805, -0.12281806320976468, 0.0190314645011776, 0.10211919726133405, -0.0046102313898818935, 0.2276926900118577, 0.043377707621477815], [-0.08082973332237302, -0.2425107364440182, -0.05712106821964536, 0.017738388509642378, -0.08193115594005107, 0.02951192527453553, 0.06356354915750136, -0.009106346478215028, 0.043377707621477815, 0.06810842020761573]], [[0.4166645583665613, -0.13997254439038048, 0.5012508290135685, -0.035743473272325146, 0.5557766276220705, -0.11063927573331805, -0.03242493150299636, 0.31619493557212763, 0.7156743467825296, 0.015482878620878007], [-0.13997254439038048, 0.09678671827858434, -0.05358658838778553, -0.024669209039970247, -0.22872000709518583, -0.002036128376962212, -0.010944915474673108, 