{"weights": [0.17222196892868397, 0.16667297214763924, 0.299986114634106, 0.1277868563648574, 0.15555077951119736, 0.077781308413516], "means": [[-6.8520563776112, -0.6535944542810561, -0.29128665866741554, 0.037141864130746174, -0.001650758396254624, -0.008086608872934838, 0.00887722170297211, -0.0017630802567662712], [4.115111863674354, -0.5195675827387017, -0.17420974179163523, -0.22285626018298896, 0.04234821688208335, -0.0005227943026549108, -0.007820410462968134, -0.008811494512006433], [3.2423017496774555, -0.20715095587103263, 0.08655716258871321, 0.14032712674145897, -0.044631743566370084, 0.006980774083663617, 0.002261556317395119, 0.008716628754566606], [-0.6909046472427234, 0.555151668157213, 0.5681405088705339, 0.038490105469662535, 0.06463586784466528, -0.005459829768784032, 0.004630607445599107, -0.0151600805521451], [-2.873185970912609, 0.5029056304710997, 0.4096320629102096, -0.11084763439892684, -0.012250269346753002, 0.0010139582611400392, -0.013971448944812954, 0.006667462940705517], [0.7298162334856574, 1.4416723041253983, -1.0681667302091515, 0.012537550803469995, 0.003353268559056538, -0.0009556978300638491, 0.008712915504379947, 0.0007397859353266795]], "cov": [[[0.005831164720640816, -0.0002981853672096232, 0.0009684757794582456, -0.00044810138556297, 9.099462121423701e-05, -7.110891698820344e-05, 4.3946862156800246e-05, -0.00010557877050137414], [-0.0002981853672096232, 0.008260356913848717, -0.006192071749849664, 0.003826340628311896, 0.0003085133756789171, 0.001961913227766861, -0.0037223689506107618, 0.00022088830119729665], [0.0009684757794582456, -0.006192071749849664, 0.005659742373418251, -0.003195186179048654, -0.00020499939237139867, -0.0012618285973151173, 0.0026550567076382182, -0.0003103202739299068], [-0.00044810138556297, 0.003826340628311896, -0.003195186179048654, 0.0019532468712327136, 0.00022725641306215054, 0.0008731224560321022, -0.0016358974266846244, 0.00012057165388588765], [9.099462121423701e-05, 0.0003085133756789171, -0.00020499939237139867, 0.00022725641306215054, 0.0001703647678561934, 0.0001360046093185888, -4.909295544255481e-05, -2.96911783086061e-07], [-7.110891698820344e-05, 0.001961913227766861, -0.0012618285973151173, 0.0008731224560321022, 0.0001360046093185888, 0.0008123812072375827, -0.0007484124822642934, -5.4555894649572736e-05], [4.3946862156800246e-05, -0.0037223689506107618, 0.0026550567076382182, -0.0016358974266846244, -4.909295544255481e-05, -0.0007484124822642934, 0.0018209582085934733, -9.788499609178513e-05], [-0.00010557877050137414, 0.00022088830119729665, -0.0003103202739299068, 0.00012057165388588765, -2.96911783086061e-07, -5.4555894649572736e-05, -9.788499609178513e-05, 0.00017695127472930683]], [[0.007283093769431995, -0.0008891501830201458, 0.0004368218813164142, 0.0006147031004821217, 0.0017997972237879974, -5.841323291641249e-05, -0.0005520374820036219, 0.00027261911185926663], [-0.0008891501830201458, 0.002599832131113703, -0.0011585391934764535, 0.0023878253465305452, 0.003007969572261591, 0.00031795808846973015, -0.0013010679041252527, 0.0001754806011917442], [0.0004368218813164142, -0.0011585391934764535, 0.0006819427203592121, -0.000475623564090306, -0.0011865330146563675, -0.0001091367541347328, 0.0004465635189492868, -0.00038634251622620005], [0.0006147031004821217, 0.0023878253465305452, -0.000475623564090306, 0.01631219517261607, 0.005943531679473447, 0.0010997870012717564, -0.002278340321126031, -0.0009521459481882357], [0.0017997972237879974, 0.003007969572261591, -0.0011865330146563675, 0.005943531679473447, 0.01438551648825406, 0.0012348782762957335, -0.0036144750048762724, 0.0002737535333078738], [-5.841323291641249e-05, 0.00031795808846973015, -0.0001091367541347328, 0.0010997870012717564, 0.0012348782762957335, 0.0011568533574918079, 0.0005637015205833774, -0.0006701738455631834], [-0.0005520374820036219, -0.0013010679041252527, 0.0004465635189492868, -0.002278340321126031, -0.0036144750048762724, 0.0005637015205833774, 0.0023651792402769735, -0.00019197317119277557], [0.00027261911185926663, 0.0001754806011917442, -0.00038634251622620005, -0.0009521459481882357, 0.0002737535333078738, -0.0006701738455631834, -0.00019197317119277557, 0.003060264145075678]], [[0.28327308659287087, -0.09393202433729672, -0.059201027798829464, 0.02997056872529272, 0.0345460086093782, -0.00020114257941221655, -0.007953522556001912, -0.0019514057006603822], [-0.09393202433729672, 0.03212195258883673, 0.0189541872541052, -0.010118081771681657, -0.01346739111235181, 2.8771239437750422e-05, 0.001969212381684366, 1.0630056306468365e-05], [-0.059201027798829464, 0.0189541872541052, 0.013265530737305825, -0.00621822925840855, -0.005899802351139478, 0.0002789033495320563, 0.0019159997759473314, 0.0009545789914619192], [0.02997056872529272, -0.010118081771681657, -0.00621822925840855, 0.005038161034824286, 0.005329158432753771, -0.00030054004851106286, -0.0009822639805434096, -0.000592166600791151], [0.0345460086093782, -0.01346739111235181, -0.005899802351139478, 0.005329158432753771, 0.01051656763621527, 0.0005688928935521816, 0.0008691886471306718, 0.000832599961865631], [-0.00020114257941221655, 2.8771239437750422e-05, 0.0002789033495320563, -0.00030054004851106286, 0.0005688928935521816, 0.002138654491286067, 0.0017020942234871011, 0.0001068425402890123], [-0.007953522556001912, 0.001969212381684366, 0.0019159997759473314, -0.0009822639805434096, 0.0008691886471306718, 0.0017020942234871011, 0.0025759523626341114, 0.0006312119062262205], [-0.0019514057006603822, 1.0630056306468365e-05, 0.0009545789914619192, -0.000592166600791151, 0.000832599961865631, 0.0001068425402890123, 0.0006312119062262205, 0.0033201034574999373]], [[0.0480912700548456, -0.005130034335150106, -0.0005053684175860767, 0.000498759457533553, 0.00037530523745904937, -0.006761978360571658, -0.002938160992540203, -0.00027303943133565744], [-0.005130034335150106, 0.001506401480673053, -0.0006808308700659926, -0.00014038863635046023, -0.001758135742558814, 0.0011602725220154918, 0.00010130376652171848, 7.467580841475414e-05], [-0.0005053684175860767, -0.0006808308700659926, 0.0008050895354945549, 0.0002996684019659252, 0.0015596719248254832, -0.00023049739961696175, 6.178541548245625e-05, 3.3378230086704346e-05], [0.000498759457533553, -0.00014038863635046023, 0.0002996684019659252, 0.0011001605954369758, 0.0007509854063715862, 0.00026922171600413504, -0.00022651726560484552, -0.000556046974404507], [0.00037530523745904937, -0.001758135742558814, 0.0015596719248254832, 0.0007509854063715862, 0.0040074312760868995, -0.0006074327635721557, 0.00030322909660689676, -0.000659239987173775], [-0.006761978360571658, 0.0011602725220154918, -0.00023049739961696175, 0.00026922171600413504, -0.0006074327635721557, 0.003094396829807681, 0.001704155513201232, -0.00040746004697175716], [-0.002938160992540203, 0.00010130376652171848, 6.178541548245625e-05, -0.00022651726560484552, 0.00030322909660689676, 0.001704155513201232, 0.0016214681164924555, -8.73787132740195e-05], [-0.00027303943133565744, 7.467580841475414e-05, 3.3378230086704346e-05, -0.000556046974404507, -0.000659239987173775, -0.00040746004697175716, -8.73787132740195e-05, 0.0016891172853478046]], [[1.0821440144240992, 0.05718193792293979, 0.04569857035410598, 0.02036294293063341, 0.024761653569562447, -0.09048438336573034, 0.06486681671937164, -0.012628725833936743], [0.05718193792293979, 0.004163805385836163, 0.002345593249385605, 0.0013606493454741172, 0.0017808913973118316, -0.004410209132580322, 0.0033535637618305864, -0.0006238983616593598], [0.04569857035410598, 0.002345593249385605, 0.0064679796319878045, -0.0018349580771969604, 0.0004171408749465701, -0.0023899782435504204, 0.0021325975565736973, -7.57924282276497e-05], [0.02036294293063341, 0.0013606493454741172, -0.0018349580771969604, 0.0031521763398991132, 0.001715987401091182, -0.003028365572921062, 0.0016294203798107312, -0.00030439290961954116], [0.024761653569562447, 0.0017808913973118316, 