{"weights": [0.09788630382833079, 0.1986563074220804, 0.34438690013107365, 0.11658631516281799, 0.08161875636847371, 0.16086541708722354], "means": [[-3.8201985486351004, 0.43372700069616904, 0.3954729211594071], [-1.1529952230727347, 0.5382781747895815, 0.5398868569020822], [3.9273548983540256, -0.4488643893944144, -0.11105705675918172], [2.6982930116350374, -0.03377955789631333, 0.20468541980723945], [0.7600247496988849, 1.4753941081853845, -1.0303462040546294], [-6.8703585485697785, -0.6450725979741796, -0.3128523301622445]], "cov": [[[0.1703644293232385, 0.02274208789108567, 0.027291588248987687], [0.022742087891085668, 0.003945558274376344, 0.002421105577681235], [0.027291588248987687, 0.002421105577681236, 0.0070537940451605476]], [[0.3263159354718492, -0.0001317543065463753, 0.0240626017734843], [-0.0001317543065463753, 0.0015223181238467882, -0.0006116945855500122], [0.0240626017734843, -0.0006116945855500122, 0.004470650916058194]], [[0.04190163736752854, -0.017919386460541236, -0.015072632424018089], [-0.017919386460541236, 0.009746835578129002, 0.005192001904828946], [-0.015072632424018089, 0.005192001904828947, 0.006979420723845063]], [[0.048924494835888656, -0.01480601115982223, -0.00993094050295745], [-0.014806011159822227, 0.004933355362246274, 0.002604686348125209], [-0.009930940502957447, 0.002604686348125209, 0.0029168928761948675]], [[0.21381506600747313, -0.014649577748281696, -0.043319287615423356], [-0.014649577748281696, 0.0015575255377168916, 0.00248060223587758], [-0.043319287615423356, 0.0024806022358775806, 0.009441293813201582]], [[0.00045942582203688985, -0.000375921796404152, 0.0007306292198705606], [-0.0003759217964041519, 0.006809267726280071, -0.0048752301517978585], [0.0007306292198705606, -0.0048752301517978585, 0.004338410436225868]]]}