{"accuracy_init": 0.4572649598121643, "accuracy_final_MAP": 0.867521345615387, "accuracy_final_mean": 0.867521345615387}