{"MAP index": 954, "entropy_prior_gmm": 0.0008925289686521755, "entropy_MAP_gmm": 0.382131963968277, "entropy_z_nk_prior": 0.5947685701538936, "entropy_MAP_z_nk": 0.606577927288535, "entropy_mixing_prior": 88.99072030499339, "entropy_MAP_mixing": 1.6414255775828375}