{"weights": [0.09029549628774657, 0.20658746327834568, 0.30049916228401574, 0.13698190345286484, 0.09426041721250826, 0.17137555748451888], "means": [[-3.835488553775923, 0.4303276821783026, 0.39569330179055173], [-1.079860440172903, 0.5418485188450025, 0.5444585464144045], [3.9379487432502027, -0.45667679676707995, -0.11073848454461442], [2.6955158820286753, -0.030414762266323944, 0.2062836080746913], [0.5436030041071883, 1.4922861656013318, -0.9924340583712492], [-6.867437053322132, -0.6666596824000647, -0.29442117581578725]], "cov": [[[0.16216843566137684, 0.021715218343779832, 0.02589929675873974], [0.021715218343779832, 0.003938344729657381, 0.0017355327597917262], [0.025899296758739736, 0.001735532759791726, 0.00766935078712053]], [[0.47131993599529154, -0.00023670105285430353, 0.034899615315570454], [-0.00023670105285430353, 0.0014594426059568164, -0.0002649363555838483], [0.034899615315570454, -0.00026493635558384835, 0.004530565269053475]], [[0.04859815853497652, -0.020872886013124613, -0.017534559579808477], [-0.020872886013124613, 0.011051308663421161, 0.0061497198917004735], [-0.017534559579808477, 0.006149719891700472, 0.00785060929845384]], [[0.03538269908011374, -0.010688984832660023, -0.0071681929425343426], [-0.010688984832660023, 0.0036403757178055233, 0.0018555609741580368], [-0.0071681929425343426, 0.0018555609741580368, 0.0022112818115810275]], [[0.24033818656058234, -0.016472294730347236, -0.048686925419970224], [-0.016472294730347236, 0.0017870862160208182, 0.0027488222611434998], [-0.048686925419970224, 0.0027488222611435, 0.010654389189669832]], [[0.0005786251820434051, -0.0005279206919603753, 0.0009723002379228146], [-0.0005279206919603753, 0.009208057166340974, -0.006635936071408352], [0.0009723002379228147, -0.006635936071408353, 0.005848985886168195]]]}