{"accuracy_init": 0.7751677632331848, "accuracy_final_MAP": 0.8791946172714233, "accuracy_final_mean": 1.0}