{"weights": [0.14241441734723773, 0.05987501553332264, 0.28589361218507375, 0.27947842924054367, 0.19599324919561478, 0.036345276498207416], "means": [[3.888274568732009, 0.44400251916435357, -0.34895843876407046, 0.12923353613724897, -0.06326394366761978, -0.08063681533261725, 0.07285823052191433, -0.006884303425621877], [0.9808347802926868, 0.5535054267609656, -0.5245299825171956, 0.005948865418764985, 0.04423935196887135, 0.05439617513470256, -0.015934078426623876, 0.004929300342849266], [-3.936959815988893, -0.4406514541459415, 0.10537539362208524, 0.025254810643727206, 0.04601157224261026, -0.0033870794631561453, 0.018905716567322973, 0.007698973990283244], [-2.7356732263364574, -0.03682875073762056, -0.1933306140781548, -0.09501186579316005, -0.09499640811123049, -0.00588894486031443, -0.016324006744672565, 0.01574331058931532], [-0.7587775452412353, 1.4347148193309212, 1.0597523669490487, -0.012508017376474258, 0.003800079957172583, 0.011467198353635872, -0.0008508393290931163, -0.010054105990435882], [6.84992655379276, -0.660151648455078, 0.281872596468229, -0.03090796799809505, -0.0030362485743144715, 0.0094534510296536, -0.01114132992679424, 7.437622257309891e-06]], "cov": [[[0.14852860915522711, -0.017026224101401654, 0.02698697281638989, -0.007508920870909876, -0.005289312806219348, 0.00041221639447721497, 0.008238814078717847, 0.00048322574361595765], [-0.017026224101401657, 0.003004187120334721, -0.0014098885514701595, -0.0005251722818544379, 0.0014970203322757652, 0.00016330019494071435, -0.0010931131180757412, -0.00026746012949566947], [0.02698697281638989, -0.0014098885514701595, 0.008280416692319121, -0.003903440664864582, 0.0003677125896765024, 0.0006421400469490464, 0.0008484606852840003, -0.00024277123600798006], [-0.007508920870909877, -0.0005251722818544378, -0.003903440664864581, 0.003231843546127127, -0.0014037185356550125, -0.000574502057025744, 0.00012474874445853745, 0.0005098665262733396], [-0.005289312806219348, 0.001497020332275765, 0.0003677125896765026, -0.0014037185356550127, 0.0023941490779203502, 2.2320773259888696e-05, -0.0005785720739531774, -0.0007961565377504433], [0.00041221639447721497, 0.0001633001949407143, 0.0006421400469490462, -0.0005745020570257441, 2.2320773259888635e-05, 0.0008595383258945044, 0.00016827017741254794, -0.0003669811384345746], [0.008238814078717847, -0.0010931131180757412, 0.0008484606852840001, 0.00012474874445853748, -0.0005785720739531774, 0.00016827017741254794, 0.0009765091658164475, 7.400081168061256e-05], [0.00048322574361595765, -0.00026746012949566947, -0.00024277123600798006, 0.0005098665262733398, -0.0007961565377504433, -0.00036698113843457457, 7.400081168061261e-05, 0.000840078841324743]], [[0.26670150940103826, 0.0030433505017633824, 0.024447809926224216, 0.02419087519959315, -0.011058270844978865, 0.01749829968324951, -0.008893974242422317, -0.0021719206376746444], [0.0030433505017633824, 0.0012689915769779933, 0.0008124214527384437, 4.0766656039733946e-05, -0.0013105443242541728, -0.0008708010695596952, -6.136525746280888e-05, 2.198573208561545e-05], [0.024447809926224213, 0.0008124214527384437, 0.004668818533301879, 0.002924516024556346, -0.002390356556163338, 0.0028881655652587272, -0.0014083675686696205, -2.9520228645685188e-05], [0.02419087519959315, 4.076665603973392e-05, 0.002924516024556346, 0.004957253466972645, -0.0027178053681995123, 0.002793466087084481, -0.001195487811065639, -0.0007718305044279881], [-0.011058270844978867, -0.0013105443242541728, -0.0023903565561633386, -0.0027178053681995128, 0.004438180511926108, -0.0008801624860076113, 4.538541816491772e-05, 0.0006377760128433273], [0.017498299683249514, -0.0008708010695596952, 0.0028881655652587272, 0.0027934660870844816, -0.0008801624860076112, 0.005072922104669827, 0.00038207554444566293, -0.0005168974219977898], [-0.008893974242422317, -6.136525746280892e-05, -0.0014083675686696205, -0.001195487811065639, 4.538541816491773e-05, 0.0003820755444456631, 0.0022798227485853525, -3.081398123424725e-05], [-0.0021719206376746444, 2.1985732085615447e-05, -2.952022864568524e-05, -0.0007718305044279884, 0.0006377760128433273, -0.0005168974219977898, -3.081398123424729e-05, 0.0017102950015222588]], [[0.057679775137603036, 0.024042179388874946, -0.020842673362538044, -0.05301378982839885, -0.008447121591159373, -0.0016569703008435617, 0.0008282633819186323, 0.0005490247004851675], [0.024042179388874943, 0.011750000091122502, -0.007494477946858027, -0.02217156927427698, -0.002756740021009829, -0.0011459429370533683, 0.0012644803447772787, 0.00028434703241554085], [-0.020842673362538044, -0.007494477946858029, 0.008968777717164905, 0.02173352483050789, 0.0019228404008492918, 0.0004171498349304218, 1.8172025188070273e-05, 0.00018915273206750026], [-0.053013789828398855, -0.022171569274276985, 0.02173352483050789, 0.06802990781126325, -2.6923645184094487e-05, 0.0018010679192434441, -0.0019113936526793116, 0.001355634070123373], [-0.008447121591159373, -0.002756740021009829, 0.0019228404008492914, -2.6923645184094236e-05, 0.013549034651462757, -0.0003753368103894969, 0.001232938285888284, -0.0012387889053275902], [-0.0016569703008435617, -0.0011459429370533688, 0.00041714983493042174, 0.001801067919243444, -0.0003753368103894969, 0.0019097343404584544, 0.0010176839462430747, -0.00030925716030108996], [0.0008282633819186326, 0.0012644803447772787, 1.8172025188070408e-05, -0.0019113936526793116, 0.001232938285888284, 0.0010176839462430747, 0.0019692066691232813, 0.0001287779459270425], [0.0005490247004851677, 0.00028434703241554074, 0.00018915273206750028, 0.001355634070123373, -0.0012387889053275902, -0.00030925716030109007, 0.0001287779459270426, 0.0032757825283893146]], [[0.02790741136809918, 0.008794481270131368, -0.005547855375139979, 0.003689596190903119, -0.0022779583254904164, -0.0016502123536830434, -0.001006631971144615, -0.0023778412433384036], [0.008794481270131368, 0.003132078743783703, -0.0013966348961312234, 0.0009066130935457251, -0.0011519560923737191, -0.0001241909055223902, 0.00023246146520709043, -0.00026504440024655387], [-0.00554785537513998, -0.0013966348961312236, 0.0021946111647224626, -0.0015352763838270861, 0.00048332622310739076, 0.000883745251489864, 0.00021894813527378312, 0.0018392430811523246], [0.003689596190903119, 0.0009066130935457251, -0.001535276383827086, 0.0017888156599389852, -0.0009370376245479152, -0.000614063393474013, -0.00029215914468984074, -0.002395717620785434], [-0.0022779583254904164, -0.0011519560923737191, 0.00048332622310739065, -0.0009370376245479152, 0.0025078301860082387, -0.0009099550984802381, -0.001495631003755449, 0.0013389937735660022], [-0.0016502123536830436, -0.0001241909055223902, 0.0008837452514898641, -0.000614063393474013, -0.0009099550984802381, 0.0016067814519884142, 0.0015982881979212471, 0.0006969415691178098], [-0.001006631971144615, 0.00023246146520709032, 0.00021894813527378312, -0.00029215914468984074, -0.001495631003755449, 0.001598288197921247, 0.0024462533276061282, 0.0006526540274629279], [-0.002377841243338404, -0.00026504440024655403, 0.0018392430811523246, -0.0023957176207854342, 0.0013389937735660024, 0.0006969415691178099, 0.0006526540274629279, 0.005796169345820573]], [[0.3218625901114668, 0.021306826796794354, -0.061701104773514315, 0.016639610803855353, 0.03228426311542073, -0.014039301902631683, 0.0009983257312632236, -0.005668804033697604], [0.021306826796794354, 0.0020063198151615913, -0.0032212758860501465, 0.0013915082124946487, 0.002021162999520146, 9.952783179573849e-05, 0.0005538427734235069, -0.001999182456669697], [-0.061701104773514315, -0.0032212758860501465, 0.013261326571469773, -0.0027290167379582443, -0.00647620235175767, 0.003794015045360664, 0.00020979207944838828, -0.001050305222426068], [0.01663961080385535, 0.0013915082124946487, -0.002729016737958244, 0.0020127181706407803, 0.0005616416747097695, -1.4368210813676471e-06, 0.00034684234404600776, -0.0020448840694886304], [0.03228426311542073, 