,X,Y,Z,id,nugget
0,100.0,0.0,-825.0,54940331,1e-05
1,300.0,0.0,-787.9442562816122,54940331,1e-05
2,900.0,0.0,-825.0,54940331,1e-05
3,100.0,0.0,-844.9999999999999,29518514,1e-05
4,300.0,0.0,-803.7334862578806,29518514,1e-05
5,900.0,0.0,-844.9999999999999,29518514,1e-05
