{"weights": [0.2456312331354284, 0.16861420591419246, 0.5857545609503791], "means": [[1.8386104535852823, 3.5734254437549446, -0.09538583079690056, -0.0041297839309731915, 0.04451476616134502, 0.010880779438363606, 0.05834530885437829, 0.027791081272507772], [4.0275306301882585, -2.7309398497556243, -0.06025026315110391, 0.13399962653761413, -0.07571389804281356, -0.057215351952335104, 0.018936085443500582, -0.009962467613114308], [-2.1111073161376943, -0.5184380178752772, 0.03714867625099004, -0.03030845762550566, 0.00504620206578412, -0.004509575949739959, -0.008026253421587503, -0.0066379835101652435]], "cov": [[[0.14372509987724383, -0.11072774693806717, 0.38872632627181103, 0.09663538098260185, 0.15422694038653192, 0.017088939459673914, 0.02586347200340918, 0.05214189011134923], [-0.11072774693806718, 0.20456248358913265, 0.14783019088294228, -0.09172024911618488, -0.19518764095092642, -0.022516488683191935, -0.021798545706623627, -0.046519279905092956], [0.38872632627181103, 0.14783019088294228, 4.497937924018869, 0.27153164809960073, -0.10095046352776293, 0.0006461626539602491, -0.018839804919645285, 0.00643746214457152], [0.09663538098260184, -0.09172024911618488, 0.2715316480996008, 0.13839963266650543, 0.05843282271555138, -0.00048544805871324345, -0.04756972009278278, 0.04191178002558808], [0.15422694038653192, -0.19518764095092642, -0.10095046352776293, 0.05843282271555138, 0.33071296143259943, 0.07916819580443757, 0.13938601094944353, 0.04093697060171138], [0.017088939459673914, -0.022516488683191935, 0.0006461626539602488, -0.0004854480587132451, 0.07916819580443757, 0.051646545476157296, 0.08015219417091463, -0.024706569055406514], [0.02586347200340917, -0.02179854570662363, -0.018839804919645285, -0.04756972009278277, 0.13938601094944353, 0.08015219417091463, 0.21483850529189177, -0.03744786471842033], [0.05214189011134923, -0.04651927990509296, 0.00643746214457152, 0.04191178002558808, 0.04093697060171138, -0.024706569055406514, -0.037447864718420334, 0.050384041474158946]], [[0.4864661466690611, 0.12522209591962621, -0.004322519812764534, -0.2733885993583853, -0.12822184651298563, 0.057722568867120114, -0.04992890748937959, -0.1423332380626356], [0.1252220959196262, 0.17995437034852366, 0.009709556002020473, 0.13032058225271761, 0.3022702240644014, -0.01642429824438706, -0.07065349202014617, -0.0681056546198083], [-0.004322519812764538, 0.00970955600202047, 0.010892728275395114, -0.04983865729362208, 0.023433344281323275, 0.04369709210319439, -0.015151229629966874, 0.013318800017804102], [-0.2733885993583853, 0.13032058225271761, -0.049838657293622086, 1.1354554056211161, 0.5343674551231037, -0.4372017125479395, 0.0603303559901457, -0.13564619282597387], [-0.12822184651298565, 0.3022702240644014, 0.023433344281323275, 0.5343674551231038, 0.9430690268900366, -0.05147297091705241, -0.17600143557048348, -0.002207996992368117], [0.057722568867120114, -0.01642429824438706, 0.0436970921031944, -0.4372017125479395, -0.05147297091705236, 0.3366671073629077, -0.09504269277616453, 0.07668126182220139], [-0.04992890748937959, -0.07065349202014617, -0.015151229629966874, 0.0603303559901457, -0.17600143557048348, -0.09504269277616453, 0.08827583977427104, 0.017712611090713773], [-0.1423332380626356, -0.0681056546198083, 0.013318800017804099, -0.13564619282597384, -0.002207996992368114, 0.07668126182220138, 0.01771261109071377, 0.24225128083046796]], [[0.025392586379920888, -0.009781269194656128, 0.008343267935844008, -0.08457112815252393, 0.02566798830193298, -0.02496281243379298, -0.012722235173490961, 0.0062164882897618404], [-0.009781269194656128, 0.037322217181964185, -0.017047579609074007, 0.05665264953558743, -0.0438277215969304, 0.000715389528636307, -0.019714764319380153, -0.003026192023059161], [0.008343267935844008, -0.01704757960907401, 0.021541682971452418, -0.10267460230938824, 0.035220063983467775, -0.014442271224918255, 0.014784005455841272, -0.006702006519377763], [-0.08457112815252393, 0.05665264953558744, -0.10267460230938824, 0.6680812355114735, -0.1817764807935236, 0.13992789660614227, -0.00308082248843521, 0.026409037284833865], [0.025667988301932978, -0.0438277215969304, 0.03522006398346778, -0.1817764807935236, 0.08523666420065902, -0.018392034292013717, 0.007045281910493238, -0.014734143972025568], [-0.024962812433792978, 0.0007153895286363073, -0.014442271224918252, 0.13992789660614224, -0.01839203429201371, 0.05533129203596094, 0.0020071196207005625, -0.014814194056055895], [-0.012722235173490961, -0.01971476431938015, 0.014784005455841272, -0.00308082248843521, 0.007045281910493234, 0.0020071196207005577, 0.05284057457075339, 0.00858473512047809], [0.0062164882897618404, -0.0030261920230591614, -0.006702006519377764, 0.026409037284833865, -0.014734143972025568, -0.014814194056055895, 0.008584735120478089, 0.02565875905472587]]]}