,X,Y,Z,id,nugget
0,100.0,0.0,-825.0,35032609,1e-05
1,300.0,0.0,-833.7996687948588,35032609,1e-05
2,900.0,0.0,-825.0,35032609,1e-05
3,100.0,0.0,-844.9999999999999,56040843,1e-05
4,300.0,0.0,-836.5886959178421,56040843,1e-05
5,900.0,0.0,-844.9999999999999,56040843,1e-05
