{"weights": [0.5775261711454572, 0.18497270898311033, 0.23750111987143235], "means": [[-2.1024378094555836, -0.5258236197789691, 0.03968226094770339, -0.05164668387270093, 0.017400134226820147, -0.00596572711061434, -0.015890779339067268, -0.007738893300646873], [4.051594586423401, -2.7092568606251666, -0.05203716225584454, 0.04146916156893913, -0.022282044285674832, 0.011450881195253884, -0.008272009140970028, -0.023758966775742123], [1.8046942901745913, 3.646295942963236, -0.04962599767341255, -0.03525676416870976, -0.022725700765623497, -0.017161271918991552, 0.03325598017861857, 0.03518396036788275]], "cov": [[[0.02729368290789583, -0.009430956135473222, 0.010063663110345521, -0.09899050818147441, 0.028057971355113436, -0.028698274918692163, -0.013777246766890997, 0.005633507153915603], [-0.009430956135473222, 0.04311246266890508, -0.0208564523648192, 0.06593742837953846, -0.051356863226791116, -0.0009426511910789378, -0.02523705045368462, -0.0014570809144629597], [0.010063663110345521, -0.020856452364819197, 0.024962955379253648, -0.11872479094812208, 0.041965605535555096, -0.016343315554804453, 0.016995219915918437, -0.007578530285105005], [-0.09899050818147441, 0.06593742837953846, -0.11872479094812208, 0.7747220613471565, -0.21113500678542124, 0.16291910177141727, -0.002692601691988662, 0.029927601313126672], [0.028057971355113436, -0.051356863226791116, 0.0419656055355551, -0.21113500678542124, 0.09789873933104229, -0.021228750414474588, 0.01243429919465449, -0.016671524630076155], [-0.028698274918692163, -0.0009426511910789389, -0.01634331555480445, 0.1629191017714173, -0.021228750414474584, 0.06239213288278011, 0.00583928480592214, -0.014353878146397393], [-0.013777246766890997, -0.02523705045368462, 0.01699521991591844, -0.0026926016919886627, 0.01243429919465449, 0.005839284805922137, 0.05772213230015933, 0.00761192023800718], [0.005633507153915603, -0.0014570809144629597, -0.007578530285105004, 0.02992760131312667, -0.01667152463007615, -0.014353878146397393, 0.00761192023800718, 0.025403034684309385]], [[0.5096691617389791, 0.14704423752887183, -0.0071071022906233116, -0.21851961994302976, -0.10005306598562082, 0.03714771177338342, -0.0539118321510485, -0.17854227356853675], [0.14704423752887186, 0.17678845084493966, 0.009925870736204299, 0.09440922744418485, 0.27457464163371387, -0.0035180421239503043, -0.07334778636893542, -0.07575815267300476], [-0.0071071022906233116, 0.009925870736204299, 0.01142540351999648, -0.04670429739233094, 0.028666484661327644, 0.04271736630738674, -0.015376020358326224, 0.016207636105336817], [-0.21851961994302976, 0.09440922744418481, -0.04670429739233094, 0.9643128541931094, 0.39393902750249066, -0.38286152943345747, 0.06789467446860147, -0.121066417369935], [-0.10005306598562083, 0.2745746416337138, 0.028666484661327644, 0.39393902750249077, 0.8517357069402121, 0.003172338525206669, -0.17656641334474832, 0.013363031767404387], [0.03714771177338341, -0.003518042123950304, 0.04271736630738674, -0.38286152943345747, 0.003172338525206672, 0.3166622475360688, -0.094882978119986, 0.09417806961933568], [-0.0539118321510485, -0.07334778636893542, -0.015376020358326224, 0.06789467446860145, -0.17656641334474832, -0.094882978119986, 0.08884818721503004, 0.011067503685465998], [-0.17854227356853675, -0.07575815267300474, 0.016207636105336817, -0.121066417369935, 0.013363031767404384, 0.09417806961933568, 0.011067503685465996, 0.23891261652752102]], [[0.14343735060267568, -0.0957276300615713, 0.503878141150899, 0.09550538287306123, 0.1371809504231375, 0.015238091897262974, 0.022851633351150976, 0.04770837346344258], [-0.09572763006157131, 0.18582900331951313, 0.1881430312193803, -0.08098811015435908, -0.1779028286167866, -0.02122023508199486, -0.021940970205291267, -0.041813033473901945], [0.5038781411508991, 0.1881430312193803, 5.798781726873979, 0.3539290185079217, -0.12839099668107695, 0.0001991202546080925, -0.026436097487996937, 0.010412986535200125], [0.09550538287306123, -0.08098811015435908, 0.3539290185079217, 0.1328559903906204, 0.04984660155345475, 0.0014246457238605754, -0.04181750712949693, 0.03556200934023525], [0.1371809504231375, -0.17790282861678658, -0.12839099668107695, 0.04984660155345474, 0.3012738782649506, 0.07107583064069012, 0.12563824634140094, 0.037994130153480625], [0.015238091897262978, -0.021220235081994852, 0.00019912025460809237, 0.0014246457238605737, 0.07107583064069012, 0.047226622522923575, 0.07202404566207625, -0.023021108899069814], [0.022851633351150973, -0.021940970205291246, -0.026436097487996937, -0.04181750712949695, 0.12563824634140092, 0.07202404566207625, 0.1924690800050401, -0.033681526150482366], [0.04770837346344258, -0.041813033473901945, 0.010412986535200125, 0.03556200934023525, 0.037994130153480625, -0.023021108899069817, -0.03368152615048236, 0.04602373344152052]]]}