{"weights": [0.10455317990732961, 0.08862984823467783, 0.33793044255525706, 0.20577342420953063, 0.10755441438951181, 0.15555869070369302], "means": [[3.8466843972719515, 0.4252095916908547, -0.3992213462428618, 0.1507370863932849, -0.039693707329127075, 0.016855791593424853, 0.10675763430341047, 0.005565673316125937], [-0.7025795274618243, 1.4789198059352733, 1.0190063366722002, -0.008288739279202213, -0.0003056698953258912, 0.004638296900523856, -0.0072812310751282335, -0.0009758178289829818], [-3.898618873880658, -0.43826686591576647, 0.1007658943066541, 0.02716158830980716, 0.023104625548867132, -0.0024191144179467527, 0.009275551201240476, 0.0038063898738892213], [1.1353778766505243, 0.5372771049132838, -0.5437529867566888, 0.006241817662082461, 0.050268186178937795, -0.012228092949042096, -0.04564739613369541, 0.004299164282357535], [-2.6651986073865324, -0.02310852879358396, -0.21004615394962833, -0.0979554906131749, -0.10125479440407904, 0.013013664742916925, -0.009706662716043481, -0.018237724507820997], [6.869559070010161, -0.6518118192539241, 0.3037272650809836, -0.040881242509847565, -0.0017744631580292936, -0.00045881287168344305, -0.014014887173884804, -0.0009069872145815881]], "cov": [[[0.2691328089237758, -0.03594895511883857, 0.04313072279776271, -0.00725126499377875, -0.010855866839603831, -0.0007842517924307363, 0.009400961775712964, 0.005751287070908767], [-0.03594895511883857, 0.00598785979694502, -0.0038920351345575217, -0.0005774659304351265, 0.0017877634940305553, -0.00011514683045588621, -0.0015505681420550032, -0.0007462195449317671], [0.043130722797762706, -0.003892035134557521, 0.01082479839275802, -0.004459907728503062, -0.0011391957784626188, -0.00031594371285875614, 0.00030408101925242864, 0.001322529835659249], [-0.007251264993778749, -0.0005774659304351265, -0.0044599077285030625, 0.0037452169531965534, -0.0010743801996216508, 0.00021950528402187326, 0.0009103573277357609, -0.00027534278656459415], [-0.010855866839603831, 0.0017877634940305553, -0.001139195778462619, -0.0010743801996216508, 0.0025420287440776988, 0.0003269764688894012, -0.0006168029526198093, -0.0005950783167707771], [-0.0007842517924307362, -0.00011514683045588623, -0.00031594371285875614, 0.00021950528402187323, 0.00032697646888940135, 0.001763041064205716, -0.00011744744050053284, 1.8805133626107728e-05], [0.009400961775712962, -0.0015505681420550032, 0.0003040810192524287, 0.0009103573277357609, -0.0006168029526198093, -0.00011744744050053284, 0.0010182892962137355, -6.616327094239475e-05], [0.005751287070908767, -0.0007462195449317671, 0.0013225298356592493, -0.0002753427865645942, -0.0005950783167707772, 1.8805133626107843e-05, -6.616327094239472e-05, 0.0009603737625870884]], [[0.2910332157156119, 0.01995166462841501, -0.05895246494986904, 0.008402652972824574, 0.04324191351833312, 0.0043877083721361124, 0.013273317703115099, -0.012432379747315361], [0.019951664628415005, 0.002207122776257881, -0.0032703914293172954, 0.00035914289281125365, 0.0032538208681583726, 0.0001967799202310119, 0.0011435427109529237, -0.0012097872410596646], [-0.05895246494986904, -0.0032703914293172954, 0.012951258965885873, -0.001720970014847589, -0.008752741342446132, -0.000617879550807623, -0.0026190106921336366, 0.002312344923822204], [0.008402652972824576, 0.00035914289281125365, -0.0017209700148475887, 0.0010367902368818903, 0.0002821064051405397, 4.261479220228351e-05, 0.0002778555076739013, -0.000289165784739905], [0.04324191351833311, 0.0032538208681583726, -0.008752741342446132, 0.0002821064051405396, 0.008887112763642705, 0.0016062864522336782, 0.0020287048225477566, -0.003425211272667431], [0.0043877083721361124, 0.00019677992023101187, -0.0006178795508076229, 4.261479220228345e-05, 0.0016062864522336782, 0.004921937491755854, -0.0006167361205491601, 0.00034183823459521165], [0.013273317703115099, 0.001143542710952924, -0.002619010692133637, 0.0002778555076739013, 0.0020287048225477566, -0.0006167361205491601, 0.0008603235204260879, -0.0009258710744370897], [-0.01243237974731536, -0.0012097872410596646, 0.002312344923822204, -0.000289165784739905, -0.003425211272667431, 0.0003418382345952116, -0.0009258710744370897, 0.003729545955146663]], [[0.049616449852394995, 0.0212482586639025, -0.01779969030841825, -0.04472737236510601, -0.010056033579909796, 0.0017678755439718343, 0.0011809787796382876, -0.00031534432552175935], [0.0212482586639025, 0.011464531656916433, -0.006167760556798832, -0.020878020810795636, -0.003009475138351483, 0.0005126552122497684, 0.0017471841542933326, 0.0004451745114860368], [-0.017799690308418246, -0.006167760556798832, 0.008106163653399702, 0.01855373402855647, 0.0024274274982474964, -0.0004479510412725674, -0.00017792988262043627, 0.0004131369977529184], [-0.044727372365106, -0.020878020810795636, 0.01855373402855647, 0.06538498135430372, -0.0022212567005261493, 6.316449459934471e-05, -0.003962210535467896, 0.00035179232691783365], [-0.010056033579909794, -0.003009475138351483, 0.0024274274982474964, -0.0022212567005261484, 0.016535735297552364, -0.0004118671196923213, 0.0020445569423652313, -0.0008708531265396424], [0.0017678755439718336, 0.0005126552122497685, -0.00044795104127256705, 6.316449459934468e-05, -0.0004118671196923213, 0.005030293918210854, -0.0007021062062813068, -0.00012378551317350478], [0.0011809787796382872, 0.0017471841542933326, -0.00017792988262043617, -0.003962210535467896, 0.0020445569423652317, -0.0007021062062813068, 0.0011882928928944254, -7.870563666169835e-05], [-0.00031534432552175935, 0.00044517451148603685, 0.0004131369977529184, 0.00035179232691783365, -0.0008708531265396424, -0.00012378551317350492, -7.870563666169836e-05, 0.0038115425267820162]], [[0.45090188751684634, 0.0002464184544384678, 0.03346010859083883, 0.03769782063452604, -0.005674603177665052, -0.0053719921354827916, -0.02265378773661902, -0.011964445425094547], [0.0002464184544384678, 0.0013448176321529618, 0.0004196028000392414, 0.00023478484010839486, -0.001514891589757813, 0.0002686498250365787, 0.0007128296592683489, 0.0001611240430932892], [0.03346010859083883, 0.00041960280003924144, 0.004627983913073861, 0.0028815530430665193, -0.001447212369365752, -0.0010837361641130804, -0.0028580665622253876, -0.0006766346956477545], [0.03769782063452604, 0.0002347848401083949, 0.0028815530430665193, 0.005826584451426521, -0.0020189381007020514, -0.0012185259228589785, -0.0017776898733010955, -0.0017998894471652222], [-0.005674603177665052, -0.001514891589757813, -0.0014472123693657518, -0.0020189381007020514, 0.0036134720722395203, 0.000589174958695769, -0.00027513006999951194, 0.0001565727604839321], [-0.0053719921354827916, 0.0002686498250365786, -0.0010837361641130804, -0.0012185259228589787, 0.0005891749586957691, 0.0033196852932755663, 0.0006838692093363814, 0.0001826955548441704], [-0.02265378773661902, 0.0007128296592683489, -0.002858066562225387, -0.0017776898733010958, -0.00027513006999951194, 0.0006838692093363815, 0.002820572745856421, 0.00041611698702601123], [-0.011964445425094547, 0.00016112404309328915, -0.0006766346956477545, -0.0017998894471652222, 0.0001565727604839321, 0.00018269555484417047, 0.0004161169870260111, 0.0021501793007355744]], [[0.030033571200500535, 0.009079845451294229, -0.006052782770942464, 0.0032171082341849047, -0.0015887042388105428, 0.0028517834122757236, -0.00019827864629649088, -0.00017997033035458478], [0.009079845451294229, 0.0032573220532073365, -0.0013748093387993363, 0.0006224838340706049, -0.0008798683877111842, 0.0005241636746419728, 0.00015654370131874332, -0.00018562841680871273], [-0.006052782770942464, -0.0013748093387993363, 0.0022537769066065397, -0.001044049968658437, 0.00011547237188847972, -0.0005502777923438525, -0.0003373320686578782, -0.00010148896856591093], [0.0032171082341849047, 0.0006224838340706049, -0.001044049968658437, 0.0018873133240261408, -0.0010289645154751114, 0.0004478927297863159, 5.728948394928655e-05, -0.0005797651256456206], [-0.001588704238810543, 