{"MAP index": 561, "entropy_prior_gmm": 4.6051701859880925e-09, "entropy_MAP_gmm": 4.605170023097571e-09, "entropy_z_nk_prior": 0.1640692857903121, "entropy_MAP_z_nk": 0.13328439256028404, "entropy_mixing_prior": 85.69175851611257, "entropy_MAP_mixing": 1.0377401389643357}