{"weights": [0.4755426434895189, 0.3300395599718601, 0.19441779653862112], "means": [[2.1148372748072832, -0.523430342049088, 0.04032083973416717, 0.036073708388736116, 0.009624190376636053, 0.006895770176171972, 0.0008548414630042591, 0.005524011603513415], [-1.8157427362250393, 3.619800705919017, -0.0750209933838738, -0.0035504992238018407, -0.018835524866361714, 0.007944079909635318, -0.002757517644579122, -0.031473896134424986], [-4.037359754642937, -2.713369319310517, -0.04691883995165432, -0.06255272449893606, -0.052240693213422264, 0.012228379652070959, -0.0031017261835221987, -0.028827320545282965]], "cov": [[[0.022590125253632593, 0.008195144791830358, -0.007710459442582324, -0.07409003639956034, -0.022022753257432904, -0.02117098166803423, -0.010353686675284367, 0.0051163362803257435], [0.008195144791830358, 0.03179364629208956, -0.014687185678299837, -0.0497551689095291, -0.037803071369616977, -0.000992176365657126, 0.01662449777933365, 0.002302612817744327], [-0.007710459442582325, -0.014687185678299837, 0.018782690219274752, 0.08978282122916242, 0.03067803347445932, 0.012577540530123357, -0.012455103083517157, 0.005897775981379719], [-0.07409003639956033, -0.0497551689095291, 0.08978282122916242, 0.5839642924304742, 0.15917364264027117, 0.12226153646926868, -0.002753718035955768, 0.023009527358299326], [-0.0220227532574329, -0.037803071369616977, 0.030678033474459313, 0.15917364264027117, 0.07317962451212712, 0.017420565416382813, -0.007016157277142185, 0.011872394004023498], [-0.021170981668034234, -0.0009921763656571274, 0.012577540530123355, 0.1222615364692687, 0.01742056541638282, 0.04690678977977564, 0.0032319513291585444, -0.01129468462285779], [-0.010353686675284367, 0.01662449777933365, -0.012455103083517157, -0.002753718035955768, -0.007016157277142185, 0.0032319513291585436, 0.042885604982650226, 0.005725939264266949], [0.0051163362803257435, 0.0023026128177443266, 0.005897775981379719, 0.023009527358299326, 0.011872394004023502, -0.01129468462285779, 0.005725939264266949, 0.020397061120463706]], [[0.13267444104568332, 0.08036096101520061, -0.5165615444374962, 0.09381922452357097, -0.11307679655866937, 0.01018081142378869, 0.011745250938333365, 0.04476260288355128], [0.08036096101520064, 0.16939503736192008, 0.19193172054278806, 0.07141066869356076, -0.14969539268292095, 0.012583028880373005, 0.003451466346412767, 0.038744872943962234], [-0.5165615444374962, 0.19193172054278806, 5.941200576049241, -0.3625949916351293, -0.13045048352276573, -0.0007267570931479278, 0.026174950255723493, -0.010384880506197102], [0.09381922452357097, 0.07141066869356075, -0.3625949916351293, 0.13052931239045026, -0.037725288065184874, -0.007060617499608764, -0.05529724737561922, 0.040969655096299656], [-0.11307679655866937, -0.14969539268292095, -0.13045048352276573, -0.037725288065184874, 0.258292666121916, -0.06356712800229886, -0.11400118800247822, -0.029152094037682274], [0.010180811423788691, 0.012583028880373005, -0.0007267570931479276, -0.007060617499608764, -0.06356712800229884, 0.04457893121337802, 0.07341373573501875, -0.023833419907516487], [0.011745250938333375, 0.003451466346412779, 0.0261749502557235, -0.0552972473756192, -0.11400118800247822, 0.07341373573501875, 0.1978820701710813, -0.04015054482044579], [0.04476260288355128, 0.038744872943962234, -0.010384880506197102, 0.040969655096299656, -0.029152094037682274, -0.023833419907516487, -0.04015054482044579, 0.044814763224232466]], [[0.4954018016102182, -0.14184467963007896, 0.005007629238671249, -0.23947138742401056, 0.09590419872856254, 0.04875855386786261, -0.056500263152010004, -0.16008457124073933], [-0.141844679630079, 0.1808575317541929, 0.011497130822624886, -0.09753831296694582, 0.2907387495667676, 0.0009431355849090837, 0.07530807218615221, 0.07059462356745243], [0.005007629238671242, 0.011497130822624886, 0.010924311198370885, 0.0482657556051932, 0.02876645029539168, -0.04388504188825337, 0.0161717855092698, -0.014616639602591394], [-0.23947138742401056, -0.09753831296694583, 0.0482657556051932, 1.0095500538585491, -0.4201338640378123, -0.4010181641476721, 0.06996305750267119, -0.12444232162290107], [0.09590419872856253, 0.29073874956676765, 0.028766450295391675, -0.4201338640378124, 0.889019754801921, 0.0019744263965705586, 0.18418869012551464, -0.008744544409106027], [0.04875855386786263, 0.000943135584909102, -0.04388504188825338, -0.4010181641476721, 0.0019744263965705416, 0.32554385604375846, -0.10009476187297427, 0.08358150545758972], [-0.056500263152010004, 0.0753080721861522, 0.0161717855092698, 0.06996305750267119, 0.18418869012551464, -0.10009476187297427, 0.09167386575604435, 0.014019341975222362], [-0.1600845712407393, 0.07059462356745243, -0.014616639602591394, -0.12444232162290107, -0.008744544409106032, 0.0835815054575897, 0.014019341975222364, 0.23769742473503994]]]}