{"weights": [0.1225912525573881, 0.04859098538090362, 0.3275927430319551, 0.2600509143438205, 0.13489241572909677, 0.10628168895683593], "means": [[-3.810780967070648, 0.43137235942766894, 0.4027965629988093], [-1.1025165907667833, 0.5385607716785499, 0.5440605146473569], [3.9124690961427744, -0.4421423151002071, -0.10389446017256883], [2.692686128580834, -0.030526593864786903, 0.2036434161004157], [0.6535987719449804, 1.483361173240606, -1.0089059111298868], [-6.870287491160195, -0.6478587944710297, -0.3069494367046151]], "cov": [[[182.88892014976238, 24.470038907057972, 29.220664636213083], [24.470038907057972, 4.436377424762861, 2.0867906463863015], [29.220664636213083, 2.0867906463863006, 8.466758396686071]], [[485.63330582985054, -0.23658615960515694, 35.956383568671775], [-0.23658615960515686, 1.3637503549499412, -0.43265902905857717], [35.956383568671775, -0.43265902905857717, 4.837231367913152]], [[44.982169124900935, -19.29009061940097, -16.182349770622697], [-19.290090619400967, 10.189179160790932, 5.7851643315106145], [-16.182349770622697, 5.7851643315106145, 7.253968202433964]], [[48.79271880187822, -14.756114265671611, -9.895244038737317], [-14.756114265671611, 4.965538161208226, 2.570634429772809], [-9.895244038737317, 2.570634429772809, 2.9822716259964106]], [[326.25097095304665, -22.360870502347407, -66.09696490183624], [-22.360870502347407, 2.3943215912628495, 3.7410603076258697], [-66.09696490183624, 3.74106030762587, 14.430917586227014]], [[0.5592112437826465, -0.4849935730760717, 0.9399597220271048], [-0.48499357307607166, 8.73719176238936, -6.279342845347968], [0.9399597220271048, -6.279342845347969, 5.554908991232475]]]}