{"MAP index": 85, "entropy_prior_gmm": 1.1512925464970228e-08, "entropy_MAP_gmm": 0.00011080691911047325, "entropy_z_nk_prior": 0.0012788791422551772, "entropy_MAP_z_nk": 0.016601631506087795, "entropy_mixing_prior": 88.99072030499339, "entropy_MAP_mixing": 1.612184004317446}