{"weights": [0.04264667248338681, 0.13138352688912067, 0.31122505914092435, 0.2798400707801799, 0.15433441937362855, 0.08057025133275968], "means": [[3.7004143044818467, 0.4404105302963124, -0.42719641487439336, 0.14883759305805763, -0.02110297562581652, 0.009540865656913665, 0.09824310638082336, -0.0027996594193236573], [-0.5882889509026707, 1.4843105793464546, 0.99341775546312, -0.008336473344912701, 0.015482932664018052, -0.0020266132431034697, -0.0017261545047448704, -0.00034375825766490026], [-3.902620455261466, -0.4383864070706951, 0.10350473412844355, 0.042282528975483034, 0.016070688236820733, -0.008358465518346217, 0.008801271674268652, 0.012397357629637906], [0.9960132346975734, 0.5355955707722573, -0.5516539539963846, -0.011415993031510172, 0.06208828065170336, -0.009174354732148652, -0.03713406467937929, -0.0011893499557758605], [-2.7433008582245018, -0.045567799554096844, -0.19100459945730608, -0.10409493257219571, -0.10018451944051335, 0.003352335262036185, -0.008417151359364668, -0.019604069722730457], [6.864646466599279, -0.6348917181391166, 0.3140283858023473, -0.04893462115898887, -0.0009918033139974703, -0.005253293488700093, -0.008826617023964018, 0.003550520282616614]], "cov": [[[0.3011520631822856, -0.04011159783208287, 0.04852172973662033, -0.008352161465170684, -0.0120894280866811, -0.0008818048544629947, 0.010426812720896458, 0.006462439144986402], [-0.04011159783208287, 0.005976693640510831, -0.0056323615592147195, 0.000537299224292373, 0.0015987157899905226, -3.9340884354931556e-05, -0.001404553831412129, -0.0009138195790956474], [0.04852172973662032, -0.0056323615592147195, 0.009565872726375383, -0.0026042925381285957, -0.002016952657673893, -0.0002664908478863899, 0.0011729289797517328, 0.0012887776768364335], [-0.008352161465170684, 0.000537299224292373, -0.0026042925381285953, 0.0017586628212405558, -0.0003557669649925745, 9.234620945120852e-05, 0.00019533529449269088, -0.00019788796840948877], [-0.0120894280866811, 0.0015987157899905228, -0.002016952657673893, -0.00035576696499257444, 0.0022581414908584238, 0.00043930005303703705, -0.00046602564705382633, -0.00065891120886218], [-0.0008818048544629947, -3.9340884354931556e-05, -0.00026649084788638993, 9.234620945120852e-05, 0.0004393000530370371, 0.0015081764968310257, -0.00011477044315676611, -4.03116952572806e-05], [0.010426812720896458, -0.001404553831412129, 0.0011729289797517328, 0.00019533529449269088, -0.00046602564705382633, -0.00011477044315676617, 0.0007672025300044234, -1.3676317139240968e-06], [0.006462439144986402, -0.0009138195790956476, 0.0012887776768364335, -0.0001978879684094888, -0.0006589112088621799, -4.0311695257280554e-05, -1.367631713924059e-06, 0.0008365619742329543]], [[0.232649097815921, 0.01594139177714386, -0.04711220157823134, 0.006767506147083861, 0.0343864362916538, 0.003395197667369169, 0.010612693339120622, -0.00979422134431521], [0.01594139177714386, 0.0019626797083359634, -0.0024369847897829783, 0.00023475629982861688, 0.0027281008467935157, 0.00011726762524357291, 0.0009753501114506538, -0.001147534541150466], [-0.04711220157823134, -0.0024369847897829783, 0.010578653709521265, -0.0014154906005907466, -0.00686740070532125, -0.00025526760656214377, -0.0020953803895861814, 0.0017241994118282365], [0.006767506147083861, 0.00023475629982861685, -0.0014154906005907463, 0.0010249641167975017, -0.00011762328760393228, -0.00020304644645329094, 0.00022653445041130403, -7.839833168134816e-05], [0.0343864362916538, 0.0027281008467935157, -0.006867400705321249, -0.00011762328760393226, 0.008169289008867365, 0.0023060185574260306, 0.0015410620218650466, -0.0034381029435391654], [0.003395197667369169, 0.0001172676252435729, -0.00025526760656214377, -0.00020304644645329092, 0.0023060185574260306, 0.0076876710240908405, -0.0011095326834076656, 0.0005738796971264756], [0.010612693339120625, 0.0009753501114506538, -0.0020953803895861814, 0.00022653445041130403, 0.0015410620218650466, -0.0011095326834076654, 0.0008184941295056457, -0.0009021256426522719], [-0.00979422134431521, -0.001147534541150466, 0.0017241994118282365, -7.839833168134808e-05, -0.0034381029435391654, 0.0005738796971264757, -0.000902125642652272, 0.00416400973507333]], [[0.0434777368086748, 0.018584668808006397, -0.015511499783067803, -0.03837556734383835, -0.00897788905906512, 0.0015789417967958228, 0.0009580249325284574, -0.0002599160380709092], [0.018584668808006397, 0.010331815160177763, -0.005118390171751894, -0.01792537967443774, -0.002605209285726921, 0.0003574634152571647, 0.0016685948823061218, 0.00046204051098758904], [-0.015511499783067803, -0.005118390171751894, 0.007264733594276964, 0.01606715146994232, 0.002159778703317597, -0.0004547168205474863, -5.5514025368908686e-05, 0.0003837511690974623], [-0.03837556734383836, -0.01792537967443774, 0.01606715146994232, 0.05725888589775105, -0.0022423756320347865, 8.762911900785556e-05, -0.0034794231662925363, 0.00033701454343042225], [-0.008977889059065122, -0.0026052092857269215, 0.0021597787033175975, -0.0022423756320347865, 0.015451144168403501, -0.00037682912704997993, 0.0019284377944706083, -0.0007768386220399252], [0.0015789417967958228, 0.0003574634152571646, -0.0004547168205474864, 8.762911900785556e-05, -0.00037682912704997993, 0.004979620717071951, -0.0007230973957981322, -0.00020548339742617583], [0.0009580249325284574, 0.001668594882306122, -5.551402536890881e-05, -0.0034794231662925363, 0.0019284377944706083, -0.0007230973957981322, 0.0011631352137962167, -5.9187725276555096e-05], [-0.0002599160380709091, 0.0004620405109875889, 0.00038375116909746215, 0.0003370145434304223, -0.000776838622039925, -0.00020548339742617588, -5.918772527655511e-05, 0.003756264522933889]], [[0.5153861309796265, 0.00028392430758915615, 0.03824547985180546, 0.043076648716729324, -0.00648350683702876, -0.006172188328226557, -0.025887736243882225, -0.013662544671844168], [0.00028392430758915615, 0.0015176227558551187, 0.0005389588280299494, 0.00016078569540408673, -0.0017314560096602146, 0.0002087142585591083, 0.0007892620925262392, 0.00018908769380322746], [0.03824547985180545, 0.0005389588280299495, 0.0053349971427986064, 0.0032428757969294006, -0.0017102668883657163, -0.0010510353090322447, -0.0032690679089211537, -0.0008499191037805363], [0.04307664871672932, 0.00016078569540408676, 0.0032428757969294006, 0.006818591486607461, -0.002277207166549666, -0.0013261869430369311, -0.0021168980072884674, -0.002046211083553252], [-0.00648350683702876, -0.0017314560096602146, -0.0017102668883657163, -0.002277207166549666, 0.004079496850097348, 0.0007190073239291938, -0.0002701314857186624, 0.0001358479020239895], [-0.0061721883282265565, 0.0002087142585591083, -0.0010510353090322447, -0.001326186943036931, 0.0007190073239291941, 0.0037938924366714573, 0.000535178197859122, 0.00019013328227016903], [-0.025887736243882225, 0.0007892620925262392, -0.0032690679089211537, -0.0021168980072884674, -0.00027013148571866235, 0.0005351781978591222, 0.003226910552903741, 0.0005020716447555628], [-0.013662544671844166, 0.0001890876938032275, -0.0008499191037805364, -0.002046211083553252, 0.0001358479020239895, 0.0001901332822701691, 0.0005020716447555627, 0.0027418037673445613]], [[0.04728044956025394, 0.014289359291059303, -0.00961931632363184, 0.005206932198172272, -0.0026394067623019732, 0.0045852606676849315, -0.0002471731697126586, -0.00030005822039482806], [0.014289359291059301, 0.004823160622435735, -0.002370486644076058, 0.0013571199524376632, -0.0013324910360122796, 0.0011435011318447384, 2.8014035479722228e-05, -6.922416601155013e-05], [-0.00961931632363184, -0.002370486644076058, 0.003128894587647387, -0.0013280275111003134, 6.525590899249676e-06, -0.000723334001579743, -0.00041006147491619044, 0.00013771629591501436], [0.005206932198172272, 0.0013571199524376632, -0.0013280275111003134, 0.001776876034283308, -0.0009011578193782165, 0.0006221944983219927, 0.00012541582765547853, -0.0008873632004510418], [-0.0026394067623019732, 