{"MAP index": 526, "entropy_prior_gmm": 0.0009597588643864824, "entropy_MAP_gmm": 0.225923553109169, "entropy_z_nk_prior": 0.5947685701538927, "entropy_MAP_z_nk": 0.6035858368294827, "entropy_mixing_prior": 88.99072030499339, "entropy_MAP_mixing": 1.637858848444328}