{"weights": [0.1466422031390461, 0.07656645327118522, 0.3780453339349458, 0.1649925117490426, 0.14577567222911694, 0.08797782567666325], "means": [[-6.859222718764709, -0.6447895038446122, -0.30816863283018936], [0.2513570263454026, -0.4489396852840692, -0.11700098789261035], [3.404837583418795, -0.29040171500715445, 0.007907061549919159], [0.4085714824146087, 0.2758469440292064, 0.391611681656833], [-2.5019024421918816, 0.5491926670689888, 0.35151883565174064], [-0.03718744642844896, 1.286011275177511, -0.7353698372619815]], "cov": [[[0.11307093810737029, 0.0021444902887289966, 0.0035456652079711086], [0.0021444902887289966, 0.008166655534252177, -0.005765116718186241], [0.0035456652079711086, -0.005765116718186241, 0.005303658937433208]], [[24.198731753044818, 0.6408887722378674, 0.5549965900542009], [0.6408887722378674, 0.054506980987909744, 0.037381411212082175], [0.5549965900542009, 0.037381411212082175, 0.03387212180156091]], [[0.9300038004263955, -0.23166251718228198, -0.16835860340524655], [-0.23166251718228198, 0.0656767246121349, 0.046377482443217787], [-0.16835860340524655, 0.046377482443217787, 0.03619802854040575]], [[4.910705242272028, -0.8001081007467762, -0.5232821966269142], [-0.8001081007467762, 0.15799669308588554, 0.10671581029352087], [-0.5232821966269142, 0.10671581029352087, 0.07676667174624344]], [[2.0934831674182997, 0.2672059386691142, -0.24309943323472985], [0.2672059386691142, 0.06698215770332529, -0.08607282706951629], [-0.24309943323472985, -0.08607282706951629, 0.13966982974401587]], [[2.5488873584006857, 0.5801821190150873, -0.86487050676872], [0.5801821190150873, 0.1606284904949564, -0.22354513202125134], [-0.86487050676872, -0.22354513202125134, 0.33481347610799056]]]}