{"MAP index": 102, "entropy_prior_gmm": 0.0008925289686521755, "entropy_MAP_gmm": 0.010379252955317497, "entropy_z_nk_prior": 0.00033324477277167755, "entropy_MAP_z_nk": 0.011655935656263047, "entropy_mixing_prior": 88.99072030499339, "entropy_MAP_mixing": 1.6082806061480568}