{"weights": [0.10404236546401505, 0.095894417649494, 0.3397662593313375, 0.20246283636109666, 0.11019270988298702, 0.14764141131106978], "means": [[3.821038211708574, 0.42822636780750883, -0.4033176795261583, 0.15074893095468567, -0.03869488101845425, 0.014124870032077593, 0.1052477614930071, 0.0035879703958933747], [-0.5276466481849889, 1.491133445038568, 0.9835832517070285, -0.0035244486063872125, 0.028840495384397005, 0.012052113039553815, 0.0002753253449951928, -0.010158925185973102], [-3.902500552737694, -0.43953779461725495, 0.10326133979928713, 0.03394135218805091, 0.02470663285576737, -0.0007281045552752554, 0.00874586386689828, 0.0030628616053628346], [1.027848766370583, 0.5381975777755582, -0.5480168307591532, 1.3262773630972544e-05, 0.04650836816770715, -0.015891112831149915, -0.04179525230590901, 0.006385482635268058], [-2.6574693688228535, -0.018259175720247732, -0.20753225832873826, -0.10090634061638239, -0.10144291186974419, 0.014319631821291132, -0.010865846227745527, -0.016198025526209275], [6.870606381311016, -0.6415989789244507, 0.3116100552909699, -0.045069714039551206, -0.002513528396446205, -0.002548956495388909, -0.009205675249525699, -0.0008741555116981544]], "cov": [[[0.20238043998662672, -0.027056295509461148, 0.03236730803908855, -0.005403143737277507, -0.008155105542320627, -0.0005870845166077845, 0.007095897843841666, 0.004309589546626727], [-0.027056295509461148, 0.004715278234031964, -0.002623350645466956, -0.0006738912266825741, 0.0013953185230512752, -0.00013059185621008525, -0.001199442857698575, -0.0005445957589009422], [0.03236730803908854, -0.002623350645466955, 0.008749597828989956, -0.0038514149472098093, -0.0007836336045037919, -0.00026118671059070737, 3.813533730096743e-05, 0.0010663928900836617], [-0.005403143737277507, -0.0006738912266825742, -0.0038514149472098093, 0.003385372972366333, -0.0010304191307939723, 0.00019877463056492694, 0.0008729583340032588, -0.00021073522046923917], [-0.008155105542320627, 0.0013953185230512752, -0.0007836336045037919, -0.0010304191307939723, 0.002323616930328466, 0.000296254480092512, -0.0004863839074015964, -0.0005205074161738289], [-0.0005870845166077845, -0.00013059185621008528, -0.00026118671059070737, 0.00019877463056492694, 0.0002962544800925121, 0.00170460977502387, -0.00011671842453693958, 3.4398337860132387e-05], [0.007095897843841665, -0.001199442857698575, 3.813533730096746e-05, 0.0008729583340032587, -0.00048638390740159636, -0.00011671842453693955, 0.0008979333780731173, -8.67620592356244e-05], [0.004309589546626727, -0.0005445957589009422, 0.0010663928900836617, -0.00021073522046923917, -0.000520507416173829, 3.439833786013234e-05, -8.676205923562432e-05, 0.0009013095326154137]], [[0.33820008387438555, 0.023197773525826394, -0.0685159180969975, 0.00973135172516159, 0.05034837209909455, 0.005064674085323914, 0.015443087453247564, -0.014559351651624206], [0.023197773525826398, 0.0024332634528329293, -0.003906314276518941, 0.0004961815538710575, 0.003651999309863772, 0.00027745008779763683, 0.0012809818181101528, -0.0012911842711340747], [-0.0685159180969975, -0.003906314276518941, 0.014931545850880626, -0.0019756502242597386, -0.01022399939113982, -0.0006891949685568675, -0.0030703572730807643, 0.002779512263173029], [0.00973135172516159, 0.0004961815538710575, -0.0019756502242597386, 0.0010002326085254798, 0.0005694246073287101, -5.249309717170582e-05, 0.00037350016234944, -0.0003830597937519672], [0.05034837209909454, 0.003651999309863772, -0.01022399939113982, 0.0005694246073287101, 0.009795729618321933, 0.0020806108126631443, 0.002253857349335925, -0.003464722455343766], [0.005064674085323913, 0.0002774500877976369, -0.0006891949685568675, -5.249309717170588e-05, 0.0020806108126631448, 0.0057399810670829285, -0.0006969221788846139, 0.00024765812817050746], [0.015443087453247562, 0.0012809818181101526, -0.0030703572730807643, 0.0003735001623494399, 0.002253857349335925, -0.0006969221788846138, 0.0009709964408439399, -0.0009694835593380342], [-0.014559351651624206, -0.0012911842711340747, 0.002779512263173029, -0.00038305979375196714, -0.0034647224553437657, 0.00024765812817050746, -0.0009694835593380342, 0.0033433969792461596]], [[0.050443194197785333, 0.021568966812648683, -0.01810522973747849, -0.04538732037674706, -0.010342520766220449, 0.001782445452748427, 0.0011780488700015843, -0.0003538632336665307], [0.021568966812648686, 0.011585730840066538, -0.006299402758032071, -0.021229730903322183, -0.003117112552620192, 0.0005852573275744245, 0.0017371386798905866, 0.0004670428718802297], [-0.01810522973747849, -0.006299402758032069, 0.008214039299016297, 0.01881982552013475, 0.002467587703622829, -0.00040094877348050576, -0.00019529348579299936, 0.0004527849293072014], [-0.04538732037674705, -0.02122973090332218, 0.01881982552013475, 0.06647221037362645, -0.0024031133346313948, 6.249149094778704e-05, -0.004055812978673135, 0.0003276141016017203], [-0.010342520766220449, -0.0031171125526201922, 0.0024675877036228287, -0.002403113334631395, 0.016953405883260907, -0.0004513042687856717, 0.002099488838706501, -0.0009247446757279406], [0.0017824454527484272, 0.0005852573275744246, -0.00040094877348050554, 6.249149094778706e-05, -0.00045130426878567175, 0.005078093179045211, -0.0006900873484753487, -1.265618852594135e-05], [0.0011780488700015846, 0.0017371386798905864, -0.0001952934857929994, -0.004055812978673135, 0.0020994888387065006, -0.0006900873484753485, 0.001189291221222138, -8.70614734437127e-05], [-0.0003538632336665307, 0.00046704287188022967, 0.0004527849293072014, 0.0003276141016017202, -0.0009247446757279406, -1.265618852594133e-05, -8.706147344371267e-05, 0.003916076314348368]], [[0.4387955793842953, 0.00022160374962648593, 0.03254370977619978, 0.036653417639800935, -0.005474080262597464, -0.005206294074866685, -0.022049149368791654, -0.011638979798707842], [0.0002216037496264859, 0.0013822879686979342, 0.00048178069549399926, 0.0003375385145818229, -0.001660854319902411, 0.00017668749964544665, 0.0007090564324605109, 0.0001280441915874151], [0.03254370977619978, 0.00048178069549399926, 0.004577338625102689, 0.002910453453333331, -0.0015909044958814938, -0.0011360781808542636, -0.0027632360911469386, -0.0006841546049731576], [0.036653417639800935, 0.00033753851458182276, 0.002910453453333331, 0.005893032745172084, -0.0022761033133531514, -0.0013218503033362813, -0.0017106965354441502, -0.0017621655101538389], [-0.005474080262597465, -0.001660854319902411, -0.001590904495881494, -0.002276103313353152, 0.0039894033660057065, 0.0007864590367445706, -0.0003057737134163349, 0.0001984541073888889], [-0.005206294074866685, 0.0001766874996454466, -0.0011360781808542636, -0.0013218503033362815, 0.0007864590367445709, 0.0033273491689647812, 0.0006450376467714472, 0.0002101252371623638], [-0.022049149368791654, 0.0007090564324605108, -0.0027632360911469386, -0.0017106965354441502, -0.00030577371341633487, 0.0006450376467714474, 0.0027506217308723145, 0.0003899174731994463], [-0.011638979798707842, 0.00012804419158741505, -0.0006841546049731576, -0.0017621655101538389, 0.00019845410738888894, 0.0002101252371623638, 0.0003899174731994462, 0.002130930002640187]], [[0.0341885673646802, 0.010334661324993756, -0.006903465957717917, 0.0037025086668997643, -0.0018383599337988689, 0.0032691194465786716, -0.00021398261215192966, -0.00023207023858355652], [0.010334661324993756, 0.0036320350841866546, -0.0016297856193689835, 0.0007721467193851656, -0.0009551029774982015, 0.0006971303928298586, 0.00013666184880522554, -0.0001906606353303236], [-0.006903465957717917, -0.0016297856193689835, 0.002446733544238761, -0.001128284466576693, 0.00014017204121527732, -0.0006213561145435285, -0.0003517472551722232, -7.842594517275061e-05], [0.003702508666899764, 0.0007721467193851654, -0.001128284466576693, 0.0018691735216896288, -0.0009981642776492289, 0.000480013865961374, 3.6173014052311595e-05, -0.0005240412558910278], [-0.0018383599337988689, -0.0009551029774982014, 