{"MAP index": 1566, "entropy_prior_gmm": 4.6051701859880925e-09, "entropy_MAP_gmm": 4.605170023097571e-09, "entropy_z_nk_prior": 0.13368302158276266, "entropy_MAP_z_nk": 0.05412372170179126, "entropy_mixing_prior": 85.69175851611257, "entropy_MAP_mixing": 0.982213692180469}