{"weights": [0.5682544122357803, 0.20232941085260397, 0.2294161769116157], "means": [[2.1114844766545082, -0.5286385935434493, 0.03900581871298924, 0.01983386306679677, 0.014858271465020735, -0.0042237476783187, -0.0035823981212750574, 0.0064094133892342005], [-4.052502231644802, -2.6901793662982403, -0.043655831524656505, -0.022630449407572237, -0.0168074294442643, -0.035682130581663564, 0.028724090626497507, 0.01875485624443695], [-1.8222508341861128, 3.606672214290372, -0.0780670278852449, -0.0047723097337709465, 0.02576718163893569, -0.018414362430787142, -0.03057625357745391, -0.01436256174126459]], "cov": [[[0.026591150511797106, 0.011697229127321863, -0.007503621396692805, -0.08206319831040013, -0.026796012385770028, -0.025530145586940754, -0.013680003760701694, 0.008183160480387816], [0.011697229127321861, 0.037430165601606245, -0.015917494327001788, -0.05507114868868434, -0.04360428128727267, -0.0015976949114054012, 0.01722896005645572, 0.004523306149969886], [-0.007503621396692806, -0.015917494327001788, 0.021160608912092163, 0.10104737868065305, 0.034084069185645625, 0.013962707896776722, -0.01429930812338951, 0.007379205564634968], [-0.08206319831040013, -0.055071148688684325, 0.10104737868065305, 0.6557367923942865, 0.17795920067458854, 0.13681548904613677, -0.0037049921841415807, 0.026719313804396756], [-0.026796012385770028, -0.04360428128727267, 0.034084069185645625, 0.17795920067458854, 0.08289255594828003, 0.020443909194957845, -0.007476264489398647, 0.011448852575851017], [-0.025530145586940754, -0.0015976949114054034, 0.013962707896776724, 0.13681548904613677, 0.02044390919495784, 0.05213453884012839, 0.004729339678288697, -0.012902172317922045], [-0.013680003760701694, 0.017228960056455717, -0.01429930812338951, -0.003704992184141581, -0.007476264489398647, 0.004729339678288697, 0.048082729857231936, 0.004035619787569323], [0.008183160480387815, 0.004523306149969885, 0.007379205564634967, 0.02671931380439676, 0.01144885257585102, -0.012902172317922043, 0.004035619787569325, 0.02436673806823783]], [[0.45411039793633845, -0.09662330312925439, -0.008014346296357097, -0.41209056638628694, 0.1470659134694355, 0.14684537046731402, -0.07136693882279557, -0.09263879563090549], [-0.0966233031292544, 0.2177926497677351, 0.01722262428820884, -0.1811560989174555, 0.4113399589613487, 0.006613819742913199, 0.09011746198117655, 0.06366435459326132], [-0.008014346296357106, 0.01722262428820884, 0.012776297725892076, 0.06394804546667178, 0.02400106215080659, -0.049698525782635436, 0.017133734765825005, -0.012021093837570595], [-0.41209056638628694, -0.18115609891745552, 0.06394804546667178, 1.5406022797839938, -0.7815994097331487, -0.5933902393368898, 0.07328801590736397, -0.15755350886881472], [0.1470659134694355, 0.4113399589613487, 0.02400106215080659, -0.7815994097331487, 1.246336364823343, 0.10574254272384333, 0.2249242253124184, 0.04195614340108278], [0.14684537046731408, 0.006613819742913202, -0.049698525782635436, -0.5933902393368898, 0.10574254272384333, 0.3891733863475103, -0.10903881968391005, 0.08610542448099257], [-0.07136693882279557, 0.09011746198117654, 0.017133734765825002, 0.07328801590736397, 0.2249242253124184, -0.10903881968391003, 0.10780639287973194, 0.011914473135027644], [-0.09263879563090546, 0.06366435459326131, -0.012021093837570595, -0.15755350886881475, 0.0419561434010828, 0.08610542448099257, 0.011914473135027642, 0.19018667156048488]], [[0.13826180508761424, 0.10767965255531174, -0.35183993047816303, 0.09574355236176088, -0.15068430915051068, 0.016898124591195274, 0.024900638784031575, 0.051654444663259705], [0.10767965255531176, 0.2032408731475859, 0.1341400410098037, 0.08724237629604568, -0.19123574094716542, 0.021537529987539935, 0.01628732289872099, 0.04397633186743536], [-0.35183993047816303, 0.13414004100980367, 4.079882407253648, -0.2451460353932061, -0.09187269500070112, -0.0008272325611702424, 0.01659457058754715, -0.005054589251435495], [0.09574355236176088, 0.08724237629604568, -0.2451460353932061, 0.13533029029201457, -0.05801554264019437, -0.003069904909414844, -0.048873697985842825, 0.045581107769243547], [-0.1506843091505107, -0.19123574094716542, -0.09187269500070112, -0.058015542640194366, 0.3209125614415627, -0.07732741192663833, -0.1386128319180066, -0.03929596380862799], [0.016898124591195274, 0.021537529987539928, -0.0008272325611702427, -0.0030699049094148473, -0.07732741192663833, 0.048949336304816, 0.08094464156097998, -0.02309870897026265], [0.024900638784031582, 0.016287322898720983, 0.01659457058754715, -0.04887369798584284, -0.1386128319180066, 0.08094464156097998, 0.2133299619246622, -0.03786016605278928], [0.051654444663259705, 0.04397633186743536, -0.005054589251435495, 0.045581107769243547, -0.03929596380862798, -0.02309870897026265, -0.03786016605278929, 0.049244294475854176]]]}