{"weights": [0.1169225469711271, 0.061601360625267734, 0.15784079280837546, 0.35070490608263305, 0.20517319323159328, 0.10775720028100343], "means": [[-6.850816532372575, -0.6426622440582839, -0.30770481992333365], [-4.748476714779599, -0.5803793729514944, -0.206917376674439], [2.6262902027010364, -0.16012317551752336, 0.11180450025602968], [2.3035531121569974, -0.10488393362528965, 0.12458056951824999], [0.08289552290833789, 0.32431155419270064, 0.13381688567707786], [-0.8677453947772338, 1.0662130267652752, -0.25864210727647075]], "cov": [[[118.00209736028157, 15.28550329018232, 17.724448301515014], [15.28550329018232, 8.75804797278692, -0.6003825504407824], [17.724448301515014, -0.6003825504407833, 13.796816717977796]], [[16967.361759588803, -9.143095938408475, 1257.076527899848], [-9.143095938408475, 59.86336186309217, -3.2328784812937874], [1257.076527899848, -3.232878481293791, 158.2667133789516]], [[3564.7426379313865, -1245.0114018727731, -944.9038075879396], [-1245.011401872773, 908.6594889999001, 827.1258141790624], [-944.9038075879396, 827.1258141790626, 820.8730708298965]], [[4790.3217514577145, -1407.4110524650162, -949.1689689048779], [-1407.4110524650162, 542.3594620780128, 347.69480408580034], [-949.168968904878, 347.69480408580034, 243.23431377329197]], [[8851.793966770636, -625.0956209776182, -1753.510768036128], [-625.0956209776182, 289.8145953867858, -66.99357295047912], [-1753.5107680361282, -66.99357295047912, 637.4490713684921]], [[3374.442206727679, -639.9591977057555, -1148.5266983777476], [-639.9591977057555, 1370.795295359812, 1070.9641661139285], [-1148.5266983777476, 1070.9641661139285, 2098.0489051125664]]]}