{"weights": [0.052320717465491925, 0.11909127055670812, 0.3105683207330027, 0.2831153903765758, 0.15436159109271005, 0.08054270977551131], "means": [[3.854799032599703, 0.42586234520587235, -0.394994273086274, 0.14997548235916397, -0.041898014278126554, 0.019547635245172373, 0.1067021554126583, 0.005210542376008777], [-0.6605411481886612, 1.4828889623607824, 1.0112274973362259, -0.008290071965393692, 0.005615348699368995, 0.002093095384113361, -0.004625928312251324, -7.588995835349342e-05], [-3.9209908857873885, -0.44716689334275384, 0.10649013781547796, 0.034226462978909744, 0.02750636910167585, -0.0027420066174683403, 0.009001426436555538, 0.007409836752733698], [1.150352569922782, 0.5380164202111394, -0.5407200278205302, 0.007963562109929153, 0.04854612951843622, -0.013079841771850594, -0.047533687093373425, 0.0027433668057091887], [-2.6910544799007257, -0.029284600247001667, -0.20190032126706156, -0.09858102208825342, -0.10239836506903799, 0.007747837158529369, -0.008422777048566126, -0.021718455797542172], [6.870225021463164, -0.6478835737216482, 0.3075169637551474, -0.0424441247412957, -0.0024128651379651473, -0.00223472267166062, -0.012361460219176309, -0.0012556462397706385]], "cov": [[[0.23762419671287385, -0.031757768343651446, 0.03803705911156025, -0.006371044088785519, -0.009575633912800715, -0.0006860000972235421, 0.008316572950806875, 0.0050680049674985605], [-0.031757768343651446, 0.0054131280888325365, -0.0032384789984496224, -0.0006694181170980427, 0.0016003857345229416, -0.0001401329335978609, -0.0014032725837552003, -0.0006344832387604666], [0.03803705911156026, -0.0032384789984496224, 0.009957937034994613, -0.004260338567080199, -0.0009751611981361318, -0.00031808356769028945, 0.00014182046337069294, 0.0012214556896645132], [-0.006371044088785519, -0.0006694181170980428, -0.004260338567080199, 0.0036758352682905665, -0.0011019156853875475, 0.0002033709371637289, 0.0009217424748900482, -0.00024286315623606132], [-0.009575633912800715, 0.0016003857345229416, -0.0009751611981361316, -0.0011019156853875475, 0.0025685185020486315, 0.0003796516877073251, -0.0005596624518748881, -0.000596208199197996], [-0.000686000097223542, -0.0001401329335978609, -0.0003180835676902894, 0.00020337093716372886, 0.0003796516877073251, 0.0017855937255567274, -0.00011562112175014365, 9.001798331553251e-06], [0.008316572950806875, -0.0014032725837552005, 0.00014182046337069297, 0.0009217424748900482, -0.0005596624518748881, -0.00011562112175014365, 0.0009720850246743825, -7.328248528582535e-05], [0.0050680049674985605, -0.0006344832387604665, 0.001221455689664513, -0.00024286315623606132, -0.000596208199197996, 9.001798331553338e-06, -7.328248528582534e-05, 0.0009406169733094189]], [[0.33152293639999497, 0.02271456537080025, -0.0671806047805192, 0.009556695851137722, 0.0493093938272854, 0.004994081835933045, 0.015123398646688841, -0.014209203476720583], [0.022714565370800254, 0.0023754794955697526, -0.0038664395016793527, 0.0004126034123234153, 0.0036974980387886013, 0.00023028428055398928, 0.0012699363304566524, -0.0013170408126989231], [-0.0671806047805192, -0.003866439501679352, 0.014583541835351349, -0.001967708241592608, -0.009955837937955304, -0.0007217505937010293, -0.003004924442070803, 0.002677070067532102], [0.009556695851137722, 0.0004126034123234153, -0.0019677082415926086, 0.0011266382557574147, 0.00040395252024120825, 4.24883369935954e-05, 0.00032638190988802375, -0.0003849609871741343], [0.0493093938272854, 0.003697498038788601, -0.009955837937955304, 0.00040395252024120803, 0.009877211262430517, 0.0018217907596180182, 0.002292931743221262, -0.0036678636937850107], [0.004994081835933045, 0.00023028428055398928, -0.0007217505937010295, 4.248833699359544e-05, 0.0018217907596180182, 0.005346749169309962, -0.0006556418549725614, 0.00031093862983929923], [0.015123398646688841, 0.0012699363304566522, -0.0030049244420708027, 0.00032638190988802364, 0.002292931743221262, -0.0006556418549725614, 0.0009573533660850025, -0.0010044265356129044], [-0.014209203476720585, -0.0013170408126989231, 0.002677070067532102, -0.0003849609871741343, -0.0036678636937850107, 0.00031093862983929923, -0.0010044265356129044, 0.0038718275559234583]], [[0.045217879034315185, 0.019422637937488014, -0.01629010602936212, -0.04151440656520495, -0.008926657913859227, 0.0015695796042881783, 0.0011454631346464357, -0.00022549053249071326], [0.01942263793748801, 0.010322851118021273, -0.005780854726531292, -0.019325544999204688, -0.0027261566138423563, 0.0004503343432397624, 0.0015556063149041234, 0.0003041214270165734], [-0.01629010602936212, -0.005780854726531293, 0.007334623253705888, 0.017102463927760974, 0.002180665758333592, -0.000419893546266303, -0.00023272037730495815, 0.00027335546390231736], [-0.04151440656520495, -0.019325544999204688, 0.017102463927760974, 0.05962401499908433, -0.0016583357958919057, 5.207998049707675e-07, -0.003574123092201872, 0.00036468856058694487], [-0.008926657913859227, -0.0027261566138423563, 0.002180665758333592, -0.0016583357958919061, 0.014153388849476858, -0.0003770471715749583, 0.001728100173320568, -0.0006966166914719057], [0.0015695796042881783, 0.0004503343432397625, -0.000419893546266303, 5.207998049707672e-07, -0.0003770471715749581, 0.004130313208073235, -0.000576296728425895, -0.00018391923979058794], [0.0011454631346464353, 0.001555606314904123, -0.00023272037730495804, -0.0035741230922018714, 0.0017281001733205677, -0.000576296728425895, 0.0010388248550039967, -8.884636190446962e-05], [-0.0002254905324907133, 0.00030412142701657344, 0.00027335546390231747, 0.0003646885605869448, -0.0006966166914719055, -0.00018391923979058788, -8.884636190446959e-05, 0.0031371234068018608]], [[0.45523322312978487, 0.00024937746489262256, 0.03376867862869734, 0.038050894500863235, -0.005719592553766766, -0.005406331145106868, -0.02286238456970645, -0.0120790241589368], [0.0002493774648926226, 0.0014074715172411195, 0.00040003951775165723, 0.0002736705620694154, -0.0016096795646163172, 0.0003102423486925808, 0.0007807009413385918, 0.00014126860129256124], [0.03376867862869734, 0.00040003951775165734, 0.004738709417095883, 0.0029416754493300466, -0.001478072002770818, -0.0012057581868290645, -0.002946449424384692, -0.0006946470685405936], [0.038050894500863235, 0.0002736705620694154, 0.002941675449330046, 0.005945205593696177, -0.0021369844144907527, -0.001251006605210585, -0.0017896233272301002, -0.001810696557071336], [-0.005719592553766766, -0.0016096795646163172, -0.0014780720027708183, -0.002136984414490753, 0.0038034595430912516, 0.0006033646968322919, -0.000334457840686679, 0.00018028491300463005], [-0.005406331145106868, 0.0003102423486925807, -0.001205758186829065, -0.0012510066052105855, 0.0006033646968322916, 0.003528548640829682, 0.0007938001032383502, 0.0001711906912749026], [-0.022862384569706448, 0.0007807009413385918, -0.002946449424384692, -0.0017896233272301, -0.0003344578406866788, 0.0007938001032383502, 0.002938401645166241, 0.00040821527574253516], [-0.012079024158936798, 0.00014126860129256124, -0.0006946470685405934, -0.001810696557071336, 0.00018028491300463005, 0.00017119069127490255, 0.0004082152757425351, 0.0021869389012680427]], [[0.040538055228347095, 0.01225386677157125, -0.0082085680979113, 0.004420958130966063, -0.0022139490195904935, 0.003906487706459233, -0.00023914233427211923, -0.0002682824009768849], [0.01225386677157125, 0.0041961087229090985, -0.0020609343393988935, 0.0010371043426370518, -0.0010902024905494593, 0.0008292710421229781, 0.0001515740335023902, -0.0001896130923610053], [-0.0082085680979113, -0.0020609343393988935, 0.0026327203447328853, -0.0012346024649064603, 0.0002346588262384918, -0.0007621327339401792, -0.000315814273945684, -4.542475767931559e-05], [0.004420958130966063, 0.0010371043426370518, -0.0012346024649064603, 0.0019281676169964597, -0.0010565539164042867, 0.0005162040107664328, 7.698503903152203e-05, -0.0006747497177247404], [-0.002213949019590494, -0.0010902024905494595, 