,X,Y,Z,id,nugget
0,100.0,0.0,-825.0,13681636,1e-05
1,300.0,0.0,-823.8796861596497,13681636,1e-05
2,900.0,0.0,-825.0,13681636,1e-05
3,100.0,0.0,-844.9999999999999,95865159,1e-05
4,300.0,0.0,-840.4867039834207,95865159,1e-05
5,900.0,0.0,-844.9999999999999,95865159,1e-05
