{"weights": [0.44345760707762333, 0.4015966996004672, 0.1549456933219095], "means": [[-2.1095686781543432, -0.5229990156906473, 0.03664275162972828, -0.02109046750031805, 0.00789557657388189, 0.00010293157044668077, -0.00745974130580955, -0.0057592702153183165], [1.8181600664248647, 3.608969832979751, -0.05187225417815206, -0.0057186919500233245, 6.471298649538485e-05, 0.00401569738351972, 0.026193819047041593, 0.020276076949762474], [4.011670236265205, -2.714646442959711, -0.045907708246341807, 0.06803531364364107, -0.021923921662749316, -0.004069455969545336, -0.010242483194760156, -0.008241434927814982]], "cov": [[[0.02496651538793051, -0.009622785686430801, 0.008378859492254054, -0.08409470589808316, 0.025419864565557695, -0.024694082338786037, -0.012412024208519248, 0.005989293378203821], [-0.0096227856864308, 0.0366612309346653, -0.01688740255339525, 0.05641641859153872, -0.04322877782969947, 0.0008109003634193935, -0.019417130447190557, -0.0028495898021977887], [0.008378859492254052, -0.01688740255339525, 0.021333314949444647, -0.10201562114760541, 0.03496487355876866, -0.014422595976790298, 0.014491195897903373, -0.006616608868828501], [-0.08409470589808316, 0.05641641859153872, -0.10201562114760541, 0.6637363995440788, -0.18073053448829904, 0.13901608224621972, -0.0030695821452304266, 0.026180077430484217], [0.025419864565557695, -0.04322877782969948, 0.03496487355876865, -0.18073053448829907, 0.08421706965169994, -0.018581685248415424, 0.007135473872694823, -0.01448654258789768], [-0.02469408233878604, 0.0008109003634193981, -0.014422595976790298, 0.13901608224621975, -0.01858168524841543, 0.05450926404369878, 0.0021416076326259076, -0.01429733817228283], [-0.01241202420851925, -0.019417130447190557, 0.014491195897903372, -0.003069582145230427, 0.007135473872694825, 0.002141607632625907, 0.05157600128834877, 0.008257997993711396], [0.005989293378203821, -0.0028495898021977887, -0.006616608868828501, 0.026180077430484217, -0.014486542587897677, -0.014297338172282832, 0.008257997993711396, 0.0249403396248375]], [[0.13751960181765133, -0.09995717911304604, 0.4245644476371054, 0.09328072867581709, 0.14004357900016753, 0.01596799206369031, 0.02293419885394669, 0.047576909200491305], [-0.09995717911304607, 0.18717006916585974, 0.15996113083764743, -0.08310915727885297, -0.18049167897769355, -0.02099721305544713, -0.019035888975400997, -0.043059732494476595], [0.4245644476371054, 0.15996113083764746, 4.898911936717228, 0.29747581993371086, -0.10917628284644208, 0.0004997739852580023, -0.02132533185974241, 0.007878940455759213], [0.09328072867581709, -0.08310915727885296, 0.29747581993371086, 0.12871915977133358, 0.05303558940706573, -0.0014253607950323063, -0.04506180605960213, 0.03939299659654766], [0.14004357900016753, -0.18049167897769355, -0.10917628284644207, 0.05303558940706573, 0.3027641472712508, 0.07222937715597841, 0.12941265136853547, 0.03756387412978609], [0.01596799206369031, -0.02099721305544713, 0.000499773985258002, -0.0014253607950323011, 0.07222937715597842, 0.046220405731212326, 0.07478044734621618, -0.021784961591055575], [0.022934198853946697, -0.019035888975400993, -0.02132533185974241, -0.04506180605960214, 0.12941265136853547, 0.0747804473462162, 0.1968043595158768, -0.035317697343022036], [0.04757690920049131, -0.04305973249447659, 0.00787894045575921, 0.03939299659654767, 0.03756387412978608, -0.021784961591055578, -0.03531769734302204, 0.04520011552202913]], [[0.4419254643900756, 0.11875498662177972, -0.002080694990704486, -0.25590578227154626, -0.10102327706802423, 0.061649404484826614, -0.051104851073644875, -0.12310918226380113], [0.1187549866217797, 0.17006521939403618, 0.010532179900890195, 0.10905985412917311, 0.28918830929750355, -0.006054749124917027, -0.07074198961808392, -0.05956680467701471], [-0.0020806949907044856, 0.010532179900890198, 0.01022935317759923, -0.04679878722917504, 0.024364691125806547, 0.041461801106050515, -0.015288643588986827, 0.011619700164219858], [-0.2559057822715463, 0.10905985412917313, -0.04679878722917505, 1.0375485320193911, 0.46679013600417535, -0.40338798465555337, 0.06213225375706462, -0.12222161922103891], [-0.10102327706802422, 0.2891883092975036, 0.024364691125806543, 0.46679013600417535, 0.8832968087389188, -0.030755925502667453, -0.17288671138611084, -0.0021747487697899117], [0.061649404484826587, -0.006054749124917022, 0.04146180110605051, -0.4033879846555533, -0.03075592550266746, 0.3165115026582744, -0.09438630242118787, 0.06701356913113514], [-0.051104851073644875, -0.07074198961808392, -0.015288643588986827, 0.06213225375706462, -0.17288671138611084, -0.09438630242118787, 0.08650032337543258, 0.016826896403738065], [-0.12310918226380113, -0.05956680467701471, 0.01161970016421986, -0.1222216192210389, -0.0021747487697899035, 0.06701356913113514, 0.01682689640373806, 0.22064360174549325]]]}