{"weights": [0.4445611203406146, 0.40165371484200363, 0.15378516481738183], "means": [[-2.109864188999081, -0.5229532439076316, 0.03657069363807234, -0.021434176384338716, 0.007612988219242373, 8.715071616646442e-05, -0.007075060738987536, -0.005669083452309358], [1.817985305189759, 3.6093628950022945, -0.05164123060294355, -0.005185213643061782, -0.00018846623031442463, 0.003696631913875837, 0.026654273419874867, 0.02076410279685111], [4.0115040689831005, -2.714466886443379, -0.046110343944438054, 0.06806864928174172, -0.02215220481517223, -0.0042782994461279256, -0.009930494727125474, -0.0074948259263291905]], "cov": [[[0.025450514917822607, -0.009821888848797382, 0.008579024440259136, -0.08612484092355398, 0.025997771136263247, -0.025307765322519552, -0.012681104415939606, 0.006098963154991927], [-0.00982188884879738, 0.03750386393824043, -0.0173132180525656, 0.05777839293908069, -0.04425677998875135, 0.0007789083810877388, -0.019909303412259244, -0.002853382143906481], [0.008579024440259136, -0.017313218052565603, 0.02182976233267815, -0.10444602225720069, 0.03583657351686575, -0.01475700184392311, 0.014800133322611878, -0.0067826587289331], [-0.08612484092355396, 0.05777839293908069, -0.10444602225720068, 0.6795936254893591, -0.18506472040794844, 0.14235083233222603, -0.0031221084269320095, 0.026788862298509557], [0.025997771136263243, -0.04425677998875135, 0.03583657351686574, -0.18506472040794844, 0.08611492184482678, -0.01912086975392758, 0.0075298153182816255, -0.014718507460334495], [-0.025307765322519552, 0.0007789083810877377, -0.01475700184392311, 0.14235083233222603, -0.019120869753927575, 0.05561358066220301, 0.0024315454253395355, -0.01441932086700308], [-0.012681104415939606, -0.019909303412259244, 0.014800133322611878, -0.00312210842693201, 0.007529815318281624, 0.002431545425339531, 0.05243991881325698, 0.008201670172144635], [0.006098963154991927, -0.0028533821439064816, -0.0067826587289331, 0.02678886229850956, -0.014718507460334495, -0.01441932086700308, 0.008201670172144633, 0.02525847821018424]], [[0.14591348308364557, -0.10747186584203153, 0.4413540770523076, 0.09840433323753389, 0.1507472314206266, 0.0174496985345785, 0.025523784846810352, 0.050564878231907834], [-0.10747186584203151, 0.19947107848125553, 0.16650511754548328, -0.08892098107005453, -0.19379296084696448, -0.023142362337258537, -0.022153717380640207, -0.04582106957191828], [0.4413540770523076, 0.16650511754548328, 5.0940068295904775, 0.3092047444638842, -0.1137076891875946, 0.0004806944772021517, -0.022210775426256137, 0.00815653706089587], [0.09840433323753388, -0.08892098107005453, 0.3092047444638842, 0.13587079403104996, 0.05750717846190865, -0.0005879521124918281, -0.0460566857687783, 0.04105392378855048], [0.1507472314206266, -0.1937929608469645, -0.11370768918759457, 0.05750717846190866, 0.3245314082327796, 0.0771505294400122, 0.13800631780144776, 0.04064996947856003], [0.0174496985345785, -0.023142362337258544, 0.00048069447720215224, -0.000587952112491832, 0.07715052944001219, 0.0490490652522532, 0.07881647265036633, -0.022878714683759644], [0.02552378484681035, -0.022153717380640203, -0.022210775426256137, -0.0460566857687783, 0.13800631780144776, 0.07881647265036633, 0.20719428095656195, -0.03654770628247042], [0.050564878231907834, -0.04582106957191829, 0.00815653706089587, 0.04105392378855048, 0.040649969478560026, -0.022878714683759644, -0.03654770628247042, 0.04781105788198232]], [[0.4672413315090449, 0.12735155909158902, -0.003127755961894187, -0.25720510439087024, -0.1034293988015824, 0.05856818408259337, -0.05273121595243457, -0.13404699953451885], [0.12735155909158904, 0.17666168763488918, 0.010835205295579839, 0.10946909664524301, 0.29548095356283743, -0.006114961125208053, -0.07289532537332524, -0.0632819500482501], [-0.003127755961894188, 0.010835205295579837, 0.010767383442157283, -0.04812582613655504, 0.02577936347823523, 0.04314225589516707, -0.01581897461547899, 0.012433381333492512], [-0.2572051043908703, 0.10946909664524301, -0.04812582613655504, 1.0560800846861456, 0.4675396990334149, -0.41087014876242106, 0.06487728639533674, -0.1259416506347133], [-0.10342939880158238, 0.2954809535628374, 0.025779363478235225, 0.4675396990334149, 0.9043533822562508, -0.026240740737062906, -0.17872431057053934, 0.0008124783152276071], [0.05856818408259337, -0.006114961125208065, 0.04314225589516707, -0.410870148762421, -0.026240740737062937, 0.3284708225697118, -0.09813926981805966, 0.07112936453921033], [-0.05273121595243458, -0.07289532537332523, -0.01581897461547899, 0.06487728639533673, -0.17872431057053934, -0.09813926981805966, 0.08988957542143404, 0.017589498768994738], [-0.13404699953451885, -0.0632819500482501, 0.01243338133349251, -0.1259416506347133, 0.0008124783152276023, 0.07112936453921033, 0.01758949876899474, 0.23455321382084468]]]}