,X,Y,Z,id,nugget
0,100.0,0.0,-825.0,21407917,1e-05
1,300.0,0.0,-827.3109077507622,21407917,1e-05
2,900.0,0.0,-825.0,21407917,1e-05
3,100.0,0.0,-844.9999999999999,26980000,1e-05
4,300.0,0.0,-843.1757005688256,26980000,1e-05
5,900.0,0.0,-844.9999999999999,26980000,1e-05
