,X,Y,Z,G_x,G_y,G_z,id,nugget
<<<<<<< HEAD
0,75.0,0.0,-74.0,-1.6666666666666667,0.0,1.0,87553248,0.01
=======
0,75.0,0.0,-74.0,-1.6666666666666667,0.0,1.0,36377788,0.01
>>>>>>> 4a64afdd8a95aa19b435a4694423de34e166c9f4
