,X,Y,Z,id,nugget
0,100.0,0.0,-825.0,30904931,1e-05
1,300.0,0.0,-827.0458907418749,30904931,1e-05
2,900.0,0.0,-825.0,30904931,1e-05
3,100.0,0.0,-844.9999999999999,36615680,1e-05
4,300.0,0.0,-844.4080447907721,36615680,1e-05
5,900.0,0.0,-844.9999999999999,36615680,1e-05
