{"entropy_prior_gmm": 1.1512925464970228e-08, "entropy_Mean_gmm": 0.0018028917256742716, "entropy_z_nk_prior": 0.0012788791422551772, "entropy_Mean_z_nk": 0.014034755313411133, "entropy_mixing_prior": 88.99072030499339, "entropy_Mean_mixing": 1.6239654946310191}