{"weights": [0.12224457266617768, 0.21388451576050976, 0.30275135570039374, 0.12095223182033275, 0.10697515005954317, 0.13319217399304284], "means": [[3.721310633500875, 0.46220180252269105, -0.3831236654525774, 0.13354200386431608, -0.0310223845091193, -0.08177558296476825, 0.06343623818915635, -0.01764366594074114], [1.0521522901810016, 0.5561412003085208, -0.5261538920811053, 0.002430165587302263, 0.04678972292801872, 0.040326738403208606, -0.02070427084474807, 0.012642175080586127], [-3.921128526961828, -0.4432345492908712, 0.09561630997969434, 0.020900264648362546, 0.025800728915191917, -0.00412247375894996, 0.009881853131923789, 0.0021641785059670704], [-2.6887284880829943, -0.02514386381618284, -0.2037692161042076, -0.08535545082678965, -0.10682123592348487, -0.004444180408184074, -0.018120064618946573, -0.013023701647186116], [-0.7300975636611523, 1.4417735206413493, 1.0682403907374585, -0.012539668501966729, 0.0034421476700931992, 0.0009329097546576816, -0.00875898960231757, -0.0006784846625094347], [6.852387501019339, -0.6535695157302996, 0.2913085394292747, -0.03709721662225949, -0.0016991019382114482, 0.008226627935267334, -0.008762253837204359, 0.0019726125821008817]], "cov": [[[0.1565113518442328, -0.017906407227898664, 0.028498604355634224, -0.007987432699175113, -0.005475804333274962, 0.0004443759290529075, 0.008664866287604945, 0.0004653654688369007], [-0.017906407227898664, 0.002940374029393322, -0.001784681940408256, -0.00022409809231196438, 0.0012935980865267955, 0.00013377161475816875, -0.0011258244404143821, -0.0001601320141362638], [0.028498604355634224, -0.0017846819404082565, 0.008206442387343091, -0.0036011455793525564, -0.00023019162619044504, 0.0005937018457845997, 0.0010256040755133604, 3.892119503452725e-05], [-0.007987432699175115, -0.00022409809231196417, -0.0036011455793525564, 0.0027497490912122688, -0.0011118273735745078, -0.0004994703097057154, 4.211674893248162e-05, 0.0004588609469458895], [-0.005475804333274963, 0.0012935980865267955, -0.00023019162619044504, -0.0011118273735745078, 0.0025616234718609803, -0.0001248309326083052, -0.0005059501636718752, -0.0009617004759022075], [0.0004443759290529075, 0.00013377161475816872, 0.0005937018457845997, -0.0004994703097057154, -0.0001248309326083052, 0.0008926431133232003, 0.00020374366844991615, -0.0003645103199498057], [0.008664866287604945, -0.001125824440414382, 0.0010256040755133604, 4.2116748932481706e-05, -0.0005059501636718751, 0.00020374366844991615, 0.0009349066458522195, -1.976358224178033e-05], [0.0004653654688369007, -0.00016013201413626375, 3.89211950345273e-05, 0.0004588609469458895, -0.0009617004759022075, -0.00036451031994980565, -1.976358224178032e-05, 0.0008941492707038821]], [[0.283905148326861, 0.0032541527966897963, 0.026139827361435466, 0.02588933659184257, -0.011935763533826577, 0.018755684881377695, -0.00945775196272504, -0.0023522803439971966], [0.0032541527966897963, 0.0012220345428896604, 0.0007485978119661295, 5.539002204933904e-05, -0.0012287232047898272, -0.0008591193594826907, -6.550167280785622e-05, 4.7038851797641535e-05], [0.026139827361435466, 0.0007485978119661295, 0.004539687940921401, 0.0028522912433345507, -0.002063226440182868, 0.0027027842979666043, -0.0015332651556006676, 8.874772074912235e-05], [0.02588933659184257, 5.539002204933907e-05, 0.0028522912433345507, 0.004640808140960394, -0.0023182175100891988, 0.002586248642783523, -0.0012851761347442761, -0.0007254888500259232], [-0.011935763533826579, -0.0012287232047898272, -0.002063226440182868, -0.0023182175100891988, 0.003846133940531111, -0.0005654476841087085, 9.791317162163446e-05, 0.0005421707707834076], [0.018755684881377695, -0.0008591193594826907, 0.0027027842979666043, 0.002586248642783523, -0.0005654476841087089, 0.004751492318951683, 0.00027112199246267935, -0.00042102483054934516], [-0.009457751962725042, -6.550167280785622e-05, -0.0015332651556006674, -0.0012851761347442764, 9.791317162163457e-05, 0.00027112199246267924, 0.002311641616278244, -8.934980284896094e-05], [-0.002352280343997197, 4.7038851797641535e-05, 8.874772074912226e-05, -0.0007254888500259234, 0.0005421707707834076, -0.00042102483054934516, -8.934980284896092e-05, 0.0014634098238587437]], [[0.043816279305158475, 0.018091194973338613, -0.01567217060005268, -0.03836480269074268, -0.007418629345921497, -0.0012438980824717916, 0.0003231337508648054, 0.00044271390837582287], [0.018091194973338613, 0.009211010641145958, -0.005284883561357017, -0.016180440331402864, -0.0024869369298396995, -0.0008034505181850347, 0.0012360107179834041, 0.0004285213056315983], [-0.01567217060005268, -0.005284883561357017, 0.007027257099075753, 0.016002659083624405, 0.0014014985013633958, 0.00039283033305885533, 0.0003189892633721818, 0.00034965382688930384], [-0.03836480269074268, -0.016180440331402864, 0.016002659083624405, 0.05188335011601709, -0.001463065526993752, 0.001324813298283354, -0.0016957499271425037, 0.0010886172090405577], [-0.007418629345921497, -0.0024869369298396995, 0.0014014985013633958, -0.0014630655269937513, 0.013114419125050637, -0.0004130787818352484, 0.0010930157082491203, -0.0013857680066705579], [-0.0012438980824717913, -0.000803450518185035, 0.0003928303330588552, 0.001324813298283354, -0.00041307878183524844, 0.001890636335458646, 0.0011292385134438704, -0.0003179056521407593], [0.00032313375086480547, 0.0012360107179834043, 0.00031898926337218175, -0.0016957499271425037, 0.0010930157082491205, 0.0011292385134438704, 0.0022069429437082894, 0.000301176981695511], [0.0004427139083758231, 0.0004285213056315981, 0.0003496538268893038, 0.001088617209040558, -0.0013857680066705579, -0.0003179056521407592, 0.00030117698169551097, 0.003594066932205159]], [[0.03755127333229189, 0.011738211898790466, -0.007763801403578673, 0.005415831471835544, -0.0032838130094109954, -0.002413939792530427, -0.0015034423476743208, -0.00422446930945254], [0.011738211898790466, 0.004033657360013898, -0.0021267506896409734, 0.001560583372644962, -0.001687008398557061, -0.0002709899364944709, 0.0001744921157324658, -0.0012139895954798887], [-0.007763801403578673, -0.0021267506896409734, 0.00263679109234241, -0.0016258836867957685, 0.0004711431048116137, 0.0010176716800386297, 0.00013874098343903145, 0.001263699830180111], [0.005415831471835544, 0.0015605833726449617, -0.0016258836867957685, 0.0015568949501480658, -0.0008817267432204988, -0.0005087531884431063, -9.92388102972584e-05, -0.001404207015014088], [-0.0032838130094109954, -0.0016870083985570613, 0.0004711431048116137, -0.0008817267432204988, 0.0030555404797906424, -0.0014141716875490098, -0.00215065685900381, 0.0010631974450534733], [-0.002413939792530427, -0.0002709899364944709, 0.0010176716800386295, -0.0005087531884431063, -0.0014141716875490098, 0.0019350476282378667, 0.0019888768130386304, 0.0002536066453656589], [-0.0015034423476743208, 0.0001744921157324658, 0.0001387409834390315, -9.923881029725844e-05, -0.00215065685900381, 0.00198887681303863, 0.003122558847108031, 0.00027368906640168176], [-0.00422446930945254, -0.0012139895954798887, 0.0012636998301801111, -0.001404207015014088, 0.0010631974450534733, 0.0002536066453656589, 0.0002736890664016817, 0.00308038280858708]], [[0.2957137027249939, 0.01951977332704683, -0.05678455501106115, 0.015251687477000926, 0.029646157304299477, -0.012938492238597592, 0.0009358458348957163, -0.005003172093044124], [0.019519773327046835, 0.0015881510344018489, -0.0033091878835541143, 0.0011223150660942688, 0.0019266232025443818, -0.0003897092944524806, 0.00027102653621718876, -0.0010332932166628925], [-0.05678455501106115, -0.003309187883554114, 0.01167566589080378, -0.0027502194972889213, -0.005740768156190369, 0.0028736149365570034, -0.00012885519084318808, -4.788397918167866e-05], [0.015251687477000926, 0.0011223150660942688, -0.0027502194972889213, 0.001484702491661133, 0.0007552637382947362, -0.0002571642496044413, 0.00028471007285440695, -0.0008954215007907332], [0.02964615730429948, 0.0019266232025443818, 