{"weights": [0.17113811990254313, 0.04482138175163775, 0.33490479042254245, 0.17648507130144533, 0.11824389501138524, 0.15440674161044612], "means": [[3.805093932084786, 0.4335356307803583, -0.40224910959160276, 0.14989514018593497, -0.03679476525611257, 0.018064087287027825, 0.10291933952286365, 0.003868268505118911], [-0.6816272344151865, 1.4804244617056739, 1.0147844698795498, -0.0076382410535690195, 0.003476695738723142, 0.0014323377289280636, -0.005490128936411974, -0.0029573334120738407], [-3.914467948516041, -0.44417832868209256, 0.10489744096906362, 0.026717458165230183, 0.025327362136499443, -0.0007275933030583722, 0.009292900320305908, 0.004892885673692867], [1.101437596720174, 0.5381906723396452, -0.5447477520192308, 0.005389161206991191, 0.05046953231000629, -0.01275305498308474, -0.04387240601760784, 0.0053538677294428134], [-2.697476499934812, -0.032449904380133836, -0.2038377289697947, -0.09818254836876024, -0.10002381020656347, 0.007339465247308654, -0.00826613734725176, -0.020032920418551866], [6.870114131927123, -0.647373878559657, 0.3058191848930703, -0.042289815332425734, -0.00140686276477853, -0.0016058346035831724, -0.010644978925464876, -0.0012147785244857794]], "cov": [[[0.1963571171755075, -0.026218469085561257, 0.031466947704498725, -0.005291457478948611, -0.007920859330172027, -0.0005724924193551003, 0.006866940336136518, 0.004202860586657812], [-0.026218469085561254, 0.0044512691709633415, -0.002839720103883305, -0.000381645445950096, 0.001338516823328776, -7.025886128212965e-05, -0.0010454186211484758, -0.0004929474613856572], [0.031466947704498725, -0.002839720103883305, 0.007919904704527136, -0.0031970374243602655, -0.0008035276597708953, -0.0002262495348813556, 0.00022340142730105267, 0.0009552263825680115], [-0.005291457478948611, -0.00038164544595009576, -0.0031970374243602655, 0.0028013058831684026, -0.0007278612400402264, 0.00015641682942493665, 0.0006816857309184874, -0.0001695021817204582], [-0.007920859330172027, 0.0013385168233287761, -0.0008035276597708953, -0.0007278612400402265, 0.001867082958464307, 0.0002085541867294295, -0.0004223618652628816, -0.0003576161537148609], [-0.0005724924193551001, -7.025886128212967e-05, -0.00022624953488135566, 0.00015641682942493665, 0.00020855418672942967, 0.001283368265913858, -7.655432428565878e-05, 5.04662771297289e-06], [0.006866940336136517, -0.0010454186211484758, 0.00022340142730105272, 0.0006816857309184874, -0.00042236186526288137, -7.655432428565878e-05, 0.0008376859094419387, 1.8211480270443236e-05], [0.004202860586657812, -0.0004929474613856572, 0.0009552263825680115, -0.00016950218172045824, -0.0003576161537148608, 5.046627712972938e-06, 1.821148027044325e-05, 0.0008522886964923781]], [[0.261355215754021, 0.017889219863810354, -0.05297842479550492, 0.007535221607482284, 0.038845176722267616, 0.003892274635631666, 0.011925805372651454, -0.011188816935035848], [0.01788921986381035, 0.0018320850440474113, -0.003110614041069112, 0.0003198636320384256, 0.00296655036549314, 0.0001689942946451238, 0.0009950019686937814, -0.0010498764109443414], [-0.05297842479550492, -0.0031106140410691123, 0.011433301208770412, -0.0015820586176148908, -0.007790460305871004, -0.0004941919008738297, -0.0023873893317273003, 0.0020967585076278688], [0.007535221607482284, 0.0003198636320384256, -0.0015820586176148908, 0.0009405312462956721, 0.00027186058471220147, -6.169451019285229e-05, 0.00026940310774459784, -0.00028557357314342477], [0.038845176722267616, 0.00296655036549314, -0.007790460305871004, 0.00027186058471220147, 0.007988987114735079, 0.0018099390739885243, 0.0017654891646282302, -0.0029537173586994475], [0.003892274635631666, 0.0001689942946451238, -0.0004941919008738297, -6.169451019285229e-05, 0.0018099390739885243, 0.005401727492085852, -0.0007090868467889164, 0.0002913822854000655], [0.011925805372651452, 0.0009950019686937814, -0.0023873893317273003, 0.0002694031077445978, 0.0017654891646282302, -0.0007090868467889165, 0.0007849430271759396, -0.0008093965364594121], [-0.011188816935035848, -0.0010498764109443416, 0.0020967585076278688, -0.0002855735731434249, -0.0029537173586994475, 0.0002913822854000655, -0.0008093965364594123, 0.0031871657485723114]], [[0.04277057957667157, 0.018315939183764177, -0.015154661848138695, -0.037319920293463614, -0.008910023926127573, 0.0016931932868308732, 0.000937744802723854, -0.0004192099217652759], [0.018315939183764177, 0.010132435779228087, -0.005081344670000031, -0.0174124208289804, -0.0024754577239823254, 0.00037206051450505365, 0.001593348511317188, 0.0006492190621009209], [-0.015154661848138695, -0.00508134467000003, 0.007019031991151695, 0.01574133542620893, 0.0022078634959639674, -0.0004957532104319006, -7.927641412876492e-05, 0.0006360518891542333], [-0.037319920293463614, -0.0174124208289804, 0.01574133542620893, 0.05631284492310383, -0.0023432742949360138, 0.000229307191932228, -0.00342329929516334, 0.00020043537527195322], [-0.008910023926127572, -0.002475457723982326, 0.0022078634959639674, -0.0023432742949360146, 0.015709835955047498, -0.00020978963091394925, 0.00199417776155097, -0.0009698963262403105], [0.0016931932868308728, 0.00037206051450505365, -0.0004957532104319008, 0.0002293071919322278, -0.00020978963091394941, 0.005256284926563776, -0.0007691200579870863, -0.00011720343154309246], [0.000937744802723854, 0.001593348511317188, -7.927641412876502e-05, -0.00342329929516334, 0.00199417776155097, -0.0007691200579870864, 0.0011305936230608592, 3.7851214111291706e-05], [-0.00041920992176527596, 0.0006492190621009209, 0.0006360518891542332, 0.00020043537527195322, -0.0009698963262403104, -0.00011720343154309265, 3.785121411129168e-05, 0.0036303137956216034]], [[0.470460933350755, 0.0002626437506457273, 0.034930232746549, 0.03934146608655191, -0.005935559369428565, -0.005626810847018618, -0.023642816030849875, -0.012487993455669217], [0.0002626437506457273, 0.0013553759045117832, 0.0005128852780766186, 8.353779251612198e-05, -0.001514903631611066, 0.0002522662973604554, 0.0006980871296970726, 0.00014260511081441124], [0.034930232746549, 0.0005128852780766186, 0.004824464668610156, 0.0028324453307728755, -0.0015110202903156093, -0.0009875141426734023, -0.0029408470053438173, -0.0007168467369051307], [0.03934146608655191, 8.353779251612194e-05, 0.0028324453307728755, 0.006175783229406983, -0.001954245576287574, -0.0012225849425268483, -0.0019003598574598424, -0.0017704749654385752], [-0.005935559369428565, -0.0015149036316110657, -0.0015110202903156093, -0.001954245576287574, 0.003542718886624936, 0.0005624873256463858, -0.0002204717514562201, 9.874350533144456e-05], [-0.005626810847018618, 0.0002522662973604555, -0.0009875141426734025, -0.0012225849425268483, 0.000562487325646386, 0.003314157164059849, 0.0005708332663400679, 0.00029474039635267045], [-0.023642816030849875, 0.0006980871296970726, -0.0029408470053438177, -0.0019003598574598424, -0.00022047175145622016, 0.0005708332663400678, 0.0028661258584880543, 0.0003510059711382026], [-0.012487993455669217, 0.0001426051108144113, -0.0007168467369051308, -0.0017704749654385752, 9.874350533144455e-05, 0.00029474039635267056, 0.0003510059711382025, 0.0025245882096043616]], [[0.02563306724762758, 0.007750773552395183, -0.005148069166095452, 0.002721220866518692, -0.0013399587332302986, 0.002390299215764815, -0.00018225427188267652, -0.0001233633310999352], [0.007750773552395182, 0.0027870273631222186, -0.0012099558619218648, 0.0004529925081408933, -0.0006805305117511055, 0.00043717725142800804, 0.0001675477930182128, -0.0001336897227142083], [-0.005148069166095452, -0.0012099558619218648, 0.0018775278026701568, -0.0009055438025535995, 0.0002032384356134091, -0.0005350237547689675, -0.0002801388645273457, -0.00013755781305308318], [0.002721220866518692, 0.0004529925081408934, -0.0009055438025535995, 0.0018089118316600866, -0.0009178338972114968, 0.0005591676617600363, -9.820668131480135e-06, -0.0006324506417902619], [-0.0013399587332302986, -0.0006805305117511055, 