{"weights": [0.10540800272207093, 0.19998919108612548, 0.33348365451581213, 0.11961065601201794, 0.0856634921198222, 0.15584500354415137], "means": [[3.7078055059358563, 0.4573150984732373, -0.3938699559625983, 0.14618483092266898, -0.03342849916855922, -0.0765256072499989, 0.0667490381047596, -0.021233519547578416], [1.0507099189604145, 0.5576275941112661, -0.5330510587130953, 0.011004966432664043, 0.0437265397378034, 0.02386822810901858, -0.02868262157676508, 0.014658327472353187], [-3.918045415076797, -0.44285726328371716, 0.09320682197988388, 0.01360959204958367, 0.021297563009459706, -0.003458561918211175, 0.009865798511983864, -0.0014901066811407165], [-2.6917101933066276, -0.029474682164238968, -0.20530487340036915, -0.08698896131456464, -0.09946592974765177, -0.007594115026750918, -0.021882263589705735, -0.008575946690129841], [-0.7382237040508797, 1.437884815081178, 1.0611200042738043, -0.013860736213326622, 0.007574507029169381, -0.000719966015295683, -0.01013349228626021, 0.0038465199329917165], [6.855719525485458, -0.6494431687536536, 0.29904302776862796, -0.039788444285044355, -0.0033213710564558812, 0.007596130774849554, -0.007614456050699469, 0.0023654770939983143]], "cov": [[[0.22960831816315616, -0.026205322693993255, 0.041973618010752056, -0.011808964181520113, -0.008109279628043095, 0.0006951256228681191, 0.012685493911423514, 0.0007481771920901521], [-0.02620532269399325, 0.003963868315516691, -0.0031346567345080442, -9.475162530459857e-05, 0.0018361702257747386, 0.0001356786668592273, -0.0016704665621165259, -0.00026016168784041664], [0.041973618010752056, -0.0031346567345080442, 0.011074847561408495, -0.004632960012640366, -0.00012036465008369989, 0.0006485629460032432, 0.0015782682866915718, -0.00030216118448883367], [-0.011808964181520111, -9.475162530459866e-05, -0.0046329600126403655, 0.00353003180379378, -0.0012842200565526007, -0.000628822888645959, -0.0002707647419702941, 0.00037774881146751836], [-0.008109279628043095, 0.0018361702257747386, -0.0001203646500837, -0.0012842200565526007, 0.002408085139569154, -7.748284599255089e-05, -0.0007965530308020559, -0.0007531214263787082], [0.000695125622868119, 0.00013567866685922723, 0.0006485629460032432, -0.000628822888645959, -7.748284599255089e-05, 0.00113014899738748, 0.0003174838888460847, -0.0005570213143043491], [0.012685493911423514, -0.0016704665621165259, 0.0015782682866915718, -0.0002707647419702942, -0.000796553030802056, 0.0003174838888460847, 0.0012287302262988093, 8.974343875725149e-05], [0.0007481771920901521, -0.0002601616878404166, -0.0003021611844888337, 0.00037774881146751847, -0.0007531214263787082, -0.0005570213143043491, 8.974343875725148e-05, 0.0009546696674095368]], [[0.302723205991483, 0.0034835834873098845, 0.027964810005234448, 0.027701999199021502, -0.012831528486454608, 0.020071664587728025, -0.010105798550568007, -0.002526373039205827], [0.003483583487309885, 0.0013360383839929445, 0.0007184161500335607, 9.780676499913711e-05, -0.001435529830976988, -0.0012247618432649798, -0.0002321771189190762, 5.363742070805466e-05], [0.02796481000523445, 0.0007184161500335608, 0.004361731637812558, 0.0029186116928014913, -0.00197477871792947, 0.0025871864033351157, -0.001529740384664555, 5.519609867128885e-05], [0.027701999199021502, 9.780676499913714e-05, 0.0029186116928014917, 0.004400207769967733, -0.002135996220525187, 0.0025470364098990027, -0.0012909126687939301, -0.0006599240707045844], [-0.01283152848645461, -0.001435529830976988, -0.00197477871792947, -0.0021359962205251873, 0.0037380834933122956, 5.868146047930181e-05, 0.000357251084352698, 0.0004536170054487984], [0.02007166458772803, -0.0012247618432649798, 0.0025871864033351157, 0.0025470364098990027, 5.868146047930171e-05, 0.005229109467196414, 0.0003579083764287897, -0.0004004112251518764], [-0.010105798550568007, -0.0002321771189190762, -0.001529740384664555, -0.00129091266879393, 0.00035725108435269795, 0.0003579083764287898, 0.0021274738965226126, -7.899308731191298e-05], [-0.002526373039205827, 5.3637420708054665e-05, 5.519609867128887e-05, -0.0006599240707045844, 0.0004536170054487984, -0.0004004112251518764, -7.899308731191297e-05, 0.001210857216012955]], [[0.045745154963726435, 0.01869151519486017, -0.016669918897054287, -0.04148798909536251, -0.007386166836363527, -0.0011803586812408045, 0.0003605401324524045, 0.0003397215185105366], [0.01869151519486017, 0.00956126573181327, -0.0055156977071503886, -0.01768303669235197, -0.0027547051085028643, -0.001078661744090301, 0.0010832765207653922, 0.00024577677453736666], [-0.016669918897054287, -0.005515697707150388, 0.00760662514016841, 0.016885539255307187, 0.0013516301553623494, 0.00020770030819049776, 0.0001314958177479154, 0.0002559429817120414], [-0.04148798909536251, -0.01768303669235197, 0.016885539255307187, 0.05396534636429339, -0.0009463687976286897, 0.0014933844746532932, -0.0017762158545438932, 0.0009752627581065122], [-0.007386166836363527, -0.002754705108502864, 0.0013516301553623494, -0.0009463687976286893, 0.01167428652884009, -0.00022216017010049519, 0.0008947217489432182, -0.0013120575598840024], [-0.0011803586812408047, -0.001078661744090301, 0.00020770030819049784, 0.0014933844746532932, -0.00022216017010049519, 0.002060735135384773, 0.0010843673269454513, 7.412105913023915e-05], [0.0003605401324524046, 0.001083276520765392, 0.00013149581774791536, -0.001776215854543893, 0.000894721748943218, 0.0010843673269454513, 0.002144625831249904, 0.0005131114573179341], [0.00033972151851053645, 0.0002457767745373665, 0.0002559429817120414, 0.000975262758106512, -0.0013120575598840024, 7.412105913023916e-05, 0.0005131114573179341, 0.003380867865328448]], [[0.026441487932439483, 0.008239560925779403, -0.005414811859708505, 0.0037796554005311896, -0.0021827643118051787, -0.0017764037199013004, -0.0012360003936726597, -0.0029828487200966973], [0.008239560925779403, 0.0029658927507694673, -0.001333490709851412, 0.0010678447801680503, -0.0015817994434710384, 0.0001320300829082235, 0.00044168285097310073, -0.0009532316017775369], [-0.005414811859708505, -0.001333490709851412, 0.00237519880125545, -0.0013152632722349743, 9.208153676742364e-05, 0.0010046075977534045, -4.7045534796833995e-05, 0.0006636707971198011], [0.0037796554005311905, 0.0010678447801680505, -0.0013152632722349743, 0.0011884849896878309, -0.0006854892193923722, -0.0003569055844115461, 0.00012200833079764499, -0.0009105098393972511], [-0.0021827643118051787, -0.0015817994434710382, 9.208153676742366e-05, -0.000685489219392372, 0.00369697968440461, -0.0021831217434108013, -0.003063439360907368, 0.0009606840007904954], [-0.0017764037199013004, 0.00013203008290822358, 0.0010046075977534045, -0.00035690558441154615, -0.0021831217434108013, 0.002359537364616883, 0.00255826899455544, -4.786658404736411e-05], [-0.0012360003936726597, 0.00044168285097310073, -4.7045534796834056e-05, 0.00012200833079764501, -0.003063439360907368, 0.0025582689945554404, 0.004106505621135659, 0.0001098255225844259], [-0.0029828487200966973, -0.0009532316017775369, 0.0006636707971198013, -0.0009105098393972509, 0.0009606840007904954, -4.786658404736413e-05, 0.00010982552258442585, 0.0022878305042180235]], [[0.1858339783053178, 0.012294204066905994, -0.03563371291950526, 0.009608948421652063, 0.018497348230849208, -0.008040421003022125, 0.0006934923494061087, -0.0030416142270996145], [0.012294204066905994, 0.0011117425541821745, -0.0019003306635137808, 0.0006825141969945209, 0.0012213291552809389, -0.0001990637666610892, 0.000173914416003876, -0.0006468363876000411], [-0.03563371291950527, -0.0019003306635137808, 0.0077090727129146205, -0.0017668116028707575, -0.0035099219314589074, 0.0017046553940620777, -0.00025320535044124487, -0.00012537015460039585], [0.009608948421652063, 0.000682514196994521, -0.0017668116028707577, 0.0011935420124023575, 8.293033012646481e-05, -6.251382024166432e-05, 0.00029995961228732477, -0.0004809452920558835], [0.018497348230849208, 0.0012213291552809389, 