{"weights": [0.08754749169299797, 0.173384705059148, 0.30769920679277096, 0.16226597831223297, 0.08899768640882082, 0.1801049317340294], "means": [[-3.749097544150612, 0.4420256198444576, 0.40863957440113413], [-1.0584932968210794, 0.53792233193664, 0.5505404736465198], [3.9343150302983885, -0.45064229119491267, -0.11310737546716162], [2.7108992325320123, -0.03713047295555636, 0.19875727265876253], [0.6765327965138566, 1.478185291537886, -1.0072451501921833], [-6.868831638121339, -0.650046824041171, -0.3040301478979617]], "cov": [[[0.26092123752681073, 0.034835714255863875, 0.041886173405529144], [0.034835714255863875, 0.005661079325310167, 0.00400268248709344], [0.041886173405529144, 0.004002682487093441, 0.010032724165449808]], [[0.4844295802171603, -0.0002295685546668496, 0.035862976443560284], [-0.0002295685546668496, 0.00123671352693714, -0.00045870053435880214], [0.03586297644356028, -0.00045870053435880225, 0.004753692419227074]], [[0.04298018219552962, -0.018432146778339178, -0.015466314971877736], [-0.018432146778339178, 0.009750124060267045, 0.005512067307081065], [-0.015466314971877735, 0.005512067307081064, 0.006941943490081802]], [[0.04521878546905272, -0.013675469085769937, -0.009164912830521134], [-0.013675469085769937, 0.004684048793376568, 0.0022585996749918463], [-0.009164912830521134, 0.0022585996749918463, 0.002979462240948299]], [[0.2501944996644004, -0.017141890456246818, -0.0506865337184752], [-0.01714189045624682, 0.0018394602969690464, 0.002897879603450499], [-0.0506865337184752, 0.002897879603450499, 0.011064791710207123]], [[0.0005624174118448603, -0.00029305893610165096, 0.0008118387116137435], [-0.00029305893610165096, 0.006810142486081505, -0.004749498583420609], [0.0008118387116137435, -0.00474949858342061, 0.00438432805769275]]]}