{"MAP index": 55, "entropy_prior_gmm": 1.3578709880949386e-07, "entropy_MAP_gmm": 3.3865394990441587e-08, "entropy_z_nk_prior": 0.2076536539080485, "entropy_MAP_z_nk": 0.21595339338533337, "entropy_mixing_prior": 81.09822012551359, "entropy_MAP_mixing": 1.210474409710233}