,X,Y,Z,id,nugget
0,100.0,0.0,-825.0,68346633,1e-05
1,300.0,0.0,-817.9181006117428,68346633,1e-05
2,900.0,0.0,-825.0,68346633,1e-05
3,100.0,0.0,-844.9999999999999,96736211,1e-05
4,300.0,0.0,-825.2485002798925,96736211,1e-05
5,900.0,0.0,-844.9999999999999,96736211,1e-05
6,100.0,0.0,-855.0,73232453,1e-05
7,300.0,0.0,-826.0586061188925,73232453,1e-05
8,900.0,0.0,-855.0,73232453,1e-05
