,X,Y,Z,id,nugget
0,100.0,0.0,-825.0,14211052,1e-05
1,300.0,0.0,-809.6391175978993,14211052,1e-05
2,900.0,0.0,-825.0,14211052,1e-05
3,100.0,0.0,-844.9999999999999,62946313,1e-05
4,300.0,0.0,-818.9378703137086,62946313,1e-05
5,900.0,0.0,-844.9999999999999,62946313,1e-05
6,100.0,0.0,-855.0,43406564,1e-05
7,300.0,0.0,-839.5012895886292,43406564,1e-05
8,900.0,0.0,-855.0,43406564,1e-05
