{"weights": [0.07866254524663724, 0.09357250037841246, 0.3224573989631052, 0.27194877383749466, 0.14353965042251984, 0.08981913115183054], "means": [[3.6823074043515307, 0.476416766168318, -0.3676499703823874, 0.11697449746916272, -0.02745973367891248, -0.09063811437078034, 0.05173626114223366, -0.004831422142984946], [1.0812404763459644, 0.5613210684510375, -0.5295213388303865, 0.0027929961270807724, 0.04422521450765723, 0.03341803201298903, -0.020312573931207348, 0.004540995144781675], [-3.932684718415397, -0.45408336467802185, 0.09584615409451372, 0.053367934496521885, 0.013638878052810773, 0.010007450601055007, 0.017623323908131004, -0.004886829453526962], [-2.7071091280467816, -0.03414666040609629, -0.21723960251708493, -0.08222013688455514, -0.09971915238341107, -0.013897832855764607, -0.015455445351858148, -0.019319320514738298], [-0.682710358776649, 1.4455458919618607, 1.0606509803061817, -0.010623679275166926, 0.029207315406233128, -0.01623294919414937, -0.029318733870422473, -0.020631367263776818], [6.85205393814232, -0.6360547305497688, 0.3024838882180058, -0.04424033465463064, -0.0015609807893319034, 0.001621084171282552, -0.0016217002366573482, 0.0023266697821244346]], "cov": [[[0.1301788943719955, -0.014941971027329576, 0.023618237611671485, -0.0065572128488168985, -0.0046284249039225765, 0.0003453387389938165, 0.007221159405841297, 0.0004262840021482479], [-0.014941971027329578, 0.002646031755573966, -0.0011203667904867134, -0.0005742316546294528, 0.001362843281278224, 0.00015841498016171108, -0.0010375794088002984, -0.0002105704175015745], [0.023618237611671485, -0.001120366790486713, 0.007481216161582693, -0.003603678333136722, 0.0003417969516088595, 0.0005739468138128384, 0.0006745461805491007, -0.00019110694916238736], [-0.0065572128488168985, -0.0005742316546294527, -0.0036036783331367217, 0.002957254720993654, -0.0013575884509650761, -0.0005675102125715113, 9.838680002249114e-05, 0.00048447008042233435], [-0.0046284249039225765, 0.001362843281278224, 0.00034179695160885926, -0.0013575884509650761, 0.0023231677335204216, -9.61158280959718e-05, -0.0005682877221230779, -0.0007818422884496561], [0.0003453387389938165, 0.00015841498016171108, 0.0005739468138128384, -0.0005675102125715114, -9.61158280959718e-05, 0.0011057913762524826, 0.0002860330041540281, -0.0005367038523822097], [0.007221159405841297, -0.0010375794088002984, 0.0006745461805491007, 9.838680002249111e-05, -0.0005682877221230779, 0.00028603300415402813, 0.0008616771641581929, -2.0248773550396335e-05], [0.00042628400214824797, -0.0002105704175015745, -0.0001911069491623873, 0.00048447008042233446, -0.0007818422884496561, -0.0005367038523822098, -2.0248773550396342e-05, 0.0008754837699577504]], [[0.20882789943919478, 0.002421009649421952, 0.01917981588218966, 0.019029388758199983, -0.008834573861235241, 0.013770886965100251, -0.006883546190598783, -0.0017560215330669714], [0.002421009649421952, 0.0014875664953423041, 0.0006693015043079636, -0.00018017130272204206, -0.0015538174062797421, -0.001451189969931796, -0.00012451972993260646, 8.215215411483563e-05], [0.01917981588218966, 0.0006693015043079636, 0.0039786433393158675, 0.001880239176866094, -0.0013499845121188224, 0.0019707842373440994, -0.0016318950275214495, 0.00037622118577053604], [0.019029388758199983, -0.0001801713027220421, 0.0018802391768660944, 0.003818754155480356, -0.0015945306202207001, 0.0018075711832381883, -0.001220753248892842, -0.0005675159368697469], [-0.008834573861235241, -0.0015538174062797421, -0.0013499845121188226, -0.0015945306202207, 0.0036834315756469524, 0.0006498066419268826, -1.0307995446997057e-06, 0.000424759195247153], [0.013770886965100253, -0.001451189969931796, 0.0019707842373440994, 0.0018075711832381879, 0.0006498066419268827, 0.005085416522212156, 0.0006937804403977794, -0.00030003138486599874], [-0.006883546190598783, -0.00012451972993260646, -0.0016318950275214497, -0.001220753248892842, -1.0307995446998065e-06, 0.0006937804403977793, 0.0028060703452359543, -0.00021430396440483596], [-0.0017560215330669714, 8.215215411483566e-05, 0.00037622118577053593, -0.0005675159368697471, 0.000424759195247153, -0.00030003138486599874, -0.00021430396440483585, 0.0016788120898336117]], [[0.04734985696432223, 0.01951046824509413, -0.01705469280939994, -0.04229093799724991, -0.007791765667103413, -0.0012700331831108126, 0.0004287947500180473, 0.0004687673154948105], [0.019510468245094132, 0.009882715459204628, -0.005785750030165734, -0.017873124670146786, -0.0027110680403794915, -0.0009825723825310079, 0.0011786127781576365, 0.00026586044788957263], [-0.017054692809399943, -0.005785750030165734, 0.007670986607078603, 0.017448487905891066, 0.0014940057444029525, 0.0003300333165465244, 0.00015359234148107066, 0.00022218003897038832], [-0.042290937997249915, -0.01787312467014679, 0.01744848790589107, 0.055966385516130354, -0.001218487473815904, 0.0015036063061980385, -0.001766455895548506, 0.001136175173840286], [-0.007791765667103413, -0.0027110680403794915, 0.0014940057444029525, -0.0012184874738159035, 0.013035989270224403, -0.0003363899914013959, 0.001082502539913622, -0.0013552056064712235], [-0.0012700331831108124, -0.000982572382531008, 0.0003300333165465243, 0.0015036063061980383, -0.00033638999140139596, 0.0021000942441268553, 0.0011446358091895936, -0.0002707049713243374], [0.0004287947500180473, 0.0011786127781576365, 0.00015359234148107072, -0.001766455895548506, 0.0010825025399136224, 0.0011446358091895938, 0.0022057818165319492, 0.0002152923773086058], [0.00046876731549481027, 0.0002658604478895726, 0.00022218003897038838, 0.0011361751738402858, -0.0013552056064712239, -0.00027070497132433734, 0.0002152923773086055, 0.0036100196175772245]], [[0.03881425271526619, 0.012159663830262058, -0.008040338154043737, 0.005612435940269004, -0.0034852896559571787, -0.002444226607653597, -0.0014444958750075407, -0.004352859683130377], [0.012159663830262058, 0.0040817723394971275, -0.002277212458324177, 0.0016196535734492707, -0.0014843997665187649, -0.00046941034501417323, -4.921938639399161e-05, -0.0011915990287013848], [-0.008040338154043737, -0.002277212458324177, 0.0024975377802877426, -0.0016252910281001009, 0.0006316872776975995, 0.0009075441877817562, 0.0001758544669232003, 0.0014169064305463227], [0.005612435940269005, 0.0016196535734492707, -0.001625291028100101, 0.0015430177140170122, -0.0008520619602972658, -0.0005422879130607596, -0.00019675865380288428, -0.001521257203986627], [-0.003485289655957179, -0.0014843997665187647, 0.0006316872776975996, -0.000852061960297266, 0.0021066930819202, -0.0007062857711898121, -0.0012013996964909122, 0.0009933100807002246], [-0.002444226607653597, -0.00046941034501417323, 0.0009075441877817562, -0.0005422879130607596, -0.0007062857711898122, 0.0013309525418524607, 0.001261468223367156, 0.00041166218677709306], [-0.0014444958750075409, -4.921938639399166e-05, 0.00017585446692320033, -0.00019675865380288428, -0.0012013996964909122, 0.001261468223367156, 0.0019980548718211283, 0.0003829981817908463], [-0.004352859683130377, -0.0011915990287013846, 0.0014169064305463229, -0.001521257203986627, 0.0009933100807002246, 0.00041166218677709306, 0.0003829981817908462, 0.003169310337477847]], [[0.4035495795803373, 0.026592667112740113, -0.07760249607136809, 0.020842825646635085, 0.040244008458099646, -0.017487517962602946, 0.0015151737834456405, -0.006523305102173353], [0.026592667112740113, 0.001973828699165665, -0.004799413972536695, 0.0014496644056747417, 0.0026477469879185485, -0.0008110908799663252, 0.00024802683957205694, -0.0009823934442169731], [-0.07760249607136809, -0.004799413972536695, 0.015513346007593852, -0.003927434799046545, -0.007433661855983437, 0.0033623858837379082, -0.0006053023463592196, 0.00017185487678883979], [0.020842825646635085, 0.0014496644056747419, -0.003927434799046545, 0.0017385749682218023, 0.0008314716554902093, -0.00014155580283054187, 0.0008335678200883715, -0.00031770929303042236], [0.040244008458099646, 