{"weights": [0.17114033080886729, 0.1586613019587485, 0.28917452585259795, 0.14612368917490134, 0.14765209923342568, 0.08724805297145896], "means": [[3.805837268751928, 0.43313146948848136, -0.40362046904114385, 0.149693810029049, -0.036827602107010395, 0.01582721192871023, 0.10629090182474135, 0.003906062124570341], [-0.6827616551797139, 1.4821161104345544, 1.0154886245577337, -0.007652257690843323, 0.0028679635123401953, 0.0026305902222099786, -0.005930035973179499, -0.0018968125763105263], [-3.9155058868666917, -0.4436700526222839, 0.10615304895091145, 0.025704585244014127, 0.02669581382249021, -0.0007429155918141819, 0.01103485688607806, 0.0037548178685307258], [1.104650034615487, 0.5385883243594113, -0.545778271608135, 0.0031460751889772587, 0.04884947382237977, -0.01271947029893223, -0.04464688567040651, 0.004819905078018592], [-2.699498776915946, -0.0326312215987142, -0.20251410237722575, -0.09932632713514643, -0.1004709058465725, 0.006156746339374205, -0.008572322106260561, -0.019625488548415847], [6.8700081568864, -0.6479492822572295, 0.30704884288388373, -0.04283098525225975, -0.001549861884414573, -0.00016603785454954949, -0.013054278694426187, -0.0012146293972807485]], "cov": [[[0.16892480081413164, -0.02259041268132426, 0.02699695812440567, -0.00449705522882449, -0.006804444037068695, -0.000490353547991559, 0.005930407022940781, 0.003587799579190735], [-0.02259041268132426, 0.003997603376006611, -0.0021009594068896313, -0.0006370600214793641, 0.0011572253112667869, -0.00011620848042030171, -0.001014233263142638, -0.0004976233003277984], [0.02699695812440567, -0.0021009594068896313, 0.007483285151989817, -0.0033529088062115666, -0.0006457446890062674, -0.00021481672134038776, -2.350033197922978e-05, 0.0009032540486767837], [-0.004497055228824491, -0.0006370600214793642, -0.0033529088062115666, 0.0029845335974983582, -0.0009377673465503723, 0.00018216817944137912, 0.000772108005723534, -0.00019879602254063648], [-0.006804444037068695, 0.0011572253112667869, -0.0006457446890062674, -0.0009377673465503721, 0.002070878225157047, 0.0002493463567732741, -0.0004280117027438279, -0.0004751996248666936], [-0.0004903535479915592, -0.00011620848042030174, -0.00021481672134038776, 0.0001821681794413791, 0.00024934635677327407, 0.0015840553364172725, -0.00010715804288213295, 3.858330508028123e-05], [0.005930407022940781, -0.001014233263142638, -2.3500331979229583e-05, 0.0007721080057235339, -0.0004280117027438279, -0.00010715804288213295, 0.0007834550514323646, -0.00013146651854046483], [0.003587799579190735, -0.0004976233003277984, 0.0009032540486767837, -0.00019879602254063646, -0.0004751996248666936, 3.858330508028121e-05, -0.0001314665185404648, 0.0008089462352881178]], [[0.2520895046251698, 0.01727372012157568, -0.0510688483168698, 0.007273334854252186, 0.03746723415985951, 0.003806731361863921, 0.011493156361183478, -0.010772772171823417], [0.017273720121575683, 0.0018798495633362664, -0.0028836820713145092, 0.000318700163324801, 0.0028165364994490083, 0.0001749269926839986, 0.000992175851794081, -0.0010500194959558212], [-0.0510688483168698, -0.002883682071314509, 0.011179993319979199, -0.001489877766169475, -0.007571984679378364, -0.0005567448721409282, -0.002284778853977484, 0.0020066733661780398], [0.007273334854252186, 0.000318700163324801, -0.001489877766169475, 0.0008719939969908176, 0.00028721694546868806, 4.190699204994757e-05, 0.00023791938813899833, -0.00022782737748495692], [0.0374672341598595, 0.0028165364994490083, -0.007571984679378364, 0.0002872169454686881, 0.0076376266693978356, 0.0013275273080781097, 0.00175759731730299, -0.002957083134048332], [0.003806731361863921, 0.0001749269926839986, -0.0005567448721409282, 4.190699204994756e-05, 0.0013275273080781097, 0.0040332492605442884, -0.0004921958840316356, 0.0002903645798255267], [0.011493156361183476, 0.000992175851794081, -0.002284778853977484, 0.00023791938813899827, 0.00175759731730299, -0.0004921958840316356, 0.0007476645402941914, -0.0008017609064643058], [-0.010772772171823417, -0.0010500194959558212, 0.0020066733661780398, -0.00022782737748495692, -0.002957083134048332, 0.00029036457982552666, -0.0008017609064643058, 0.0031673598955627587]], [[0.043384821722184365, 0.018596265896390865, -0.0156251347608375, -0.039639392539381466, -0.008823891618196071, 0.001456744524689844, 0.0010636093616882677, -0.00014117000559014817], [0.01859626589639086, 0.00991907370781922, -0.0055072294706086, -0.018490920497542182, -0.0027048316838663906, 0.00039977802135738965, 0.0014918240250574092, 0.00024842870449468527], [-0.0156251347608375, -0.0055072294706086, 0.0070558526610042735, 0.016350905719833695, 0.0021076557621957895, -0.00039585416464435756, -0.00017825530468675322, 0.00018723452804281422], [-0.03963939253938146, -0.018490920497542182, 0.0163509057198337, 0.05721641646825555, -0.0019008783084807472, -4.487657851643398e-05, -0.003469626533259465, 0.0004160244193050838], [-0.00882389161819607, -0.00270483168386639, 0.0021076557621957895, -0.0019008783084807467, 0.013913340824619803, -0.0004921279524276474, 0.001719552434213517, -0.0006150205445812657], [0.0014567445246898435, 0.00039977802135738954, -0.0003958541646443577, -4.487657851643408e-05, -0.0004921279524276474, 0.0038328387691848927, -0.000552872837840319, -0.0001981505762097347], [0.0010636093616882677, 0.0014918240250574092, -0.00017825530468675317, -0.003469626533259465, 0.001719552434213517, -0.000552872837840319, 0.0009998913675103166, -0.00011349679734971765], [-0.0001411700055901481, 0.00024842870449468527, 0.00018723452804281416, 0.0004160244193050838, -0.0006150205445812657, -0.0001981505762097347, -0.00011349679734971765, 0.0030277331874561677]], [[0.42327581813571596, 0.0002344254051954208, 0.031411029895474465, 0.03538999943074991, -0.00533048939931623, -0.005047494520511857, -0.021263608575140685, -0.011229169851705639], [0.0002344254051954208, 0.0012415072297106507, 0.00038612072199870317, 0.00019185961704262496, -0.0014251570604624647, 0.0002595128796866443, 0.0006629956205799869, 0.0001650680398771336], [0.031411029895474465, 0.00038612072199870317, 0.004350804130763159, 0.0026840014538109702, -0.0013572168031417476, -0.0009874657176579577, -0.002701366807711069, -0.0006274212932662373], [0.03538999943074992, 0.00019185961704262485, 0.0026840014538109702, 0.005459986722066176, -0.0018695675982770355, -0.0011314574274888859, -0.0016746910634164744, -0.0017170328420933975], [-0.00533048939931623, -0.0014251570604624647, -0.0013572168031417478, -0.0018695675982770355, 0.0033359380075111975, 0.0005333509098140789, -0.0002568021215941699, 0.00013218616781990965], [-0.005047494520511857, 0.0002595128796866442, -0.0009874657176579577, -0.0011314574274888859, 0.0005333509098140789, 0.0031264888113558954, 0.0006230565841063815, 0.00016167507755513044], [-0.02126360857514068, 0.0006629956205799868, -0.0027013668077110684, -0.001674691063416474, -0.00025680212159416994, 0.0006230565841063817, 0.002654444911360976, 0.00039893263105564026], [-0.011229169851705639, 0.00016506803987713354, -0.0006274212932662371, -0.0017170328420933977, 0.00013218616781990965, 0.00016167507755513046, 0.00039893263105564026, 0.0020337785350179032]], [[0.04258106379402373, 0.01287269726837963, -0.008630668634731511, 0.004665881323018354, -0.0023426568901081485, 0.0041230073545103245, -0.0002427470088305146, -0.00030796898737449845], [0.012872697268379628, 0.004367170298968111, -0.0021922332124544477, 0.001126492787946523, -0.0011141991588233665, 0.0009228676235454466, 0.00013739040957333628, -0.00020733666368667113], [-0.008630668634731511, -0.0021922332124544477, 0.0027007070060768076, -0.0012752975304790083, 0.00025712756717721004, -0.0007977480476054373, -0.00030672467601608374, -3.651563372035112e-05], [0.004665881323018354, 0.001126492787946523, -0.0012752975304790083, 0.0018675213998672951, -0.0010263323402944211, 0.0005020872320195581, 7.158108138111606e-05, -0.0005713083407713441], [-0.002342656890108148, -0.0011141991588233663,