{"entropy_prior_gmm": 4.6051701859880925e-09, "entropy_Mean_gmm": 0.0024642772041261196, "entropy_z_nk_prior": 0.07296467743593256, "entropy_Mean_z_nk": 0.056893440872256715, "entropy_mixing_prior": 85.69175851611257, "entropy_Mean_mixing": 0.9652348871456007}