,X,Y,Z,id,nugget
0,100.0,0.0,-825.0,89824158,1e-05
1,300.0,0.0,-786.6568756700004,89824158,1e-05
2,900.0,0.0,-825.0,89824158,1e-05
3,100.0,0.0,-844.9999999999999,61178027,1e-05
4,300.0,0.0,-805.2996268405592,61178027,1e-05
5,900.0,0.0,-844.9999999999999,61178027,1e-05
