{"weights": [0.24305943704194638, 0.17614000078891792, 0.5808005621691357], "means": [[1.8037496536958906, 3.6044928515381542, -0.06659891070779747, -0.006627681771890035, -0.00463756745968371, 0.0054318694667504115, 0.007310327875881758, 0.018276453135814948], [4.0136049969808685, -2.704789710449037, -0.053261853692497765, 0.08097954030825844, -0.02055265597885118, 0.0002956377544810156, -0.01196600717039234, -0.004896979679777026], [-2.113188735033633, -0.5293557017786329, 0.043590800260397494, -0.02235763117086004, 0.004166670619739613, 0.011816524983620437, -0.013805966594114821, 0.00039902745310951013]], "cov": [[[0.7908104690899326, -0.04793875461874549, 0.07313749137138392, 0.006691653824894323, 0.0572034803990035, 0.06469021794433429, 0.015188526093194377, 0.011207530330921305], [-0.047938754618745485, 0.8313149691601608, 0.075700834633013, -0.03439317601129928, -0.034847322803129195, -0.03927884151948573, -0.0020823700126101543, -0.014289817113173273], [0.07313749137138392, 0.075700834633013, 1.6911739774483519, 0.03152917563972596, -0.04023872841873244, -0.026665841355313306, -0.01351485687439621, -0.0024594963773818712], [0.00669165382489432, -0.034393176011299285, 0.03152917563972596, 0.8177392562214643, -0.012129041560820545, -0.020334923452004126, -0.027070349548656593, 0.05196274988552705], [0.057203480399003484, -0.03484732280312919, -0.04023872841873244, -0.012129041560820543, 0.8208474858237073, 0.009685352490453254, 0.08828946201558158, -0.00012788526472731765], [0.06469021794433426, -0.03927884151948571, -0.026665841355313302, -0.020334923452004126, 0.009685352490453256, 0.7559556213272568, 0.06000103733004849, 0.015575271489206993], [0.015188526093194377, -0.0020823700126101543, -0.01351485687439621, -0.027070349548656596, 0.0882894620155816, 0.06000103733004849, 0.8686150631252649, 0.02267898625940981], [0.011207530330921301, -0.014289817113173273, -0.0024594963773818712, 0.05196274988552705, -0.00012788526472731678, 0.015575271489206993, 0.022678986259409804, 0.7671292298150879]], [[0.880193751693497, 0.05901486652379226, -0.005385323589692191, -0.11701303048631534, -0.04134604381830153, 0.006794499582719039, -0.03505617497448754, -0.058428677543720234], [0.05901486652379227, 0.8410476237237561, 0.027227343268979187, 0.05168048834523271, 0.13824359462522237, -0.029631351670934353, -0.050735186151283765, -0.012026524727875272], [-0.005385323589692191, 0.027227343268979187, 0.8177039315417557, 0.022074458416032866, 0.0515974916146347, 0.011155923354022178, 0.01789456795409751, 0.009862413534491112], [-0.11701303048631537, 0.051680488345232714, 0.022074458416032866, 1.0482064983623944, 0.18378592680888295, -0.14031451049731272, 0.026359029069117752, -0.06689101650928968], [-0.04134604381830152, 0.1382435946252224, 0.051597491614634707, 0.18378592680888298, 0.9752757525666094, -0.0017704933091354548, -0.061077043420439736, -0.029229525901175685], [0.006794499582719039, -0.029631351670934353, 0.011155923354022176, -0.14031451049731275, -0.0017704933091354513, 0.8714637324812962, -0.07626528485319573, 0.052738120668059205], [-0.03505617497448753, -0.05073518615128375, 0.017894567954097503, 0.026359029069117745, -0.06107704342043972, -0.0762652848531957, 0.8547482404354715, 0.031012835555493896], [-0.058428677543720234, -0.01202652472787527, 0.009862413534491115, -0.06689101650928969, -0.02922952590117569, 0.052738120668059205, 0.031012835555493917, 0.8711611503432152]], [[0.5126355511466139, 0.007516428800487349, -0.004208796092223448, -0.07865965909477597, 0.02844526841460289, -0.017965414282183113, 0.0024149987730553513, 0.002980191392243989], [0.007516428800487352, 0.5477606544187956, -0.006443029763443355, 0.02798317883236632, -0.031830279465690885, 0.015239745614405088, -0.028412940139671813, 0.007808297914245], [-0.0042087960922234414, -0.006443029763443355, 0.5295411601506511, -0.10340521853737905, 0.009931294188736606, -0.024264564330663943, 0.03473295160610538, 0.010191995180846757], [-0.07865965909477596, 0.027983178832366312, -0.10340521853737908, 0.8783476462658895, -0.12899411896259716, 0.12724865266903512, -0.032400635261249484, 0.019501437772849572], [0.028445268414602886, -0.03183027946569088, 0.009931294188736605, -0.12899411896259716, 0.5432800484017066, 0.00452881181185736, 0.0023266373575210712, -0.032467164896854535], [-0.017965414282183106, 0.015239745614405085, -0.02426456433066395, 0.12724865266903518, 0.00452881181185736, 0.550634396144287, -0.007614051831517014, -0.030787011060611102], [0.0024149987730553513, -0.028412940139671827, 0.0347329516061054, -0.0324006352612495, 0.0023266373575210712, -0.007614051831517015, 0.5467454854196993, 0.009836135718574224], [0.0029801913922439874, 0.007808297914244993, 0.010191995180846757, 0.019501437772849572, -0.032467164896854514, -0.030787011060611096, 0.009836135718574217, 0.5389166225163436]]]}