{"MAP index": 23, "entropy_prior_gmm": 4.6051701859880925e-09, "entropy_MAP_gmm": 0.013144398108124733, "entropy_z_nk_prior": 0.060316246767939175, "entropy_MAP_z_nk": 0.12486156243210483, "entropy_mixing_prior": 85.69175851611257, "entropy_MAP_mixing": 0.9244118402064025}