{"weights": [0.20449123189626722, 0.6215318995400392, 0.1739768685636935], "means": [[-1.9898108431871522, -0.6209407669954726, 0.14655660212471996, -0.6537180001034725, 0.22427504988807603, -0.10596294142108191, 0.001039766709085419, -0.02366910957440092], [0.17068599655649963, -0.7979478881544305, 0.2182627477560348, 0.23634728472706465, -0.07048444106530947, 0.03656533114815141, -0.0035501550229180387, 0.005066367602778285], [1.7290349078165919, 3.5805162731047053, -0.952004721604789, -0.0759743394782429, -0.011805895282668951, -0.006081425122815607, 0.011460784622067637, 0.009720926171371729]], "cov": [[[0.013134706039401044, -0.002861970972330147, -0.00857515560860575, 0.01219206149844244, -0.0027434362837084427, -0.0077388658234032355, -0.016895048318717104, 0.013604608371855436], [-0.002861970972330147, 0.028059842195376192, -0.008675823250590976, 0.005691271687447704, -0.021655757832270025, -0.005347094663129312, -0.02033605333108445, -0.007817807755066382], [-0.00857515560860575, -0.008675823250590976, 0.010493795451529878, -0.013765110782803888, 0.011604149508725228, 0.00849353305211285, 0.020367219896963218, -0.00845046797664777], [0.01219206149844244, 0.005691271687447704, -0.013765110782803888, 0.024008685027951504, -0.013597590016678186, -0.013121811523247755, -0.02163546944315399, 0.017032941538452452], [-0.0027434362837084427, -0.021655757832270025, 0.011604149508725228, -0.013597590016678186, 0.031028748692706425, 0.014751300946389316, 0.013958394160349849, -0.011174972266840052], [-0.0077388658234032355, -0.005347094663129312, 0.00849353305211285, -0.013121811523247755, 0.014751300946389316, 0.016955363522212583, 0.005708866124147089, -0.018594740234777075], [-0.016895048318717104, -0.02033605333108445, 0.020367219896963218, -0.02163546944315399, 0.013958394160349849, 0.005708866124147089, 0.05591223376520848, -0.0006756954670044071], [0.013604608371855436, -0.007817807755066382, -0.00845046797664777, 0.017032941538452452, -0.011174972266840052, -0.018594740234777075, -0.0006756954670044071, 0.030568089129367274]], [[8.435797680954632, -1.9805148039239502, 0.47110500767362296, -0.44484655851862753, 0.14222824186105468, -0.07086281124609885, -0.0025562005106032942, -0.03091270933601835], [-1.9805148039239502, 3.151175096193998, 1.124971420712329, 0.14222994110479784, 0.03456164887254331, 0.016742672078868665, -0.006189861100738657, -0.009482465145823597], [0.47110500767362296, 1.124971420712329, 0.906917926183692, -0.05481679035991216, 0.022310662543044202, -0.001816229980912742, 0.003162571083699522, 0.0035904434031547665], [-0.44484655851862753, 0.14222994110479784, -0.05481679035991216, 0.7627599109172934, 0.07337448196707946, -0.022165342238909504, 0.026330772812287462, -0.015656467232554], [0.14222824186105468, 0.03456164887254331, 0.022310662543044202, 0.07337448196707946, 0.374134282419371, -0.013676854217954875, -0.043653685450200194, 0.007276363635145761], [-0.07086281124609885, 0.016742672078868665, -0.001816229980912742, -0.022165342238909504, -0.013676854217954875, 0.14238910998677548, -0.027227379717302623, 0.013476839546975688], [-0.0025562005106032942, -0.006189861100738657, 0.003162571083699522, 0.026330772812287462, -0.043653685450200194, -0.027227379717302623, 0.06757078118705052, 0.014434795222229388], [-0.03091270933601835, -0.009482465145823597, 0.0035904434031547665, -0.015656467232554, 0.007276363635145761, 0.013476839546975688, 0.014434795222229388, 0.08881942454253616]], [[0.08683917421752484, -0.07778351826179764, 0.18278403762030968, 0.03320392434445514, 0.08304384407926375, 0.002644570915529353, 0.013770861783355294, 0.01919008663505026], [-0.07778351826179764, 0.2239344562785486, 0.12906711832017986, -0.04614667370255373, -0.09298676848670201, -0.004855005938575768, -0.00438083976030879, 0.005426781407941167], [0.18278403762030968, 0.12906711832017986, 2.2372558671873595, 0.06800469720127834, -0.08825772085078193, -0.019542524236652446, -0.021737950979087088, 0.006486955340151032], [0.03320392434445514, -0.04614667370255373, 0.06800469720127834, 0.07516155208054812, -0.0152035306385373, -0.018146406733875735, -0.06396920104949193, 0.014186267929079685], [0.08304384407926375, -0.09298676848670201, -0.08825772085078193, -0.0152035306385373, 0.227983258038104, 0.06859053665255355, 0.13851333513564673, -0.005229853228914473], [0.002644570915529353, -0.004855005938575768, -0.019542524236652446, -0.018146406733875735, 0.06859053665255355, 0.0518161223229636, 0.09122253301820746, -0.029840485165889486], [0.013770861783355294, -0.00438083976030879, -0.021737950979087088, -0.06396920104949193, 0.13851333513564673, 0.09122253301820746, 0.2222087607350246, -0.050792285880000634], [0.01919008663505026, 0.005426781407941167, 0.006486955340151032, 0.014186267929079685, -0.005229853228914473, -0.029840485165889486, -0.050792285880000634, 0.03795417818036977]]]}