{"weights": [0.08888811438488002, 0.07777777777777777, 0.3277819605206478, 0.1944452189484533, 0.13888470614601886, 0.1722222222222222], "means": [[-3.720904260065834, 0.4621360291300419, 0.3832559685801887], [0.7301433867660421, 1.4417575425338918, -1.0683009108739063], [3.9209575084208046, -0.44313277800329975, -0.09576732578456341], [-1.0519245906514685, 0.5559125781954556, 0.5259134165261793], [2.688828504275288, -0.025159048064361474, 0.20390685883055873], [-6.8525381913273105, -0.6536003412339921, -0.2912918012292401]], "covariances": [[[0.16645855048891656, 0.019005137345454164, 0.03035729343514421], [0.019005137345454164, 0.0030747751121083474, 0.0021203459173373394], [0.03035729343514421, 0.0021203459173373394, 0.008384882284426711]], [[0.2717794228734916, -0.017926395544395436, -0.05217997083987364], [-0.017926395544395436, 0.0015259179193662818, 0.0030861859129414655], [-0.05217997083987364, 0.0030861859129414655, 0.010746991245989575]], [[0.04409829032713102, -0.018159903405486778, -0.015759471104757714], [-0.01815990340548678, 0.00928228235312579, 0.005358260067281972], [-0.015759471104757714, 0.005358260067281972, 0.007126872255538042]], [[0.30289552440289874, -0.0034695980032567334, 0.02792760526311937], [-0.0034695980032567334, 0.0012320348510513439, -0.0007450998191956613], [0.02792760526311937, -0.0007450998191956614, 0.004641270014241633]], [[0.03143215603402982, -0.009790300279751515, -0.0064682126288039], [-0.009790300279751515, 0.003487775226183435, 0.001753292322488537], [-0.0064682126288039005, 0.001753292322488537, 0.0023531769891749574]], [[0.000646704771831508, -0.0003627264039490094, 0.0009120956451811728], [-0.0003627264039490094, 0.00835981716616361, -0.00619298164814668], [0.0009120956451811728, -0.006192981648146679, 0.005759359338132822]]]}