{"weights": [0.17114093889157123, 0.1677852358090664, 0.28026631859150475, 0.14590817109909987, 0.15436242270454725, 0.08053691290421018], "means": [[3.8060079287033877, 0.4340865057106206, -0.4016232632249698, 0.14797208680281315, -0.03695827324425941, 0.017560141367177626, 0.10401372742775401, 0.004805143537104773], [-0.6797732149643925, 1.4814233473529597, 1.0150704166827162, -0.007639272891062105, 0.0035640519138457334, 0.004512225589043292, -0.0056172656872952595, -0.002087140851157698], [-3.9134255251801737, -0.4447451171309611, 0.10393207612332918, 0.027174490771168954, 0.026360180424102993, -0.0016297825344007363, 0.007346438202013974, 0.005032558568361251], [1.1028910075439229, 0.5374782882170671, -0.5444706206281894, 0.004612238728770152, 0.04714576866221365, -0.013675239402658612, -0.04561724919153415, 0.006534217825847767], [-2.6977716666595137, -0.03238574434479159, -0.20311187223781402, -0.09898497388812755, -0.10060267817683519, 0.007987074735330894, -0.008908742673231149, -0.018360893351347905], [6.869239716807382, -0.6469968673210659, 0.3074853993783443, -0.04260455902800583, -0.0016676504044010516, -0.0024013764685232412, -0.013144057100502142, 0.00037014064106733125]], "cov": [[[0.1521231680834326, -0.020342798717417343, 0.02431833434873407, -0.004058045143764491, -0.006118345352085137, -0.00043702840835365574, 0.005335945171211983, 0.003233920287814088], [-0.02034279871741734, 0.0035563390127711374, -0.001935048539052107, -0.0005357882890650065, 0.001028767512971583, -0.00012436338940027006, -0.0009215148056809616, -0.00039784193718991775], [0.02431833434873407, -0.001935048539052107, 0.006656882511075467, -0.002945519236060758, -0.0006301587882076785, -0.00022016618052318605, 2.2401113075207537e-06, 0.0008293961751482273], [-0.004058045143764491, -0.0005357882890650065, -0.002945519236060758, 0.0026034018988949663, -0.0008254312797341173, 0.00014303783133791327, 0.000669166956161737, -0.00015235813082934208], [-0.006118345352085137, 0.0010287675129715833, -0.0006301587882076784, -0.0008254312797341173, 0.0019300235101721505, 0.0003019275449405913, -0.00036154942317390034, -0.0004590017996805149], [-0.0004370284083536557, -0.0001243633894002701, -0.00022016618052318605, 0.00014303783133791327, 0.0003019275449405914, 0.0014058155835062107, -9.872278414693489e-05, 2.051544975598256e-05], [0.005335945171211982, -0.0009215148056809614, 2.2401113075206144e-06, 0.000669166956161737, -0.00036154942317390034, -9.872278414693485e-05, 0.0006770282806024597, -7.383095164411921e-05], [0.0032339202878140876, -0.00039784193718991775, 0.0008293961751482272, -0.00015235813082934205, -0.0004590017996805149, 2.0515449755982554e-05, -7.383095164411922e-05, 0.0006855326616830583]], [[0.2601234395513335, 0.01776899671711761, -0.05272543809997903, 0.00755438925697387, 0.03849840976398923, 0.00397722056280422, 0.01182468648855608, -0.010909923588676233], [0.01776899671711761, 0.0019887104318017444, -0.002977528496507111, 0.00020202734016473004, 0.0031856463508153476, 8.563122563048028e-05, 0.0010705633786371217, -0.0013203066084427012], [-0.05272543809997904, -0.0029775284965071116, 0.011513286959613279, -0.0016072421157863259, -0.007648217460906006, -0.0006243381088022005, -0.002333830064243479, 0.001895769559178316], [0.007554389256973871, 0.0002020273401647301, -0.001607242115786326, 0.0011617309413404203, -6.237150239517128e-05, 0.00017368184306335022, 0.00017209751987668165, -5.4654879212958266e-05], [0.03849840976398924, 0.0031856463508153476, -0.007648217460906004, -6.237150239517146e-05, 0.008780892939070998, 0.0010854935782735973, 0.0019961998064478184, -0.004051337442200393], [0.00397722056280422, 8.563122563048033e-05, -0.0006243381088022005, 0.0001736818430633502, 0.0010854935782735975, 0.0043136910750024016, -0.0005774165506033084, 0.0006068025745290643], [0.01182468648855608, 0.0010705633786371217, -0.002333830064243479, 0.00017209751987668165, 0.0019961998064478184, -0.0005774165506033083, 0.00081050219092057, -0.0010311980929146238], [-0.010909923588676233, -0.0013203066084427012, 0.0018957695591783155, -5.465487921295846e-05, -0.004051337442200393, 0.0006068025745290642, -0.0010311980929146236, 0.004968658558263547]], [[0.0415772081447774, 0.017719321086112304, -0.014651041263328899, -0.035296138456427276, -0.009280708874144058, 0.0017743357129521781, 0.0007299877595099926, 5.828567709420009e-06], [0.017719321086112304, 0.010050872760963411, -0.004658304750741461, -0.016547478949806713, -0.00258149706755731, 0.0001926589131372535, 0.0016771771362865254, 0.00023337187170488271], [-0.014651041263328899, -0.004658304750741461, 0.007011962083482561, 0.015042297007053191, 0.0021728134751966793, -0.0006448188896718271, 7.947662955095798e-05, 5.304667243743593e-05], [-0.035296138456427276, -0.016547478949806713, 0.015042297007053191, 0.0547397578704389, -0.003101657878994766, 0.0003477777499902462, -0.0034402735428223636, 0.0005399202180019059], [-0.009280708874144058, -0.00258149706755731, 0.0021728134751966793, -0.003101657878994766, 0.01672565160951779, -0.00030214200200632743, 0.002115541337656694, -0.0006566603703202873], [0.0017743357129521781, 0.0001926589131372536, -0.0006448188896718269, 0.0003477777499902462, -0.0003021420020063273, 0.004945963033741523, -0.0007862455105085604, -0.0007907605963628526], [0.0007299877595099926, 0.0016771771362865254, 7.947662955095798e-05, -0.003440273542822364, 0.002115541337656694, -0.0007862455105085605, 0.001250990632541735, -0.00011064855531803883], [5.8285677094200115e-06, 0.00023337187170488244, 5.3046672437435846e-05, 0.0005399202180019057, -0.0006566603703202874, -0.0007907605963628526, -0.00011064855531803886, 0.0034716211771905273]], [[0.4267344601994461, 0.00016802684790213814, 0.031632910344276864, 0.03557779407026156, -0.0052190379821095, -0.00502111685929694, -0.021474788999077243, -0.011314155224318096], [0.00016802684790213812, 0.0015500200494151773, 0.0008610937440721197, 0.00041893465615333716, -0.002013610306595632, 6.251194581285651e-06, 0.0005903346961632079, 0.00019526434752046616], [0.031632910344276864, 0.0008610937440721196, 0.0047671020658456706, 0.0027669985984100825, -0.0020937141057681156, -0.00104562599951624, -0.0026220289267529285, -0.00044537064633062606], [0.03557779407026157, 0.00041893465615333694, 0.0027669985984100825, 0.006467014991178175, -0.002723510174006994, -0.0017853897472662004, -0.0014979940677406645, -0.0019296492039028723], [-0.0052190379821095, -0.002013610306595632, -0.0020937141057681156, -0.002723510174006994, 0.004921015160153368, 0.0012064987461613782, -0.0002548361210322286, 0.00016405174523405024], [-0.00502111685929694, 6.251194581285641e-06, -0.00104562599951624, -0.0017853897472662004, 0.0012064987461613782, 0.003250830307135484, 0.00042026489713257244, 0.000530542356320465], [-0.021474788999077243, 0.0005903346961632078, -0.0026220289267529285, -0.0014979940677406645, -0.0002548361210322286, 0.00042026489713257244, 0.0025484938465809093, 0.00019540653553106596], [-0.011314155224318096, 0.0001952643475204661, -0.00044537064633062606, -0.0019296492039028719, 0.0001640517452340501, 0.000530542356320465, 0.00019540653553106596, 0.0023965042250141304]], [[0.038675040344699756, 0.011710640377008141, -0.00781654568968775, 0.004149754045721454, -0.0020774571961744153, 0.0036846454682374886, -0.00021676941881742848, -0.00024282017280418717], [0.011710640377008141, 0.004144169746323426, -0.0017261801633123653, 0.0008173644034507464, -0.0010761396242988859, 0.0007926499933232716, 7.666296623756812e-05, -0.0001948601259195641], [-0.007816545689687749, -0.001726180163312365, 0.002926701085406161, -0.001370595459590674, 4.5475662376050894e-05, -0.0006243157920355187, -0.000419319018581615, -8.485981633174914e-05], [0.004149754045721454, 0.0008173644034507468, -0.001370595459590674, 0.002245424829268255, -0.0011889125530048497, 0.0007204618136123785, 6.670655027619472e-05, -0.0006510453357791629], [-0.0020774571961744153, -0.0010761396242988859, 