{"weights": [0.13992956716073307, 0.03229265556525375, 0.32909721993981167, 0.2653467304700656, 0.15554881365808587, 0.07778501320604998], "means": [[3.8325340021085066, 0.46212959247418445, -0.3374729072658483, 0.1250402763284565, -0.03293116532631313, -0.08792848615735979, 0.06504853910095568, -0.012084273767866449], [0.9914043911213364, 0.5482923372078539, -0.5174237140673621, -0.003469610029998096, 0.05596938359038809, 0.054476509643976, -0.027685173628791554, 0.0152063682012087], [-3.9900460755960347, -0.4857375427875191, 0.10788388351428477, 0.07871778417904293, 0.04557261916249847, -0.005141418401882972, -0.0020581459764772584, -0.006352752315554641], [-2.7398668712872243, -0.038561765759848717, -0.18884646216792295, -0.09733165879421138, -0.09899584965476486, -0.006797875760503874, -0.021937335775023905, 0.003860749007447515], [-0.8329668354755134, 1.4333263929886475, 1.0875737353520216, -0.012803576970666069, -0.017305018930584833, -0.000954657595550209, -0.011679488077256741, 0.01805779147347682], [6.861574390636258, -0.6946507256098686, 0.2779830464964696, -0.023645119488227923, -0.003821890678271609, 0.021642872088658796, -0.028556332453986814, 0.005001047285326488]], "cov": [[[0.14201276736699217, -0.016419518826204876, 0.025505152885922016, -0.006983883149052601, -0.005027611633844565, 0.00032491548939138197, 0.007921178788305217, 0.0004179373866286834], [-0.016419518826204876, 0.0033303897944467233, -0.00037303194295854324, -0.0013028813025775425, 0.001757007162476112, 0.0003434294530204151, -0.001305750461234694, -0.00028648864729234434], [0.025505152885922016, -0.0003730319429585427, 0.009788906298901548, -0.005189966238219209, 0.0005336258253404361, 0.0009803239168100783, 0.0004584528067359628, -4.300462369185256e-05], [-0.006983883149052601, -0.0013028813025775428, -0.005189966238219209, 0.004286776281983953, -0.0022879987027785323, -0.0008287402159982498, 0.00041214698417329414, 0.000872535286453747], [-0.005027611633844565, 0.001757007162476112, 0.0005336258253404361, -0.0022879987027785323, 0.004153164086921018, -9.733051809174056e-05, -0.0006789944878418896, -0.0016845493622583314], [0.00032491548939138197, 0.00034342945302041515, 0.0009803239168100783, -0.0008287402159982498, -9.733051809174058e-05, 0.001196103007877645, 0.00021064461012028967, -0.0004941568917050223], [0.007921178788305217, -0.001305750461234694, 0.0004584528067359628, 0.00041214698417329414, -0.0006789944878418896, 0.00021064461012028967, 0.0009447155548920036, -6.0252895028164056e-05], [0.00041793738662868345, -0.00028648864729234434, -4.300462369185255e-05, 0.0008725352864537469, -0.0016845493622583314, -0.0004941568917050221, -6.025289502816406e-05, 0.0013093587883960655]], [[0.2256203491369217, 0.002599806698410333, 0.02075061436974908, 0.020579194050877703, -0.009534302164057, 0.014907870969798452, -0.007464765701736131, -0.001891913821322156], [0.002599806698410333, 0.0012306189307886098, 0.000611385507105866, -1.6048461026351717e-05, -0.001213470096788825, -0.0010292979014283113, -5.854340963778706e-05, 1.705615880219167e-05], [0.02075061436974908, 0.000611385507105866, 0.003919173256080427, 0.002195811568223384, -0.0014470922169787864, 0.0020948573818012723, -0.0016099942683154797, 0.00021930689049707726], [0.020579194050877703, -1.604846102635175e-05, 0.002195811568223384, 0.0037896799087273514, -0.0017175367317852574, 0.0019840122592104424, -0.0011355102017697656, -0.0004981783941820305], [-0.009534302164057, -0.001213470096788825, -0.0014470922169787866, -0.0017175367317852574, 0.00337909460961918, 3.760916537444307e-05, -2.640588697595883e-05, 0.00045336584398540663], [0.014907870969798452, -0.001029297901428311, 0.0020948573818012723, 0.0019840122592104424, 3.7609165374442756e-05, 0.004373282749669892, 0.0004037413928726483, -0.0003333393159794399], [-0.007464765701736131, -5.8543409637787055e-05, -0.0016099942683154797, -0.0011355102017697656, -2.640588697595884e-05, 0.0004037413928726484, 0.0025090538836393273, -0.00022391546144321934], [-0.001891913821322156, 1.7056158802191707e-05, 0.00021930689049707729, -0.0004981783941820303, 0.00045336584398540663, -0.0003333393159794399, -0.00022391546144321934, 0.0014696071504450492]], [[0.05115509989116153, 0.02110868725281245, -0.01853515310381658, -0.046279223675774125, -0.007696180578969662, -0.0016193716176698598, 0.0003181510208339872, 0.00015361319270656748], [0.02110868725281245, 0.010532232206857513, -0.0064151069353267755, -0.01955492506641093, -0.0026326296758500565, -0.0007503885187240017, 0.0015828919726986169, 0.0008672554730787434], [-0.018535153103816576, -0.006415106935326775, 0.008193174230420822, 0.01893977257368336, 0.0015936994414894117, 0.0007058870177576, 0.0005404021005379404, 0.000842292850979575], [-0.046279223675774125, -0.01955492506641093, 0.018939772573683362, 0.060354458350088076, -0.00037840419370796784, 0.001432075687669831, -0.002045264436619248, 0.0009281354194961606], [-0.007696180578969662, -0.0026326296758500565, 0.0015936994414894117, -0.0003784041937079683, 0.012845435582145587, -0.0004619925045437092, 0.000923214415033216, -0.001499875183954008], [-0.0016193716176698598, -0.0007503885187240014, 0.0007058870177576002, 0.001432075687669831, -0.00046199250454370927, 0.0016003903822523556, 0.00103033449594384, 1.9617282522369162e-05], [0.0003181510208339868, 0.0015828919726986169, 0.0005404021005379403, -0.0020452644366192475, 0.000923214415033216, 0.00103033449594384, 0.0025155859287832667, 0.0009892013045013478], [0.0001536131927065674, 0.0008672554730787433, 0.0008422928509795747, 0.0009281354194961606, -0.001499875183954008, 1.9617282522368976e-05, 0.0009892013045013476, 0.0036700373289871315]], [[0.029903131722442203, 0.00936244127239625, -0.006090159584429849, 0.0042483233907381485, -0.002580479563464024, -0.0018799373026077894, -0.0012278746116243821, -0.0032850549677875436], [0.00936244127239625, 0.003277095503038557, -0.0015479895945788005, 0.0011358162340559036, -0.0014020954844212315, -0.00015831858835542206, 0.00011483467912221474, -0.0009398918253846533], [-0.0060901595844298495, -0.0015479895945788005, 0.0026278143072865075, -0.0015100419244547815, 0.000282183414182058, 0.001012483117726314, -0.00015849329976124174, 0.000926427225821638], [0.0042483233907381485, 0.0011358162340559033, -0.0015100419244547813, 0.0014376487399139434, -0.0007351735462987606, -0.0004775061591020196, -1.791850465958597e-05, -0.0012019999746123828], [-0.002580479563464024, -0.0014020954844212315, 0.000282183414182058, -0.0007351735462987606, 0.002651153928792924, -0.001209652006084633, -0.001779631813806091, 0.0009570588345872306], [-0.0018799373026077894, -0.00015831858835542206, 0.0010124831177263137, -0.0004775061591020196, -0.001209652006084633, 0.0017525464918259456, 0.001614218288587759, 0.00017989618880686286], [-0.0012278746116243821, 0.00011483467912221474, -0.0001584932997612417, -1.7918504659585958e-05, -0.0017796318138060911, 0.001614218288587759, 0.0028400997972653184, 0.00037011494693426895], [-0.0032850549677875436, -0.0009398918253846533, 0.0009264272258216378, -0.0012019999746123828, 0.0009570588345872306, 0.00017989618880686283, 0.00037011494693426895, 0.003030310621453819]], [[0.15483753251231588, 0.01027726881076091, -0.02963422016662434, 0.008004208373852, 0.015422905862820083, -0.006674076254020842, 0.0005819391284691599, -0.002571966385256482], [0.01027726881076091, 0.0010374768660693827, -0.0013873033817532845, 0.0006129692883299448, 0.0009742779385562812, -4.912890903866706e-05, 0.0001917381027994907, -0.0007372913833475021], [-0.029634220166624342, -0.0013873033817532845, 0.006741676787739418, -0.0014491978889122328, -0.0029558539330729154, 0.0015910952823165944, -0.00014395895351895582, -0.0003056453897193144], [0.008004208373851998, 0.0006129692883299447, -0.0014491978889122326, 0.0009255528775096916, 0.00017362629069465698, 0.00013697718093577416, 0.0003773506882736115, -0.0006456317673707752], [0.015422905862820083, 0.0009742779385562812, 