{"accuracy_init": 0.5555555820465088, "accuracy_final_MAP": 0.4871794879436493, "accuracy_final_mean": 0.4871794879436493}