{"weights": [0.4587188843158805, 0.4070676409371056, 0.13421347474701387], "means": [[-2.0977820491721775, -0.5153992262628759, 0.05896808034576339, -0.1889346366388533, 0.05142467219395468, -0.038333272199534335, -0.017888363951659665, -0.029373793923300088], [1.8549185297918431, 3.5632189698070054, 0.25295333039779566, 0.0389302516788507, 0.04294745404129475, 0.041737425881384314, 0.12332996469753774, 0.009469666631080767], [3.982975112524049, -2.764027391948091, -0.034821797639865766, 0.017703021596920082, -0.26373808205741694, 0.01745148840525953, 0.07594486866620945, -0.00882527751926741]], "cov": [[[0.03013000111059404, -0.014028708488267927, 0.012690062517200597, -0.11324947209754356, 0.03511516248730018, -0.031238587279342034, -0.012801249147460168, 0.006176565500132263], [-0.014028708488267925, 0.038887499584637684, -0.0196397101309486, 0.07862400405597263, -0.049507284618559556, 0.0065774006236188195, -0.0178325811088474, -0.0032728987835816906], [0.0126900625172006, -0.019639710130948604, 0.026870101326436024, -0.13786239680527762, 0.044508766642308156, -0.021904854795917306, 0.014669904159897326, -0.008253483745473], [-0.11324947209754356, 0.07862400405597263, -0.13786239680527762, 0.8917013995553807, -0.2457198305405217, 0.18567675507461825, -0.005854203560926064, 0.034976981403264995], [0.035115162487300185, -0.04950728461855955, 0.044508766642308156, -0.2457198305405217, 0.1025270782343397, -0.03313829394220439, 0.006397605595457389, -0.01574102853286944], [-0.031238587279342034, 0.0065774006236188195, -0.021904854795917306, 0.18567675507461825, -0.03313829394220439, 0.06374242557212396, 0.0015072495230661178, -0.01279351565565036], [-0.012801249147460168, -0.0178325811088474, 0.014669904159897324, -0.005854203560926064, 0.006397605595457392, 0.0015072495230661212, 0.05089484833929145, 0.007255931133967741], [0.006176565500132262, -0.003272898783581691, -0.008253483745473, 0.034976981403264995, -0.01574102853286944, -0.012793515655650362, 0.007255931133967745, 0.02620612220739031]], [[0.14905729039111476, -0.11026213195410024, 0.4409302890491483, 0.09960620796110776, 0.1572240623893683, 0.02108370221172036, 0.03199353495772071, 0.0494648024232397], [-0.11026213195410026, 0.2033879020089541, 0.16603504606981553, -0.08568473544476202, -0.20424739655957147, -0.026891989729816622, -0.030071051710743875, -0.044703464380334124], [0.4409302890491484, 0.16603504606981553, 5.090205343662207, 0.3093810568253057, -0.1140870419661778, 0.00014727977957751918, -0.02314911306522068, 0.008297306509032324], [0.09960620796110776, -0.08568473544476202, 0.3093810568253057, 0.12919307719124568, 0.06466533941105544, 0.0016335076332526202, -0.03639935898557938, 0.041139700618133095], [0.1572240623893683, -0.20424739655957144, -0.11408704196617779, 0.06466533941105544, 0.3347559145513489, 0.07907996142519041, 0.14064328135369575, 0.04291514110169333], [0.02108370221172036, -0.026891989729816615, 0.0001472797795775193, 0.001633507633252622, 0.07907996142519041, 0.04619474548497294, 0.0743476610534381, -0.018925720551427206], [0.031993534957720705, -0.030071051710743875, -0.023149113065220682, -0.03639935898557938, 0.14064328135369575, 0.07434766105343808, 0.19369909715970665, -0.029608248507024402], [0.04946480242323971, -0.04470346438033413, 0.008297306509032324, 0.041139700618133095, 0.04291514110169333, -0.018925720551427206, -0.029608248507024402, 0.04477109145070419]], [[0.4603175763584086, 0.16970781216742775, 0.003203890005312943, -0.20591082428295895, 0.01699874776529509, 0.07946816413021773, -0.08268976930094014, -0.13259019702249836], [0.16970781216742775, 0.19211507620844614, 0.01906163781872819, 0.009216272188362878, 0.31352719266350754, 0.05549484334532402, -0.10345793495121407, -0.055530266967192356], [0.0032038900053129463, 0.019061637818728185, 0.012433640261216329, -0.04814231002431335, 0.04568985246511874, 0.047681960940455966, -0.02304528891666877, 0.012539601657041181], [-0.20591082428295895, 0.009216272188362856, -0.048142310024313344, 0.7999445208492282, 0.1619703449697279, -0.33796109515694644, 0.10682184196514657, -0.08962781563868459], [0.01699874776529509, 0.31352719266350754, 0.04568985246511874, 0.16197034496972793, 0.8585082871606425, 0.12156247255355819, -0.23238450104353298, 0.01747238219999288], [0.07946816413021773, 0.055494843345324035, 0.047681960940455966, -0.33796109515694644, 0.12156247255355819, 0.3408508028503084, -0.1314901397929466, 0.076792829523784], [-0.08268976930094014, -0.10345793495121407, -0.02304528891666877, 0.10682184196514657, -0.23238450104353295, -0.13149013979294658, 0.11497429720397292, 0.012776680977751309], [-0.13259019702249836, -0.055530266967192356, 0.012539601657041185, -0.08962781563868459, 0.017472382199992892, 0.076792829523784, 0.012776680977751307, 0.21906792102081274]]]}