{"entropy_prior_gmm": 0.0008925289686521954, "entropy_Mean_gmm": 0.01111369114369154, "entropy_z_nk_prior": 0.00127887914225473, "entropy_Mean_z_nk": 0.009929127681259085, "entropy_mixing_prior": 88.99072030499339, "entropy_Mean_mixing": 1.6132704815359327}