{"entropy_prior_gmm": 0.0008925289686521987, "entropy_Mean_gmm": 0.012142166495323181, "entropy_z_nk_prior": 0.00127887914225473, "entropy_Mean_z_nk": 0.01057407957452281, "entropy_mixing_prior": 88.99072030499339, "entropy_Mean_mixing": 1.5998762265594246}