{"MAP index": 77, "entropy_prior_gmm": 1.1512992384279826e-08, "entropy_MAP_gmm": 1.1704550217928045e-08, "entropy_z_nk_prior": 0.0011754161606685348, "entropy_MAP_z_nk": 0.0186810723093467, "entropy_mixing_prior": 53.75278407684164, "entropy_MAP_mixing": 1.667094809747475}