{"weights": [0.09035161776378191, 0.20219831870332158, 0.34632927771864813, 0.1226125088954382, 0.09472134841994648, 0.1437869284988637], "means": [[3.721841743281874, 0.4609696270563587, -0.380190305381492, 0.1340509270233275, -0.032754084184914406, -0.08041140559687525, 0.06058096841069687, -0.02165233602039023], [1.0557530650760414, 0.5558815171804535, -0.5296028250660062, 0.004706008011224541, 0.051834895981520475, 0.03839800940522658, -0.02108291040564972, 0.013863745795579552], [-3.9194903671640744, -0.44156896996712014, 0.09677763649755047, 0.0273006585868778, 0.022072286568407186, -0.002967214053978442, 0.009933657776749956, 0.0010308071784422904], [-2.691206412464377, -0.027183882655793173, -0.20693646813664487, -0.08556883433050838, -0.10558963191169962, -0.005968158677098059, -0.01900070561494053, -0.019332458174963277], [-0.7281033035232287, 1.443262894898453, 1.0707238516870783, -0.011116511709803493, 0.0013779795995694456, 0.0007661966249729207, -0.009173862987568792, 0.00014848937726539294], [6.853071875816074, -0.6528407946506029, 0.2913727823642594, -0.037800920563145116, -0.0015817236221130604, 0.007079870374143056, -0.008523591845135849, 0.0017953379058933084]], "cov": [[[0.19242020086384323, -0.021989747564319713, 0.03511352871905526, -0.009839608681019504, -0.0067921308471486355, 0.0005696903270607681, 0.010642491470651319, 0.0006053109078351721], [-0.021989747564319713, 0.0035440340133915268, -0.0023515128317807945, -0.00015308742547369566, 0.0016429198506328498, 0.00014733736452635186, -0.0013293404525081215, -0.0002473381368005181], [0.03511352871905526, -0.0023515128317807945, 0.009644195767395667, -0.004303171585004835, -3.268390072361068e-05, 0.0006561289407833904, 0.0013815565944651565, -0.00010485393968998534], [-0.009839608681019504, -0.00015308742547369568, -0.004303171585004836, 0.0031644642544173987, -0.0012508560109028915, -0.0005662997135209542, 9.099295040374294e-05, 0.0005705028556839941], [-0.006792130847148636, 0.0016429198506328498, -3.2683900723611005e-05, -0.0012508560109028913, 0.002461241829646802, -2.734015291663803e-05, -0.0006225546697111528, -0.0008431716214206976], [0.0005696903270607681, 0.00014733736452635186, 0.0006561289407833904, -0.0005662997135209542, -2.7340152916638034e-05, 0.000849215470426591, 0.00017738957456946605, -0.00038666479803415194], [0.010642491470651319, -0.0013293404525081215, 0.001381556594465157, 9.099295040374289e-05, -0.0006225546697111528, 0.00017738957456946605, 0.0010991896651998498, 1.7569092975926133e-05], [0.0006053109078351722, -0.0002473381368005181, -0.00010485393968998531, 0.000570502855683994, -0.0008431716214206976, -0.000386664798034152, 1.7569092975926123e-05, 0.0007617583234646009]], [[0.31482543434726107, 0.003619476874781847, 0.029013965331898626, 0.028738104425913957, -0.013274867976844369, 0.020806637025085912, -0.01049825679889524, -0.0026145325282445554], [0.003619476874781847, 0.0015508030997128722, 0.0007864173435875458, 0.00011763442572804084, -0.0016620933372453659, -0.0014435610752513023, -0.000249199604031421, 5.6112994128368595e-05], [0.029013965331898622, 0.0007864173435875458, 0.0048292114771730605, 0.0032121108359044093, -0.002243899918175725, 0.002850567973684535, -0.0017068381275236744, 8.161267920284402e-05], [0.028738104425913954, 0.0001176344257280408, 0.0032121108359044093, 0.00486905176125685, -0.0024708149700567437, 0.002846374909671821, -0.0013669734309323567, -0.0007720625769525287], [-0.013274867976844369, -0.0016620933372453659, -0.0022438999181757244, -0.002470814970056744, 0.0044731563197225495, 4.1561308537825264e-05, 0.000325230696087486, 0.0005774379626203211], [0.02080663702508591, -0.0014435610752513023, 0.002850567973684535, 0.002846374909671821, 4.1561308537824674e-05, 0.006001462305941911, 0.0005061734835513067, -0.00047894901085572935], [-0.010498256798895239, -0.0002491996040314211, -0.0017068381275236741, -0.0013669734309323567, 0.0003252306960874862, 0.0005061734835513067, 0.0024895585422262372, -0.00015713420276857907], [-0.002614532528244555, 5.6112994128368616e-05, 8.161267920284413e-05, -0.0007720625769525287, 0.0005774379626203211, -0.00047894901085572935, -0.00015713420276857918, 0.0013461884821745669]], [[0.051218620518457283, 0.021389207229803576, -0.018521966549883095, -0.046572276431344886, -0.0062178723474681005, -0.0015549632661260473, 0.0007755519015501762, 0.00034660540571539573], [0.021389207229803572, 0.011129350529471126, -0.006167105373163931, -0.019349167295453024, -0.001784012826201186, -0.0011612046259507798, 0.001552895108626568, 0.00042864736512414255], [-0.018521966549883095, -0.006167105373163932, 0.008333876888918713, 0.019138213720563124, 0.0016251772325344069, 0.0002997236152746363, 0.00032937699096485145, 0.00035864392321238253], [-0.046572276431344886, -0.019349167295453024, 0.019138213720563124, 0.06033166595949696, 0.0014288597272595314, 0.0014764812540006937, -0.0015824870937460019, 0.0010507112966327262], [-0.0062178723474681005, -0.0017840128262011862, 0.0016251772325344069, 0.001428859727259531, 0.011737307024224403, -0.0004690393179701703, 0.00103963423104269, -0.0008077197455641258], [-0.0015549632661260473, -0.00116120462595078, 0.00029972361527463636, 0.001476481254000694, -0.0004690393179701703, 0.0022286891855338997, 0.0012903387481456212, -0.0002689807795259571], [0.0007755519015501763, 0.001552895108626568, 0.00032937699096485145, -0.0015824870937460019, 0.0010396342310426902, 0.0012903387481456212, 0.0024388884065755377, 0.0005027087928739151], [0.0003466054057153957, 0.00042864736512414245, 0.00035864392321238253, 0.001050711296632726, -0.0008077197455641256, -0.0002689807795259568, 0.0005027087928739154, 0.003965513409117365]], [[0.019771001622300933, 0.006092420976609596, -0.0040754445296142675, 0.0027737289984910017, -0.0014224799655006691, -0.0014017617798036416, -0.0010469806966978542, -0.002138886988983223], [0.006092420976609596, 0.002382789739622576, -0.0009832657592012063, 0.0008229554014129785, -0.0015958217221511367, 0.00034516911039761253, 0.0008304582774394078, -0.0006730289345710029], [-0.0040754445296142675, -0.0009832657592012063, 0.0016008685089174259, -0.000864324808604416, -7.462003013902203e-05, 0.0007816416358239607, 0.00027174750843049456, 0.0006902197246635774], [0.0027737289984910017, 0.0008229554014129783, -0.000864324808604416, 0.0010871257838455084, -0.000749909167622735, -0.00022380868270707954, 5.618972874080052e-05, -0.0007740420236152629], [-0.0014224799655006691, -0.0015958217221511367, -7.462003013902203e-05, -0.0007499091676227351, 0.004712273699109634, -0.002776853299176819, -0.004024215324265245, 0.0008530148877251422], [-0.0014017617798036416, 0.00034516911039761253, 0.0007816416358239608, -0.00022380868270707954, -0.002776853299176819, 0.0029384376420375884, 0.003444536604846184, -0.00017964436354753207], [-0.0010469806966978542, 0.0008304582774394079, 0.0002717475084304947, 5.6189728740800506e-05, -0.004024215324265246, 0.003444536604846184, 0.005012952770719668, -0.00021876666191430612], [-0.002138886988983223, -0.0006730289345710027, 0.0006902197246635775, -0.0007740420236152629, 0.0008530148877251423, -0.00017964436354753205, -0.00021876666191430604, 0.0021064612046872697]], [[0.39208945481899404, 0.025840641506050907, -0.07534914347005969, 0.02020823481742357, 0.039393024854399494, -0.017285971387547134, 0.0011226691111231222, -0.006628857884177905], [0.025840641506050907, 0.0019315003536576419, -0.004640239894342686, 0.0013693980458920638, 0.0026298448452123377, -0.0007678696917145122, 0.0002538351401594843, -0.0009384466683192317], [-0.07534914347005969, -0.004640239894342687, 0.01507151309291688, -0.003703794935153402, -0.00767142836324869, 0.003567092203968891, -0.00021474395070681008, 0.0005318403910303122], [0.02020823481742357, 0.0013693980458920638, -0.003703794935153402, 0.0019523637790061835, 0.0009477105031854645, -0.0008876850056653019, -1.9785736939906814e-05, -0.0008933427104746739], [0.039393024854399494, 