{"accuracy_init": 0.7722222208976746, "accuracy_final_MAP": 0.7888888716697693, "accuracy_final_mean": 0.7944444417953491}