,X,Y,Z,id,nugget
0,100.0,0.0,-825.0,94272243,1e-05
1,300.0,0.0,-808.481629149541,94272243,1e-05
2,900.0,0.0,-825.0,94272243,1e-05
3,100.0,0.0,-845.0,47680086,1e-05
4,300.0,0.0,-855.7832808970879,47680086,1e-05
5,900.0,0.0,-845.0,47680086,1e-05
