{"weights": [0.4875628519016866, 0.31253617522773736, 0.19990097287057612], "means": [[-2.108906006039437, -0.5231559647667471, 0.03732956341651056, -0.02179901832509308, 0.007600091506999183, 0.00046065162216805066, -0.005689109277439186, -0.005737601912752812], [4.012947993681761, -2.7147456747876535, -0.04733430066624412, 0.06844476038414739, -0.022724241942756247, -0.004306305567695546, -0.00963960748763641, -0.00792912328216128], [1.8181588743063286, 3.6090441940189755, -0.05220879536604044, -0.006723638450369715, 0.0002578176422702433, 0.0035462962715700633, 0.026429118693225666, 0.020911607877697778]], "cov": [[[0.022289653695222303, -0.00938665891831378, 0.006222395921857677, -0.05751199227698519, 0.018291591212021768, -0.01586824855873774, -0.008799259859308448, 0.004887554514549486], [-0.00938665891831378, 0.030480303331317054, -0.014920701475940188, 0.047939712097391854, -0.03295172158635286, 0.0033993089140180646, -0.019395415589263703, -0.005165888330405032], [0.006222395921857677, -0.014920701475940188, 0.018381527962348234, -0.07655676794309708, 0.028696344232445662, -0.007670378811632486, 0.016320624474530313, -0.006215025755482768], [-0.05751199227698519, 0.047939712097391854, -0.07655676794309708, 0.4316537518586022, -0.13238112198244908, 0.07057054017112956, -0.019869784541127308, 0.02711849331677895], [0.018291591212021768, -0.03295172158635286, 0.028696344232445662, -0.13238112198244908, 0.0637137998926773, -0.010202564881490352, 0.01011236543798883, -0.013128425803357147], [-0.01586824855873774, 0.0033993089140180646, -0.007670378811632486, 0.07057054017112956, -0.010202564881490352, 0.030941424328031243, -0.003404272711274705, -0.012717827490819011], [-0.008799259859308448, -0.019395415589263703, 0.016320624474530313, -0.019869784541127308, 0.01011236543798883, -0.003404272711274705, 0.051231773748511185, 0.009262960870575524], [0.004887554514549486, -0.005165888330405032, -0.006215025755482768, 0.02711849331677895, -0.013128425803357147, -0.012717827490819011, 0.009262960870575524, 0.024717940627827076]], [[11.485045033202722, -5.011300210608265, -0.48743515803285886, -2.3181642011857555, 0.43061032186612114, -0.6136855918716159, -0.1700876406302346, -0.07324212733683917], [-5.011300210608265, 5.596468637079387, 2.066885125882735, 0.9854232285752186, 4.848608514805425e-06, 0.23430402852869972, 0.02233748045349227, 0.0022950047985465286], [-0.48743515803285886, 2.066885125882735, 1.204519568425246, 0.02674282059739752, 0.03348788736790835, 0.027759262801177055, 0.005322472676307475, 0.02260939339746606], [-2.3181642011857555, 0.9854232285752186, 0.02674282059739752, 1.16258411785672, 0.22553145820652468, -0.10774905489524791, 0.07003244697605458, -0.04814325030774872], [0.43061032186612114, 4.848608514805425e-06, 0.03348788736790835, 0.22553145820652468, 0.6793158743409108, -0.02195285169142957, -0.09818136256897632, 0.023709839857009276], [-0.6136855918716159, 0.23430402852869972, 0.027759262801177055, -0.10774905489524791, -0.02195285169142957, 0.2541846645506699, -0.049142261671022786, 0.03771581596953598], [-0.1700876406302346, 0.02233748045349227, 0.005322472676307475, 0.07003244697605458, -0.09818136256897632, -0.049142261671022786, 0.07768379159841601, 0.014409532459927016], [-0.07324212733683917, 0.0022950047985465286, 0.02260939339746606, -0.04814325030774872, 0.023709839857009276, 0.03771581596953598, 0.014409532459927016, 0.1548054103601281]], [[0.11677927160464727, -0.12055696964185454, 0.3052452001407837, 0.0565866931438587, 0.09401443560260572, 0.003140113245824971, 0.01228959617906726, 0.014420276483095858], [-0.12055696964185454, 0.36144289770924193, 0.18956646025619242, -0.07776283223451938, -0.12328305780757362, -0.002607648964237951, 0.00016186296180284538, 0.01572629049769959], [0.3052452001407837, 0.18956646025619242, 3.7857219997219826, 0.16134579511099356, -0.12415191268159331, -0.007241045840768713, -0.024985455734471668, -0.0038473906328753923], [0.0565866931438587, -0.07776283223451938, 0.16134579511099356, 0.09524947824486718, -3.5313345531793796e-05, -0.015347695753012551, -0.060170483711078915, 0.010717277474264085], [0.09401443560260572, -0.12328305780757362, -0.12415191268159331, -3.5313345531793796e-05, 0.235479931460713, 0.06364926674280592, 0.12989555530248909, -0.004590918338301235], [0.003140113245824971, -0.002607648964237951, -0.007241045840768713, -0.015347695753012551, 0.06364926674280592, 0.04955731369676231, 0.08605395452293771, -0.02740074424761165], [0.01228959617906726, 0.00016186296180284538, -0.024985455734471668, -0.060170483711078915, 0.12989555530248909, 0.08605395452293771, 0.21415675057433353, -0.045055031539194074], [0.014420276483095858, 0.01572629049769959, -0.0038473906328753923, 0.010717277474264085, -0.004590918338301235, -0.02740074424761165, -0.045055031539194074, 0.039204989374079055]]]}