{"entropy_prior_gmm": 4.6051701859880925e-09, "entropy_Mean_gmm": 0.002368916990235448, "entropy_z_nk_prior": 0.0633111788877876, "entropy_Mean_z_nk": 0.048412148203723124, "entropy_mixing_prior": 85.69175851611257, "entropy_Mean_mixing": 1.0146922805920324}