,X,Y,Z,id,nugget
0,100.0,0.0,-825.0,50488277,1e-05
1,300.0,0.0,-818.6886865656178,50488277,1e-05
2,900.0,0.0,-825.0,50488277,1e-05
3,100.0,0.0,-844.9999999999999,57287050,1e-05
4,300.0,0.0,-849.574887919412,57287050,1e-05
5,900.0,0.0,-844.9999999999999,57287050,1e-05
