{"weights": [0.5286091618522808, 0.26462678725585115, 0.20676405089186806], "means": [[-2.0918996687001736, -0.5148459736480129, 0.045726408940445835, -0.1286556027078219, 0.017960218301652776, -0.04021031178753307, -0.019982795252626757, -0.0014185607475098259], [2.803586139966437, -1.812270333207563, 0.2546736958207901, 0.30753461203339105, -0.012054088463926574, 0.08037803025798984, 0.022759962807799145, -0.0015227035946811817], [1.7599449032202301, 3.6356783071639405, -0.44284719821067603, -0.06467935784631614, -0.03048934866782404, -7.080873699036532e-05, 0.021958327835435085, 0.005575497108944025]], "cov": [[[0.019787096384060725, -0.010383826397099123, 0.008197523039397532, -0.06860850842398786, 0.022296240582019913, -0.018019982712023992, -0.007846565625166325, 0.0040931098633793656], [-0.010383826397099123, 0.032955418667363165, -0.018378719701251354, 0.07190835313628022, -0.04059755887862467, 0.008213834267980188, -0.018992166204625856, -0.003722926768030287], [0.008197523039397532, -0.018378719701251354, 0.02113312471954678, -0.09638787696193356, 0.03590998115301344, -0.011491709540354724, 0.01552872319904982, -0.006976835343521856], [-0.06860850842398786, 0.07190835313628022, -0.09638787696193356, 0.562384953507886, -0.18113521296705246, 0.09327585614112899, -0.018599358042054277, 0.03364968141919547], [0.022296240582019913, -0.04059755887862467, 0.03590998115301344, -0.18113521296705246, 0.08044013059737122, -0.01911515429046935, 0.009711066406330304, -0.015623083840920676], [-0.018019982712023992, 0.008213834267980188, -0.011491709540354724, 0.09327585614112899, -0.01911515429046935, 0.034532994903844746, -0.0041020904119554, -0.011641479445342565], [-0.007846565625166325, -0.018992166204625856, 0.01552872319904982, -0.018599358042054277, 0.009711066406330304, -0.0041020904119554, 0.049472349205643563, 0.009988666290961618], [0.0040931098633793656, -0.003722926768030287, -0.006976835343521856, 0.03364968141919547, -0.015623083840920676, -0.011641479445342565, 0.009988666290961618, 0.024912342494746845]], [[5.8578516469796496, -2.0303441653556042, -0.15805623928403278, -1.194364263373966, 0.060322938391985756, -0.36090639689315074, -0.17338795431480616, -0.03080752846419719], [-2.0303441653556042, 3.5026377206355526, 1.6225936724144074, 0.4763552742329459, 0.2218791568850833, 0.09313349105093167, 0.0006191056167589806, -0.012296380688108389], [-0.15805623928403278, 1.6225936724144074, 0.97061192142465, -0.007627760980888463, 0.05319998457448871, 0.009402741724655059, 0.0014739063151911556, 0.037107678907117005], [-1.194364263373966, 0.4763552742329459, -0.007627760980888463, 1.0162253954401226, 0.38993882045809236, -0.21039863197516775, 0.07111085912053346, -0.07641111190026185], [0.060322938391985756, 0.2218791568850833, 0.05319998457448871, 0.38993882045809236, 0.7858580423144776, -0.007778523434491947, -0.12057264390229051, 0.03366270748554854], [-0.36090639689315074, 0.09313349105093167, 0.009402741724655059, -0.21039863197516775, -0.007778523434491947, 0.2775504270442144, -0.061271248548296936, 0.04533201354130464], [-0.17338795431480616, 0.0006191056167589806, 0.0014739063151911556, 0.07111085912053346, -0.12057264390229051, -0.061271248548296936, 0.08266067356800506, 0.01538197267472663], [-0.03080752846419719, -0.012296380688108389, 0.037107678907117005, -0.07641111190026185, 0.03366270748554854, 0.04533201354130464, 0.01538197267472663, 0.18070911050331215]], [[0.07032193454513576, -0.024237195909659733, 0.29145532231908156, 0.026291188648886476, 0.058758503619103744, 0.004640836050133133, 0.01478857483458924, 0.017029144230773688], [-0.024237195909659733, 0.10472087621463681, 0.23124723228390054, -0.014385696509017555, -0.07364999278818525, -0.006433944523966567, -0.005582825486079879, -0.00041421885472548196], [0.29145532231908156, 0.23124723228390054, 3.965364318513213, 0.1423440123188711, -0.17156752376444243, -0.004183966344404459, -0.0369450578017947, -0.02652413764827446], [0.026291188648886476, -0.014385696509017555, 0.1423440123188711, 0.06931868502230537, -0.02729602531252226, -0.014055953089835352, -0.05757112895755217, 0.012259900057469096], [0.058758503619103744, -0.07364999278818525, -0.17156752376444243, -0.02729602531252226, 0.19859100501701513, 0.06190898112241919, 0.1314258257897603, -0.002929860508097801], [0.004640836050133133, -0.006433944523966567, -0.004183966344404459, -0.014055953089835352, 0.06190898112241919, 0.04763310982952964, 0.08451122933193914, -0.0282445369528829], [0.01478857483458924, -0.005582825486079879, -0.0369450578017947, -0.05757112895755217, 0.1314258257897603, 0.08451122933193914, 0.21109775433636796, -0.04537398844668798], [0.017029144230773688, -0.00041421885472548196, -0.02652413764827446, 0.012259900057469096, -0.002929860508097801, -0.0282445369528829, -0.04537398844668798, 0.03485928740070902]]]}