{"entropy_prior_gmm": 0.0008925289686521755, "entropy_Mean_gmm": 0.3591327667236328, "entropy_z_nk_prior": 0.5947685701538936, "entropy_Mean_z_nk": 0.5973976047667174, "entropy_mixing_prior": 88.99072030499339, "entropy_Mean_mixing": 1.6608308075988973}