,X,Y,Z,id,nugget
0,100.0,0.0,-825.0,49951333,1e-05
1,300.0,0.0,-809.1881900882407,49951333,1e-05
2,900.0,0.0,-825.0,49951333,1e-05
3,100.0,0.0,-845.0,43142834,1e-05
4,300.0,0.0,-855.2056035364413,43142834,1e-05
5,900.0,0.0,-845.0,43142834,1e-05
