,X,Y,Z,id,nugget
0,100.0,0.0,-825.0,93647810,1e-05
1,300.0,0.0,-783.2141120828005,93647810,1e-05
2,900.0,0.0,-825.0,93647810,1e-05
3,100.0,0.0,-844.9999999999999,72355670,1e-05
4,300.0,0.0,-804.7946893530116,72355670,1e-05
5,900.0,0.0,-844.9999999999999,72355670,1e-05
