{"weights": [0.22111565899364077, 0.186049694465286, 0.5928346465410733], "means": [[1.7813408114829419, 3.6442449319401202, -0.04789266319659401, -0.02758508446364131, -0.04810255601220426, 0.004182013963871298, 0.029600409332037676, -0.0019176092738503352], [4.136123919277482, -2.707480229126899, -0.06462876682917618, 0.03620836037446074, -0.1193681978886741, -0.0744792136262536, 0.00014590660546808903, -0.06721528758403916], [-2.117875647513979, -0.5024044661867471, 0.03138405478708046, -0.003910241521716393, -0.012388011714180441, 0.009513291506750166, -0.02489561375572721, -0.01979393191446067]], "cov": [[[0.15744635908458687, -0.1097507835268802, 0.5153702378078856, 0.10264058525596192, 0.1633113098054313, 0.023383546585511318, 0.03837464234770333, 0.04984257011571795], [-0.10975078352688018, 0.2071157858350084, 0.19224760334259483, -0.08244169240619302, -0.21344251212506515, -0.03191199651154366, -0.04124559571063036, -0.0421227712496633], [0.5153702378078856, 0.19224760334259483, 5.934496261438089, 0.36264149273342444, -0.13262163023293286, -0.0004834949876258796, -0.02890088232230898, 0.010842730141718134], [0.10264058525596192, -0.08244169240619302, 0.3626414927334244, 0.12951763395405935, 0.06780090832703652, 0.00820772841526422, -0.02305762781071792, 0.035583415667982385], [0.1633113098054313, -0.21344251212506515, -0.13262163023293283, 0.06780090832703652, 0.3461524438859671, 0.07951064536137092, 0.1405383039921883, 0.04681245773067628], [0.023383546585511315, -0.03191199651154366, -0.0004834949876258795, 0.008207728415264218, 0.07951064536137091, 0.045125964185376094, 0.06856341460661625, -0.016888306493044757], [0.03837464234770333, -0.04124559571063037, -0.02890088232230898, -0.023057627810717914, 0.14053830399218828, 0.06856341460661625, 0.17702378422223713, -0.022184988020270302], [0.04984257011571796, -0.0421227712496633, 0.010842730141718132, 0.035583415667982385, 0.04681245773067629, -0.016888306493044753, -0.0221849880202703, 0.04368754964119524]], [[0.4630267826579443, 0.12554040583925463, 0.0024824063504411296, -0.3112339210216774, -0.09898771978460036, 0.09241149067367717, -0.06734958157822975, -0.1342065423049052], [0.12554040583925463, 0.19360115199536942, 0.014020905964175627, 0.12008710559863654, 0.3442551082610859, 0.0058669672684159985, -0.08800859509950668, -0.06661457051100346], [0.002482406350441128, 0.01402090596417563, 0.010946159339677635, -0.05488242544272569, 0.029496976292493184, 0.045765146823471874, -0.01786137622374784, 0.01379925988662214], [-0.31123392102167735, 0.12008710559863654, -0.05488242544272569, 1.1911620004233952, 0.5376350423536844, -0.4822789601581917, 0.07648768989982353, -0.1368294218855224], [-0.09898771978460039, 0.3442551082610859, 0.02949697629249318, 0.5376350423536845, 1.0297372093668007, -0.022874582577612736, -0.2072259175375981, -0.010736197382105092], [0.09241149067367713, 0.005866967268416014, 0.045765146823471874, -0.4822789601581917, -0.022874582577612722, 0.33538578551373444, -0.10664344187895773, 0.08287386733869943], [-0.06734958157822973, -0.08800859509950669, -0.01786137622374784, 0.07648768989982353, -0.2072259175375981, -0.10664344187895773, 0.09922433201157004, 0.009342336234473433], [-0.1342065423049052, -0.06661457051100346, 0.01379925988662214, -0.13682942188552244, -0.010736197382105094, 0.08287386733869945, 0.009342336234473433, 0.1968370788553128]], [[0.027126731108710552, -0.011382993704881142, 0.0063840355289803575, -0.07710045450070334, 0.025511254663144356, -0.024839822922459356, -0.014863297319734358, 0.008978761777332629], [-0.011382993704881142, 0.03915983614180292, -0.015822948708244314, 0.0507477111698423, -0.04442949614444777, 0.0002942831464828331, -0.018795041453690108, -0.005217632940798338], [0.006384035528980359, -0.015822948708244314, 0.02063857260906692, -0.09525287789822515, 0.032650997198620635, -0.01245411889774457, 0.015542576724758273, -0.0071511383624917844], [-0.07710045450070335, 0.0507477111698423, -0.09525287789822513, 0.6192203959193133, -0.16692727104086033, 0.12948191085498803, -0.003206934970989403, 0.025591036758323374], [0.025511254663144356, -0.04442949614444777, 0.032650997198620635, -0.16692727104086036, 0.08289975022772723, -0.015349549816956045, 0.005702358440280537, -0.013045130350991765], [-0.024839822922459356, 0.00029428314648283205, -0.012454118897744572, 0.12948191085498806, -0.015349549816956045, 0.05425540751920328, 0.002503996239985031, -0.016777137780083065], [-0.014863297319734356, -0.018795041453690108, 0.015542576724758271, -0.003206934970989405, 0.005702358440280536, 0.0025039962399850293, 0.05548406062209769, 0.0076402651590520435], [0.008978761777332627, -0.005217632940798336, -0.007151138362491783, 0.025591036758323374, -0.013045130350991765, -0.016777137780083065, 0.007640265159052043, 0.028499047381443172]]]}