{"entropy_prior_gmm": 1.1512992384279826e-08, "entropy_Mean_gmm": 1.1512925723877743e-08, "entropy_z_nk_prior": 0.595044516196123, "entropy_Mean_z_nk": 0.6252049987637894, "entropy_mixing_prior": 53.75278407684164, "entropy_Mean_mixing": 1.6287934627221237}