{"weights": [0.1476031239674241, 0.05629727244480024, 0.29239555203359485, 0.26815474146240603, 0.17764229407427423, 0.05790701601750049], "means": [[3.8343331216455834, 0.45174992831832356, -0.35917570521832143, 0.12639981744495662, -0.038298148496298846, -0.08342046376597755, 0.07004069357393455, -0.011571189050776904], [1.0286427229069344, 0.5544015197477995, -0.524579783549615, 0.0028984737742625724, 0.042875402841646315, 0.04975538804755045, -0.013821971049324358, 0.009920179471552564], [-3.9368842173043217, -0.44723801024476256, 0.10284865684940445, 0.031994129731850694, 0.03747136746430304, -0.0070318453325666115, 0.009093195286696495, 0.003760938374357148], [-2.710006784687464, -0.032309061743771336, -0.20074219759280132, -0.0908120374038479, -0.09862109485600522, -0.0073639136058703545, -0.02002355014726448, -0.005833322951256154], [-0.7517356291711803, 1.4411258705556285, 1.070695377476493, -0.01430853972787481, 0.004811108042069947, 0.011362486667765109, -0.0024800148608191434, -0.013722885761277804], [6.851275540009109, -0.6641321755771573, 0.28220217646087015, -0.03185529902752672, -0.0020800078380790953, 0.010717544664880887, -0.01329683333647083, 0.001823724946428632]], "cov": [[[0.16593745819474295, -0.01893398486610366, 0.030315711432170364, -0.00854959558501664, -0.0057718292990964525, 0.0004931782738053295, 0.009169782309282535, 0.0004854169787096698], [-0.01893398486610366, 0.002922470608237217, -0.002260984004583606, 0.0001142743346080735, 0.0011716732756687316, 7.665357378163227e-05, -0.0010976347474719397, -0.00011086048806517107], [0.03031571143217036, -0.0022609840045836054, 0.008014327853345543, -0.0032245973292585055, -0.0005495144133250401, 0.0005044422815278145, 0.001236526928975072, 0.00011699769249876319], [-0.008549595585016641, 0.0001142743346080738, -0.003224597329258506, 0.002353611751772966, -0.0007786346227033224, -0.0004127028300283063, -5.3844243697382845e-05, 0.0003551823563191551], [-0.0057718292990964525, 0.0011716732756687316, -0.0005495144133250402, -0.0007786346227033224, 0.002266591760941734, -0.00015694142090359625, -0.00045124978267449393, -0.0008387459652144814], [0.0004931782738053294, 7.665357378163227e-05, 0.0005044422815278145, -0.00041270283002830627, -0.00015694142090359625, 0.0008249077528942144, 0.0002035665397358772, -0.00032435968075791854], [0.009169782309282535, -0.0010976347474719397, 0.001236526928975072, -5.384424369738277e-05, -0.00045124978267449393, 0.0002035665397358772, 0.0009701106380205817, -1.7793725837055967e-05], [0.0004854169787096697, -0.00011086048806517102, 0.0001169976924987631, 0.0003551823563191551, -0.0008387459652144814, -0.00032435968075791854, -1.779372583705596e-05, 0.0008251815176421593]], [[0.27094323426551725, 0.003106617323095094, 0.02491801111345769, 0.02467485876943066, -0.011361128724109345, 0.01786480279544011, -0.00902433288670268, -0.0022375788895421106], [0.003106617323095094, 0.0013187615460812034, 0.0007602315988334792, 3.222164572772303e-05, -0.0013426891301536433, -0.001017247359940258, -9.084000440926307e-05, 7.808908537096532e-05], [0.02491801111345769, 0.0007602315988334793, 0.004480561501652193, 0.0027610327818300825, -0.002080230099555049, 0.0026515995038131337, -0.0014723158148512874, 0.00013442312008910435], [0.02467485876943066, 3.222164572772308e-05, 0.0027610327818300825, 0.004604679210636407, -0.002316153622723234, 0.0025461762680234314, -0.00126669827422517, -0.0007946320740947548], [-0.011361128724109347, -0.0013426891301536433, -0.002080230099555049, -0.002316153622723234, 0.004035371559075166, -0.0003941024327672349, 0.00012486896107423561, 0.0005564188836343965], [0.017864802795440112, -0.0010172473599402581, 0.002651599503813134, 0.0025461762680234314, -0.00039410243276723493, 0.0050240237601005796, 0.0003941872987925001, -0.0004204873054136814], [-0.009024332886702678, -9.084000440926304e-05, -0.0014723158148512874, -0.00126669827422517, 0.00012486896107423556, 0.00039418729879250023, 0.002332706574420968, -9.553941092663431e-05], [-0.002237578889542111, 7.808908537096532e-05, 0.0001344231200891043, -0.0007946320740947547, 0.0005564188836343965, -0.0004204873054136814, -9.553941092663433e-05, 0.0014193140333929838]], [[0.05717288435684314, 0.023677214775711154, -0.02078629634582063, -0.05279122509039423, -0.008503262388504794, -0.0016626043442773389, 0.0006507965004335322, 0.00034218541976813546], [0.023677214775711157, 0.011594689122439938, -0.0073905429661008555, -0.022235966749979148, -0.0029591017635116883, -0.000967293884526779, 0.001413795622382366, 0.0003684495828900068], [-0.02078629634582063, -0.007390542966100854, 0.009012340289373364, 0.021492388412914412, 0.0018230269282695365, 0.0005652605613589033, 0.00021866141342615853, 0.0003717797559808241], [-0.05279122509039423, -0.022235966749979144, 0.021492388412914416, 0.0673865293306587, -0.00016547320538589554, 0.0017882444621933886, -0.002050430843003802, 0.0011389282717621746], [-0.008503262388504794, -0.002959101763511688, 0.001823026928269537, -0.00016547320538589603, 0.01312771858336314, -0.0003843831735813079, 0.0010376997567694145, -0.0013572203021121549], [-0.0016626043442773387, -0.0009672938845267788, 0.0005652605613589034, 0.0017882444621933888, -0.00038438317358130793, 0.002009607379790417, 0.0011992559232947072, -0.0003968311569469175], [0.000650796500433532, 0.0014137956223823662, 0.00021866141342615842, -0.002050430843003802, 0.0010376997567694145, 0.0011992559232947072, 0.0023098830149268315, 0.00025071507756185786], [0.0003421854197681354, 0.0003684495828900069, 0.0003717797559808241, 0.0011389282717621748, -0.0013572203021121549, -0.0003968311569469175, 0.00025071507756185786, 0.0037878707079274077]], [[0.04200533629665634, 0.013155587634335048, -0.00865299955889843, 0.0060240515593750436, -0.003702914056093994, -0.002649690156999654, -0.0016217287057336434, -0.0046534289061500875], [0.013155587634335046, 0.004485470613394739, -0.0023650118444749724, 0.001709296594326973, -0.0017541908974585978, -0.0003842285506771534, 5.967073693391714e-05, -0.0012759369330205227], [-0.008652999558898429, -0.0023650118444749724, 0.0030022639752524238, -0.0018743537917373931, 0.0005825393708039843, 0.0011245315295615947, 9.190372487173717e-05, 0.0015005333074973144], [0.006024051559375043, 0.001709296594326973, -0.0018743537917373931, 0.0017964586241034763, -0.0009898378331535075, -0.0006293954121189419, -0.00015800189741509745, -0.0017082573452802884], [-0.003702914056093994, -0.0017541908974585975, 0.0005825393708039843, -0.0009898378331535075, 0.002917175109757558, -0.0011633686526744803, -0.0018338212949447644, 0.00118566739680484], [-0.0026496901569996534, -0.0003842285506771535, 0.0011245315295615945, -0.0006293954121189419, -0.0011633686526744803, 0.0018606628948912153, 0.0017973499546873335, 0.00038067330189527055], [-0.0016217287057336432, 5.967073693391708e-05, 9.190372487173726e-05, -0.00015800189741509745, -0.0018338212949447644, 0.0017973499546873333, 0.0029164912009767632, 0.00043338400200961994], [-0.0046534289061500875, -0.0012759369330205227, 0.0015005333074973141, -0.0017082573452802884, 0.0011856673968048397, 0.0003806733018952705, 0.00043338400200962005, 0.003815161813546902]], [[0.3032706516931734, 0.0200269315728381, -0.05821269236816562, 0.015647744078556656, 0.03042087104429427, -0.01330102671578403, 0.0009181383035785975, -0.005174374447495937], [0.0200269315728381, 0.0016663297632294855, -0.0033378621606740774, 0.0011427906428188852, 0.0019923587223183866, -0.00034970446831247745, 0.0003031910028364285, -0.00111130294551843], [-0.05821269236816562, -0.0033378621606740774, 0.012068926261740085, -0.0027827768477478028, -0.00596709807852802, 0.003012359828652337, -8.658174768967642e-05, -7.463726392384819e-05], [0.015647744078556656, 0.001142790642818885, -0.0027827768477478023, 0.0017095539967687992, 0.000607587635789963, -0.0004081854683651074, 0.00013546113473204865, -0.0010821605041067938], [0.030420871044294272, 0.0019923587223183866, 