{"weights": [0.1308574931317761, 0.20803496180535946, 0.28453873215795794, 0.1432357483689159, 0.15555175583798336, 0.07778130869800715], "means": [[3.791632403854391, 0.45268757211738514, -0.3728357263932034, 0.13819350728305552, -0.046253117974852966, -0.07698574442027839, 0.07222592852375605, -0.013208477482711733], [1.19601318876771, 0.5544490722433626, -0.5185473708569746, 0.020690204489475752, 0.04305559062251649, 0.05865225999882989, -0.01606154020123464, -0.0003059289710509714], [-3.92988900773327, -0.4578202021071988, 0.09026871448742273, 0.02745408872991309, 0.026836798109524135, 0.0054314083277902285, 0.010424902860243574, -0.003383919869331666], [-2.6988236529801877, -0.026929427405474635, -0.1995742557158757, -0.09212568563114194, -0.10683047199171306, -0.007354887513271398, -0.018410792529640257, 0.0022029664192898175], [-0.8010618501847024, 1.436752820880364, 1.0808499480856288, -0.018268105981718394, 0.004580305663902482, -0.00794455536249582, -0.021730938797323865, -0.006534346276907783], [6.8574002602460755, -0.6351864124243995, 0.3104244770011946, -0.04685835041058933, -0.002213000261331486, 0.004983018270642288, -0.0004315108835596724, 0.0013676809635379131]], "cov": [[[0.1771973439991006, -0.02022242777516103, 0.03234529387756768, -0.009145714263781681, -0.006084372919072292, 0.0005199705231293304, 0.009794425108968887, 0.0004719628262043531], [-0.02022242777516103, 0.0030832352526194294, -0.002424713564566437, 0.00017417375941555202, 0.001092108564827348, 8.930386758092489e-05, -0.0011891442696877969, -5.1121287435542924e-05], [0.03234529387756768, -0.002424713564566437, 0.008640994525860405, -0.0033416906817018287, -0.0010135020430626581, 0.0005775078865421458, 0.0013121271714727752, 0.00036126973126172484], [-0.009145714263781681, 0.00017417375941555197, -0.003341690681701829, 0.0023708810341260345, -0.0007634374137384237, -0.00041148002118999993, -9.036539323220244e-05, 0.00036246351752896406], [-0.006084372919072291, 0.001092108564827348, -0.0010135020430626584, -0.0007634374137384236, 0.002903677618211395, -0.0002544430610286723, -0.0004161082656930939, -0.0012071707082282838], [0.0005199705231293302, 8.93038675809249e-05, 0.0005775078865421458, -0.00041148002118999993, -0.00025444306102867227, 0.0008391201465756163, 0.00019426733101694335, -0.00025953297577165595], [0.009794425108968887, -0.0011891442696877967, 0.0013121271714727752, -9.036539323220246e-05, -0.0004161082656930939, 0.00019426733101694338, 0.0009917393760791172, -5.8861178557240795e-05], [0.00047196282620435323, -5.112128743554294e-05, 0.0003612697312617249, 0.000362463517528964, -0.0012071707082282838, -0.00025953297577165595, -5.8861178557240795e-05, 0.0010400141459673913]], [[0.3356325147191181, 0.0038237853059718825, 0.030840683130777622, 0.030506956475351447, -0.013957251140281873, 0.02208697632177327, -0.01122590060571143, -0.002736672542764612], [0.0038237853059718825, 0.0012605594060285806, 0.0009356963275405858, 0.000134265382191678, -0.0012911745340387609, -0.0006668986957595664, -1.5063562133140496e-05, 0.00010401875961507578], [0.030840683130777615, 0.0009356963275405857, 0.005397464225690074, 0.00364493094707948, -0.002919694237131748, 0.0035020427646863415, -0.0014670082592766428, 4.6139516795981145e-06], [0.03050695647535145, 0.00013426538219167802, 0.003644930947079481, 0.0057937092570841675, -0.0032109787291699676, 0.003382681250797245, -0.0014529634358249595, -0.0011247366806374029], [-0.013957251140281873, -0.001291174534038761, -0.0029196942371317483, -0.0032109787291699676, 0.004794197926949848, -0.0014656506409916703, 0.00012258827940318066, 0.0007552334565912168], [0.02208697632177327, -0.0006668986957595665, 0.003502042764686342, 0.003382681250797245, -0.0014656506409916699, 0.0053600809707965115, 0.00020753157488904625, -0.0005596964555315371], [-0.01122590060571143, -1.5063562133140549e-05, -0.001467008259276643, -0.0014529634358249595, 0.00012258827940318069, 0.00020753157488904623, 0.002271339200618778, 5.184364315607332e-07], [-0.002736672542764612, 0.00010401875961507578, 4.613951679598125e-06, -0.0011247366806374029, 0.0007552334565912168, -0.000559696455531537, 5.184364315607263e-07, 0.0014682970600395425]], [[0.04549409643678964, 0.018704285341502383, -0.016361755214196805, -0.040155724887348254, -0.007816591325211996, -0.001295649864838864, 0.0002578182580184022, 0.000336634804366581], [0.018704285341502383, 0.009466425458846383, -0.005524104635390966, -0.01702651157341526, -0.0027501205460303017, -0.0006816172428749734, 0.0013621611645833805, 0.0004150512490943136], [-0.0163617552141968, -0.005524104635390966, 0.00731817904822247, 0.01663891133488118, 0.0014111890458111329, 0.0005202797307533549, 0.0004379535222976495, 0.000411384311547455], [-0.040155724887348254, -0.017026511573415264, 0.016638911334881185, 0.053837442726774945, -0.0016206965428768678, 0.001404180182617564, -0.0018378072341492494, 0.0009950489692565504], [-0.007816591325211996, -0.002750120546030302, 0.001411189045811133, -0.0016206965428768685, 0.013261351265776013, -0.00043486538083906996, 0.0010042660892373104, -0.0014886946329795525], [-0.0012956498648388636, -0.0006816172428749734, 0.0005202797307533549, 0.0014041801826175637, -0.00043486538083906996, 0.0020669507361647872, 0.0013398945702632452, -0.000546611866457292], [0.0002578182580184021, 0.0013621611645833805, 0.0004379535222976495, -0.0018378072341492496, 0.0010042660892373104, 0.0013398945702632452, 0.0024789729582240716, 0.00020460439333005076], [0.00033663480436658076, 0.00041505124909431364, 0.000411384311547455, 0.0009950489692565504, -0.0014886946329795525, -0.000546611866457292, 0.00020460439333005076, 0.004123365259936298]], [[0.028201299186643082, 0.00884827572324746, -0.005705615873298368, 0.003979984072502273, -0.0024466073883560677, -0.0017703426510387163, -0.0011680806057738516, -0.0030656177372619343], [0.008848275723247461, 0.0030890834640074447, -0.0013954558059291451, 0.0010580959056818687, -0.001303478122618091, -0.00010190471040660647, 7.215477804180873e-05, -0.0008728954486678058], [-0.005705615873298368, -0.001395455805929145, 0.0026932917869602344, -0.001535676760163089, 0.0002520925673710408, 0.001036949007641296, -0.0002601185241317149, 0.0008221036652395969], [0.003979984072502273, 0.0010580959056818685, -0.001535676760163089, 0.0013496921184113924, -0.0006598665457082847, -0.0004962154787432299, 4.641239685224861e-05, -0.001205518426539783], [-0.0024466073883560677, -0.001303478122618091, 0.00025209256737104076, -0.0006598665457082847, 0.002419835797240493, -0.0011796682880366516, -0.0016502883602398783, 0.0009775215901634317], [-0.0017703426510387163, -0.00010190471040660647, 0.001036949007641296, -0.0004962154787432298, -0.0011796682880366516, 0.001606704127752154, 0.0014495307124725778, 0.00018342207492391167], [-0.0011680806057738516, 7.21547780418087e-05, -0.0002601185241317149, 4.6412396852248616e-05, -0.0016502883602398783, 0.001449530712472578, 0.0027059369352544172, 0.00044836739921274036], [-0.0030656177372619343, -0.0008728954486678057, 0.0008221036652395969, -0.001205518426539783, 0.0009775215901634317, 0.00018342207492391167, 0.00044836739921274036, 0.003050520761819846]], [[0.2053069632703813, 0.01356932835197743, -0.03939705103196095, 0.010636241792948664, 0.020443002941781366, -0.008892009254828616, 0.0007494536839904249, -0.0034175170303959125], [0.01356932835197743, 0.001189333014201549, -0.0021762069051002417, 0.0007804622178483443, 0.0013581189108097726, -0.00013726307155574572, 0.0002565788778212948, -0.0008757280145310039], [-0.03939705103196095, -0.0021762069051002417, 0.008333895368756294, -0.0018624719713096851, -0.003937054874298577, 0.0019871399176760833, -0.00019328215082059643, -0.00034554454998375595], [0.010636241792948664, 0.0007804622178483443, -0.0018624719713096856, 0.0014627156764166695, -9.191399048709161e-05, -0.00015164860231222182, 0.0002356145894055167, -0.0007207098724492977], [0.020443002941781366, 0.0013581189108097726, 