{"MAP index": 48, "entropy_prior_gmm": 0.0008925289686521987, "entropy_MAP_gmm": 0.002411974361166358, "entropy_z_nk_prior": 0.00127887914225473, "entropy_MAP_z_nk": 0.002842969528660505, "entropy_mixing_prior": 88.99072030499339, "entropy_MAP_mixing": 1.4104340096996961}