{"weights": [0.1710234360944668, 0.0003956059333201808, 0.4695067497025259, 0.12417554916400052, 0.15435839979064422, 0.0805402593150424], "means": [[-6.865883840215303, -0.6330206933575739, -0.3192921002970092], [0.4513444703043973, -0.0992307135764472, -0.5192322866501446], [3.428461987634916, -0.27128012045768446, 0.027287431752919682], [0.17833117573300783, 0.2810110358608466, 0.4145377399262159], [-0.2734757161866801, 0.30087428492949353, -0.07381275859468148], [-3.8905348058392724, 1.0720050393778564, -1.020256760100429]], "cov": [[[0.7521960305805802, -0.0006432083380826666, -0.8311184327523876], [-0.0006432083380826666, 4.257541591934197, -2.9908809866279005], [-0.8311184327523876, -2.9908809866279005, 8.217840919135476]], [[7040.498422900311, -38.56940082217899, 497.2892728558201], [-38.569400822179, 1279.0850022497207, 475.56949628672464], [497.28927285582023, 475.5694962867247, 394.51498453657416]], [[285.931977453495, -122.01188420550275, -100.2717236513771], [-122.01188420550277, 57.27011265650419, 46.08961245862954], [-100.27172365137709, 46.08961245862953, 40.83248365961106]], [[1172.1070247019866, -354.7738470949121, -238.52393798020557], [-354.7738470949121, 110.60708148799984, 73.57421568404061], [-238.5239379802056, 73.57421568404061, 50.29902430448062]], [[9980.326754212389, -673.444197761098, -2017.6551108455594], [-673.444197761098, 85.85826160448396, 161.8488337440093], [-2017.655110845559, 161.8488337440093, 445.16866139577405]], [[15602.090315718115, 876.8638545841175, -731.8566073376385], [876.8638545841175, 5998.797143386144, 7563.1098182462165], [-731.8566073376394, 7563.109818246217, 9756.94249364632]]]}