{"accuracy_init": 0.7722222208976746, "accuracy_final_MAP": 0.9166666865348816, "accuracy_final_mean": 0.9277777671813965}