{"accuracy_init": 0.7751677632331848, "accuracy_final_MAP": 0.5973154306411743, "accuracy_final_mean": 0.5872483253479004}