{"MAP index": 459, "entropy_prior_gmm": 0.0008925289686521987, "entropy_MAP_gmm": 0.008766221813857555, "entropy_z_nk_prior": 0.00127887914225473, "entropy_MAP_z_nk": 0.007930982117641887, "entropy_mixing_prior": 88.99072030499339, "entropy_MAP_mixing": 1.631448146672491}