{"entropy_prior_gmm": 1.1512925464970228e-08, "entropy_Mean_gmm": NaN, "entropy_z_nk_prior": 0.0012788791422551772, "entropy_Mean_z_nk": 0.0012788770707116647, "entropy_mixing_prior": 88.99072030499339, "entropy_Mean_mixing": 1.7135927655924978}