{"weights": [0.17097363179629543, 0.000409626214451822, 0.46954405555701123, 0.12417417970965278, 0.1543582473007399, 0.0805402594218489], "means": [[6.869705299229959, -0.6476115992354013, 0.30660937924545634, -0.04227308677765609, -0.0019944615384486592, -0.00036422204356201525, -0.012060638568304992, -0.0010880624891417652], [-0.3175462791934577, 0.3355921154755231, 1.3190810992234947, 0.03622345342311378, -0.4702497248997271, -0.4286183898424921, 0.16632919441512733, 0.03587236804549107], [-3.5426547128670394, -0.3164807473086311, 0.012110242083716288, -0.00952987602014811, -0.012663364018788476, 0.0026266578794972954, 0.004247992661109357, -0.001673414525476125], [0.6563551597859905, 0.5392355697824922, -0.5846786051790513, -0.040685144777948344, 0.05914933925385101, 0.0006796393239220322, -0.014966672785475133, 0.01784780264008834], [2.955383870734796, 0.4632475395945329, -0.42178160654646674, 0.11572573219773898, -0.006991001729456505, -0.006364532946111624, 0.024112628803150557, -0.004597050637326175], [-0.6784666803439505, 1.4803659232363804, 1.0180212234364017, -0.0051147939909265815, 0.009959851107454381, -0.00013889686526541225, -0.005608218160983763, -0.004666138086638414]], "cov": [[[0.7625240676311739, -0.13456180040894364, -0.28003187997964124, 0.3719745309012426, -0.09100395194221358, 0.06896869550479408, 0.28877799583031494, -0.028108321247104433], [-0.13456180040894364, 2.774517523528143, 2.292886301976269, -1.1158068530348644, 0.6478878483618302, 0.2531656241712421, 0.9560297516849582, -0.12597914106961292], [-0.28003187997964124, 2.292886301976269, 4.285200728001175, -3.183288136526938, 1.101070171079131, -0.16956007234524087, -1.000604417831049, -0.00575670810437967], [0.37197453090124266, -1.1158068530348646, -3.183288136526938, 4.470501721226111, -0.9698555692949834, 0.23159438832393742, 1.7886137932033346, -0.016690112292782534], [-0.09100395194221358, 0.6478878483618302, 1.101070171079131, -0.9698555692949834, 1.825967602234214, 0.004551882984128674, -0.203887418714877, 1.0491470354286903], [0.06896869550479408, 0.2531656241712422, -0.16956007234524084, 0.23159438832393742, 0.004551882984128678, 0.82247887698284, 0.40098488904129326, -0.6778126126496246], [0.28877799583031494, 0.9560297516849582, -1.0006044178310491, 1.7886137932033346, -0.20388741871487698, 0.4009848890412933, 2.05994662153141, -0.0894937714188335], [-0.028108321247104464, -0.1259791410696132, -0.0057567081043797255, -0.016690112292782614, 1.0491470354286903, -0.6778126126496247, -0.08949377141883356, 3.2836056441445383]], [[3284.286553478478, 251.38985506348538, -355.0950647153059, 77.3748742534977, 310.02964430786943, 42.226570236018304, 108.99053985266913, -81.93715078669847], [251.38985506348544, 1370.0429608496468, 476.65701342487387, 138.64435873547743, -196.92395304148673, 79.40440971501748, 147.22946328773773, -93.48204699997285], [-355.0950647153059, 476.65701342487375, 1659.016612789097, 89.83863020876792, -270.71043822954107, 31.613652276550607, -8.871672015803986, -14.642592585208169], [77.37487425349772, 138.6443587354774, 89.83863020876798, 771.7424815053707, 106.22535211807619, -56.94745517148127, 4.160106072728806, 189.06150750746878], [310.02964430786943, -196.92395304148667, -270.71043822954107, 106.22535211807619, 1027.0489990568333, 6.474931391862204, -59.88236626395283, -200.67207386802187], [42.2265702360183, 79.40440971501748, 31.613652276550592, -56.94745517148126, 6.474931391862213, 933.012543267426, 22.052248523576583, 72.76044141094361], [108.99053985266913, 147.2294632877377, -8.871672015804016, 4.16010607272883, -59.88236626395282, 22.052248523576583, 909.5598511185431, -65.10309525787349], [-81.93715078669847, -93.48204699997285, -14.642592585208172, 189.06150750746878, -200.67207386802187, 72.76044141094361, -65.10309525787349, 880.8480568606309]], [[137.5741202228102, 57.894346950761175, -46.50702909544239, -100.89833875765251, -29.00027939080198, 11.8522806457329, 1.4101227328133592, -2.4527301471846474], [57.894346950761175, 34.72373416690166, -13.634974989965485, -47.95717185954871, -6.503733947319345, 3.181999874567853, 5.421679635505191, 1.2365284547081248], [-46.5070290954424, -13.634974989965489, 23.17830445839997, 45.76216548641485, 7.105318516769185, -2.686651073243888, 1.2786339401163933, 1.735472506665052], [-100.89833875765251, -47.95717185954871, 45.76216548641485, 179.55460689072237, -10.745536673092914, 7.400227485581718, -11.829869668269266, -0.5189705217523105], [-29.000279390801982, -6.503733947319347, 7.105318516769184, -10.745536673092914, 72.20339827040127, 6.440537274240727, 8.421395777638665, -5.7997390642506526], [11.8522806457329, 3.1819998745678535, -2.6866510732438873, 7.400227485581718, 6.440537274240729, 30.159283310996933, -3.6625758979034564, -4.746622040647692], [1.4101227328133592, 5.421679635505191, 1.278633940116394, -11.829869668269266, 8.421395777638665, -3.662575897903457, 4.733701609588659, 0.06853306297809265], [-2.452730147184647, 1.236528454708124, 1.7354725066650518, -0.5189705217523112, -5.7997390642506526, -4.7466220406476936, 0.06853306297809258, 15.548475932305905]], [[52.562681284126406, 0.03273904066915088, 3.72749538979241, 4.205718512054977, -0.523802502464259, -0.48286122364649015, -2.5120173202933804, -1.3362008969761683], [0.03273904066915087, 1.210046656963663, 0.33993733582639646, -0.009928106135491086, -1.2935825995819026, 0.40882422924361245, 0.6788979282915221, 0.13534309182489904], [3.727495389792411, 0.33993733582639646, 2.2867437115260283, 0.1050354442034535, -0.8425651990706038, -0.653632670852308, -1.323812486538442, 0.1732753068718192], [4.205718512054977, -0.009928106135491057, 0.10503544420345357, 2.763539076945702, -1.1572717365232446, -0.6593499294900953, -0.09664471913244038, -0.7449034490615505], [-0.523802502464259, -1.2935825995819024, -0.8425651990706038, -1.1572717365232446, 2.838810959729241, 0.21740691778545213, -0.4813985135247157, -0.06602441785008961], [-0.48286122364649026, 0.40882422924361245, -0.653632670852308, -0.6593499294900953, 0.21740691778545224, 3.0158496584227823, 0.5175235658558346, 0.15778609555967077], [-2.512017320293381, 0.6788979282915221, -1.323812486538442, -0.09664471913244041, -0.4813985135247156, 0.5175235658558345, 1.722225237374595, -0.23651334116265], [-1.3362008969761683, 0.13534309182489904, 0.1732753068718192, -0.7449034490615505, -0.06602441785008957, 0.15778609555967074, -0.23651334116265, 1.9389122864333985]], [[766.400176276703, 194.29451365196644, -129.0838944741594, 83.18205918012245, -44.30512239236072, 77.13312357435376, 21.587724238526228, -3.756404837060012], [194.2945136519664, 144.19865646054285, -97.70648709655906, 29.488567812912695, -10.541511051709842, 15.44207106118859, -55.091929116750926, -9.877495756249285], [-129.0838944741594, -97.70648709655906, 75.57538903548918, -18.191119959232694, 10.330695231720325, -11.35398862861644, 41.36677816734387, 6.889816239490554], [83.18205918012245, 29.488567812912702, -18.191119959232694, 19.732070810290423, -2.2855572177380687, 5.974199681435928, -7.136780210181764, -0.934313259763594], [-44.30512239236072, -10.54151105170984, 10.330695231720325, -2.285557217738068, 9.725895787814926, -7.06605756619561, -3.867279553455375, -0.2914630492815526], [77.13312357435376, 15.44207106118859, -11.353988628616438, 5.974199681435926, -7.066057566195611, 15.828297530085075, 11.712999878664192, 0.4534056730865547], [21.587724238526228, -55.09192911675093, 41.366778167343874, -7.1367802101817635, -3.867279553455375, 11.712999878664192, 62.241525327041394, 8.430766600275641], [-3.7564048370600123, -9.877495756249285, 6.889816239490554, -0.934313259763594, -0.29146304928155303, 0.4534056730865547, 8.430766600275641, 7.513001285153164]], [[61.29307358820274, 2.1266959538254158, -19.408830860730585, -0.9573845310079552, 1.8353239469219425, 10.6569237286037, 20.359518889298077, -9.89577116554658], [2.126695953825416, 24.630224187039772, -10.01767881703866, 13.331921945396857, 