{"accuracy_init": 0.7722222208976746, "accuracy_final_MAP": 0.7277777791023254, "accuracy_final_mean": 0.7888888716697693}