,X,Y,Z,id,nugget
0,100.0,0.0,-825.0,88563247,1e-05
1,300.0,0.0,-829.5508618942706,88563247,1e-05
2,900.0,0.0,-825.0,88563247,1e-05
3,100.0,0.0,-844.9999999999999,90687471,1e-05
4,300.0,0.0,-840.6877489506393,90687471,1e-05
5,900.0,0.0,-844.9999999999999,90687471,1e-05
