{"weights": [0.5693497727140727, 0.2001288600869266, 0.23052136719900068], "means": [[-2.117100720098, -0.5234690805077163, 0.03969228328694551, -0.017359214676280654, 0.007591209590604519, 0.002952044906437374, 0.01299322292550009, -0.006613923958683975], [4.001746466423911, -2.765257160456665, -0.06031555607766011, 0.11070557073453616, -0.16799918471892844, -0.11468147353846651, 0.07330273367438361, -0.023938820807393485], [1.8240900419470047, 3.6318842084837897, 0.12236696000246168, -0.031558766682298144, 0.011166151636170041, 0.01020600849070019, 0.029090206775870115, 0.013234524824619755]], "cov": [[[0.02399248659542398, -0.00933794105719185, 0.007706595064042996, -0.07727359543207504, 0.023919830509670753, -0.022506053629618373, -0.011759550728486608, 0.005826112491527586], [-0.009337941057191849, 0.033802610470561927, -0.015216533872959064, 0.05194875296576375, -0.039542333281002935, 0.0015693322380063161, -0.01737658495316132, -0.003446240499054722], [0.007706595064042997, -0.015216533872959064, 0.01970722836393894, -0.09416214708121423, 0.031683240260346565, -0.01360803907440358, 0.013726925450340507, -0.005894252533634297], [-0.07727359543207504, 0.05194875296576375, -0.09416214708121423, 0.6118879376837019, -0.16651884636982922, 0.12797390324720503, -0.0031430677528128904, 0.024319549905423052], [0.023919830509670753, -0.03954233328100293, 0.031683240260346565, -0.16651884636982922, 0.07894147626826511, -0.01577838511983598, 0.003154060635025137, -0.015132175197777759], [-0.022506053629618373, 0.001569332238006317, -0.013608039074403578, 0.12797390324720503, -0.01577838511983597, 0.05283807140547154, -0.0018751385895882545, -0.01630627940181472], [-0.011759550728486608, -0.017376584953161318, 0.013726925450340507, -0.0031430677528128913, 0.003154060635025137, -0.0018751385895882545, 0.052536199610927786, 0.011542297799719697], [0.005826112491527585, -0.0034462404990547217, -0.005894252533634297, 0.024319549905423052, -0.015132175197777762, -0.01630627940181472, 0.011542297799719697, 0.026865918419399733]], [[0.47202226591512453, 0.09962108362555715, -0.004427650001167565, -0.3012937845852289, -0.18239733069143912, 0.0680570639048076, -0.040015185789112846, -0.13989011197312182], [0.09962108362555715, 0.17038444005509298, 0.006069742988495339, 0.17768983185436793, 0.3002957607092194, -0.03937153233845389, -0.06097188004293661, -0.0728559033830202], [-0.004427650001167562, 0.006069742988495338, 0.009788197120234517, -0.0504104176851052, 0.014686439864966363, 0.04038807277238802, -0.01200556839259199, 0.014441230739118908], [-0.3012937845852289, 0.17768983185436793, -0.0504104176851052, 1.2728403428731618, 0.6822073519289416, -0.4731049731666869, 0.04362802022269413, -0.14356058912204223], [-0.18239733069143912, 0.30029576070921943, 0.014686439864966363, 0.6822073519289414, 0.977541649041819, -0.1217812557976366, -0.15483325707289253, -0.018671194624350376], [0.06805706390480762, -0.03937153233845389, 0.04038807277238802, -0.47310497316668704, -0.12178125579763666, 0.3280703588160494, -0.07566943546379487, 0.09241868423738853], [-0.04001518578911285, -0.06097188004293661, -0.01200556839259199, 0.04362802022269414, -0.15483325707289253, -0.07566943546379487, 0.0751614578273067, 0.012986508721050073], [-0.13989011197312182, -0.0728559033830202, 0.014441230739118908, -0.14356058912204223, -0.01867119462435038, 0.09241868423738854, 0.012986508721050071, 0.21938277489060073]], [[0.1356146919735426, -0.10062158051690581, 0.3824314628887573, 0.09344727342560039, 0.13842305127884996, 0.015254314800598282, 0.021467999264001326, 0.0483733084495813], [-0.1006215805169058, 0.1919718666140729, 0.14485222847463913, -0.08265695315489696, -0.1773737764132571, -0.01742338680060032, -0.014463289812579393, -0.043922504112988744], [0.3824314628887573, 0.14485222847463913, 4.424555313811113, 0.2672424864311809, -0.09884366275533897, 0.0008136495110109372, -0.018329778022851698, 0.006220941270506885], [0.09344727342560039, -0.08265695315489696, 0.2672424864311809, 0.1303905440824703, 0.053219837119627356, -0.004860961763090943, -0.050850264339337675, 0.04448228482686539], [0.13842305127884993, -0.1773737764132571, -0.09884366275533897, 0.05321983711962735, 0.3025862811107899, 0.07472665827857994, 0.12925871370771908, 0.03501879399670249], [0.015254314800598275, -0.017423386800600328, 0.000813649511010937, -0.0048609617630909424, 0.07472665827857995, 0.048627412952850294, 0.07603154341826815, -0.02365681669402281], [0.021467999264001326, -0.014463289812579393, -0.018329778022851694, -0.05085026433933769, 0.12925871370771908, 0.07603154341826815, 0.20897248062078463, -0.03679859986356976], [0.0483733084495813, -0.043922504112988744, 0.006220941270506887, 0.0444822848268654, 0.03501879399670249, -0.023656816694022805, -0.03679859986356975, 0.04748568615445514]]]}