{"MAP index": 131, "entropy_prior_gmm": 1.1512992384279826e-08, "entropy_MAP_gmm": 1.1512925723877743e-08, "entropy_z_nk_prior": 0.0011754161606685348, "entropy_MAP_z_nk": 0.020144597361787267, "entropy_mixing_prior": 53.75278407684164, "entropy_MAP_mixing": 1.6770754831948145}