{"weights": [0.07929959387923066, 0.23492765022540624, 0.3147578394070632, 0.12047323255179718, 0.10453331879588604, 0.14600836514061666], "means": [[3.927294011768473, 0.4367247577915228, -0.3474671645506363, 0.1314476436124465, -0.037320739743099435, -0.08141370733130093, 0.07549112119221109, -0.0162882879647489], [1.1638493662880518, 0.5597684229953233, -0.5102783112565425, 0.013991806572633169, 0.036881661276594487, 0.05229983086481706, -0.021509149913482847, 0.017365337244950714], [-3.912947036624913, -0.4411455665963797, 0.09448448089935775, 0.04063611587442659, 0.0019487282217033252, -0.0053823749230905975, 0.007103359298118966, 0.0007671680149995984], [-2.708337535818094, -0.03217707117412605, -0.20073316683930267, -0.09373066286508207, -0.09493394093267293, -0.010771801977141332, -0.02379390367792835, -0.0061362349637998645], [-0.7175047217750129, 1.4456855947034735, 1.0689507422414768, -0.013559821534559003, 0.00823801526596477, 0.006276098789922861, -0.005282995378976139, -0.003174188151553364], [6.858507792054301, -0.6204491178478304, 0.322061898492261, -0.05506518986145943, -0.0009126913706751527, -0.00016115270660857687, 0.005084734252929925, 0.0009536354806062801]], "cov": [[[0.20948456291041964, -0.023912407456112287, 0.038278283150363704, -0.010756793574649086, -0.007370395618092646, 0.0006258524804619903, 0.011576318768904718, 0.0006580692029827725], [-0.023912407456112283, 0.0037585878656433576, -0.0027542398065435836, 2.434481774845468e-05, 0.0016848551011648947, 0.00011347324687183133, -0.0013954568661046604, -0.00021652193924261547], [0.038278283150363704, -0.002754239806543585, 0.010162731718896395, -0.004338624548388895, -0.00021461135980438558, 0.0006294342342305261, 0.0015607046883288475, -7.556858852677985e-05], [-0.010756793574649086, 2.4344817748455044e-05, -0.004338624548388895, 0.003183138612050654, -0.001143084529917739, -0.0005733513239143101, 2.0546380868797542e-05, 0.0005281490046885108], [-0.007370395618092645, 0.0016848551011648947, -0.00021461135980438536, -0.001143084529917739, 0.0024807700666735493, -0.00010659472428814304, -0.0006479442092345277, -0.0008108641312464062], [0.0006258524804619902, 0.00011347324687183129, 0.0006294342342305263, -0.0005733513239143101, -0.00010659472428814299, 0.0010655720118463337, 0.0002682534878077267, -0.0005010723025225153], [0.011576318768904718, -0.0013954568661046604, 0.0015607046883288475, 2.054638086879758e-05, -0.0006479442092345278, 0.00026825348780772676, 0.0012413471567558516, -3.1803734327748427e-06], [0.0006580692029827725, -0.00021652193924261541, -7.556858852677993e-05, 0.0005281490046885108, -0.0008108641312464062, -0.0005010723025225153, -3.1803734327748728e-06, 0.0008582624445621289]], [[0.2835694244616123, 0.003263267811981832, 0.02611213807681263, 0.025894521737954687, -0.011995009924412993, 0.018770232201198455, -0.009395452252450443, -0.002380278060291223], [0.0032632678119818314, 0.0012368745050560616, 0.0006775968513568487, 3.876374169070704e-05, -0.0012928293786798144, -0.0009593664878808696, -3.560549990641472e-05, 4.652618100985658e-05], [0.026112138076812626, 0.0006775968513568487, 0.004647478562408192, 0.002821369845746402, -0.0017759452768515932, 0.0025726638069520393, -0.0019130741175508448, 0.00028597617430183123], [0.025894521737954687, 3.8763741690707164e-05, 0.0028213698457464024, 0.004439038803841377, -0.0021007925879415975, 0.0024638939359892726, -0.001386076847010686, -0.00069096531287609], [-0.011995009924412992, -0.0012928293786798144, -0.0017759452768515936, -0.0021007925879415975, 0.003739761778899731, -0.0002998280121135026, -6.311961760596568e-05, 0.000579651636970742], [0.018770232201198455, -0.0009593664878808696, 0.0025726638069520397, 0.0024638939359892726, -0.00029982801211350267, 0.004754651941201244, 0.00029929035131026106, -0.0003819149850868332], [-0.009395452252450441, -3.560549990641471e-05, -0.0019130741175508448, -0.001386076847010686, -6.311961760596571e-05, 0.0002992903513102611, 0.002826288047853031, -0.00031380290294128995], [-0.0023802780602912225, 4.652618100985659e-05, 0.0002859761743018312, -0.0006909653128760901, 0.000579651636970742, -0.0003819149850868332, -0.0003138029029412899, 0.0013821247781628872]], [[0.03984324093557498, 0.01634809724018901, -0.014054016883830804, -0.03307117742141682, -0.007846873017492097, -0.0011478299520408077, 2.6916814821439865e-05, 0.0004804632737977775], [0.01634809724018901, 0.008495377254817842, -0.004557196768699406, -0.014047229425590798, -0.0026416343318928924, -0.0006426589193164208, 0.00129180657391612, 0.0006587743887905566], [-0.014054016883830806, -0.0045571967686994065, 0.006422457148813054, 0.014118755788253617, 0.001265963024218558, 0.0004380240322923702, 0.000530859192494008, 0.0005296632812462277], [-0.03307117742141682, -0.014047229425590798, 0.014118755788253615, 0.04740575977156396, -0.002867026238398137, 0.0011457945494851582, -0.001776836745548376, 0.0011201450768131053], [-0.007846873017492097, -0.0026416343318928924, 0.0012659630242185579, -0.002867026238398137, 0.014746155927510664, -0.0004920275675506799, 0.0012051231302010455, -0.0017309679579612892], [-0.0011478299520408075, -0.0006426589193164208, 0.00043802403229237013, 0.0011457945494851582, -0.0004920275675506799, 0.0018128575740564419, 0.0011679752207734472, -0.0002493580295675412], [2.6916814821439695e-05, 0.0012918065739161199, 0.0005308591924940081, -0.0017768367455483762, 0.0012051231302010455, 0.0011679752207734472, 0.002403200617880066, 0.0005157252247091984], [0.00048046327379777746, 0.0006587743887905566, 0.0005296632812462278, 0.0011201450768131055, -0.0017309679579612896, -0.00024935802956754127, 0.0005157252247091984, 0.003815777335841327]], [[0.047929614014509854, 0.014996683327551937, -0.009927411236300691, 0.0069253490131283785, -0.004202691103034928, -0.003108528941268152, -0.0019069518419071645, -0.005381935398665568], [0.014996683327551935, 0.005087284607935661, -0.0027649074448763836, 0.0020164882872554897, -0.0021390713331340284, -0.00032006244836537854, 0.0002277841435833002, -0.0015271948334732472], [-0.009927411236300691, -0.002764907444876384, 0.0031888155463211843, -0.002045696291800621, 0.0006399738671713541, 0.0012453556266453785, 0.0002788512912890906, 0.001668920300192391], [0.006925349013128378, 0.0020164882872554897, -0.0020456962918006206, 0.0018650366500147396, -0.0011112073501869419, -0.0006372351397769401, -0.0001327665912631476, -0.0018566218422269296], [-0.004202691103034928, -0.0021390713331340284, 0.000639973867171354, -0.0011112073501869419, 0.0037849287825061505, -0.0018450047181396818, -0.0027865552905306473, 0.0013832312864529368], [-0.003108528941268152, -0.00032006244836537843, 0.0012453556266453785, -0.0006372351397769402, -0.0018450047181396818, 0.002360203360963457, 0.0025489384356894235, 0.00036495711748154203], [-0.0019069518419071645, 0.00022778414358330022, 0.00027885129128909033, -0.00013276659126314772, -0.002786555290530647, 0.002548938435689423, 0.0038835273383648495, 0.0003358755186443905], [-0.005381935398665568, -0.001527194833473247, 0.001668920300192391, -0.00185662184222693, 0.001383231286452937, 0.00036495711748154203, 0.00033587551864439053, 0.003868948041223917]], [[0.3597323975277586, 0.02374249076870316, -0.06909007513587409, 0.018567093601347, 0.036005084566568424, -0.01568489676316652, 0.0012013569079738018, -0.006062305450843212], [0.02374249076870316, 0.0019389913598272224, -0.00403605316217547, 0.001396897749850755, 0.002337844768934198, -0.0004156495468731353, 0.00036068658561319735, -0.001359059579127593], [-0.06909007513587409, -0.00403605316217547, 0.01417834670447686, -0.003322990792872008, -0.006931051827372491, 0.003505458456501849, -0.00018245791513009585, -0.00025580857304346137], [0.018567093601347003, 0.0013968977498507553, -0.0033229907928720086, 0.0018921899416114915, 0.0008199504482100328, -0.00017167724473387, 0.0004575891129803106, -0.0010846718901648894], [0.036005084566568424, 0.002337844768934198, 