,X,Y,Z,id,nugget
0,100.0,0.0,-793.0000000000001,79485025,1e-05
1,300.0,0.0,-719.0777699979442,79485025,1e-05
2,900.0,0.0,-793.0000000000001,79485025,1e-05
3,100.0,0.0,-824.0000000000001,4620098,1e-05
4,300.0,0.0,-746.0046523917925,4620098,1e-05
5,900.0,0.0,-824.0000000000001,4620098,1e-05
6,100.0,0.0,-847.0000000000001,48705185,1e-05
7,300.0,0.0,-863.0601336970149,48705185,1e-05
8,900.0,0.0,-847.0000000000001,48705185,1e-05
