{"accuracy_init": 0.9102563858032227, "accuracy_final_MAP": 0.8888888955116272, "accuracy_final_mean": 0.8888888955116272}