{"accuracy_init": 0.7751677632331848, "accuracy_final_MAP": 0.46644294261932373, "accuracy_final_mean": 0.6241610646247864}