{"accuracy_init": 0.7751677632331848, "accuracy_final_MAP": 0.8389261960983276, "accuracy_final_mean": 0.9127516746520996}