{"weights": [0.17108355561632024, 0.0014443258452555715, 0.4683987100465179, 0.12417212989453438, 0.15436090578871292, 0.08054037280865883], "means": [[6.864687923769315, -0.6478720213936084, 0.31014639468754474, -0.0434988981099784, -0.009604360248743744, -0.003048152866370479, -0.016656495706445007, -0.003085887569190026], [-4.318837075214109, -0.7439972111210068, 0.2850143080262479, 0.2491995566857511, -0.005148071503319519, -0.022990936345664334, -0.11867504380363651, 0.04847593581529721], [-3.5692911114713626, -0.31189478813236904, 0.031764026751276986, -0.01852730891154673, 0.010719286095937763, 0.016021771036399603, 0.00902426409521783, 0.0067795653085129595], [0.6916910121039339, 0.5363474043668464, -0.5828891013097826, -0.034209620430042574, 0.06106992404063013, 0.0005440296263799435, -0.01993186214155815, 0.009505254916453362], [2.9883360173881304, 0.4751248199378314, -0.4319932972325064, 0.11544278881641402, -0.012425939310058792, 0.0014756919304939435, 0.014334786884496966, -0.0007991255747901863], [-0.6422231101758533, 1.4935888629885008, 1.0061749402772906, 0.004738115752641015, 0.02534865686092842, 0.02414806164332572, 0.005403403444291644, -0.005731237486661746]], "cov": [[[0.9502203693072967, -0.16580116470692424, -0.24476265350677623, 0.3866585809948988, -0.11638225606095128, 0.07708044092806204, 0.3155044256655656, -0.05130627142555494], [-0.16580116470692427, 2.9407850146420085, 2.45529823086119, -1.1370126703439791, 0.5606684120619382, 0.3652035666864132, 1.0955648598252141, -0.49033229670714745], [-0.24476265350677628, 2.4552982308611897, 4.384819462072911, -3.3474853179946398, 1.1138020306205654, -0.13566498810459826, -0.9860087424867369, -0.10592528129366881], [0.3866585809948988, -1.137012670343979, -3.3474853179946398, 4.5322553414320526, -1.0826098991913988, 0.2831248930800111, 1.89950409870959, -0.15512769013409772], [-0.11638225606095126, 0.5606684120619382, 1.1138020306205654, -1.0826098991913988, 1.7699752885042697, -0.044706492746456904, -0.3233799032089164, 1.1518821643818304], [0.07708044092806206, 0.36520356668641313, -0.1356649881045983, 0.28312489308001115, -0.04470649274645695, 0.788288238574375, 0.49887597086430124, -0.829895201531279], [0.31550442566556564, 1.0955648598252141, -0.9860087424867371, 1.89950409870959, -0.3233799032089165, 0.49887597086430135, 2.1134792346581417, -0.410364273472758], [-0.051306271425554946, -0.49033229670714756, -0.1059252812936688, -0.15512769013409775, 1.1518821643818304, -0.8298952015312792, -0.4103642734727578, 3.5636863636122547]], [[303.910396384588, 20.635489914742795, -60.42602399076934, 8.580509568855465, 44.327408425911436, 4.822919736827111, 13.473886902511518, -12.46420375645614], [20.635489914742795, 6.966374610870407, -2.2826686062038575, 1.282904524413708, 3.1238707355777837, 0.5000680356628668, 2.5218759107503756, -1.989062830343715], [-60.42602399076935, -2.282668606203857, 18.753694229627367, -1.6609717687890224, -9.519929204728097, -1.150027212645757, -3.4084204257114807, 1.8649647199425445], [8.580509568855467, 1.2829045244137078, -1.6609717687890224, 4.250268745612639, 1.3599031564118398, 0.1236016910110881, -0.10976650582628261, 1.6344920541915173], [44.32740842591144, 3.1238707355777837, -9.519929204728097, 1.3599031564118398, 13.370669258623554, -0.6604019346155269, 1.9571973898593535, -6.0216208130741515], [4.822919736827111, 0.5000680356628667, -1.150027212645757, 0.12360169101108796, -0.6604019346155271, 2.919020425178549, 0.35841187214257253, 1.1138720098211958], [13.47388690251152, 2.5218759107503756, -3.4084204257114807, -0.10976650582628257, 1.9571973898593535, 0.3584118721425726, 3.652492154449137, -1.7582548372411995], [-12.46420375645614, -1.989062830343715, 1.8649647199425445, 1.6344920541915176, -6.0216208130741515, 1.1138720098211958, -1.7582548372411997, 9.04206966215823]], [[106.38990729288807, 44.06738574813937, -35.30907124412723, -70.0924477179865, -23.958837488907157, 10.333499628069841, 0.27235946290114904, -2.45066376478257], [44.06738574813937, 27.98693728529175, -8.932904734410231, -34.02762883960216, -5.087292253656187, 3.1409176758871857, 4.532770157691916, 1.2889203737145383], [-35.30907124412723, -8.932904734410231, 18.623235506418414, 33.20410167803215, 5.534798224110712, -1.9392718687508208, 1.63322638257525, 1.754661052594532], [-70.0924477179865, -34.02762883960215, 33.20410167803216, 138.32039601558668, -11.160294958779467, 7.082324208301065, -9.557188597035518, -0.8712835918458954], [-23.95883748890716, -5.087292253656187, 5.5347982241107125, -11.160294958779467, 65.1756561442373, 6.032729130599842, 7.602280193500597, -5.46068470519475], [10.333499628069841, 3.1409176758871844, -1.9392718687508217, 7.082324208301065, 6.032729130599841, 28.418819890000485, -3.3109763071789597, -3.6938045826648063], [0.27235946290115004, 4.532770157691916, 1.6332263825752498, -9.557188597035518, 7.602280193500597, -3.3109763071789597, 4.2313648497303005, 0.0035652848577541127], [-2.45066376478257, 1.2889203737145383, 1.7546610525945323, -0.8712835918458954, -5.46068470519475, -3.6938045826648063, 0.00356528485775419, 15.453589326388931]], [[352.8115483343385, 0.15835747039866005, 26.08494855692646, 29.391271549366863, -4.292047136937089, -4.0603756905481765, -17.694623394287238, -9.353724448424488], [0.15835747039866005, 1.4443161528861812, 0.38020968375310793, 0.5645217148851472, -2.0312426227986218, 0.29825126976718735, 0.8406501600539785, 0.0295944146921752], [26.08494855692646, 0.38020968375310793, 4.165444860724908, 2.549156626719461, -1.6490607321891697, -1.559255601127402, -2.5281231457827458, -0.4830968468560071], [29.391271549366863, 0.5645217148851472, 2.5491566267194607, 5.3287737086727205, -2.695156712381063, -1.4490447018808532, -1.2382113537368222, -1.5511199788402261], [-4.292047136937089, -2.0312426227986218, -1.6490607321891695, -2.6951567123810625, 4.578137492410366, 0.9080734897923886, -0.572573840837379, 0.2870536735575368], [-4.060375690548177, 0.2982512697671873, -1.5592556011274017, -1.4490447018808534, 0.9080734897923886, 3.6695632091489454, 1.0661167278958699, 0.21609994816047207], [-17.694623394287238, 0.8406501600539786, -2.5281231457827453, -1.2382113537368222, -0.572573840837379, 1.0661167278958699, 2.657665763115072, 0.19373429136146558], [-9.353724448424488, 0.02959441469217516, -0.483096846856007, -1.5511199788402261, 0.2870536735575368, 0.21609994816047212, 0.19373429136146564, 1.7708650816965534]], [[202.9322053284806, 47.42183086443095, -31.100844304527524, 21.619769166354274, -11.185568653461786, 19.750885385448644, 6.917035275510342, -0.8993057284515323], [47.42183086443096, 46.98322440980408, -30.036195390316117, 7.150443663405442, -2.411455843401837, 3.929340362279471, -17.294638810236435, -3.342538455035138], [-31.100844304527524, -30.036195390316117, 26.401509405018995, -4.264485780228943, 4.145168786974662, -3.778850623300155, 13.118328071896872, 1.6190781216613108], [21.619769166354274, 7.150443663405443, -4.264485780228943, 10.541403740026128, -0.1049593488895559, 0.7412841810726015, -3.721554288430445, 0.3696173710901553], [-11.185568653461786, -2.4114558434018365, 4.145168786974661, -0.10495934888955599, 6.491274445285645, -2.7972690164437184, -2.3317679610063413, -0.6061613577271853], [19.75088538544864, 3.9293403622794703, -3.778850623300154, 0.7412841810726014, -2.7972690164437184, 8.395417527447966, 5.567750695954397, 0.5422623393136846], [6.917035275510344, -17.29463881023644, 13.118328071896874, -3.721554288430445, -2.331767961006341, 5.567750695954397, 26.228789076866526, 3.201843815599029], [-0.8993057284515323, -3.3425384550351382, 1.6190781216613108, 0.36961737109015536, -0.6061613577271854, 0.5422623393136846, 3.201843815599029, 5.9352113196749405]], [[23.528632694183155, -0.9016657579472248, -3.060121642541924, 0.059460069409619974, 0.45348901993274526, -0.13722141857478168, 4.532419082302561, -4.660909317687707], [-0.9016657579472253, 11.174925234958245, -4.889642993352985, 