{"weights": [0.097741326925135, 0.20361440607402126, 0.33646006611087076, 0.1053905744002252, 0.09233343594335851, 0.16446019054638925], "means": [[-3.8051304659544587, 0.4324315973995519, 0.40207545796083977], [-1.1017580932669493, 0.5384669658665872, 0.5450768659293693], [3.914314875421276, -0.44320595255619133, -0.10481761683074622], [2.698023660534869, -0.03202659725355434, 0.20206787650534674], [0.6772175175086795, 1.4807740993679157, -1.0137059012161607], [-6.870122610654066, -0.6478935342225868, -0.30709999318783376]], "cov": [[[0.1936267636929147, 0.025891577210262782, 0.030968213555800577], [0.025891577210262782, 0.004594838582967298, 0.0023857505119129555], [0.030968213555800577, 0.0023857505119129555, 0.008624363356552648]], [[0.45293210319589444, -0.00021419078268058664, 0.03351568653497986], [-0.00021419078268058664, 0.001355653250563652, -0.00043348208927790105], [0.03351568653497987, -0.00043348208927790094, 0.004651744103147166]], [[0.044627279577904105, -0.019131109907809685, -0.01606200950872173], [-0.019131109907809685, 0.010175045912667916, 0.005679155699946575], [-0.01606200950872173, 0.005679155699946575, 0.007250981488602489]], [[0.047790898520828115, -0.014454039867694352, -0.00969246430222918], [-0.014454039867694352, 0.00487570197350057, 0.0024971476436384844], [-0.00969246430222918, 0.0024971476436384844, 0.002956112223024927]], [[0.29689726946321415, -0.02035459931637464, -0.060142078047874956], [-0.020354599316374643, 0.0022256346776815083, 0.0033607756995272884], [-0.060142078047874956, 0.0033607756995272893, 0.013185179188653199]], [[0.0005581735253276942, -0.0004780587551104657, 0.0009395828448532735], [-0.0004780587551104657, 0.00868918715143424, -0.006240723417996667], [0.0009395828448532736, -0.006240723417996667, 0.005525467194030741]]]}