{"accuracy_init": 0.7722222208976746, "accuracy_final_MAP": 0.894444465637207, "accuracy_final_mean": 0.8777777552604675}