{"accuracy_init": 0.7751677632331848, "accuracy_final_MAP": 0.5536912679672241, "accuracy_final_mean": 0.5604026913642883}