{"entropy_prior_gmm": 4.6051701859880925e-09, "entropy_Mean_gmm": 4.605170023097571e-09, "entropy_z_nk_prior": 0.0633111788877876, "entropy_Mean_z_nk": 0.03697731268055382, "entropy_mixing_prior": 85.69175851611257, "entropy_Mean_mixing": 0.9783736506073636}