{"weights": [0.5718506816734213, 0.19816714671398744, 0.22998217161259113], "means": [[-2.1098713055001186, -0.5225976915014129, 0.03670474137924483, -0.02125384075105425, 0.007778935412951229, -3.2453724323738936e-05, -0.007135940782505293, -0.0058370794616185275], [4.011717745688112, -2.7142212986622214, -0.04617999725118248, 0.06807650508875696, -0.022637188531085546, -0.0042386936430689115, -0.009948585268361418, -0.007738936915426186], [1.8181638863964305, 3.609217025825337, -0.0516628609568433, -0.005431684045413725, -3.0199309260346685e-05, 0.0038508192399342917, 0.026475669168898375, 0.020989485990159283]], "cov": [[[0.025256735054163378, -0.009712104715381338, 0.00835537117839615, -0.08447166843703871, 0.025570027046014996, -0.02490622525716001, -0.012629185308009293, 0.006149768615440927], [-0.009712104715381338, 0.03717492988959924, -0.01703260233910839, 0.05659095563657223, -0.043725768737878486, 0.0006876260260671297, -0.01968393495412963, -0.002932460443032008], [0.00835537117839615, -0.01703260233910839, 0.02149309589989275, -0.10250776779020299, 0.03519444645100295, -0.014409275888996514, 0.014697316625671978, -0.006698175318076293], [-0.08447166843703871, 0.05659095563657222, -0.10250776779020297, 0.6670301071621293, -0.1815272785936395, 0.13972140084156073, -0.003058549767719687, 0.026345418482917795], [0.025570027046014993, -0.043725768737878486, 0.03519444645100295, -0.18152727859363954, 0.08491258274585972, -0.018519302613898628, 0.00729226436340813, -0.014551735567597176], [-0.02490622525716001, 0.000687626026067131, -0.014409275888996514, 0.13972140084156076, -0.01851930261389863, 0.05497363769350351, 0.002307222064997719, -0.014492417271859492], [-0.012629185308009293, -0.01968393495412963, 0.01469731662567198, -0.0030585497677196867, 0.00729226436340813, 0.0023072220649977214, 0.05222542375746246, 0.008243091077224662], [0.0061497686154409256, -0.0029324604430320074, -0.006698175318076293, 0.026345418482917795, -0.01455173556759717, -0.014492417271859494, 0.008243091077224662, 0.025238310030042743]], [[0.44015786474023844, 0.11816461394467466, -0.002065122262270575, -0.2544187366633086, -0.10016962378142936, 0.062078170197325824, -0.05092314902388356, -0.12125758747474469], [0.11816461394467467, 0.1699369465872043, 0.010660101651102342, 0.1081946639329326, 0.28810894039363316, -0.005816001881236897, -0.07029886160400269, -0.05897407489730555], [-0.0020651222622705715, 0.010660101651102339, 0.010357500829646532, -0.046585238555517654, 0.024281245218304534, 0.041399222331990865, -0.01516503902930901, 0.011457834971803036], [-0.2544187366633086, 0.10819466393293262, -0.046585238555517654, 1.0335860654905935, 0.4635741228920153, -0.4003338815351054, 0.06201609421158626, -0.1210316615269903], [-0.10016962378142938, 0.2881089403936331, 0.024281245218304534, 0.4635741228920153, 0.8799729456629343, -0.030766154696059048, -0.17240740348547592, -0.002376653883350005], [0.06207817019732581, -0.005816001881236907, 0.041399222331990865, -0.4003338815351054, -0.03076615469605903, 0.3171885022002596, -0.09422743394540979, 0.06668276454623336], [-0.05092314902388356, -0.07029886160400267, -0.015165039029309007, 0.06201609421158625, -0.17240740348547592, -0.09422743394540979, 0.08666591032335322, 0.017088699067287164], [-0.12125758747474466, -0.05897407489730554, 0.01145783497180303, -0.1210316615269903, -0.002376653883350013, 0.06668276454623333, 0.017088699067287164, 0.22114248583430107]], [[0.13791842735240367, -0.10027626907659498, 0.42470971018796827, 0.09379290770826355, 0.1399922171907282, 0.015640901175469804, 0.022366232639397538, 0.048006646451676356], [-0.100276269076595, 0.18831051872315552, 0.16008129687894182, -0.08375146889848074, -0.1801438136822266, -0.020336581071263155, -0.018142616278392053, -0.0435526538246518], [0.4247097101879682, 0.1600812968789418, 4.901256610386479, 0.2974904850585476, -0.10919278842435406, 0.0005588874040942378, -0.0211849297248106, 0.007806761708235612], [0.09379290770826355, -0.08375146889848073, 0.29749048505854764, 0.13016006166621466, 0.05269497982190483, -0.001957931641507763, -0.04672098285661333, 0.040067882917690194], [0.13999221719072824, -0.18014381368222657, -0.10919278842435408, 0.052694979821904846, 0.3035413247276271, 0.07280109549577657, 0.12970716123744808, 0.03722983926537429], [0.015640901175469804, -0.020336581071263158, 0.0005588874040942376, -0.0019579316415077627, 0.07280109549577657, 0.047058481358706244, 0.07552652045315585, -0.022483045574315203], [0.022366232639397545, -0.018142616278392053, -0.021184929724810602, -0.046720982856613316, 0.12970716123744808, 0.07552652045315583, 0.20030954395904216, -0.036158654397166826], [0.048006646451676356, -0.0435526538246518, 0.007806761708235614, 0.0400678829176902, 0.03722983926537429, -0.022483045574315203, -0.036158654397166826, 0.04594103749417203]]]}