{"MAP index": 6, "entropy_prior_gmm": 6.907755278982138e-09, "entropy_MAP_gmm": 0.02596515417098999, "entropy_z_nk_prior": 0.2133068365508702, "entropy_MAP_z_nk": 0.17085012152136003, "entropy_mixing_prior": 81.09822012551359, "entropy_MAP_mixing": 1.376399264377265}