{"weights": [0.23947649300512996, 0.28264953184990005, 0.28010519356811625, 0.19776878157685368], "means": [[-1.9968505294250427, -0.6061185703636071, 0.14602138817803564, -0.6529272396567756, 0.2113751022774025, -0.1161461723315988, 0.0074414364372532215, -0.023295374733706013], [-2.1653209387004333, -0.44628833361515124, -0.032522810744277736, 0.274684301579427, -0.1303873471561998, 0.017762083301825597, -0.042622266012625455, 0.01503395193224733], [2.633833039211532, -1.5320827615024222, 0.31708428359005936, 0.3124107880566145, -0.04580247547218922, 0.0839406744515915, 0.0241617408111067, 0.0016048421139834791], [1.7822600482533206, 3.5417049699685346, -0.5794296067965287, -0.04442838702208601, -0.004732467397755029, -0.003632450803269255, 0.017683707808756208, 0.0044487838321395625]], "cov": [[[0.011841684435794001, -0.0030668311308914772, -0.007464935420173997, 0.01037003536228899, -0.001781777321894328, -0.006482476281413777, -0.015247806565868306, 0.01185588599358398], [-0.0030668311308914772, 0.027699507816276246, -0.008241505879654833, 0.005193571355094737, -0.021394091794822247, -0.005904710284503078, -0.018913241372270007, -0.007400695606477093], [-0.007464935420173997, -0.008241505879654833, 0.009519617342185026, -0.01256440013678212, 0.010716816399991001, 0.007639652613963193, 0.01851169133715709, -0.007329666264672097], [0.01037003536228899, 0.005193571355094737, -0.01256440013678212, 0.02312894720462696, -0.012697535083288122, -0.01172765757514028, -0.018990718584484288, 0.015492074815138384], [-0.001781777321894328, -0.021394091794822247, 0.010716816399991001, -0.012697535083288122, 0.02958839867636426, 0.014495351772082301, 0.0121932390118732, -0.010116895548799099], [-0.006482476281413777, -0.005904710284503078, 0.007639652613963193, -0.01172765757514028, 0.014495351772082301, 0.016644938243805474, 0.004042687110248098, -0.017349603652153173], [-0.015247806565868306, -0.018913241372270007, 0.01851169133715709, -0.018990718584484288, 0.0121932390118732, 0.004042687110248098, 0.052578345988617964, 0.0010108619194804283], [0.01185588599358398, -0.007400695606477093, -0.007329666264672097, 0.015492074815138384, -0.010116895548799099, -0.017349603652153173, 0.0010108619194804283, 0.028229505970714896]], [[0.034981677370661324, -0.010862159532022762, 0.006624664495341288, -0.060610817685875236, 0.016330609687595993, -0.015616361806998076, -0.00677913314076833, 0.0021841097697720625], [-0.010862159532022762, 0.027546722148479502, -0.012359931360359155, 0.04987836496523697, -0.029561250555946866, 0.007630155766183888, -0.015583476518772866, -0.0046310301111506975], [0.006624664495341288, -0.012359931360359155, 0.014982825088626526, -0.08175478279415113, 0.02596451859758537, -0.014884101898982116, 0.009286379062148376, -0.003078127947265811], [-0.060610817685875236, 0.04987836496523697, -0.08175478279415113, 0.5638786887396928, -0.15563605820532628, 0.11482783795821241, 0.0028790266429124765, 0.029471776410443223], [0.016330609687595993, -0.029561250555946866, 0.02596451859758537, -0.15563605820532628, 0.06384845372017199, -0.022356374216876976, -1.954570809566327e-05, -0.012382776712509438], [-0.015616361806998076, 0.007630155766183888, -0.014884101898982116, 0.11482783795821241, -0.022356374216876976, 0.040169831011143096, -0.007454958562544084, -0.009745365074339488], [-0.00677913314076833, -0.015583476518772866, 0.009286379062148376, 0.0028790266429124765, -1.954570809566327e-05, -0.007454958562544084, 0.04665366322803079, 0.01802520331689079], [0.0021841097697720625, -0.0046310301111506975, -0.003078127947265811, 0.029471776410443223, -0.012382776712509438, -0.009745365074339488, 0.01802520331689079, 0.021746084896498416]], [[6.123917567319204, -2.279260070749168, -0.13236884285118078, -1.2823070793391997, 0.10597445777291475, -0.3557075856046891, -0.1531720069598743, -0.03613757662865177], [-2.279260070749168, 4.639262439630729, 1.9135602597255985, 0.40916771183503997, 0.15201632285141514, 0.08237260208757764, 0.007276286883642768, -0.022468586057188964], [-0.13236884285118078, 1.9135602597255985, 1.2575128194421286, -0.03951396040678778, 0.029824684249391185, 0.0028884842519277883, -0.009720142490763263, 0.0204969248081435], [-1.2823070793391997, 0.40916771183503997, -0.03951396040678778, 0.9898863753397896, 0.32378289049420633, -0.19037761797617908, 0.06582687100008082, -0.06573799137821629], [0.10597445777291475, 0.15201632285141514, 0.029824684249391185, 0.32378289049420633, 0.7121008780984543, -0.007212583383129865, -0.10540212269858261, 0.03145885390875014], [-0.3557075856046891, 0.08237260208757764, 0.0028884842519277883, -0.19037761797617908, -0.007212583383129865, 0.262748988244372, -0.05654040200183099, 0.0405628470398319], [-0.1531720069598743, 0.007276286883642768, -0.009720142490763263, 0.06582687100008082, -0.10540212269858261, -0.05654040200183099, 0.08426843384604778, 0.012599225694677444], [-0.03613757662865177, -0.022468586057188964, 0.0204969248081435, -0.06573799137821629, 0.03145885390875014, 0.0405628470398319, 0.012599225694677444, 0.16737840719340213]], [[0.14805436305334602, -0.1962785419802739, 0.2893301983001311, 0.0753054469654846, 0.11561212651086739, 0.0014406150847168333, 0.009536344043845749, 0.00998683432407384], [-0.1962785419802739, 0.5654746515185075, 0.14406460899461912, -0.12583755576126104, -0.15780504916806914, 0.0006733890702671154, 0.0029426242266475645, 0.02762067695542726], [0.2893301983001311, 0.14406460899461912, 3.4788959818490977, 0.15019253996964568, -0.11793422921005528, -0.01050955857081992, -0.025822122419987402, -0.009080851874604454], [0.0753054469654846, -0.12583755576126104, 0.15019253996964568, 0.11042613797891868, 0.017588240881418474, -0.016377212706134514, -0.06164078153464466, 0.007394118577705278], [0.11561212651086739, -0.15780504916806914, -0.11793422921005528, 0.017588240881418474, 0.25914354688677693, 0.06308058867051299, 0.12635092282839874, -0.0057189678056337595], [0.0014406150847168333, 0.0006733890702671154, -0.01050955857081992, -0.016377212706134514, 0.06308058867051299, 0.049965166182875595, 0.08515924814889138, -0.026346309947007464], [0.009536344043845749, 0.0029426242266475645, -0.025822122419987402, -0.06164078153464466, 0.12635092282839874, 0.08515924814889138, 0.21230348950894856, -0.043838018386131314], [0.00998683432407384, 0.02762067695542726, -0.009080851874604454, 0.007394118577705278, -0.0057189678056337595, -0.026346309947007464, -0.043838018386131314, 0.041544744044577635]]]}