{"weights": [0.17222220446010272, 7.07575819150337e-08, 0.32864749780003766, 0.2657966687019306, 0.1555557797386282, 0.0777777785417189], "means": [[3.7907373411055247, 0.45280473443019065, -0.3760076683220004, 0.12922718085269752, -0.025763776238361097, -0.08056862975368641, 0.06900126036906147, -0.02300462636564055], [1.0988026855014132, 0.5567378792234366, -0.5197471007902413, 0.006665019796450806, 0.04513006175912669, 0.04326843425259813, -0.024016494238845817, 0.013184733795632203], [-3.9370843799587516, -0.448667788323377, 0.1027707305997912, 0.03729951540523244, 0.027354109481498436, -0.003653501166776764, 0.01015252605530476, 0.003574894736017294], [-2.7033191563196475, -0.030411158257281284, -0.19998691161460566, -0.08804860380656677, -0.10322224318858467, -0.005459967678682707, -0.021784536028892527, -0.013095976147645728], [-0.7868544940350869, 1.4396584374100256, 1.0808702073400753, -0.015011276700100839, -0.000948843569444607, 0.008382981633970428, -0.006318522337951881, -0.008237677069991544], [6.8527808775976915, -0.6559686500600845, 0.2902412510287866, -0.03637909258423285, -0.0015315042704877409, 0.008994757234697098, -0.010042324633718685, 0.0014763952316706563]], "cov": [[[0.22051626105201108, -0.02515961982658728, 0.04030595887435019, -0.011366859582337987, -0.0076893816954763765, 0.000665011926588728, 0.012180309156612057, 0.000653317718836665], [-0.025159619826587275, 0.00378609767736957, -0.0030653257015980343, 0.00011230393327415182, 0.0015506071765274572, 0.00011795271672364387, -0.0015415539241345783, -0.0001770616069209691], [0.040305958874350185, -0.0030653257015980343, 0.01052147110407077, -0.004301783110252992, -0.0006668771148499004, 0.0006596354285499828, 0.001646072380086857, 0.00010305202842168581], [-0.011366859582337987, 0.00011230393327415198, -0.004301783110252992, 0.0030007489893870577, -0.0010461707402129325, -0.0005281456213138024, -0.0001370537333852004, 0.00046396997758067364], [-0.0076893816954763765, 0.0015506071765274574, -0.0006668771148499006, -0.0010461707402129325, 0.0028000267052903293, -0.00015313684694896079, -0.0006327701116993235, -0.0010490447647582256], [0.000665011926588728, 0.00011795271672364384, 0.0006596354285499828, -0.0005281456213138023, -0.00015313684694896076, 0.0009372194096271993, 0.0002266187033508944, -0.00037615936581847245], [0.012180309156612055, -0.0015415539241345783, 0.0016460723800868573, -0.00013705373338520035, -0.0006327701116993235, 0.0002266187033508944, 0.0011318085002533097, -2.038860402148828e-05], [0.0006533177188366649, -0.0001770616069209691, 0.00010305202842168574, 0.0004639699775806737, -0.0010490447647582253, -0.00037615936581847245, -2.038860402148828e-05, 0.0009556951101382791]], [[0.36164374446091163, 0.004147814152586882, 0.03338796816905236, 0.03306953324089011, -0.015284786932470778, 0.02397492587165134, -0.012071627409135907, -0.0030103600131320828], [0.004147814152586882, 0.0012871271534838366, 0.0008492181522449609, 0.00012290399369390903, -0.0013422616113683166, -0.0008797845814807223, -0.00010929689859210637, 5.826819742775234e-05], [0.03338796816905236, 0.0008492181522449607, 0.005271771461207512, 0.0035320891888584683, -0.0024180847428370953, 0.003215938407686018, -0.0017771240879868766, 5.557847109279447e-05], [0.03306953324089011, 0.000122903993693909, 0.0035320891888584683, 0.005367305713424818, -0.0026652809533513375, 0.003095483936265218, -0.001549212771373799, -0.0008364836896667982], [-0.015284786932470778, -0.0013422616113683166, -0.002418084742837095, -0.0026652809533513375, 0.004124089653339236, -0.0007234985616753788, 0.00022403094179241343, 0.0005854103258213092], [0.02397492587165134, -0.0008797845814807225, 0.003215938407686018, 0.003095483936265218, -0.0007234985616753788, 0.005298374649900026, 0.00015086510524013014, -0.0004692424522872352], [-0.012071627409135907, -0.00010929689859210646, -0.0017771240879868762, -0.001549212771373799, 0.0002240309417924135, 0.00015086510524013025, 0.0024469120996606342, -7.111269674691088e-05], [-0.0030103600131320828, 5.826819742775233e-05, 5.55784710927945e-05, -0.0008364836896667983, 0.0005854103258213092, -0.00046924245228723515, -7.11126967469109e-05, 0.001463527237899237]], [[0.049303950126166195, 0.020334176520228966, -0.017616252183990943, -0.04306168966993462, -0.00876480057799702, -0.0013857758957923742, 0.00032773499761257, 0.0005456336154077806], [0.02033417652022897, 0.010226469505747363, -0.006019758838845314, -0.01820493380613971, -0.002990250124960274, -0.0008878857262040005, 0.001295702577954189, 0.000490986612240699], [-0.017616252183990943, -0.006019758838845313, 0.007818341489809663, 0.017990529485596055, 0.0015915254242400737, 0.00043390434412087306, 0.0003184918866051879, 0.00038051377345125104], [-0.04306168966993462, -0.018204933806139707, 0.017990529485596055, 0.058426872503099435, -0.0021519555866412413, 0.0015100416476410015, -0.0019664116372618713, 0.0012858581603514287], [-0.00876480057799702, -0.0029902501249602738, 0.0015915254242400737, -0.002151955586641241, 0.015163029832339551, -0.00044145025775560676, 0.0012779359722197867, -0.001687477043122971], [-0.0013857758957923742, -0.0008878857262040007, 0.000433904344120873, 0.0015100416476410015, -0.00044145025775560676, 0.0019718810036589646, 0.0011757426205281807, -0.0002828776237625425], [0.0003277349976125699, 0.001295702577954189, 0.0003184918866051879, -0.0019664116372618713, 0.0012779359722197867, 0.001175742620528181, 0.0023274450508789356, 0.0003403339429419996], [0.0005456336154077807, 0.000490986612240699, 0.00038051377345125104, 0.0012858581603514285, -0.001687477043122971, -0.00028287762376254244, 0.0003403339429419994, 0.0037824721567652608]], [[0.03387383407858372, 0.010582503287257452, -0.006968239383892011, 0.004834002518747819, -0.002890485287245837, -0.0021862207827719883, -0.0013995020998171296, -0.003718168905671979], [0.01058250328725745, 0.0037038233808095885, -0.0018556023798601544, 0.0013728970419786875, -0.0016486938845630174, -0.00013437033252398716, 0.00029751260209349105, -0.0010440657333916105], [-0.00696823938389201, -0.0018556023798601544, 0.0025170401373471193, -0.0015322786154303024, 0.00036608659729077067, 0.0010063210947932727, 0.00013195411934681405, 0.0012051376327421516], [0.004834002518747818, 0.0013728970419786875, -0.0015322786154303024, 0.0015238734274872492, -0.0008679199763865031, -0.0004802038762591376, -7.208658306259167e-05, -0.0014063214910770973], [-0.002890485287245837, -0.0016486938845630174, 0.00036608659729077056, -0.0008679199763865033, 0.003361440804012071, -0.0016616845669976293, -0.0024789803098803215, 0.0010841675540017308], [-0.0021862207827719883, -0.0001343703325239872, 0.0010063210947932727, -0.0004802038762591376, -0.001661684566997629, 0.0021311309991750445, 0.002244467715143121, 0.00021508503677532473], [-0.0013995020998171296, 0.000297512602093491, 0.00013195411934681405, -7.208658306259166e-05, -0.002478980309880321, 0.0022444677151431205, 0.0034946329987364344, 0.0002460546427867014], [-0.003718168905671979, -0.0010440657333916107, 0.0012051376327421516, -0.0014063214910770975, 0.0010841675540017308, 0.00021508503677532484, 0.00024605464278670147, 0.0032439831523854777]], [[0.20544147155539216, 0.013590264417910506, -0.03939849893165218, 0.010617992555160537, 0.020540175234765378, -0.00893555473595769, 0.0006918102644720766, -0.0035001720797837323], [0.013590264417910508, 0.0012326326304467202, -0.0021110376669417536, 0.0008259267998156364, 0.0013228438385925515, -8.770334458285644e-05, 0.0002712258578491829, -0.0009879178021102385], [-0.03939849893165218, -0.002111037666941753, 0.008427453545222655, -0.0018443147002147695, -0.004015251517409548, 0.002155943340077029, -5.719827155973218e-05, -0.0003897489708756696], [0.010617992555160539, 0.0008259267998156364, -0.0018443147002147695, 0.001288892541762619, 0.00027206773061470895, -4.5878629403381895e-05, 0.0002568938780635874, -0.0009092345783203534], [0.020540175234765378, 0.0013228438385925515, 