{"entropy_prior_gmm": 4.6051701859880925e-09, "entropy_Mean_gmm": 0.009005275554955006, "entropy_z_nk_prior": 0.133683021582775, "entropy_Mean_z_nk": 0.13355119610741023, "entropy_mixing_prior": 85.69175851611257, "entropy_Mean_mixing": 0.9842312102271997}