,X,Y,Z,id,nugget
0,100.0,0.0,-825.0,43455283,1e-05
1,300.0,0.0,-805.0489626824451,43455283,1e-05
2,900.0,0.0,-825.0,43455283,1e-05
3,100.0,0.0,-845.0,54748688,1e-05
4,300.0,0.0,-865.0024980734377,54748688,1e-05
5,900.0,0.0,-845.0,54748688,1e-05
