{"weights": [0.1711407790702975, 0.16779217519082348, 0.3019987724308058, 0.12417029067018961, 0.15435773563991192, 0.08054024699797162], "means": [[6.881680929386328, -0.6546079658331255, 0.3049976777646185, -0.05237872926547739, 0.002983040319548571, -0.0013024024487718617, -0.014136625829723089, 0.005838314386134096], [-4.0744980293426805, -0.5111510721976293, 0.18527277931695374, 0.2386464988103356, 0.061125402836921645, -0.006787558736667023, -0.0025389374645726622, -0.01414262065021726], [-3.2830121013995157, -0.21798311111010604, -0.07191343400969813, -0.1457540313064169, -0.02531550455476119, -0.03434308812309946, 0.016365629837163904, 0.001706228269820774], [1.009476791815843, 0.5393171088655022, -0.5575683014912928, -0.00588216590914252, 0.05222327663487916, -0.00476551343430645, -0.03628742236698473, 0.01269496663026463], [3.032314747040567, 0.5124951078379603, -0.4326314257080174, 0.14315755362271715, -0.016636837549644384, -0.006613894981383038, -0.0033396174172205667, -0.020214645260103747], [-0.69438672314932, 1.506117913516843, 1.043689041854868, 0.047450627352905964, -0.02795225640967906, 0.05992428251063534, -0.0005852337082190868, -0.014231858449278968]], "cov": [[[107.48914529516681, -14.280271380909296, 17.077961082813097, -2.727029580345126, -4.376856642561229, -0.2534931963331558, 3.9378806001696836, 2.2758074537500836], [-14.280271380909296, 4.497333768808392, -0.43849978720444366, -0.25911672944580444, 0.9784128562180007, 0.38147709952064723, 0.7116423150087742, -0.6772956170279959], [17.077961082813097, -0.43849978720444366, 6.1858133161873665, -2.6973319978983823, 0.08191003402691963, -0.15182087288378981, -0.10654567600330914, 0.23923922917964216], [-2.7270295803451257, -0.25911672944580466, -2.6973319978983823, 3.7134946392493005, -0.5539642813672966, 0.20697731451100132, 1.361625020170307, -0.12671863534354783], [-4.376856642561229, 0.9784128562180007, 0.08191003402691968, -0.5539642813672963, 1.911277940449491, -0.00482696118755963, -0.32689281879860554, 0.949653427860205], [-0.2534931963331558, 0.3814770995206472, -0.15182087288378981, 0.20697731451100132, -0.004826961187559623, 0.8890853321011106, 0.4202679973582448, -0.7417941165651893], [3.9378806001696836, 0.7116423150087741, -0.1065456760033092, 1.3616250201703073, -0.32689281879860554, 0.4202679973582448, 2.126503753114796, -0.1787971160016446], [2.2758074537500836, -0.6772956170279957, 0.23923922917964224, -0.1267186353435478, 0.949653427860205, -0.7417941165651893, -0.1787971160016445, 3.4857393127987364]], [[214.31790976704593, 14.15293289776072, -42.88782663396602, 5.987987819475912, 30.481445502276443, 3.4838400572723973, 9.52799172646828, -8.697978427459299], [14.152932897760722, 5.038576821759764, -1.9818588357784157, -0.19007523741897872, 5.106502066371237, -0.7728920311708113, 1.5202468527054647, 0.11344445972541244], [-42.88782663396602, -1.9818588357784157, 11.921754640459074, -2.7118818162061546, -6.338008804306531, -0.5540902891008479, -1.7951940099967707, 1.0756048430878515], [5.9879878194759115, -0.19007523741897864, -2.7118818162061546, 9.689137056636369, -2.569634185474379, 1.560401141957292, -0.4694550689821835, -2.4252691991102178], [30.481445502276436, 5.106502066371237, -6.338008804306531, -2.5696341854743787, 14.421261312912591, -0.7499157223985634, 2.584903500299806, -2.9426650314478193], [3.483840057272397, -0.7728920311708113, -0.5540902891008479, 1.560401141957292, -0.7499157223985629, 6.849030618296233, -1.0604973056367029, 0.05251004757830453], [9.52799172646828, 1.5202468527054644, -1.7951940099967705, -0.46945506898218337, 2.584903500299806, -1.0604973056367029, 2.109375944582173, -0.8461662344670103], [-8.697978427459297, 0.11344445972541234, 1.0756048430878513, -2.4252691991102173, -2.9426650314478184, 0.05251004757830442, -0.8461662344670103, 14.141246889597884]], [[62.03508914486921, 24.78205072095199, -19.103160099878245, -27.921421270179536, -16.499685114194932, 8.004030862811595, -1.1077252409806881, -1.2696903263217865], [24.78205072095199, 19.257242609472666, -2.1937365140234792, -14.352275106873202, -2.731761078940208, 1.664268455601578, 3.665904683599501, 0.7352251081494673], [-19.103160099878245, -2.1937365140234792, 12.59156060088675, 16.071801440249843, 3.538650453715256, -1.8914979670213177, 2.2353229868194626, 0.6708760901682136], [-27.921421270179536, -14.352275106873206, 16.071801440249846, 79.83639583137538, -11.159037391365695, 6.24681562313734, -6.04811569208949, -0.335495816472637], [-16.499685114194932, -2.731761078940207, 3.538650453715255, -11.159037391365695, 53.396587157503184, 5.001233460167797, 6.289381631847697, -3.8471970071572823], [8.004030862811593, 1.6642684556015783, -1.8914979670213172, 6.246815623137338, 5.001233460167797, 24.25676527874854, -3.009907815283342, -4.335958544818596], [-1.1077252409806881, 3.6659046835995004, 2.2353229868194626, -6.04811569208949, 6.289381631847698, -3.009907815283342, 4.148231311236389, -0.08684352529441718], [-1.2696903263217865, 0.7352251081494665, 0.6708760901682134, -0.3354958164726374, -3.8471970071572823, -4.335958544818596, -0.08684352529441733, 13.407850209194246]], [[384.8513542162804, 0.21271523803098677, 28.579533864342654, 32.19014639232751, -4.849950987124393, -4.598579955022181, -19.346233749279314, -10.227469975626963], [0.21271523803098677, 0.9933712185667771, 0.3436089161089262, 0.12797886401868208, -1.2292512977579853, 0.14512879554351527, 0.6069831508330894, -0.03493795771023441], [28.579533864342658, 0.34360891610892613, 3.7238805585461536, 2.4366146776394135, -1.1821052670978929, -0.9516128389458757, -2.308678324732719, -0.7747076869660597], [32.19014639232752, 0.12797886401868203, 2.4366146776394135, 4.89254515424361, -1.714860753317337, -0.9064666749059042, -1.6333300327256428, -1.1714449437538235], [-4.849950987124393, -1.2292512977579853, -1.1821052670978929, -1.714860753317337, 2.8116951459023913, 0.5209422927689872, -0.21846677500320688, 0.1592358526059475], [-4.598579955022181, 0.14512879554351527, -0.9516128389458757, -0.9064666749059042, 0.5209422927689875, 2.560418914660162, 0.5324901672426571, 0.21074965728445155], [-19.346233749279314, 0.6069831508330895, -2.308678324732719, -1.6333300327256428, -0.21846677500320688, 0.5324901672426571, 2.2420423715773747, 0.28353883392365337], [-10.227469975626965, -0.03493795771023439, -0.7747076869660596, -1.1714449437538235, 0.1592358526059476, 0.21074965728445155, 0.2835388339236535, 1.9457847864732978]], [[149.09948051290482, 33.17203383855678, -21.828456595830634, 15.75165060463463, -8.280695144537622, 14.477205476459233, 5.811631092889796, -0.4954024285890885], [33.17203383855678, 37.90974551587035, -23.764264781805004, 5.980510396283479, -1.6323923873928587, 2.850666587109409, -14.320483742743283, -2.2886140550096505], [-21.82845659583063, -23.764264781805004, 21.619223943860273, -2.4638634424840142, 2.9637311355825773, -2.5189656983069386, 11.024113246366284, 1.8001673314271005], [15.75165060463463, 5.980510396283479, -2.4638634424840142, 8.31988459667761, 0.9856457487386607, 0.13931010675617686, -2.7298421764785887, -0.1578680860367919], [-8.280695144537622, -1.632392387392859, 2.9637311355825764, 0.9856457487386607, 5.53360319919025, -2.3109785298257033, -1.6241900164940772, -0.08845216463795544], [14.477205476459233, 2.850666587109409, -2.518965698306939, 0.13931010675617636, -2.3109785298257037, 6.7434993847836715, 4.761508906724598, 0.2842337676207583], [5.811631092889796, -14.32048374274328, 11.024113246366284, -2.7298421764785887, -1.6241900164940768, 4.761508906724598, 22.467674818948403, 2.882727916900017], [-0.49540242858908873, -2.28861405500965, 1.8001673314271, -0.1578680860367921, -0.0884521646379554, 0.284233767620758, 2.8827279169000164, 4.478150447323599]], [[19.73287171506483, -0.16427196781336123, -3.6376211567218477, -0.48851653179824683, 0.12287478794399505, 2.1799388531867465, 4.066374127921071, -3.2353525267893963], [-0.16427196781336187, 9.950613560257839, 