{"entropy_prior_gmm": 0.0008925289686521755, "entropy_Mean_gmm": 0.1296878159046173, "entropy_z_nk_prior": 0.07189029527253646, "entropy_Mean_z_nk": 0.15421932244040903, "entropy_mixing_prior": 88.99072030499339, "entropy_Mean_mixing": 1.6034679602533979}