{"weights": [0.17204595488453603, 0.00023306115591038764, 0.32903930119251296, 0.26523708556653347, 0.15565231213386677, 0.07779228506664033], "means": [[3.7291332568708038, 0.45419838108505894, -0.3936665483865681, 0.14532675354181973, -0.04519345566588602, -0.08439858668049766, 0.06502383697597927, -0.012555041081408046], [1.0601758144847442, 0.5527462691826621, -0.5186611301802654, 0.0067518397636761865, 0.03987870439564346, 0.05843763816256289, -0.015884786037873997, 0.007925588043861074], [-3.944678853736195, -0.4513665345465476, 0.10614523049028778, 0.07608605531702382, 0.037063737828968414, 0.00354613404015434, 0.020581662365218426, 0.005435147748650752], [-2.7678480705040505, -0.053026603693396755, -0.19384933412112543, -0.09090223951553027, -0.08951142444185094, -0.011893052575479228, -0.0217919675050672, 0.003629863850391108], [-0.6780408391252047, 1.437279417164389, 1.0475795452195602, -0.0024640456821575347, -0.012351926839312778, -0.0018474087140696344, -0.0018745604460295294, 0.009318469451300226], [6.854958696104624, -0.6465789373287304, 0.2944040568411368, -0.03862481659000768, -0.0046034941491436936, 0.0032619443672406256, -0.005260965739577878, 0.002242076219851645]], "cov": [[[0.11547603285465288, -0.01324128091629171, 0.020948340102158767, -0.005850250709364442, -0.0040179724170317345, 0.00029897875297686715, 0.006400524860612502, 0.0003274910533390633], [-0.01324128091629171, 0.0023001793692061733, -0.0010937144020881037, -0.0003542662452541594, 0.0009924243150490563, 0.00010384161075836071, -0.0009006958360978703, -0.00011876921081657789], [0.02094834010215877, -0.0010937144020881037, 0.006534950490884996, -0.0029697021623099123, -0.00019034354146076063, 0.000513218465344943, 0.000654284016942034, 0.00013180850909497258], [-0.005850250709364442, -0.00035426624525415943, -0.0029697021623099123, 0.0023151589860623263, -0.0010176299694634795, -0.00044391443906220733, 7.563698611841168e-05, 0.0004393469998222195], [-0.004017972417031734, 0.0009924243150490563, -0.00019034354146076052, -0.0010176299694634795, 0.0024687317312291433, -0.00020114803872895462, -0.00042620365972177466, -0.0009194312162492738], [0.00029897875297686726, 0.00010384161075836071, 0.000513218465344943, -0.00044391443906220733, -0.00020114803872895465, 0.0010730080746745082, 0.0002739780775060439, -0.00043500716211985026], [0.006400524860612502, -0.0009006958360978705, 0.000654284016942034, 7.563698611841169e-05, -0.00042620365972177466, 0.0002739780775060439, 0.0007471981452532126, -0.0001154127554254788], [0.0003274910533390633, -0.0001187692108165779, 0.0001318085090949726, 0.0004393469998222195, -0.0009194312162492738, -0.00043500716211985026, -0.0001154127554254788, 0.0009455875906948781]], [[0.2638385510838177, 0.0029893473273078, 0.024127386038801393, 0.023828771273169846, -0.010780254683078394, 0.017205516827625406, -0.008865183533251227, -0.0020981610841025], [0.0029893473273078005, 0.0012520374870666005, 0.0008031263894557052, 0.00023494591773247334, -0.0013486521581644038, -0.0008996317606650952, -0.0001657457294639128, 3.451429972347607e-05], [0.02412738603880139, 0.0008031263894557052, 0.004458308044439476, 0.0033462323654875194, -0.002918673386793307, 0.0030912449251489873, -0.0010033157014962824, -0.0002563057411567933], [0.023828771273169846, 0.00023494591773247323, 0.0033462323654875194, 0.005016243758983722, -0.0031997011587132965, 0.003180505029791982, -0.0009791292650943673, -0.0009614571249207849], [-0.010780254683078395, -0.0013486521581644038, -0.002918673386793307, -0.0031997011587132965, 0.004959807163371292, -0.0012470207194175556, 0.0002707817196901668, 0.0007506726829288833], [0.01720551682762541, -0.0008996317606650952, 0.0030912449251489873, 0.003180505029791982, -0.0012470207194175554, 0.005421041940718937, 0.0004146658067193872, -0.0006289274432893434], [-0.008865183533251228, -0.00016574572946391277, -0.0010033157014962824, -0.000979129265094367, 0.0002707817196901668, 0.00041466580671938713, 0.0016192352974517192, 3.168691452853792e-05], [-0.0020981610841025004, 3.4514299723476075e-05, -0.00025630574115679324, -0.0009614571249207849, 0.0007506726829288833, -0.0006289274432893435, 3.16869145285379e-05, 0.0011825707930749017]], [[0.05119098512216247, 0.02105433527385709, -0.01879372361646375, -0.047714839139979426, -0.007175237086115937, -0.00158398562488972, 0.0003911105074456625, -4.1971295418936135e-05], [0.02105433527385709, 0.010451559183155622, -0.006517230882543147, -0.020229975629958947, -0.0026352975880392137, -0.0006456066344751354, 0.0016103813676719594, 0.0005743074125220682], [-0.018793723616463753, -0.006517230882543147, 0.008283394564650813, 0.01920649947358053, 0.0015179119973053746, 0.0007441318132542686, 0.0005520671975602878, 0.0007036173464599687], [-0.04771483913997943, -0.020229975629958947, 0.01920649947358053, 0.06021883909759859, 0.00041090498596934075, 0.0015346717160717228, -0.00198846108570747, 0.0006712214317130372], [-0.007175237086115939, -0.0026352975880392137, 0.001517911997305375, 0.0004109049859693409, 0.010803557125899197, -0.0004035595741202651, 0.0006311147553050308, -0.0012502140137385083], [-0.00158398562488972, -0.0006456066344751351, 0.0007441318132542686, 0.0015346717160717228, -0.0004035595741202651, 0.0019160641293412368, 0.0013194031872395939, -0.00040073126986573575], [0.0003911105074456627, 0.0016103813676719594, 0.000552067197560288, -0.0019884610857074697, 0.0006311147553050305, 0.0013194031872395939, 0.0026494110573020107, 0.0005942220437564383], [-4.197129541893609e-05, 0.0005743074125220684, 0.0007036173464599689, 0.0006712214317130372, -0.0012502140137385083, -0.0004007312698657358, 0.0005942220437564383, 0.0041712464880015775]], [[0.03242335482875506, 0.010131330669619621, -0.006651447450741382, 0.004554308744548176, -0.0027052273909400357, -0.002052873329409617, -0.001299529496013741, -0.0034453932579108434], [0.010131330669619621, 0.003565203455555169, -0.00176354482814295, 0.0013036466722764106, -0.0015844494629834612, -0.00013718721813901888, 0.0003046421865422547, -0.0008678082685804185], [-0.006651447450741382, -0.00176354482814295, 0.002359666834078451, -0.0014608728418967014, 0.00034972300407751217, 0.0009205004886327822, 0.00018759406213407422, 0.001363719821807065], [0.004554308744548176, 0.0013036466722764106, -0.0014608728418967014, 0.0016084404997632159, -0.00099097143671274, -0.0005654963402888708, -0.00017267279374750145, -0.001528611630939798], [-0.0027052273909400357, -0.0015844494629834612, 0.00034972300407751217, -0.00099097143671274, 0.0034373959418545954, -0.0014490625995834854, -0.0022946039270580936, 0.0010271016965987506], [-0.002052873329409617, -0.00013718721813901885, 0.000920500488632782, -0.0005654963402888707, -0.0014490625995834854, 0.002141930855462391, 0.0022540055316231803, 0.00023583776162149506], [-0.001299529496013741, 0.00030464218654225467, 0.00018759406213407425, -0.00017267279374750145, -0.0022946039270580936, 0.0022540055316231803, 0.003381228595084931, 0.0002403170007000976], [-0.003445393257910843, -0.0008678082685804185, 0.001363719821807065, -0.001528611630939798, 0.0010271016965987506, 0.00023583776162149496, 0.0002403170007000975, 0.0037168806112225596]], [[0.521645894126618, 0.034415969630571155, -0.10018024547688353, 0.026870578874671477, 0.052414234541112735, -0.022973395778041052, 0.0015059951167418905, -0.0088046111424939], [0.03441596963057116, 0.002682315595502475, -0.005960836755149567, 0.0018302026722381085, 0.003459497959868612, -0.000998094214086198, 0.0003254295849306384, -0.0012737640130505174], [-0.10018024547688353, -0.005960836755149567, 0.020439269886920727, -0.0049777907797464195, -0.010188748961167605, 0.004796114124765406, -0.00030160506757212485, 0.0007201433076754459], [0.026870578874671477, 0.001830202672238108, -0.0049777907797464195, 0.0024272929941546338, 0.0014577254183209107, -0.0009947338081686711, 0.00013601363406121118, -0.001240462037133824], [0.052414234541112735, 0.0034594979598686114, 