{"weights": [0.17222123871557013, 1.1776908674157132e-06, 0.32858441439390773, 0.23223767499049539, 0.11315801530383104, 0.15379747890532833], "means": [[3.7142230553927607, 0.4687388367204674, -0.374055110703922, 0.1250801556487648, -0.023335152936485012, -0.08246960605202365, 0.060308593721535575, -0.01876607455809393], [1.0882148798993467, 0.5550628170565028, -0.5239482976393681, 0.005666208148816167, 0.047064913029037904, 0.04320864837596663, -0.02221969733490184, 0.010888967587904003], [-3.925665261318062, -0.4434238981242069, 0.09798968973724909, 0.022174399628394563, 0.031473687027217145, -0.004028417111189331, 0.011792364587000649, 0.003733668139508041], [-2.702393341152714, -0.02840226229884755, -0.20107526954598717, -0.08728026395826277, -0.10904611225907786, -0.0015986783537999432, -0.013946413825103574, -0.010800935779251472], [-0.6802600973315304, 1.4485246739139983, 1.0616668343918814, -0.005213307352015911, -0.00419596488184279, 0.01819278795215098, 0.008579877158659512, -0.008135659892854407], [6.853965999506339, -0.6548001845002921, 0.29266223772164296, -0.03701125994335409, -0.0020914648716148345, 0.009081264622319233, -0.00951572469418371, 0.0013177484114656967]], "cov": [[[0.1973302944886424, -0.02253743393758247, 0.03601678934987891, -0.01013332179980883, -0.006889910662133679, 0.0005835620777567956, 0.010909796124653811, 0.0005839118110168213], [-0.02253743393758247, 0.003515366445825755, -0.0025554155299788075, -3.6619822079158744e-05, 0.001479300728740651, 0.00013207185812357365, -0.0013842040285332005, -0.00017782469128949964], [0.036016789349878904, -0.0025554155299788075, 0.009762021485074612, -0.004111868687693, -0.0004820609681158753, 0.0006552514366101249, 0.001414437350292684, 7.953074914809748e-05], [-0.01013332179980883, -3.661982207915897e-05, -0.004111868687693, 0.002976879860639327, -0.001108705410409281, -0.000526726934497509, -4.138986048024853e-05, 0.0004827451084849343], [-0.006889910662133679, 0.0014793007287406512, -0.00048206096811587553, -0.001108705410409281, 0.002776489473370525, -0.00012833053071482578, -0.0005834062033697523, -0.001048771018929349], [0.0005835620777567956, 0.00013207185812357368, 0.0006552514366101249, -0.000526726934497509, -0.00012833053071482575, 0.0008889748201435281, 0.00019899747271910932, -0.0003496275993666619], [0.010909796124653811, -0.0013842040285332005, 0.001414437350292684, -4.138986048024853e-05, -0.0005834062033697523, 0.00019899747271910932, 0.001074208001624252, -1.1010300856586529e-05], [0.0005839118110168214, -0.00017782469128949964, 7.953074914809754e-05, 0.0004827451084849343, -0.001048771018929349, -0.00034962759936666197, -1.1010300856586544e-05, 0.0009363793896556624]], [[0.3065846294726546, 0.0035127804668937308, 0.028237378604694125, 0.027961376206633387, -0.012885107158522459, 0.020255741451168825, -0.010225271775540416, -0.002536596831118038], [0.0035127804668937303, 0.0012814370043540606, 0.0007987769865864975, 7.877596857701622e-05, -0.00131308949227779, -0.0009123165920970603, -8.819769366786644e-05, 6.282523057128266e-05], [0.028237378604694125, 0.0007987769865864974, 0.004804377873969461, 0.0030997835324216515, -0.002261152642924926, 0.002910086367869356, -0.00157150831784562, 7.613123967027326e-05], [0.027961376206633384, 7.877596857701626e-05, 0.0030997835324216515, 0.004944810951510265, -0.0025113515009996144, 0.0028019915213757063, -0.0013628289528042114, -0.0008128735207560883], [-0.012885107158522459, -0.00131308949227779, -0.002261152642924926, -0.0025113515009996144, 0.004097664020978612, -0.000631162691762092, 0.00015335455171333845, 0.0005801848231800519], [0.020255741451168822, -0.0009123165920970603, 0.002910086367869356, 0.002801991521375706, -0.0006311626917620918, 0.0050825670758932375, 0.0002778116094576735, -0.00045218367714251897], [-0.010225271775540414, -8.819769366786636e-05, -0.00157150831784562, -0.0013628289528042114, 0.00015335455171333837, 0.00027781160945767344, 0.002341470535100565, -7.583551821607833e-05], [-0.0025365968311180376, 6.282523057128267e-05, 7.613123967027331e-05, -0.0008128735207560883, 0.000580184823180052, -0.00045218367714251897, -7.583551821607835e-05, 0.0014488460972646498]], [[0.04700942490365212, 0.019430766540361757, -0.016886711202102653, -0.04177375430528919, -0.007677061447950012, -0.0013539436908889507, 0.0003903918988908116, 0.00040453511862660157], [0.01943076654036176, 0.009782250843792178, -0.005788825514025805, -0.017607146189334545, -0.0025936452259346797, -0.0008061448668267301, 0.0013128007472744208, 0.00042661549902340727], [-0.016886711202102653, -0.005788825514025805, 0.007497994574711503, 0.017307475298575084, 0.0015032982191331313, 0.0004690095953604228, 0.00032409503545107864, 0.0003742355957961476], [-0.0417737543052892, -0.017607146189334545, 0.017307475298575084, 0.055593699007694855, -0.0011567362331241003, 0.0014286444615241743, -0.001785758646430942, 0.0010863792959339643], [-0.007677061447950012, -0.0025936452259346797, 0.0015032982191331313, -0.0011567362331241008, 0.013162505751522884, -0.00042277750545162185, 0.0010725587136965235, -0.001383908856975857], [-0.0013539436908889507, -0.0008061448668267301, 0.00046900959536042285, 0.0014286444615241743, -0.0004227775054516219, 0.0019387349230665177, 0.001177111788602677, -0.0003957821763181679], [0.00039039189889081163, 0.001312800747274421, 0.0003240950354510788, -0.001785758646430942, 0.0010725587136965233, 0.001177111788602677, 0.0022845739712246287, 0.00026586794553393623], [0.0004045351186266015, 0.00042661549902340743, 0.0003742355957961477, 0.0010863792959339641, -0.0013839088569758567, -0.00039578217631816787, 0.00026586794553393623, 0.00373677341118099]], [[0.029185132900374996, 0.009112244393823212, -0.0059741885854507374, 0.0041277383550043815, -0.0024341419263560035, -0.0018917142687600813, -0.0012450089497496766, -0.003138249379446092], [0.009112244393823212, 0.0032445811392572965, -0.001545284564527604, 0.0011507845106744474, -0.0015289030779934082, -2.5407981182964137e-05, 0.00036721458643088794, -0.0008697587767932057], [-0.0059741885854507374, -0.0015452845645276042, 0.0023025516765152266, -0.0013786947770723448, 0.00026133250217961405, 0.0009477016742741001, 0.00010395090291597076, 0.0010696550674164198], [0.0041277383550043815, 0.0011507845106744474, -0.001378694777072345, 0.0014074719502147357, -0.0007997708995733897, -0.00042535038900063494, -4.035939175777238e-05, -0.0013044631427364607], [-0.0024341419263560035, -0.0015289030779934082, 0.00026133250217961405, -0.0007997708995733896, 0.0033881670788680042, -0.0017554109899563387, -0.002582210659072062, 0.0010339921473663423], [-0.001891714268760081, -2.5407981182964168e-05, 0.0009477016742741001, -0.00042535038900063494, -0.0017554109899563387, 0.0021560224089720733, 0.002296540111735559, 0.00016614057609333399], [-0.0012450089497496766, 0.0003672145864308879, 0.00010395090291597078, -4.035939175777241e-05, -0.002582210659072062, 0.0022965401117355584, 0.0035757977935218952, 0.00021149790867144456], [-0.003138249379446092, -0.0008697587767932055, 0.0010696550674164198, -0.0013044631427364607, 0.0010339921473663423, 0.000166140576093334, 0.00021149790867144456, 0.003133327934402049]], [[0.3470613641285837, 0.02290511280379014, -0.06666161325320027, 0.01791186364485639, 0.03476358601496619, -0.015144235983826547, 0.0011406727045453402, -0.0058656647022088115], [0.02290511280379014, 0.0018549779281542293, -0.003908751970678164, 0.0013477685290368214, 0.002246079563288661, -0.0004078764325103264, 0.00035043572252439737, -0.0013217491535880048], [-0.06666161325320027, -0.003908751970678164, 0.013638398903003711, -0.003199750435799041, -0.006702283899996893, 0.0034085697821917087, -0.00014494601059451666, -0.00023576654472013048], [0.017911863644856394, 0.0013477685290368214, -0.0031997504357990413, 0.001725350277179608, 0.0008562495947141509, -0.00017900616596180726, 0.0004445307249710536, -0.0010821432971369043], [0.034763586014966194, 0.0022460795632886616, 