{"weights": [0.17114014616130022, 0.1677604311469274, 0.3020306632296491, 0.12417016170845795, 0.15435825325996372, 0.0805403444937015], "means": [[6.874467446214916, -0.6649017385507882, 0.3010534343919411, -0.03604158582833987, -0.0032583165223132545, 2.4700030259820085e-05, -0.02121550524346603, -0.0049554985610914554], [-4.122756352310423, -0.5259864359996844, 0.17909029848097194, 0.20987557542391172, 0.05799155743166203, -0.00672241908731021, 0.0040051791044972826, 0.021414867764781166], [-3.2344768639391765, -0.20698185697021587, -0.087899131179075, -0.1490780854780839, -0.04866395923795488, 0.004969297626081879, 0.0053036153514705925, -0.0034840258888068345], [0.6634637712431352, 0.5405548840036748, -0.5830134035720493, -0.03621557365977395, 0.04555079927611023, -0.0040898201382673065, -0.015284084655638202, 0.018712645549567693], [3.0495147018330226, 0.47301260061891415, -0.4257921497397385, 0.12071080324432605, -0.011149489198568216, -0.007505684857091513, 0.0209711724387538, -0.0045878806640345165], [-0.5990979163066141, 1.4898759399563815, 0.9985322233228067, -0.007699674446461321, 0.021802903445588523, -0.0026990187187730355, 0.0018008622325144052, -0.0074621602019474135]], "cov": [[[0.005458876609731307, 0.0003116899814126832, 0.0009054607281788452, -0.00036688222007563286, -0.00014019951198612722, -6.737700156113759e-05, 0.00012461800817410292, -0.0002064698309106368], [0.0003116899814126832, 0.008417358916191381, 0.005941488307881547, -0.0038353764023275065, 0.00029195024194754373, -0.00038847864328152293, 0.003744252317426358, 0.0009233953301312408], [0.0009054607281788452, 0.005941488307881547, 0.005202766442226232, -0.002977377981291196, 0.00017950543652446634, -0.0004923416650565722, 0.00239815377966781, 0.00040079013705329573], [-0.00036688222007563286, -0.0038353764023275065, -0.002977377981291196, 0.0019696755450937936, -0.00031725800477906674, 6.516096174466642e-05, -0.0015611745203101184, -0.0005038157052509944], [-0.00014019951198612722, 0.00029195024194754373, 0.00017950543652446634, -0.00031725800477906674, 0.0003140552109388553, 0.00026014937075982024, 1.140323145941626e-05, 0.00022299759932865426], [-6.737700156113759e-05, -0.00038847864328152293, -0.0004923416650565722, 6.516096174466642e-05, 0.00026014937075982024, 0.0006533129594549278, -0.0001649072321183221, 0.00022671025960396588], [0.00012461800817410292, 0.003744252317426358, 0.00239815377966781, -0.0015611745203101184, 1.140323145941626e-05, -0.0001649072321183221, 0.0018214245295164442, 0.0003558795795368369], [-0.0002064698309106368, 0.0009233953301312408, 0.00040079013705329573, -0.0005038157052509944, 0.00022299759932865426, 0.00022671025960396588, 0.0003558795795368369, 0.0004881322820081282]], [[0.008101783813219476, 0.0014425152920294615, 0.0006603762525550251, 0.0014311954474654836, -0.0025038640530411155, 0.0009506593837638223, -0.0005597513131485581, -0.0003887095984376978], [0.0014425152920294615, 0.0033187125666629866, 0.0014289976570399801, -0.003566440923929582, 0.002838949814845352, 0.00017717233689789407, 0.0012336563027042307, -7.604578305296653e-05], [0.0006603762525550251, 0.0014289976570399801, 0.0008044037877400067, -0.0011127908555711205, 0.0011180192437510615, 0.0002476055444422504, 0.0004616002923636219, -0.0003158443253274143], [0.0014311954474654836, -0.003566440923929582, -0.0011127908555711205, 0.0184188859885955, -0.00867007664830051, 0.001359055271501335, -0.003140126270331514, -0.0011505959475312923], [-0.0025038640530411155, 0.002838949814845352, 0.0011180192437510615, -0.00867007664830051, 0.015620411119346173, -0.001055975169343122, 0.0038112644035868887, 0.0006480015050905317], [0.0009506593837638223, 0.00017717233689789407, 0.0002476055444422504, 0.001359055271501335, -0.001055975169343122, 0.004090607306902084, -0.0009463558645107131, -0.0001112950835260393], [-0.0005597513131485581, 0.0012336563027042307, 0.0004616002923636219, -0.003140126270331514, 0.0038112644035868887, -0.0009463558645107131, 0.0013733721274676823, -2.116627735788291e-05], [-0.0003887095984376978, -7.604578305296653e-05, -0.0003158443253274143, -0.0011505959475312923, 0.0006480015050905317, -0.0001112950835260393, -2.116627735788291e-05, 0.0027950446269738288]], [[0.2815074525487091, 0.09158835253364854, -0.061331690390743314, 0.027670093906174004, -0.03014711744826162, 0.0027724953426109377, -0.006470420231640203, -0.004569255442177996], [0.09158835253364854, 0.030845582883498583, -0.01931089867072844, 0.008802047722742193, -0.01133076204654229, 0.0006381767355645107, -0.0016757360891234098, -0.0011464698816375408], [-0.061331690390743314, -0.01931089867072844, 0.01418200355156137, -0.00593943930848604, 0.005498699987705441, -0.0006857025427446542, 0.0013772508815646685, 0.001111410725441828], [0.027670093906174004, 0.008802047722742193, -0.00593943930848604, 0.005988096111262154, -0.00550172789711119, 0.0007297437680120302, -0.000937911005511193, -0.0008478334793549804], [-0.03014711744826162, -0.01133076204654229, 0.005498699987705441, -0.00550172789711119, 0.009365532808382137, 0.0005780359532249279, 0.000321055708921581, -0.00043276753719653137], [0.0027724953426109377, 0.0006381767355645107, -0.0006857025427446542, 0.0007297437680120302, 0.0005780359532249279, 0.0034878656883401463, -0.0004948504944735515, -0.00016621950316935476], [-0.006470420231640203, -0.0016757360891234098, 0.0013772508815646685, -0.000937911005511193, 0.000321055708921581, -0.0004948504944735515, 0.000760658108912545, -0.00012319894677859433], [-0.004569255442177996, -0.0011464698816375408, 0.001111410725441828, -0.0008478334793549804, -0.00043276753719653137, -0.00016621950316935476, -0.00012319894677859433, 0.0030300627690046772]], [[0.052075783799225846, 0.004146862239417212, -0.0024729780995436123, 0.0007764529978284198, 0.0009848581280307894, 0.006029639206319062, 0.002143408986783498, -0.0008938826577151616], [0.004146862239417212, 0.001245142952379436, 0.0005990356862896048, -4.704698593863345e-05, -0.001330336214067246, 0.0006879153521099198, 0.0003961813795876086, -4.750926148122733e-05], [-0.0024729780995436123, 0.0005990356862896048, 0.0011900757043960546, -8.63381731484615e-05, -0.0014817163317541186, -0.00014683240972652458, -0.0001451704716238139, 0.00010277817910743134], [0.0007764529978284198, -4.704698593863345e-05, -8.63381731484615e-05, 0.0010104402841149764, -0.00028784884271721117, -0.00013860294033786043, -6.280137903952745e-06, -0.000583527513363669], [0.0009848581280307894, -0.001330336214067246, -0.0014817163317541186, -0.00028784884271721117, 0.003194943336483494, -0.00023379695515802161, -0.00021978588851824304, 0.00010650666301431203], [0.006029639206319062, 0.0006879153521099198, -0.00014683240972652458, -0.00013860294033786043, -0.00023379695515802161, 0.0031590923474931454, 0.00012020642525287593, 0.00017011417570916474], [0.002143408986783498, 0.0003961813795876086, -0.0001451704716238139, -6.280137903952745e-06, -0.00021978588851824304, 0.00012020642525287593, 0.0004669412193696211, -0.00031242474349357926], [-0.0008938826577151616, -4.750926148122733e-05, 0.00010277817910743134, -0.000583527513363669, 0.00010650666301431203, 0.00017011417570916474, -0.00031242474349357926, 0.001996814728326127]], [[1.0157808934593962, -0.0624226405187258, 0.04616887277653191, 0.025158623523202937, -0.03255028328762328, 0.025405052849578787, 0.09972881970638305, 0.012735242225324357], [-0.0624226405187258, 0.005539805130341937, -0.0027654492699610103, -0.0014642343808044798, 0.0016070230180890558, -0.0016836750120221206, -0.005324139291799572, -0.000662316358428851], [0.04616887277653191, -0.0027654492699610103, 0.006051768948224606, -0.0015505093910012225, -0.001129519305879808, 0.0007339015733337656, 0.002936921829080116, 0.001248016734875773], [0.025158623523202937, -0.0014642343808044798, -0.0015505093910012225, 0.004185228600455584, -0.002767221289657102, 0.0008237574309223714, 0.004500382382503413, -6.260690084517111e-05], [-0.03255028328762328, 