{"weights": [0.170999715270851, 0.00040151161956221036, 0.46952463085875623, 0.12417559616053307, 0.1543582876391967, 0.08054025845110079], "means": [[-6.869770428228292, -0.6453956222440547, -0.30759524868787175], [1.8248760270525697, 0.5220349196615174, 0.06115107893949092], [3.5547075365406187, -0.3225642163957864, -0.015434270588446004], [-0.6517334074816629, 0.5355798114675439, 0.5834775871705798], [-2.9732347494258238, 0.47667868708599703, 0.4267489117664624], [0.6426465207169906, 1.4969428221759165, -0.9903630480735244]], "cov": [[[0.8850594452502452, 0.04452090857904163, -0.8899497253317943], [0.044520908579041577, 4.536434281566319, -3.3931908683884755], [-0.8899497253317945, -3.3931908683884764, 9.042005096399837]], [[5556.444428898085, -8.459427265474606, 399.50034531805716], [-8.459427265474606, 330.52597127193053, 74.74098907855098], [399.50034531805716, 74.74098907855095, 215.06034122559478]], [[322.95780830306865, -138.4338913014898, -113.93500237201815], [-138.43389130148978, 64.20977243917476, 51.53001834184093], [-113.93500237201815, 51.53001834184093, 45.388812547496144]], [[56.26735253403995, -15.88174379998382, -10.719532207110912], [-15.88174379998382, 8.221346115142858, 4.090480711734766], [-10.719532207110912, 4.090480711734766, 4.666805312368002]], [[954.4315500121563, -55.9703374755698, -183.43604879412766], [-55.9703374755698, 49.96852631508601, 42.12689514310089], [-183.43604879412766, 42.12689514310089, 77.96703686171058]], [[229.05352440973303, -51.40938778443981, -92.68515185089207], [-51.4093877844398, 65.8390882336554, 87.6834601102545], [-92.68515185089207, 87.6834601102545, 125.13000933996466]]]}