,X,Y,Z,id,nugget
0,100.0,0.0,-825.0,8133670,1e-05
1,300.0,0.0,-828.113135843205,8133670,1e-05
2,900.0,0.0,-825.0,8133670,1e-05
3,100.0,0.0,-844.9999999999999,2622669,1e-05
4,300.0,0.0,-842.5155239344961,2622669,1e-05
5,900.0,0.0,-844.9999999999999,2622669,1e-05
