{"weights": [0.5713078884524693, 0.19958860746109763, 0.229103504086433], "means": [[-2.1101888475937662, -0.5227494725086187, 0.036716415124499344, -0.02148604856067146, 0.007998334787467887, -8.75086885673778e-05, -0.007491104831466466, -0.006071041614084375], [4.011107610124493, -2.714503876327486, -0.04583245046392836, 0.06774275918042584, -0.022566786859239553, -0.004318328135398738, -0.010249233476090799, -0.007228112718539981], [1.818413478005311, 3.608885585952982, -0.05149444961255614, -0.005616505463233367, -3.4546495817117226e-05, 0.0038094076365515436, 0.026241455897352425, 0.021031400002621266]], "cov": [[[0.025305541529067062, -0.009843710163766622, 0.008391086817021923, -0.08468486169956557, 0.02573992500879823, -0.024957415859422065, -0.012619565148325861, 0.006183733886099176], [-0.009843710163766622, 0.037048174908458624, -0.016971154562052993, 0.05681324624911804, -0.04362504528489732, 0.0008771186098566719, -0.01945956525668056, -0.0030069843528756903], [0.008391086817021923, -0.016971154562052997, 0.021509603894554554, -0.10283478045801, 0.03519854401394369, -0.014528673091581406, 0.014632090576564774, -0.006709040034385401], [-0.08468486169956557, 0.05681324624911804, -0.10283478045801, 0.6689526992047882, -0.1821036825693575, 0.14007331226983358, -0.003139551879272182, 0.026442133596334457], [0.025739925008798226, -0.04362504528489733, 0.03519854401394369, -0.18210368256935747, 0.08494873496853145, -0.018765036809716473, 0.007080428139485067, -0.014526793393448414], [-0.024957415859422065, 0.0008771186098566732, -0.014528673091581403, 0.14007331226983355, -0.018765036809716473, 0.054974081577679995, 0.0021405071313563787, -0.014491198064748197], [-0.012619565148325861, -0.01945956525668056, 0.014632090576564774, -0.003139551879272181, 0.007080428139485069, 0.00214050713135638, 0.05208279561695371, 0.008268492912841392], [0.006183733886099175, -0.003006984352875689, -0.0067090400343854, 0.026442133596334454, -0.014526793393448414, -0.014491198064748198, 0.008268492912841388, 0.02530798750296634]], [[0.4447269509347403, 0.11997452379991266, -0.00231926744037436, -0.2542866400602919, -0.10037387284982736, 0.06046740777369023, -0.05127089610860825, -0.12481554589187212], [0.11997452379991266, 0.1707990936997052, 0.01064721189826583, 0.10800762093433794, 0.28860498037857124, -0.005776925207279348, -0.0707295367499347, -0.059988851272553954], [-0.00231926744037436, 0.01064721189826583, 0.01036526434095913, -0.04678932363073592, 0.024584362581605, 0.04159768995306353, -0.015243025090516765, 0.011709474219323673], [-0.25428664006029184, 0.10800762093433788, -0.04678932363073592, 1.0335675696855546, 0.46261465471533236, -0.40215845109948656, 0.06245978619071972, -0.1221823845535851], [-0.10037387284982736, 0.2886049803785712, 0.024584362581605, 0.4626146547153323, 0.8818674611038552, -0.028898395446339282, -0.173220683882161, -0.001364630344445922], [0.06046740777369023, -0.005776925207279351, 0.04159768995306353, -0.40215845109948656, -0.028898395446339323, 0.31701544380003865, -0.09469441366374477, 0.06738189918516731], [-0.05127089610860825, -0.0707295367499347, -0.015243025090516765, 0.06245978619071972, -0.173220683882161, -0.09469441366374477, 0.08700352117623444, 0.016844715309007365], [-0.12481554589187215, -0.05998885127255397, 0.011709474219323677, -0.1221823845535851, -0.0013646303444459179, 0.06738189918516731, 0.016844715309007365, 0.222297713560994]], [[0.1374584791219321, -0.09930882938433427, 0.4242494344287894, 0.09311482983639885, 0.13931078065638625, 0.015547234075660244, 0.02241332592127057, 0.047848008036429045], [-0.09930882938433429, 0.18746754557868328, 0.15981527053090971, -0.0829949340839536, -0.17917727584969878, -0.020580867498860705, -0.018281955325675264, -0.04276477127419437], [0.4242494344287894, 0.15981527053090971, 4.895655060118578, 0.29717576711877347, -0.10904816928895053, 0.0005198090598821822, -0.02125633305853283, 0.00783406742444725], [0.09311482983639885, -0.0829949340839536, 0.2971757671187735, 0.1300344475620519, 0.05214554736015646, -0.0013809707387962276, -0.04559637403689881, 0.03931661366836491], [0.13931078065638627, -0.17917727584969878, -0.10904816928895053, 0.05214554736015646, 0.30188667629392346, 0.07202071888104404, 0.1288000300587871, 0.03738704804594012], [0.015547234075660244, -0.020580867498860705, 0.0005198090598821819, -0.0013809707387962295, 0.07202071888104404, 0.046786906873656074, 0.07498475677996497, -0.022403385569799122], [0.022413325921270575, -0.018281955325675277, -0.02125633305853283, -0.045596374036898826, 0.1288000300587871, 0.07498475677996497, 0.19822474630364748, -0.03574679500816975], [0.047848008036429045, -0.04276477127419436, 0.007834067424447252, 0.03931661366836492, 0.03738704804594012, -0.022403385569799122, -0.03574679500816975, 0.04594215952421096]]]}