{"weights": [0.1334628897328514, 0.20542961146626548, 0.2864756553730547, 0.12462561698726418, 0.11138468055111221, 0.13862154588945194], "means": [[3.722583915997134, 0.4636631874092863, -0.3814424115530129, 0.13286407468075112, -0.028895401825154342, -0.08139897885968427, 0.0640997483411989, -0.018862023060187704], [1.0477292619171061, 0.5559792978279973, -0.5262861081195419, 0.0030356152936622804, 0.04578257454714035, 0.03979695466248301, -0.021091003865763534, 0.011437046093942057], [-3.9222643092013656, -0.44440131569391267, 0.09580467302174035, 0.02215451740694921, 0.024763528087923273, -0.003705782036674549, 0.009185456417203192, 0.0019300601608397646], [-2.6845931544981405, -0.023748649160533, -0.20533196789014926, -0.08434661201596336, -0.10745688590110725, -0.005723974131670914, -0.018938112802280364, -0.015593977675429999], [-0.7325001337434404, 1.441701262873216, 1.0690412788432733, -0.011021955350294703, -0.0011307392103421957, 0.00257456605812936, -0.006635957107951198, 0.0019145658201069622], [6.852697529626981, -0.6511225977977998, 0.2934429932776344, -0.03836764180102018, -0.001401126548200953, 0.007571811877692518, -0.00794474755689293, 0.0014731745641471095]], "cov": [[[0.18703296827746688, -0.021380365639058457, 0.0340982074321701, -0.00957125569374601, -0.00655080926707642, 0.0005415593766608648, 0.010347444369316547, 0.0005625247691339474], [-0.021380365639058457, 0.003428512566162412, -0.0022719026111283408, -0.00017843734216827284, 0.001497863073925449, 0.0001385363700374346, -0.0013376703826885484, -0.0001960356788121321], [0.0340982074321701, -0.0022719026111283408, 0.009536876771396887, -0.004126397509300926, -0.00029007661380843036, 0.0006616305035691074, 0.0012713296418414499, 1.815165922930368e-05], [-0.009571255693746011, -0.00017843734216827257, -0.004126397509300926, 0.003092660190393627, -0.0012113149082898938, -0.000555425265235857, -3.7252831781520144e-06, 0.0005024947468192328], [-0.006550809267076421, 0.001497863073925449, -0.00029007661380843047, -0.0012113149082898938, 0.0027833982843173603, -0.00012310353342398034, -0.000598523729362266, -0.0010199259781032617], [0.0005415593766608649, 0.0001385363700374346, 0.0006616305035691074, -0.0005554252652358571, -0.0001231035334239803, 0.0009886359389083984, 0.00022919575156375583, -0.00040592605428507115], [0.010347444369316547, -0.0013376703826885486, 0.0012713296418414499, -3.725283178151991e-06, -0.0005985237293622659, 0.00022919575156375583, 0.001068969024887263, -1.3161993978291192e-05], [0.0005625247691339474, -0.0001960356788121321, 1.8151659229303717e-05, 0.0005024947468192328, -0.0010199259781032619, -0.0004059260542850711, -1.316199397829117e-05, 0.0009727393833007601]], [[0.29184205385193857, 0.0033392658911587905, 0.026865704263558776, 0.0265964450163007, -0.012236385041754278, 0.019264761329768672, -0.009740177734272073, -0.0024063093955095584], [0.0033392658911587905, 0.0012016529469281434, 0.0007795361943337422, 7.637035490253705e-05, -0.0012127524661673865, -0.0007943584573874323, -6.675246754822686e-05, 5.6817202915539353e-05], [0.026865704263558773, 0.0007795361943337423, 0.004614246004216625, 0.002981390838573934, -0.0022369444664470657, 0.0028344701824644944, -0.001441473063512217, 3.674404527342273e-05], [0.0265964450163007, 7.637035490253702e-05, 0.002981390838573934, 0.0048109772686958825, -0.0024812205622995326, 0.002722354268358674, -0.0012850978845209762, -0.00079171660055173], [-0.012236385041754278, -0.0012127524661673865, -0.002236944466447066, -0.0024812205622995326, 0.003960434879266248, -0.0007591635663615214, 0.00013680912187910032, 0.0005647388433870502], [0.019264761329768672, -0.0007943584573874322, 0.002834470182464494, 0.002722354268358674, -0.0007591635663615212, 0.004791891757037756, 0.00024144989292872572, -0.00044570866718764065], [-0.009740177734272073, -6.675246754822678e-05, -0.001441473063512217, -0.0012850978845209764, 0.00013680912187910034, 0.00024144989292872561, 0.002174401551994333, -3.642427525611713e-05], [-0.0024063093955095584, 5.6817202915539353e-05, 3.674404527342264e-05, -0.0007917166005517298, 0.0005647388433870502, -0.0004457086671876407, -3.64242752561172e-05, 0.0014342489120120142]], [[0.047056739473149915, 0.019442552267405058, -0.01687935913599494, -0.041570899855930786, -0.0077497115381186775, -0.001358781023864086, 0.00036721734705670665, 0.0004207244508145203], [0.01944255226740506, 0.009841234375500515, -0.005740702318832528, -0.01752507020731911, -0.002602339511907699, -0.0008325992154069731, 0.001332089090497959, 0.00047666644111183455], [-0.016879359135994945, -0.005740702318832528, 0.007526202930691147, 0.017266039822003837, 0.001502511505217013, 0.0004528397269749484, 0.0003479715973968003, 0.00040727477766372606], [-0.041570899855930786, -0.01752507020731911, 0.017266039822003837, 0.05567344889169449, -0.0012658096456893736, 0.001415179654392985, -0.0018068099171320111, 0.0011117170366936357], [-0.0077497115381186775, -0.0026023395119076985, 0.0015025115052170132, -0.001265809645689374, 0.013503280426189432, -0.0004343092236224799, 0.001108511866826528, -0.0014281341559574977], [-0.001358781023864086, -0.0008325992154069731, 0.0004528397269749485, 0.001415179654392985, -0.0004343092236224798, 0.0019405307368557895, 0.0011733546146744417, -0.00032506297336670504], [0.00036721734705670665, 0.001332089090497959, 0.00034797159739680025, -0.0018068099171320113, 0.0011085118668265276, 0.0011733546146744417, 0.0023216260481762913, 0.0003566528546081012], [0.00042072445081452, 0.00047666644111183444, 0.00040727477766372617, 0.0011117170366936355, -0.0014281341559574975, -0.000325062973366705, 0.00035665285460810146, 0.0037557356398418246]], [[0.03629990741073013, 0.011339133728843424, -0.007510881730693473, 0.005245983138378362, -0.0031669283969268263, -0.0023466697462553527, -0.001475505321965075, -0.004113811653082426], [0.011339133728843424, 0.003911756442365158, -0.002049577200380194, 0.0015165743999496898, -0.00167392832373418, -0.00023662270864173245, 0.00020283504405368128, -0.0012084130751446411], [-0.007510881730693473, -0.002049577200380194, 0.0025771597087136666, -0.0015673019666332902, 0.000429106913676247, 0.0010026895613284344, 0.00012508941984042075, 0.001169938993999267], [0.005245983138378362, 0.0015165743999496896, -0.0015673019666332902, 0.0014952288648441335, -0.0008473671225020258, -0.0004769376260761399, -7.197216151173824e-05, -0.0012960146206692383], [-0.0031669283969268263, -0.00167392832373418, 0.000429106913676247, -0.0008473671225020258, 0.0031093208936991174, -0.001493665194509386, -0.00224519051508392, 0.0010256920355754078], [-0.0023466697462553527, -0.0002366227086417325, 0.0010026895613284344, -0.0004769376260761399, -0.0014936651945093862, 0.0019709312299228243, 0.0020416062428417364, 0.00020439005686512577], [-0.001475505321965075, 0.00020283504405368123, 0.00012508941984042086, -7.197216151173822e-05, -0.0022451905150839206, 0.0020416062428417364, 0.003208411915183843, 0.00023247572362092053], [-0.004113811653082426, -0.0012084130751446411, 0.001169938993999267, -0.0012960146206692383, 0.0010256920355754078, 0.00020439005686512577, 0.00023247572362092048, 0.0028483581813320866]], [[0.31051405481659994, 0.020503111542341464, -0.05961318587145903, 0.01602007945542598, 0.031135844406909072, -0.013593553484286845, 0.0009684112449005173, -0.005276970545448498], [0.020503111542341464, 0.0016940153328763694, -0.0034349714554161373, 0.001181587435660235, 0.002024233404706214, -0.00036871892922271215, 0.00030537751249255584, -0.0011426668833189881], [-0.05961318587145903, -0.0034349714554161373, 0.012323485202040749, -0.0028634503475149196, -0.00606426992369019, 0.0030692595186674904, -0.00010602149378880545, -0.00010455698416399277], [0.01602007945542598, 0.0011815874356602349, -0.0028634503475149196, 0.0016328885039825342, 0.0007162178871026316, -0.00030827564012366723, 0.0002515415555020233, -0.0010470405346268894], [0.031135844406909072, 0.002024233404706214, 