{"accuracy_init": 0.4572649598121643, "accuracy_final_MAP": 0.8846153616905212, "accuracy_final_mean": 0.8846153616905212}