{"weights": [0.12757625229707437, 0.18903246118554534, 0.28858817389099806, 0.13390737307590828, 0.10539534917392383, 0.1555003903765501], "means": [[3.7168561875192103, 0.4599072587113856, -0.38948425048113156, 0.13242400123477008, -0.03155785545588055, -0.08286161237838968, 0.06252701575526876, -0.01580982042988287], [1.0500882708650268, 0.5545990008260423, -0.5253145771458511, 0.0016934950831646322, 0.04896589336759342, 0.04427976892096504, -0.021122822907738984, 0.01290761385747577], [-3.9126836951879187, -0.44239267352795664, 0.09147611750482279, 0.01171218213282778, 0.0320900143763403, -0.002903216257179957, 0.008224629992479518, 0.007273454504016471], [-2.6856222609090095, -0.026294965440236517, -0.20536063893907483, -0.082342876804537, -0.09988051121836615, -0.006712023895581611, -0.020398377311983074, -0.008912544888940957], [-0.7497205779551874, 1.437334695997115, 1.0680375401989723, -0.01115088035390819, -0.010607192812678759, 0.005183619753164567, -0.001739688310081264, 0.0041228916883759405], [6.852408432944029, -0.6608241884651634, 0.2819580129310009, -0.0323522834941764, -0.0015956373349627622, 0.004390023198791142, -0.014278838095220492, 0.00218585006844067]], "cov": [[[0.17416930564471286, -0.019920952794736234, 0.03173106997203704, -0.008890974818646086, -0.006104042934392842, 0.0005057823835332478, 0.009642909452321123, 0.0005162720834733561], [-0.019920952794736234, 0.0032852947405737393, -0.0020072489062719612, -0.00018516997491853886, 0.0014479071866334205, 0.00015831144122477225, -0.0011966472455212, -0.00019697282209572733], [0.031731069972037035, -0.0020072489062719612, 0.009015953354437674, -0.003998054864120756, -0.0002246304099098725, 0.0006687656861010812, 0.0012148861005274343, 4.5723488036799906e-05], [-0.008890974818646086, -0.00018516997491853886, -0.003998054864120756, 0.0029813261621885042, -0.0011979487121216155, -0.0005239343273656145, 0.00013286809304209463, 0.0005505859813592996], [-0.006104042934392842, 0.0014479071866334208, -0.00022463040990987224, -0.0011979487121216157, 0.0027164468540265213, -5.13272364599581e-05, -0.0005177058352304348, -0.0010424766552463518], [0.0005057823835332478, 0.00015831144122477225, 0.0006687656861010813, -0.0005239343273656145, -5.132723645995815e-05, 0.0007002713531340397, 0.0001106595481647519, -0.0002566856299051976], [0.009642909452321123, -0.0011966472455212, 0.0012148861005274346, 0.0001328680930420947, -0.0005177058352304349, 0.00011065954816475191, 0.0010203728745158075, 1.6221965766958954e-05], [0.0005162720834733562, -0.0001969728220957274, 4.5723488036799906e-05, 0.0005505859813592997, -0.001042476655246352, -0.0002566856299051976, 1.6221965766958954e-05, 0.000827087693736055]], [[0.218148438458683, 0.0024878643389299785, 0.019984916822764022, 0.019766577576504827, -0.00902328533754723, 0.01428382979820838, -0.007290201265029606, -0.0017675840440800887], [0.0024878643389299785, 0.0012301805238821625, 0.0006618905381016165, 0.00013475247872706976, -0.0012216705357174485, -0.0010048319001334097, -0.00014243568270591743, -2.960199537835202e-07], [0.01998491682276402, 0.0006618905381016165, 0.0037584734998690815, 0.002536081474372344, -0.002059434057934281, 0.0023631450958963253, -0.0011160693173865434, -0.00010099731610835776], [0.019766577576504827, 0.00013475247872706976, 0.002536081474372344, 0.004036363157703666, -0.002294156180260764, 0.0023871570614092687, -0.0008899213464447866, -0.0006239954804877163], [-0.00902328533754723, -0.0012216705357174485, -0.002059434057934281, -0.002294156180260764, 0.003996409808592936, -0.00045816098830081254, 0.00019122874593639235, 0.0005413272101849929], [0.014283829798208377, -0.0010048319001334097, 0.0023631450958963253, 0.0023871570614092687, -0.0004581609883008127, 0.004710265592536971, 0.0004457406443549686, -0.00047080031309233147], [-0.007290201265029606, -0.00014243568270591752, -0.0011160693173865436, -0.0008899213464447866, 0.00019122874593639237, 0.00044574064435496866, 0.0017866320578250662, -4.8716689370413184e-05], [-0.0017675840440800885, -2.960199537834858e-07, -0.00010099731610835769, -0.0006239954804877163, 0.000541327210184993, -0.00047080031309233147, -4.871668937041319e-05, 0.001268880782758283]], [[0.05135642140934515, 0.021254398097071123, -0.01847289385964112, -0.046223000553198175, -0.008753084928726378, -0.0014520391898121482, 0.00047385673459580827, 0.000492253620782483], [0.021254398097071123, 0.010322078021246257, -0.0066221012616173875, -0.01950301496043729, -0.00304224375996065, -0.0007982914607043275, 0.0012140131226598579, 0.0003316106339361592], [-0.018472893859641123, -0.006622101261617388, 0.007963381742726637, 0.01908414813764649, 0.0016903920306022367, 0.0005434171528673582, 0.00018425780702942696, 0.0002759946810171581], [-0.046223000553198175, -0.01950301496043729, 0.01908414813764649, 0.06073365438653772, -0.0016169266147351123, 0.0016262617367777163, -0.0019501089773886564, 0.001233444310357602], [-0.008753084928726378, -0.00304224375996065, 0.0016903920306022367, -0.0016169266147351119, 0.013968370501599891, -0.0003922521710448391, 0.00116220914646253, -0.0015448302020892467], [-0.0014520391898121487, -0.0007982914607043275, 0.0005434171528673582, 0.0016262617367777163, -0.00039225217104483915, 0.0018260233556737393, 0.0010993897126744677, -0.000507383572694246], [0.0004738567345958083, 0.001214013122659858, 0.00018425780702942696, -0.001950108977388656, 0.00116220914646253, 0.0010993897126744677, 0.002079994241323592, 1.5183820306432512e-05], [0.000492253620782483, 0.00033161063393615913, 0.00027599468101715803, 0.001233444310357602, -0.0015448302020892469, -0.0005073835726942459, 1.518382030643255e-05, 0.0035032157148733134]], [[0.03189662912421072, 0.009973082240082526, -0.006617775524946726, 0.004622341485348896, -0.0028420693443220804, -0.0020443300838576704, -0.0012473479483309192, -0.003643108527391556], [0.009973082240082524, 0.003395265528699775, -0.001832299342205069, 0.00137441403972042, -0.0013264811712450037, -0.0002969632527682548, 5.504623965093662e-05, -0.0010565663505202679], [-0.006617775524946726, -0.001832299342205069, 0.0021624942603253702, -0.0013410692347310654, 0.00044699315862691344, 0.0008036822081467294, 0.00011316033947541235, 0.0010336819922602046], [0.004622341485348895, 0.0013744140397204197, -0.0013410692347310654, 0.0012415723099535533, -0.0006945132161330769, -0.0004423019545084916, -8.387472520368689e-05, -0.0011205960002592748], [-0.00284206934432208, -0.0013264811712450034, 0.00044699315862691344, -0.0006945132161330769, 0.0021846297669182017, -0.0009378538195892733, -0.0014413281484857187, 0.0008228108858439434], [-0.0020443300838576704, -0.0002969632527682548, 0.0008036822081467294, -0.0004423019545084917, -0.0009378538195892733, 0.0013640524864594944, 0.001377444863209541, 0.0002260522406068899], [-0.0012473479483309192, 5.504623965093659e-05, 0.0001131603394754124, -8.387472520368695e-05, -0.0014413281484857187, 0.0013774448632095412, 0.0021874571690181973, 0.00024383998599322135], [-0.0036431085273915553, -0.0010565663505202679, 0.0010336819922602046, -0.001120596000259275, 0.0008228108858439435, 0.00022605224060688988, 0.00024383998599322135, 0.0023427293943253046]], [[0.2520423953928827, 0.01672334270440431, -0.04827018769208624, 0.01306186287125951, 0.02519598998299906, -0.010842324652564567, 0.0009078380524844447, -0.004512914902376888], [0.016723342704404308, 0.0017628736861480272, -0.002278989158693287, 0.0012745694346534312, 0.0014864081269263623, 0.0004808346308918567, 0.0006274747001926748, -0.0022838653620613544], [-0.048270187692086235, -0.002278989158693287, 0.010725827790560956, -0.0019763190328451635, -0.005059607497410422, 0.0034045968608860354, 0.00032838369599305823, -0.0017825466379861458], [0.01306186287125951, 0.0012745694346534312, -0.0019763190328451635, 0.0016869172688336249, 0.0004223428407525859, 0.0006456011139374411, 0.0006992374758797861, -0.0021743437527944154], [0.02519598998299906, 0.001486408126926362, 