{"weights": [0.14162294098399286, 0.1972692838628028, 0.28332956218743044, 0.11139909453299282, 0.09415376920027604, 0.17222534923250496], "means": [[-3.601049397037853, 0.47054109285566864, 0.4135999679688872, -0.1487716492533286, -0.040578654849566305, 0.077849711866996, -0.05933870429843982, 0.017102168635348886], [-1.0178774167652846, 0.5572022099382254, 0.5290368059675877, 0.0014779360631687335, 0.048135703285514954, -0.03921743748729123, 0.01592350597150903, -0.010358385874132797], [3.9264065716864476, -0.44201751774583037, -0.1003431849259995, -0.02877521075571215, 0.017852132524621336, 0.013942434098419998, -0.004201093006177716, -0.005639290835229808], [2.674428963128566, -0.024138551454277936, 0.2183105503333354, 0.07869880321203339, -0.09953064864111524, 0.01584990809166715, 0.020308407161382297, 0.00786112060311345], [0.7388303278472987, 1.440795439733866, -1.0711727701278264, 0.022370068483637658, 0.017012331591441415, 0.007843276356920179, 0.018237712866076103, 0.012289049941262134], [-6.851374252013755, -0.6511361228233883, -0.29002464346720686, 0.03628767005056725, -0.00246504147936314, -0.006297975266516308, 0.007219548710110273, -0.0028536679661145354]], "cov": [[[0.17948901080824767, 0.020705202226976183, 0.03236788083493275, -0.008869256109412938, 0.00646203214780656, 0.0004511056741359456, 0.009993019041456578, 0.0005897991531083782], [0.020705202226976183, 0.004059218852710043, 0.0007872053878810853, 0.0014760964803679935, 0.0022843174457133596, -0.00039477181675477073, 0.0015961025761172434, 0.0004611270713040162], [0.03236788083493274, 0.0007872053878810858, 0.011613370601499919, -0.006278699592135806, -0.0011135976483697121, 0.0011030566945091729, 0.0007339110892003898, -0.0003730806722581509], [-0.008869256109412938, 0.0014760964803679933, -0.006278699592135807, 0.005082432953985266, 0.0026879765840322144, -0.0009601636358790238, 0.00047850510985282356, 0.0010397946002652925], [0.00646203214780656, 0.002284317445713359, -0.0011135976483697121, 0.0026879765840322144, 0.0040268055585472255, -0.00010436645912241662, 0.0008850843105778817, 0.0015071556271188831], [0.00045110567413594573, -0.00039477181675477073, 0.001103056694509173, -0.000960163635879024, -0.00010436645912241672, 0.0011187166176657654, 0.00015490922054104718, -0.0005134634930052622], [0.00999301904145658, 0.0015961025761172434, 0.0007339110892003898, 0.00047850510985282356, 0.000885084310577882, 0.00015490922054104715, 0.0010907983822982074, 2.6307046958194275e-05], [0.0005897991531083782, 0.0004611270713040161, -0.00037308067225815114, 0.0010397946002652927, 0.0015071556271188831, -0.0005134634930052622, 2.6307046958194295e-05, 0.0011412160083065872]], [[0.30159762852131144, -0.0034547736199754286, 0.0278612151803242, 0.027590834096456553, 0.012753265528472764, 0.020015742987850728, -0.01007131845965456, -0.0025100627831893523], [-0.003454773619975428, 0.0009640875971588576, -0.0007442074026660436, -4.2831555829660114e-05, -0.0009137286773972749, 0.0004262475766470297, -1.4860667588645165e-05, -9.816655416923881e-05], [0.027861215180324198, -0.0007442074026660436, 0.004411446494275836, 0.002798803695740628, 0.0019908224787990505, 0.002703493162701458, -0.0013490803124508995, 0.00011056836405104022], [0.027590834096456553, -4.2831555829660026e-05, 0.0027988036957406286, 0.004572288674844868, 0.002153875277656802, 0.0024922409384977614, -0.0013522238677396569, -0.0007937392984140234], [0.012753265528472762, -0.0009137286773972749, 0.0019908224787990505, 0.002153875277656802, 0.0031278619332062523, 0.0009128146535844221, -0.00012608052827225863, -0.0004525280428220996], [0.020015742987850724, 0.0004262475766470297, 0.0027034931627014577, 0.0024922409384977614, 0.000912814653584422, 0.0038843287306554214, -9.593106578686336e-06, -0.00033499248007463786], [-0.01007131845965456, -1.4860667588645172e-05, -0.0013490803124508997, -0.001352223867739657, -0.0001260805282722587, -9.59310657868638e-06, 0.0019491425477255932, 3.2126840485740024e-05], [-0.0025100627831893523, -9.816655416923887e-05, 0.00011056836405104033, -0.0007937392984140234, -0.0004525280428220996, -0.0003349924800746378, 3.212684048574003e-05, 0.0012716461496740722]], [[0.04183386536891107, -0.01718250181915704, -0.015065593265953272, -0.03710675811093575, 0.006875418080327349, -0.0011242792369544987, 0.00029540858842810376, 0.0003525407223527637], [-0.01718250181915704, 0.0088490925306328, 0.004987253136936739, 0.015718847239906148, -0.00241428861876783, 0.0008341770979946537, -0.0011795111288586057, -0.00029285580564341896], [-0.015065593265953272, 0.0049872531369367385, 0.006916421711438587, 0.015311851744689525, -0.0012873699655848738, 0.0003610521214863237, 0.00023401226438182052, 0.0002880091975414229], [-0.03710675811093574, 0.015718847239906148, 0.015311851744689525, 0.04944900154279623, 0.0011084944587554696, 0.0013062516083720292, -0.0016062422148949713, 0.0009395941826565785], [0.00687541808032735, -0.0024142886187678305, -0.0012873699655848736, 0.001108494458755469, 0.011774940834180517, 0.00033214772315150377, -0.0009184175478278323, 0.0012413697841732734], [-0.001124279236954499, 0.0008341770979946537, 0.0003610521214863239, 0.0013062516083720294, 0.00033214772315150377, 0.002058305881705734, 0.0011447858942864794, -0.00029868754287712613], [0.0002954085884281037, -0.0011795111288586057, 0.00023401226438182044, -0.0016062422148949713, -0.0009184175478278323, 0.0011447858942864794, 0.0022608437010714463, 0.0002620262857156655], [0.00035254072235276363, -0.0002928558056434189, 0.00028800919754142293, 0.0009395941826565785, 0.0012413697841732732, -0.000298687542877126, 0.00026202628571566527, 0.0036419693270574195]], [[0.04813281793641927, -0.015016196504386601, -0.009982871540504937, 0.0070216262364160165, 0.004149782167161548, -0.0032313008712395413, -0.002108227003729502, -0.00560215642647484], [-0.015016196504386603, 0.005194128303171711, 0.002687849731029702, -0.002047222306523526, -0.0025295488269797403, 6.008455837438689e-05, -0.0005082725725739528, 0.0017923931884964402], [-0.009982871540504937, 0.002687849731029702, 0.0035717435418680735, -0.0021112156993968296, -0.00040640273976975136, 0.0014777980201571362, 0.00014364565390495408, 0.0012502668104683562], [0.0070216262364160165, -0.0020472223065235258, -0.0021112156993968296, 0.001796705754759666, 0.0010754999246600156, -0.0005355221117687068, 9.412647792050969e-05, -0.0014554485495664254], [0.004149782167161548, -0.0025295488269797403, -0.00040640273976975114, 0.0010754999246600156, 0.005112254665534957, 0.0029949535027308035, 0.004264925323181205, -0.0014606701249799162], [-0.0032313008712395413, 6.0084558374386824e-05, 0.0014777980201571362, -0.0005355221117687067, 0.002994953502730804, 0.00322928979450913, 0.00357766198404682, 5.4648249016798e-05], [-0.002108227003729502, -0.0005082725725739528, 0.00014364565390495395, 9.412647792050966e-05, 0.004264925323181205, 0.0035776619840468195, 0.005588906863736685, 0.00014327735189111865], [-0.00560215642647484, 0.0017923931884964402, 0.001250266810468356, -0.0014554485495664256, -0.0014606701249799162, 5.464824901679804e-05, 0.00014327735189111857, 0.003068979717021732]], [[0.5593553253901086, -0.03686659112466621, -0.10748525066307826, 0.028744350164906438, -0.05634113073308481, -0.02472308791496799, 0.0015350029057557748, -0.009467159891655438], [-0.036866591124666205, 0.0027245118339118096, 0.006627622626505174, -0.0019750790618746935, 0.003693074696807166, 0.0012810049482923286, -0.00023628877834335686, 0.0010954090135312752], [-0.10748525066307825, 0.006627622626505174, 0.02149783159136283, -0.0054283863503027914, 0.010913846546758484, 0.005060641015088028, -0.0002521037537888368, 0.0011897909014142985], [0.028744350164906434, -0.001975079061874694, -0.0054283863503027914, 0.002073079070482751, -0.0024319509310479904, -0.0009904783300551782, 0.00017311210194914631, -0.0010003142104258842], [-0.05634113073308481, 0.0036930746968071664, 0.010913846546758484, 