{"weights": [0.0831099244917155, 0.09919575064130678, 0.24664872303596924, 0.1635388961376879, 0.1528150035634702, 0.10991959482886572, 0.1447721073009845], "means": [[7.502849527487457, -0.9119035434179895, 0.6835684884430397, -0.09168888317197335, -0.03983756327354628, -0.03652091584997211, 0.007236494491986521, -0.0046062097709619505, 0.010394172037113654, 0.018588603055420115], [-3.4334761878059057, -0.49261437172227407, 0.18248344876766046, 0.11215842569447891, 0.23401359783879488, 0.0451532135718874, 0.020117939536625475, -0.00011265084637934768, 0.0119938582472089, 0.035458996714654155], [-2.6314760243395203, -0.29690224672947113, -0.12806194293876225, -0.17430648194721435, -0.06403272083332806, 0.015569521213725929, -0.007026735284669494, -0.0004188007103355979, 0.004107668465542005, -0.003567303300455357], [0.4836681220001819, 0.12811395379156176, -0.5733230403145553, 0.0015951867346840451, -0.02143621029909814, -0.036014471501938504, 2.4969524224554327e-05, -0.007358144901647807, 0.008188614098297263, 0.017326472239947852], [4.142953115641383, 0.10557597842237747, -0.35772904311917353, 0.11891107398174573, 0.03994102055722943, 0.03373241823821955, 0.0014386599661251477, 0.005494558184381594, -0.020292696146629593, -0.02267886152012775], [0.644111604721185, 1.4261659661227202, 0.4609897459539342, -0.11641222413345469, 0.026569452007802065, 0.01763313744272507, -0.00018269634771348888, -0.003218364889355442, 0.004192502402211764, 0.008501453168106106], [-2.8799003421857985, 0.027873143921032212, 0.37596042233117244, 0.23382129325736464, -0.06649834283916335, -0.04481000535390108, -0.007375410685787053, 0.008390747676070419, -0.012196523775325091, -0.030978111737638453]], "covariances": [[[0.0005783809549535801, 0.0008042069667508301, 0.000808613937117608, -0.00040133402553420983, -0.0002995977640941256, 0.0002382530001933822, -8.738261881174838e-05, -6.806788697384009e-05, -0.00011589153458433202, 9.746031710597689e-05], [0.0008042069667508301, 0.011267327248970607, 0.0038275651967839713, -0.00488111859119837, -0.0023707607546541655, 0.004567877537415146, -0.00047509142041684334, 0.0004110138411239921, -1.0364228491103565e-05, 0.0011382578546795489], [0.000808613937117608, 0.0038275651967839713, 0.0020834692065591263, -0.0018496722041236975, -0.0009655292152920958, 0.001334879353793181, -8.892010020760917e-05, -2.094939440313811e-05, -0.00013631344272136472, 0.00046987702289337486], [-0.00040133402553420983, -0.00488111859119837, -0.0018496722041236975, 0.0023069981463976416, 0.0010142006707584213, -0.001842664635036282, 0.00023717212180010747, -0.00012583913900978061, -1.6590764774713222e-05, -0.000534799196213321], [-0.0002995977640941256, -0.0023707607546541655, -0.0009655292152920958, 0.0010142006707584213, 0.0005674072740973778, -0.0009554753474085757, 4.1436845815964286e-05, -7.428216249211227e-05, 5.189638974955543e-05, -0.0002851486619945609], [0.0002382530001933822, 0.004567877537415146, 0.001334879353793181, -0.001842664635036282, -0.0009554753474085757, 0.0019781972233247716, -0.00017827119463174093, 0.0002172807895011764, -2.4741825986925093e-05, 0.0004482380188529228], [-8.738261881174838e-05, -0.00047509142041684334, -8.892010020760917e-05, 0.00023717212180010747, 4.1436845815964286e-05, -0.00017827119463174093, 0.000438584667316732, -0.00011837231571828845, -7.903424703345703e-05, 4.986988050472237e-06], [-6.806788697384009e-05, 0.0004110138411239921, -2.094939440313811e-05, -0.00012583913900978061, -7.428216249211227e-05, 0.0002172807895011764, -0.00011837231571828845, 0.00015845166724205546, 4.391907342043728e-05, 9.360111006389759e-05], [-0.00011589153458433202, -1.0364228491103565e-05, -0.00013631344272136472, -1.6590764774713222e-05, 5.189638974955543e-05, -2.4741825986925093e-05, -7.903424703345703e-05, 4.391907342043728e-05, 0.00023271399195483084, -6.372008795195203e-05], [9.746031710597689e-05, 0.0011382578546795489, 0.00046987702289337486, -0.000534799196213321, -0.0002851486619945609, 0.0004482380188529228, 4.986988050472237e-06, 9.360111006389759e-05, -6.372008795195203e-05, 0.0002471941737151369]], [[0.0023770270171081876, 0.0014933157983008686, 0.0006597640445087095, 0.0023750382333251503, -0.0003348733730918005, -0.0005379907146493423, -0.0005902131324472159, -0.00010952724725233036, 0.00011952871986591133, 0.00012097459467544143], [0.0014933157983008686, 0.0030059212055859874, 0.0003697321674476837, -0.003056091520619415, 0.0009837142858602848, 0.00045628428699304066, -0.0003027047325119702, -0.00022157412833413804, 0.000281241973985101, 0.0008955447154697263], [0.0006597640445087095, 0.0003697321674476837, 0.0004935202012259172, 0.0019472321855769272, 0.00030033462662161487, -0.00021795427346749457, -6.189863876709938e-05, -0.00038411834374236473, 4.8579182805243176e-05, -0.00011885669865269272], [0.0023750382333251503, -0.003056091520619415, 0.0019472321855769272, 0.020216234178659986, 0.00022999503769689726, -0.0016402254700514584, 0.0009718783472809327, -0.0012956098796714796, 9.475253878683126e-05, -0.0018868593056498555], [-0.0003348733730918005, 0.0009837142858602848, 0.00030033462662161487, 0.00022999503769689726, 0.008421326056269916, 0.00029066042556924937, -0.00019686891272929376, -0.0008093332427043782, 0.001178776148935005, 0.0017114013655456209], [-0.0005379907146493423, 0.00045628428699304066, -0.00021795427346749457, -0.0016402254700514584, 0.00029066042556924937, 0.0008367222154644829, 0.0009418427032464204, -0.00015830767420421763, -5.90620497703088e-05, 0.0003513938221393865], [-0.0005902131324472159, -0.0003027047325119702, -6.189863876709938e-05, 0.0009718783472809327, -0.00019686891272929376, 0.0009418427032464204, 0.0023352894196485064, -0.0005789610099320801, -0.0003322398068024364, -1.9802662135355603e-05], [-0.00010952724725233036, -0.00022157412833413804, -0.00038411834374236473, -0.0012956098796714796, -0.0008093332427043782, -0.00015830767420421763, -0.0005789610099320801, 0.002485148166029839, 0.00030172354171954536, 0.00023687694205122613], [0.00011952871986591133, 0.000281241973985101, 4.8579182805243176e-05, 9.475253878683126e-05, 0.001178776148935005, -5.90620497703088e-05, -0.0003322398068024364, 0.00030172354171954536, 0.0013840210192843467, -0.0001245437984359714], [0.00012097459467544143, 0.0008955447154697263, -0.00011885669865269272, -0.0018868593056498555, 0.0017114013655456209, 0.0003513938221393865, -1.9802662135355603e-05, 0.00023687694205122613, -0.0001245437984359714, 0.0011151979267148403]], [[0.2769919427386482, 0.06642774911814803, -0.06212457363002706, 0.06224842276721593, -0.01763244301416275, -0.004295231838347924, 0.0004381210990318933, -0.006158875700214776, 0.01600849001255825, 0.013083946719610872], [0.06642774911814803, 0.01695907819700631, -0.01457550728145974, 0.015360695381753647, -0.005528751637002649, -0.00022550220552984223, 0.0006254196250203429, -0.001182082716056527, 0.0036540257037206364, 0.003193068676532202], [-0.06212457363002706, -0.01457550728145974, 0.0143501650939054, -0.013063905168307204, 0.0034434232666679765, 0.0010398066341315124, 4.806979249736778e-05, 0.001507765984510476, -0.00339458209845865, -0.0028846455066165325], [0.06224842276721593, 0.015360695381753647, -0.013063905168307204, 0.0210328874241002, -0.006281754296201276, -8.617206007121443e-05, 5.778677838594282e-05, -0.0009860415759415765, 0.003876427794712833, 0.003983148245227192], [-0.01763244301416275, -0.005528751637002649, 0.0034434232666679765, -0.006281754296201276, 0.004250775077213038, -0.0011947510047280985, -0.001075784756460196, -0.00032708357285202833, -0.0009718331400351669, -0.0013253258279341345], [-0.004295231838347924, -0.00022550220552984223, 0.0010398066341315124, -8.617206007121443e-05, -0.0011947510047280985, 0.0012017697863567793, 0.0008598251791618325, 0.00020006748704254676, -0.0005504150479697712, -1.1064995604127294e-05], [0.0004381210990318933, 0.0006254196250203429, 4.806979249736778e-05, 5.778677838594282e-05, -0.001075784756460196, 