{"MAP index": 146, "entropy_prior_gmm": 1.1512992383663035e-08, "entropy_MAP_gmm": 1.152033668461172e-08, "entropy_z_nk_prior": 0.0010043481942177436, "entropy_MAP_z_nk": 0.020483387702678258, "entropy_mixing_prior": 53.75278407684164, "entropy_MAP_mixing": 1.6258110012405704}