{"entropy_prior_gmm": 9.783621396463378e-08, "entropy_Mean_gmm": 1.926259685092191e-08, "entropy_z_nk_prior": 0.18270892364249625, "entropy_Mean_z_nk": 0.16170597327375547, "entropy_mixing_prior": 85.69175851611257, "entropy_Mean_mixing": 1.0170239488509125}