,X,Y,Z,id,nugget
0,100.0,0.0,-825.0,34103611,1e-05
1,300.0,0.0,-823.9119407157734,34103611,1e-05
2,900.0,0.0,-825.0,34103611,1e-05
3,100.0,0.0,-844.9999999999999,81877620,1e-05
4,300.0,0.0,-840.5880256213961,81877620,1e-05
5,900.0,0.0,-844.9999999999999,81877620,1e-05
