{"weights": [0.4423383899793312, 0.4016496766563417, 0.1560119333643271], "means": [[-2.1146252287752914, -0.5163712649829102, 0.03797632175398905, -0.02669740000281584, 0.0006516142013260324, -0.004102907851125932, -0.004706443065844283, -0.0071051072814443846], [1.8249619525693455, 3.6035719586237285, -0.03156247281992292, -0.00201850471982683, 0.0019394237616332998, 0.0029895489343378136, 0.024256918043475406, 0.024512768737653047], [3.9051480302037542, -2.675645308738871, -0.05016324923774198, 0.0907917489322291, 0.0018775821294039605, 0.009152037101070064, -0.02033685962832979, -0.006352846141188283]], "cov": [[[0.05680680050775023, 0.0011473154746249128, 0.010451311888462196, -0.09125816023205938, 0.022494835037630098, -0.024468348766159085, -0.008009016989017096, 0.0010642980352866586], [0.0011473154746249141, 0.03835172083739095, -0.013580036766974285, 0.06307905175588369, -0.029383351762787644, 0.00929935475210689, -0.010496199027072502, -0.0010938933000751625], [0.010451311888462196, -0.01358003676697428, 0.020394372995135985, -0.10342106378339914, 0.03219779274297922, -0.017689189166946364, 0.009821723645992762, -0.005289281660831049], [-0.09125816023205939, 0.06307905175588369, -0.10342106378339914, 0.6636843988736315, -0.18559830446322956, 0.1370732216401208, -0.004884495601269515, 0.02445195324021241], [0.0224948350376301, -0.029383351762787644, 0.03219779274297922, -0.18559830446322953, 0.0713865649996302, -0.02418757207600846, -0.0012105207833096403, -0.016860328278831768], [-0.024468348766159085, 0.009299354752106892, -0.017689189166946367, 0.1370732216401208, -0.024187572076008468, 0.04784554607278202, -0.006851054735604987, -0.011816131980852866], [-0.008009016989017095, -0.010496199027072502, 0.009821723645992762, -0.004884495601269515, -0.00121052078330964, -0.006851054735604987, 0.0361264495434525, 0.01198139163448908], [0.0010642980352866583, -0.0010938933000751625, -0.005289281660831048, 0.02445195324021241, -0.016860328278831768, -0.011816131980852866, 0.01198139163448908, 0.02058860488377471]], [[0.1985055667275079, -0.05106074038143165, 0.46660280187614245, 0.10303316519704091, 0.08011892811038289, -0.000641113324904481, -0.023480277969889576, 0.043245370447288094], [-0.05106074038143165, 0.3601310700248838, 0.17918316854572533, -0.07287639247713475, -0.21026852952361078, -0.038092336224218856, -0.05731627033537413, -0.03737832169931159], [0.46660280187614245, 0.17918316854572533, 5.267112858756928, 0.3199913977313112, -0.11113669524687857, 0.002103220747815576, -0.019467513694400876, 0.009443521995433895], [0.10303316519704091, -0.07287639247713475, 0.3199913977313112, 0.10801638449095982, 0.03793828749256444, -0.0035913696390275146, -0.033051358445224284, 0.03190589246693048], [0.08011892811038289, -0.2102685295236108, -0.11113669524687857, 0.03793828749256444, 0.2305388640766385, 0.04934873791987672, 0.08654868011181117, 0.030631363503850425], [-0.0006411133249044776, -0.03809233622421886, 0.002103220747815576, -0.003591369639027514, 0.04934873791987672, 0.035911857842156246, 0.05390956059694971, -0.02042678548565018], [-0.023480277969889576, -0.05731627033537412, -0.019467513694400872, -0.033051358445224284, 0.08654868011181116, 0.05390956059694971, 0.1462593581893432, -0.028682811334770755], [0.043245370447288094, -0.03737832169931159, 0.009443521995433895, 0.031905892466930486, 0.030631363503850425, -0.02042678548565018, -0.028682811334770755, 0.039644335105751244]], [[1.063889354054951, -0.11348581540788746, -0.005045536022371962, -0.2917352153577756, -0.09134731788798914, 0.07873599092655927, -0.06944885628646115, -0.1433730680976656], [-0.11348581540788746, 0.35133845857901647, 0.016389973280273, 0.14221436404592053, 0.3672285921214085, 0.005127784584814815, -0.07916590043334443, -0.0066545170051980716], [-0.005045536022371962, 0.016389973280273005, 0.01499143350598827, -0.05020200649785733, 0.022508188277346127, 0.04407995226029589, -0.019126745223734955, 0.01042719757207747], [-0.2917352153577755, 0.14221436404592047, -0.05020200649785733, 1.159086061933767, 0.5421460443671012, -0.4445529110489009, 0.061110619545948645, -0.13907167327546396], [-0.09134731788798911, 0.3672285921214085, 0.022508188277346127, 0.5421460443671012, 0.9626337032961912, -0.05921497208012999, -0.18546798495345035, -0.04061035882280215], [0.07873599092655928, 0.005127784584814812, 0.04407995226029588, -0.4445529110489009, -0.05921497208012996, 0.33003188172810466, -0.09717482831923066, 0.05353565804981585], [-0.06944885628646115, -0.07916590043334443, -0.019126745223734955, 0.061110619545948645, -0.18546798495345035, -0.09717482831923066, 0.09112464880682965, 0.026349403414610784], [-0.1433730680976656, -0.006654517005198075, 0.01042719757207747, -0.13907167327546396, -0.04061035882280215, 0.05353565804981585, 0.026349403414610784, 0.20434710227503483]]]}