{"weights": [0.5090974800661493, 0.20202962794408463, 0.2888695322345059, 3.3597552600641538e-06, 1.6575115199371606e-19, 1.9231542002193856e-41], "means": [[-2.0849566652217786, -0.5235419082947701, 0.05492165956040577, -0.1902856337658229, 0.038101625734884, -0.05278288969846155, -0.020612118361791297, -0.003460777683966677], [2.07347819657964, -2.0555202216344446, -0.061428193991788844, 0.2577588115380518, -0.20915537542296567, 0.1941174918446406, 0.03267861850721891, 0.07858774009202713], [2.224313546400684, 2.360227902534994, -0.05381558225913853, 0.15508466860917025, 0.07912985576854399, -0.04273796510104481, 0.013472689168521906, -0.04886404963870943], [1.7090574426979435, 3.5483709984920395, -1.333797060704848, -0.0642395737192409, -0.018867591275171288, -0.04539953361116619, -0.09555457285330761, 0.04657137902456959], [1.7314153966052452, 3.51596288854464, -1.452279924683669, -0.04548846350297202, 0.0013844842602306416, -0.07363370982366511, -0.1677060135826804, 0.08469685472934091], [1.7673538028559816, 3.490271881018208, -1.458303582526672, -0.027802525230251392, 0.038563519458549474, -0.08646877020421595, -0.20134923552365275, 0.11433449343961605]], "cov": [[[0.019695620458321326, -0.009613623698300378, 0.006904519481721525, -0.059841320456486, 0.019772770403966418, -0.015942483059976528, -0.007972981587090715, 0.004347783928710501], [-0.009613623698300378, 0.0317004010245595, -0.0166177706146302, 0.05952866163179214, -0.036798308533542656, 0.005790702562338385, -0.019360131079630267, -0.00452169155762962], [0.006904519481721525, -0.0166177706146302, 0.019428005846096424, -0.08377692361479117, 0.03179717493180746, -0.008843066404437362, 0.016133110832361332, -0.006548143305475758], [-0.059841320456486, 0.05952866163179214, -0.08377692361479117, 0.4739626154465185, -0.15244962863614872, 0.07495209644937577, -0.020937262144749225, 0.030608413558384284], [0.019772770403966418, -0.036798308533542656, 0.03179717493180746, -0.15244962863614872, 0.07137224685449062, -0.013418445499261796, 0.010355265756384511, -0.014341595085781747], [-0.015942483059976528, 0.005790702562338385, -0.008843066404437362, 0.07495209644937577, -0.013418445499261796, 0.030468200296899048, -0.004355114258387567, -0.01201225287466637], [-0.007972981587090715, -0.019360131079630267, 0.016133110832361332, -0.020937262144749225, 0.010355265756384511, -0.004355114258387567, 0.05029261195129023, 0.009766888929551352], [0.004347783928710501, -0.00452169155762962, -0.006548143305475758, 0.030608413558384284, -0.014341595085781747, -0.01201225287466637, 0.009766888929551352, 0.024739855937811507]], [[9.089260447337827, -3.086225287421427, 0.08147399133020622, -2.3202033692951933, -0.11054742128078827, -0.39979439315607146, -0.16169248848492537, 0.08082347462442298], [-3.086225287421427, 1.183143132613603, -0.018226655257171626, 0.749125088003391, 0.00759712273966377, 0.16430457655825875, 0.014651071720794976, -0.08042093055222163], [0.08147399133020622, -0.018226655257171626, 0.02298194416227617, -0.07232164014863261, 0.024965305791263923, 0.031256331801681185, -0.00905504610735016, 0.011522293141969649], [-2.3202033692951933, 0.749125088003391, -0.07232164014863261, 1.0790399072326697, 0.04903784251706192, -0.17426194416953766, 0.1280976828529506, -0.023306682742145587], [-0.11054742128078827, 0.00759712273966377, 0.024965305791263923, 0.04903784251706192, 0.4255563246333187, 0.05856360256612699, -0.09300342791830449, 0.09710461118850336], [-0.39979439315607146, 0.16430457655825875, 0.031256331801681185, -0.17426194416953766, 0.05856360256612699, 0.28544650586701453, -0.09074348078782653, 0.012760044313947096], [-0.16169248848492537, 0.014651071720794976, -0.00905504610735016, 0.1280976828529506, -0.09300342791830449, -0.09074348078782653, 0.08429248645130416, -0.005356829910983092], [0.08082347462442298, -0.08042093055222163, 0.011522293141969649, -0.023306682742145587, 0.09710461118850336, 0.012760044313947096, -0.005356829910983092, 0.1464443308827756]], [[0.8709403072363556, -2.0175031922791833, 0.3414678117097882, 0.31022119595026576, 0.30976752010416675, -0.07268073962110408, -0.025957435045039213, -0.08218168797662996], [-2.0175031922791833, 6.406634528305953, 0.13147201924701013, -0.7998885433453233, -0.3927474587864996, 0.20611626042837855, 0.020038700306522956, 0.28932607273749483], [0.3414678117097882, 0.13147201924701013, 3.9085365718885035, 0.2360638323202717, -0.08191369602168305, 0.0048729796485281205, -0.017976904247553528, 0.004564041578703991], [0.31022119595026576, -0.7998885433453233, 0.2360638323202717, 0.4053101320414336, 0.2725883836395626, -0.05628530015994316, -0.0675818272126646, -0.04539326482268502], [0.30976752010416675, -0.3927474587864996, -0.08191369602168305, 0.2725883836395626, 0.547811390792732, 0.018010861748288347, 0.05189171265862204, -0.027043109462889837], [-0.07268073962110408, 0.20611626042837855, 0.0048729796485281205, -0.05628530015994316, 0.018010861748288347, 0.07399879179580551, 0.06536045033802049, -0.000833124286406446], [-0.025957435045039213, 0.020038700306522956, -0.017976904247553528, -0.0675818272126646, 0.05189171265862204, 0.06536045033802049, 0.1696355482042626, -0.01472934945244425], [-0.08218168797662996, 0.28932607273749483, 0.004564041578703991, -0.04539326482268502, -0.027043109462889837, -0.000833124286406446, -0.01472934945244425, 0.08336050807754346]], [[0.07466030911468055, -0.05486981953856181, 0.045583950039581794, 0.0282057002743313, 0.1004207100245866, 0.0014874796712575273, 0.0018486606324007492, 0.03483092764622162], [-0.05486981953856181, 0.08779768731867393, 0.06278684146374068, -0.025729780955255136, -0.09555217011069206, -0.008875187379235988, -0.006284851942502886, -0.016482233664527172], [0.045583950039581794, 0.06278684146374068, 0.6747381765460103, 0.012045985536641384, -0.06036285879754684, -0.023147737703306064, -0.02022938391902227, 0.009954192409782524], [0.0282057002743313, -0.025729780955255136, 0.012045985536641384, 0.057642418738742096, -0.0035889438403167674, -0.017718551449692622, -0.05630890830870886, 0.023320300512317624], [0.1004207100245866, -0.09555217011069206, -0.06036285879754684, -0.0035889438403167674, 0.2590098159006638, 0.07017124813702806, 0.11380718562531371, 0.011964814822740625], [0.0014874796712575273, -0.008875187379235988, -0.023147737703306064, -0.017718551449692622, 0.07017124813702806, 0.049751031267512, 0.0795372109443151, -0.029455039704795134], [0.0018486606324007492, -0.006284851942502886, -0.02022938391902227, -0.05630890830870886, 0.11380718562531371, 0.0795372109443151, 0.17266290532038953, -0.05044654931823146], [0.03483092764622162, -0.016482233664527172, 0.009954192409782524, 0.023320300512317624, 0.011964814822740625, -0.029455039704795134, -0.05044654931823146, 0.03998029211966]], [[0.084409947648243, -0.06466274203499081, -0.005382956505283875, 0.035955475296465145, 0.12528073380631885, 0.001642348048024285, -0.006531871366664969, 0.04570164478594744], [-0.06466274203499081, 0.06817118178887593, 0.03190150006045844, -0.02795153680720658, -0.11724869155951981, -0.013098773231548075, -0.00861895382731462, -0.027104292651627893], [-0.005382956505283875, 0.03190150006045844, 0.09509825064897842, -0.001744823046096925, -0.06021468805874045, -0.031332162786304615, -0.03703575911488297, 0.014033620334481047], [0.035955475296465145, -0.02795153680720658, -0.001744823046096925, 0.05226982983946256, 0.017086501272159126, -0.014889947703944969, -0.045422552002845396, 0.02832950504238682], [0.12528073380631885, -0.11724869155951981, -0.06021468805874045, 0.017086501272159126, 0.29784038537083773, 0.07052518070776558, 0.09069471077135306, 0.028464681138917314], [0.001642348048024285, -0.013098773231548075, -0.031332162786304615, -0.014889947703944969, 0.07052518070776558, 0.046449879566594576, 0.06546063118093366, -0.026463321384269885], [-0.006531871366664969, -0.00861895382731462, -0.03703575911488297, -0.045422552002845396, 0.09069471077135306, 