{"weights": [0.17114093951193185, 0.16778523518218297, 0.2807555552730101, 0.14541819813153395, 0.15436315895640798, 0.08053691294493286], "means": [[3.7977287396924604, 0.44221387308244814, -0.39905712537214655, 0.1428907704756174, -0.021254154454462066, 0.015520329262252497, 0.10906824682365701, 0.0010004997339881064], [-0.7249016903236227, 1.4824243474848988, 1.0289604953887197, -0.010515069090166092, 0.004876341088056948, 0.005486588392454009, -0.006618000876814983, -0.01798160752236048], [-3.880120846280315, -0.42847812515516454, 0.09781681914181613, 0.0038499514485291933, 0.03299862613126419, 0.0024480498315372543, 0.00855424505118356, 0.003630496545312906], [1.1191063325336734, 0.5379534774940176, -0.534440287714476, 0.01053587108382632, 0.04526549697260986, -0.01346644099900124, -0.050324831693951834, 0.004707317307968105], [-2.7144587750405433, -0.04576969569517784, -0.2070031696539473, -0.10126361523669597, -0.09076981401532852, 0.011487423750901563, -0.013801021890186635, -0.013266800425850985], [6.87289154139862, -0.6563316963318245, 0.29831648296811, -0.03535711855524301, -0.005964449852604323, 0.003018450720983562, -0.012807489839700021, -0.001295331000278773]], "cov": [[[0.14203408060447004, -0.019000864697813338, 0.022679004306492813, -0.0037711825903706986, -0.005707391589042562, -0.00039991129364774027, 0.004994502485631116, 0.0030152135512196577], [-0.019000864697813338, 0.003429705055631122, -0.0016855911342906276, -0.000581018522352787, 0.0009727188488682101, -0.00012912553344920262, -0.0008468422205573612, -0.0003538658095496935], [0.022679004306492813, -0.0016855911342906278, 0.006464269585421874, -0.002916854919281941, -0.00056359998820214, -0.00024357117449577996, -7.069437518925079e-05, 0.0007946610215460448], [-0.0037711825903706986, -0.000581018522352787, -0.002916854919281941, 0.002677866907154182, -0.0008442155561379945, 0.00012998755706085223, 0.0006990591900646372, -0.00014127564680358544], [-0.005707391589042562, 0.0009727188488682101, -0.0005635999882021399, -0.0008442155561379945, 0.002014288365938986, 0.0003600308920399696, -0.0003480815482289699, -0.0004429242188604313], [-0.0003999112936477402, -0.00012912553344920262, -0.00024357117449578, 0.00012998755706085225, 0.0003600308920399697, 0.001404227984076902, -7.906897028798376e-05, -1.8860508474606413e-05], [0.004994502485631116, -0.0008468422205573612, -7.069437518925072e-05, 0.0006990591900646372, -0.0003480815482289699, -7.906897028798378e-05, 0.0007085960567124188, -6.533300183225682e-05], [0.0030152135512196573, -0.0003538658095496935, 0.0007946610215460448, -0.00014127564680358544, -0.0004429242188604313, -1.8860508474606447e-05, -6.533300183225682e-05, 0.0007514952681357056]], [[0.35697858240643165, 0.024478425053387026, -0.07233433537275656, 0.010258240035430004, 0.053169822882309134, 0.005387140082589333, 0.01629605247653256, -0.015365908022841891], [0.02447842505338703, 0.002484631921716451, -0.004188272270607059, 0.0005670909817434687, 0.0038463961731100746, 0.00029827095041151793, 0.0013249408647056217, -0.0013977628845677089], [-0.07233433537275656, -0.004188272270607059, 0.015663201485055008, -0.002080871081237208, -0.010808638577502671, -0.0008003563917279606, -0.0032290391194143295, 0.0029224446930317706], [0.010258240035430006, 0.0005670909817434687, -0.002080871081237208, 0.0009134108503423653, 0.0007306829537118334, -4.473371473340375e-06, 0.00040309004517350355, -0.0002897462265675701], [0.053169822882309134, 0.0038463961731100746, -0.010808638577502671, 0.0007306829537118336, 0.010124736667280814, 0.0018749226676986139, 0.002431658282327031, -0.0037318703624809714], [0.005387140082589333, 0.00029827095041151793, -0.0008003563917279608, -4.473371473340376e-06, 0.001874922667698614, 0.004963581520263179, -0.0005648798889535501, 0.0002739064479517395], [0.016296052476532562, 0.0013249408647056217, -0.00322903911941433, 0.0004030900451735035, 0.0024316582823270313, -0.00056487988895355, 0.0009808522197900234, -0.0010297917953805834], [-0.015365908022841894, -0.0013977628845677089, 0.002922444693031771, -0.0002897462265675701, -0.0037318703624809714, 0.0002739064479517395, -0.0010297917953805834, 0.0033919552885363904]], [[0.05247077489822524, 0.022554440962653317, -0.018901199366106524, -0.04805632451266817, -0.009661400844499644, 0.002221375265760822, 0.0013573924169636368, -0.0003341973596552329], [0.02255444096265332, 0.012031576080878697, -0.006666843322762576, -0.022345309355294253, -0.0029473219896011785, 0.00070934762175723, 0.001822053737443747, 0.00017493176109819176], [-0.018901199366106524, -0.006666843322762574, 0.00853977099699378, 0.019804631406035243, 0.002406353432191993, -0.0005243773237121835, -0.00022887318883677715, 0.0001969192201935699], [-0.048056324512668176, -0.022345309355294253, 0.019804631406035243, 0.06909742934147384, -0.0011920973995222395, 0.00039608385140289684, -0.004111057579463899, 0.0003291741088806073], [-0.009661400844499644, -0.002947321989601178, 0.002406353432191993, -0.0011920973995222391, 0.016266346621167216, 0.00018257792052170548, 0.0018687794523018844, -0.0008887382935197826], [0.002221375265760822, 0.0007093476217572299, -0.0005243773237121834, 0.0003960838514028971, 0.0001825779205217052, 0.005400459693113226, -0.0006722932221945577, -0.0005487389936558567], [0.0013573924169636368, 0.001822053737443747, -0.00022887318883677718, -0.004111057579463898, 0.0018687794523018846, -0.0006722932221945577, 0.0011813580642777953, -0.0001366708990953793], [-0.000334197359655233, 0.00017493176109819212, 0.00019691922019356994, 0.00032917410888060717, -0.0008887382935197826, -0.0005487389936558568, -0.00013667089909537926, 0.0037263198983826327]], [[0.5614536496593184, 0.0002695300352661118, 0.04173698905526393, 0.046978309830895196, -0.007061926679553068, -0.006748969408118007, -0.028293338276154965, -0.014914710164327787], [0.0002695300352661118, 0.001353653215395355, 0.0006991413638867294, 0.00034707814866341796, -0.0015657010683227878, -2.3004738596384278e-05, 0.00048422432525380843, 0.00023487460678587614], [0.04173698905526393, 0.0006991413638867295, 0.005181869050602786, 0.003644323519052751, -0.0018689329555058659, -0.0009143078998019552, -0.0030021633810112, -0.0008087454600723207], [0.046978309830895196, 0.00034707814866341796, 0.00364432351905275, 0.006829851945449701, -0.0023569585705695887, -0.0015998765753656888, -0.0021657935869866135, -0.0021830383178278487], [-0.007061926679553069, -0.0015657010683227878, -0.0018689329555058659, -0.0023569585705695882, 0.004056512162118671, 0.000992356507792236, -4.115484434093845e-05, 0.0001924321888143462], [-0.006748969408118008, -2.3004738596384254e-05, -0.0009143078998019552, -0.0015998765753656888, 0.000992356507792236, 0.002833072624184948, 0.00034438066239511107, 0.0003746013807979283], [-0.028293338276154968, 0.0004842243252538085, -0.0030021633810111996, -0.002165793586986614, -4.1154844340938433e-05, 0.000344380662395111, 0.002757331082144326, 0.0005652240300534638], [-0.014914710164327789, 0.00023487460678587606, -0.0008087454600723209, -0.0021830383178278487, 0.00019243218881434632, 0.00037460138079792836, 0.0005652240300534638, 0.0021846019363952686]], [[0.03266509667021895, 0.009866152496040823, -0.006610149784621906, 0.003513539515028003, -0.0017365282677960093, 0.0031266519286737124, -0.0002193803980727884, -0.00010407214308601881], [0.00986615249604082, 0.003460688462973345, -0.0016300226701263286, 0.0008479814919588384, -0.0011194011589340486, 0.0003749931081384303, 0.0002211725175076343, -0.00011878959686546442], [-0.006610149784621905, -0.0016300226701263286, 0.002212269865786321, -0.0009755105424563811, 0.0001023752429677498, -0.0006044776077880817, -0.0003070445609045892, 1.8655713977733492e-06], [0.003513539515028003, 0.0008479814919588386, -0.0009755105424563811, 0.0018662595485172545, -0.0011605290538983554, 0.0002968393807471329, 0.00020770088577309773, -0.0011939718922711164], [-0.001736528267796009, -0.0011194011589340486, 