{"accuracy_init": 0.692307710647583, "accuracy_final_MAP": 0.3504273593425751, "accuracy_final_mean": 0.3504273593425751}