{"accuracy_init": 0.7905982732772827, "accuracy_final_MAP": 0.9102563858032227, "accuracy_final_mean": 0.9102563858032227}