{"weights": [0.1722207787068675, 0.16039707496910358, 0.29477885497455897, 0.11050673138359438, 0.10571385020474426, 0.15638270976113133], "means": [[3.6756707638312234, 0.46503193026560724, -0.3969172445291521, 0.14043396999131455, -0.028787416254825848, -0.08540310902272114, 0.06122379859526334, -0.016936900836560947], [0.9203331479312222, 0.5534161572267544, -0.5385311592801093, -0.010027336150333604, 0.05361634755825991, 0.033618831053638075, -0.01523711362448999, 0.013779525810534566], [-3.9193218323257466, -0.4427004880426264, 0.09352297243815372, 0.009512752947003078, 0.03157435238066244, -0.003993388419945519, 0.010640262025847079, 0.002030359585665602], [-2.7179210057519843, -0.03496529326430401, -0.1962942930063935, -0.091244403813299, -0.10026563531158943, -0.004643527671663043, -0.02149530436633231, -0.009286899125555236], [-0.7019818573070095, 1.4401331823731418, 1.0572501215585153, -0.01464711508662177, 0.008269264654400957, -0.007589309140234347, -0.012017623053157492, 0.013675595222801883], [6.851838539619818, -0.6543750852309429, 0.2899362894533356, -0.03639972214139975, -0.0020428930109096027, 0.00874035184654116, -0.008655617989840315, 0.001831462272609873]], "cov": [[[0.16889217080983113, -0.01935497969031052, 0.030689333087523443, -0.008567041834428638, -0.005928792938960677, 0.00046352073418015914, 0.009360507057454366, 0.0005075746076757507], [-0.01935497969031052, 0.003304774826320511, -0.0016866500739158104, -0.0004546260866277966, 0.0015268329414179114, 0.00018047604290850915, -0.0012670048482527672, -0.0002048274140787942], [0.030689333087523443, -0.00168665007391581, 0.009290034681977928, -0.004264060649405971, -5.659749656292094e-05, 0.0007151916826917715, 0.0010181610925760398, 4.7160284625066565e-06], [-0.008567041834428638, -0.0004546260866277965, -0.004264060649405971, 0.0033225506979970877, -0.0014487317662701172, -0.0006180396284926471, 0.00012239658434387048, 0.0005890874985224244], [-0.005928792938960677, 0.0015268329414179114, -5.659749656292109e-05, -0.0014487317662701172, 0.0030606978352379095, -0.00013819033959633486, -0.0006009368129509374, -0.0011467604059902704], [0.00046352073418015925, 0.00018047604290850918, 0.0007151916826917715, -0.0006180396284926471, -0.00013819033959633483, 0.0011031053832025912, 0.0002511108085819902, -0.0004686292798982963], [0.009360507057454366, -0.0012670048482527672, 0.0010181610925760398, 0.0001223965843438704, -0.0006009368129509374, 0.0002511108085819902, 0.0010424164504811684, -3.9314835445288975e-05], [0.0005075746076757507, -0.00020482741407879413, 4.7160284625066175e-06, 0.0005890874985224244, -0.0011467604059902704, -0.0004686292798982963, -3.9314835445289e-05, 0.0010580740421158319]], [[0.344635758066711, 0.003957726287055566, 0.03182643213451601, 0.03152076195797961, -0.014580053642553267, 0.022846297670359738, -0.011507703578541676, -0.0028690195846157248], [0.003957726287055565, 0.0013932196554631109, 0.0008537197409440843, 7.989489773977193e-05, -0.0014315243053154366, -0.0010718079530017588, -0.00015556631526287423, 7.706663931232912e-05], [0.03182643213451601, 0.0008537197409440844, 0.005045001620116552, 0.003280748664640217, -0.002304924679395367, 0.003039130322898341, -0.0016568818837421416, 7.209886714370494e-05], [0.03152076195797961, 7.989489773977201e-05, 0.003280748664640217, 0.005178117766139261, -0.0024929567521601585, 0.002910412423401499, -0.001500236871285792, -0.0008134308077391121], [-0.014580053642553265, -0.0014315243053154366, -0.002304924679395367, -0.002492956752160158, 0.00409617680157413, -0.000369200865941583, 0.0003091263333607735, 0.0005217015968143508], [0.022846297670359738, -0.0010718079530017588, 0.003039130322898341, 0.002910412423401499, -0.0003692008659415829, 0.005468157659404257, 0.00027279787952444, -0.00044036285348717814], [-0.011507703578541676, -0.00015556631526287426, -0.0016568818837421416, -0.001500236871285792, 0.0003091263333607735, 0.0002727978795244399, 0.0023631146815941487, -2.1485874591742115e-05], [-0.0028690195846157248, 7.706663931232909e-05, 7.209886714370504e-05, -0.0008134308077391119, 0.0005217015968143508, -0.00044036285348717804, -2.1485874591742122e-05, 0.0014858291581507802]], [[0.04262762380202729, 0.01754822242201344, -0.015145433311295376, -0.036474084869399924, -0.007856542762203015, -0.0011775027362662866, 0.00021579674969353238, 0.0005222451103625381], [0.01754822242201344, 0.009002481016715235, -0.005030977894080346, -0.015433736001697378, -0.0026575178091638118, -0.0007875393460382907, 0.0012083786723168166, 0.00044763282427371753], [-0.015145433311295375, -0.005030977894080346, 0.0068511151473917824, 0.015373597125706103, 0.0013663857791773642, 0.0003682413376712977, 0.0003428762585691012, 0.00034067032716232545], [-0.036474084869399924, -0.015433736001697378, 0.015373597125706106, 0.050593042617004355, -0.002290633046963152, 0.0012951838769067578, -0.0017385191831690641, 0.0011669720986620584], [-0.007856542762203015, -0.002657517809163812, 0.0013663857791773645, -0.002290633046963152, 0.014173664709162861, -0.00042971918485708153, 0.001193531680748029, -0.001563007183020615], [-0.0011775027362662864, -0.0007875393460382907, 0.0003682413376712976, 0.0012951838769067578, -0.0004297191848570816, 0.001943864945699448, 0.0011613785155459605, -0.00031846684012836184], [0.00021579674969353233, 0.0012083786723168166, 0.0003428762585691011, -0.0017385191831690641, 0.001193531680748029, 0.0011613785155459605, 0.002263724949257176, 0.0002873391258203589], [0.0005222451103625382, 0.00044763282427371764, 0.00034067032716232545, 0.0011669720986620584, -0.0015630071830206153, -0.00031846684012836195, 0.000287339125820359, 0.003698999358386034]], [[0.030699030708464428, 0.009590834595583974, -0.006309922878686979, 0.0043834994715377645, -0.002635892254745691, -0.001962729656927213, -0.0012591457408846513, -0.003400202316513758], [0.009590834595583974, 0.0033589445636640846, -0.0016650452544874038, 0.0012418973038205812, -0.001460841969214318, -0.0001592753682958902, 0.0002081286967895706, -0.0009675354413272749], [-0.006309922878686978, -0.0016650452544874038, 0.002368661104345496, -0.001405433354929403, 0.00032293902756224644, 0.000922797798385334, 4.09484312239849e-05, 0.0010351636138328786], [0.004383499471537764, 0.0012418973038205812, -0.0014054333549294027, 0.0014010326883337125, -0.0007789647069042572, -0.0004563863075232649, -6.0973800201957824e-05, -0.0012072312270426943], [-0.002635892254745691, -0.0014608419692143178, 0.00032293902756224644, -0.0007789647069042573, 0.002903610397535524, -0.0013518734466225364, -0.0020323735391174877, 0.0009332248764064053], [-0.001962729656927213, -0.00015927536829589019, 0.000922797798385334, -0.0004563863075232649, -0.0013518734466225364, 0.0018545060520089194, 0.0018720299308219756, 0.0001734087712684826], [-0.0012591457408846513, 0.00020812869678957056, 4.0948431223984846e-05, -6.0973800201957865e-05, -0.0020323735391174873, 0.0018720299308219756, 0.003001788801757678, 0.0002467961703773509], [-0.003400202316513758, -0.0009675354413272747, 0.0010351636138328786, -0.0012072312270426946, 0.0009332248764064053, 0.00017340877126848254, 0.00024679617037735087, 0.0028666426024687493]], [[0.30788878124674, 0.020318337638637426, -0.059124601732841384, 0.015874408921997502, 0.030901345668267837, -0.013515820252663431, 0.0009275679385506918, -0.005230412334824712], [0.020318337638637423, 0.0016329343887531852, -0.003475923573422524, 0.0011441526538125107, 0.0020240964835051877, -0.00044277419617899476, 0.0002658015795713408, -0.0010029813183336114], [-0.05912460173284138, -0.003475923573422524, 0.01210862338193929, -0.0028644094619869587, -0.006023943118871186, 0.0029748652220245447, -0.00011499493612173871, 7.774424991441413e-05], [0.0158744089219975, 0.0011441526538125107, -0.0028644094619869587, 0.0015815145974728546, 0.0007720024066417915, -0.00042234943232768795, 0.00015954672523742875, -0.0009341694812800434], [0.030901345668267834, 0.0020240964835051877, 