{"accuracy_init": 0.7751677632331848, "accuracy_final_MAP": 0.9530201554298401, "accuracy_final_mean": 0.9798657894134521}