,X,Y,Z,id,nugget
0,100.0,0.0,-793.0000000000001,46185791,1e-05
1,300.0,0.0,-797.251054299966,46185791,1e-05
2,900.0,0.0,-793.0000000000001,46185791,1e-05
3,100.0,0.0,-824.0000000000001,73837044,1e-05
4,300.0,0.0,-817.421164059228,73837044,1e-05
5,900.0,0.0,-824.0000000000001,73837044,1e-05
6,100.0,0.0,-847.0000000000001,46290056,1e-05
7,300.0,0.0,-839.1603203703976,46290056,1e-05
8,900.0,0.0,-847.0000000000001,46290056,1e-05
