{"weights": [0.0507532800603915, 0.12066797312356403, 0.311428452722596, 0.2822509631872457, 0.1476534094015497, 0.08724592150465293], "means": [[3.815772887653393, 0.4330583346463434, -0.3957923160715091, 0.14174239353177456, -0.03347084133265932, 0.014405008206988663, 0.10252773157915442, 0.00468199211106545], [-0.6587680846189022, 1.4842803902379904, 1.0115497342249706, -0.008527998540611365, 0.007549170681036925, 0.003536457307812264, -0.0038578498287576203, -0.004632169918237071], [-3.914327953435246, -0.44490553214132056, 0.10402505504668898, 0.026724391146802057, 0.02331283332655453, 0.00028855149509961415, 0.00834174524089917, 0.004725167414353989], [1.150429107256672, 0.5384885795292923, -0.5435245669699043, 0.008552730125031143, 0.047917642609305935, -0.011493806390375222, -0.044714686940067264, 0.003383913228793209], [-2.712487292130563, -0.037202325734296195, -0.19907599309250126, -0.09944906655285163, -0.10044464163409339, 0.006302283772918488, -0.008786235075459167, -0.01978258951319684], [6.8703380929621884, -0.6491152888621589, 0.30591776043218877, -0.04193877670158617, -0.002113378947461014, -0.00031524722341509556, -0.012491346360950216, -0.0011802763150510396]], "cov": [[[0.20525510777566672, -0.027442011996500388, 0.03282492433277409, -0.005480174093572926, -0.008263432102607132, -0.0005858415535569684, 0.007196807879256025, 0.004369053945347213], [-0.027442011996500384, 0.004794673121218428, -0.0026480354198624998, -0.000677185907841545, 0.0013906400013345857, -0.00013995102796754617, -0.0012114039479739843, -0.0005487548009661041], [0.03282492433277409, -0.0026480354198625, 0.00888626659360488, -0.003904653609775927, -0.0008296737934520687, -0.0003050708344718968, 4.229305587057172e-05, 0.001086611884894826], [-0.005480174093572925, -0.0006771859078415451, -0.003904653609775926, 0.003438281143568209, -0.0010626301643454298, 0.00018272841921144505, 0.0008913661449156424, -0.00021108277344008064], [-0.008263432102607132, 0.0013906400013345861, -0.0008296737934520689, -0.0010626301643454296, 0.0024736245100009406, 0.0004048346274646369, -0.0004951691989674261, -0.0005506397300447622], [-0.0005858415535569684, -0.00013995102796754617, -0.0003050708344718968, 0.00018272841921144505, 0.00040483462746463675, 0.0017063675590050609, -9.740983462158176e-05, -1.9761053503650606e-05], [0.007196807879256025, -0.0012114039479739845, 4.2293055870571736e-05, 0.0008913661449156424, -0.0004951691989674261, -9.74098346215817e-05, 0.0009133943543651219, -8.717453862976941e-05], [0.004369053945347212, -0.0005487548009661041, 0.0010866118848948257, -0.00021108277344008059, -0.0005506397300447622, -1.9761053503650643e-05, -8.717453862976941e-05, 0.0009306219762207501]], [[0.3054739272567361, 0.020976501560103115, -0.06184497106216158, 0.00880773803086244, 0.045433059735975834, 0.004592462536617585, 0.013945322700597113, -0.013123225079581002], [0.02097650156010311, 0.002397716651199577, -0.00333226564742567, 0.0004093292997115, 0.0033046315763287483, 0.00023901950141374235, 0.0012032916494296691, -0.0011654090053214935], [-0.06184497106216159, -0.00333226564742567, 0.013720337361126851, -0.0017747034658964825, -0.009278720332991784, -0.0006266114975731021, -0.002742317213667842, 0.002491606401467439], [0.00880773803086244, 0.0004093292997115, -0.0017747034658964825, 0.0010780799377757863, 0.0003660230729143723, 2.7201046218111995e-05, 0.0003075470974569899, -0.00043034890892726705], [0.04543305973597584, 0.0033046315763287488, -0.009278720332991782, 0.00036602307291437234, 0.009069734976768861, 0.001752624274582876, 0.0020692620574967405, -0.0032033228850633392], [0.004592462536617585, 0.00023901950141374235, -0.000626611497573102, 2.7201046218111975e-05, 0.0017526242745828761, 0.005095433261415882, -0.0006204506210866045, 0.00023032048822936674], [0.013945322700597113, 0.0012032916494296693, -0.002742317213667842, 0.00030754709745699, 0.0020692620574967405, -0.0006204506210866045, 0.0008949141756475838, -0.0008928650663877273], [-0.013123225079581002, -0.0011654090053214933, 0.002491606401467439, -0.000430348908927267, -0.0032033228850633392, 0.0002303204882293668, -0.0008928650663877272, 0.003393943342362425]], [[0.04959328080786088, 0.021362123733603057, -0.017951482845481787, -0.04636609303350183, -0.009402579240702301, 0.0016909247685482247, 0.0013555316221447746, -0.0002528063718251301], [0.021362123733603054, 0.011197293827165394, -0.006510806364234175, -0.02152681255123737, -0.002932566469065881, 0.0005234090427044606, 0.0016571472444742374, 0.0002739329121420382], [-0.017951482845481787, -0.006510806364234175, 0.007979363796687202, 0.01896875672809542, 0.0023359307534119296, -0.00043949360714188093, -0.00031699705001610645, 0.0002662265285618108], [-0.04636609303350182, -0.02152681255123737, 0.01896875672809542, 0.0654155101749382, -0.0012770423683511434, -4.470793856583986e-05, -0.0038681652969084082, 0.0003846261931979928], [-0.009402579240702301, -0.0029325664690658805, 0.0023359307534119296, -0.0012770423683511425, 0.01443100530601962, -0.0003519735447666408, 0.0017286275442206075, -0.0007144222849603541], [0.0016909247685482247, 0.0005234090427044609, -0.0004394936071418809, -4.47079385658398e-05, -0.0003519735447666407, 0.004201057797805408, -0.0005692919179919037, -0.00019362485014646523], [0.0013555316221447746, 0.0016571472444742372, -0.00031699705001610645, -0.003868165296908409, 0.0017286275442206078, -0.0005692919179919038, 0.001060009799917259, -0.0001017876533525342], [-0.00025280637182513015, 0.0002739329121420381, 0.0002662265285618108, 0.0003846261931979928, -0.0007144222849603541, -0.00019362485014646547, -0.00010178765335253423, 0.003186915199149246]], [[0.4467707039633698, 0.0002379755780865053, 0.03314295669679127, 0.03733565634362241, -0.005602381175993385, -0.005317299727539399, -0.022443724928068984, -0.011849288292860208], [0.00023797557808650537, 0.001372523651731868, 0.00044847466239491494, 0.00026569413258405525, -0.0015879638408735353, 0.0002288718258803607, 0.0007196577189097059, 0.00015934652946432868], [0.03314295669679127, 0.0004484746623949149, 0.004645705017854212, 0.0028959697610148167, -0.0015168689941093192, -0.0010859307580486548, -0.002847917713256082, -0.0006847289302003351], [0.03733565634362241, 0.0002656941325840553, 0.0028959697610148162, 0.0058963662517243, -0.0021278641799284716, -0.0012552962584087175, -0.0017627057165295957, -0.0018122529519206466], [-0.005602381175993385, -0.0015879638408735353, -0.0015168689941093196, -0.0021278641799284716, 0.003788641226174059, 0.0006710495117529818, -0.0002904393560670485, 0.00016691863673929928], [-0.005317299727539399, 0.00022887182588036058, -0.0010859307580486548, -0.0012552962584087175, 0.0006710495117529817, 0.003377089047149043, 0.0006446375725183568, 0.0001779349530199543], [-0.022443724928068988, 0.0007196577189097059, -0.002847917713256082, -0.001762705716529596, -0.00029043935606704854, 0.0006446375725183568, 0.0028250163797283357, 0.00041876398131211013], [-0.011849288292860208, 0.00015934652946432868, -0.000684728930200335, -0.0018122529519206466, 0.00016691863673929928, 0.00017793495301995433, 0.00041876398131211013, 0.0021874053578077863]], [[0.044507380151808544, 0.013456953292414926, -0.009014168525161733, 0.004868923933778241, -0.00244151024144508, 0.0043021868255725655, -0.00025509531707963967, -0.0003229219849399657], [0.013456953292414926, 0.0045725244972496274, -0.0022927732782012573, 0.0011467452208048842, -0.00114691602070394, 0.0009543913448393359, 0.00015156103858569267, -0.0002322715989242144], [-0.009014168525161733, -0.0022927732782012573, 0.0028225615396330166, -0.0013556668152844868, 0.00030000460069250494, -0.0008523257768110483, -0.00031702715764340283, -6.507623029896929e-05], [0.004868923933778241, 0.001146745220804884, -0.0013556668152844868, 0.0020180928633368425, -0.0011095702289478065, 0.000553011121654907, 5.985639982418596e-05, -0.0005810464010112535], [-0.00244151024144508, -0.00114691602070394, 