,X,Y,Z,id,nugget
0,100.0,0.0,-825.0,8838148,1e-05
1,300.0,0.0,-827.5244820515152,8838148,1e-05
2,900.0,0.0,-825.0,8838148,1e-05
3,100.0,0.0,-844.9999999999999,38653461,1e-05
4,300.0,0.0,-843.1561123401215,38653461,1e-05
5,900.0,0.0,-844.9999999999999,38653461,1e-05
