,X,Y,Z,id,nugget
0,100.0,0.0,-793.0000000000001,99470070,1e-05
1,300.0,0.0,-719.0438137621187,99470070,1e-05
2,900.0,0.0,-793.0000000000001,99470070,1e-05
3,100.0,0.0,-824.0000000000001,98141191,1e-05
4,300.0,0.0,-745.0554962818069,98141191,1e-05
5,900.0,0.0,-824.0000000000001,98141191,1e-05
6,100.0,0.0,-847.0000000000001,15731840,1e-05
7,300.0,0.0,-858.504497803013,15731840,1e-05
8,900.0,0.0,-847.0000000000001,15731840,1e-05
