{"weights": [2.6955027703042173e-10, 0.058607888148649256, 0.7538821946019151, 0.18750991697988548], "means": [[1.6829057818125568, 3.5741198551845006, -1.4491151130364108, -0.10769442143832739, -0.001129312655790576, -0.009219287410219896, 0.00913368354486901, 0.015757628461116408], [2.147712725226013, 3.691761601531204, 3.2677882934535165, 0.23947587950636626, -0.002829120408251204, 0.037763722028684193, 0.062062328336566094, 0.034256063722507], [4.012304752917439, -2.7142183356879617, -0.04634089718507875, 0.0688866241220077, -0.021609848366329596, -0.005581674279969576, -0.013426184689700357, -0.009729990093882077], [-2.110558342376634, -0.5236212219935524, 0.0359892239978683, -0.024395803107922276, 0.010893381112533112, -0.002620900579678739, -0.007755343494961261, -0.005512346772851601]], "cov": [[[0.046908850962766535, -0.02997664953934441, 0.007860794667339929, 0.006828463524423529, 0.07202855645807067, 0.001565599965008865, 0.012649829900077495, 0.024469453305290104], [-0.029976649539344417, 0.0446544660097107, 0.029097130277613244, -0.012358577579741892, -0.06175083787873948, -0.010469519291250059, -0.016361330397191374, -0.00634037251992717], [0.007860794667339929, 0.02909713027761325, 0.11529540506111459, -0.021424877770033275, -0.033361830929480876, -0.0466849401747658, -0.05680891896796634, 0.03697243243936695], [0.006828463524423529, -0.012358577579741894, -0.021424877770033275, 0.0571359661754285, -0.03341917744145851, -0.019631707872089395, -0.07058258503502109, 0.016327763271588858], [0.07202855645807067, -0.06175083787873948, -0.033361830929480876, -0.03341917744145851, 0.21855572585343003, 0.0745119906012184, 0.1515254164023773, -0.008326772535720525], [0.0015655999650088601, -0.010469519291250059, -0.0466849401747658, -0.019631707872089392, 0.0745119906012184, 0.05624376679459399, 0.09928656215294225, -0.034981552910968126], [0.012649829900077495, -0.01636133039719138, -0.05680891896796634, -0.0705825850350211, 0.15152541640237732, 0.09928656215294226, 0.23462235942285067, -0.061239328216239994], [0.024469453305290104, -0.006340372519927167, 0.036972432439366945, 0.016327763271588858, -0.008326772535720527, -0.034981552910968126, -0.061239328216239994, 0.03754058755272072]], [[0.1986566184141974, -0.30474233737373796, -0.13603393357705565, 0.18370201713870854, 0.30211381957749633, 0.035453691468838394, 0.031119206560146134, 0.09520360777731685], [-0.30474233737373796, 0.5152159909829168, 0.08345721073589522, -0.2803166171184528, -0.4630518619613153, -0.05067343482270528, -0.030125889816116146, -0.1317332263734234], [-0.13603393357705565, 0.08345721073589521, 0.6185466798950774, -0.10048329653498639, -0.2842924804681414, -0.04267261331059455, -0.10555248894013297, -0.12690462849791484], [0.18370201713870857, -0.2803166171184528, -0.10048329653498642, 0.21417652174268817, 0.25770605726073254, 0.02999889595757166, 0.0029294177110830593, 0.08936050764725252], [0.3021138195774964, -0.46305186196131537, -0.28429248046814143, 0.2577060572607326, 0.5040362890172654, 0.0677947542778626, 0.07909696312553713, 0.14566258584541142], [0.035453691468838394, -0.05067343482270528, -0.04267261331059455, 0.029998895957571665, 0.0677947542778626, 0.021091450725331543, 0.015637370033533663, 0.008794539742965447], [0.03111920656014613, -0.030125889816116146, -0.10555248894013297, 0.0029294177110830585, 0.07909696312553711, 0.01563737003353366, 0.10741694034252534, 0.02566692054410904], [0.09520360777731686, -0.13173322637342344, -0.12690462849791484, 0.08936050764725254, 0.14566258584541142, 0.008794539742965452, 0.025666920544109042, 0.06289671352597011]], [[0.4427830482328764, 0.11924911434146786, -0.002065034383664014, -0.2573118916246156, -0.10055886801063821, 0.06131874039216896, -0.051319886012241855, -0.12308762071587094], [0.11924911434146786, 0.17064284165114393, 0.010607888138438975, 0.10902528140439763, 0.2904118973490296, -0.005923320160997327, -0.07106865605010022, -0.05945376436447059], [-0.002065034383664015, 0.010607888138438978, 0.010141000156784425, -0.04697063172407403, 0.024517248043747157, 0.04165614361282217, -0.015381957940451036, 0.011545634493242245], [-0.2573118916246156, 0.10902528140439761, -0.04697063172407403, 1.0397046389386597, 0.46773349320196395, -0.40534805238550986, 0.06242220167027767, -0.1231705371445516], [-0.10055886801063824, 0.2904118973490296, 0.02451724804374715, 0.467733493201964, 0.886187761179523, -0.030092287648631436, -0.173669268087958, -0.0018508826965431486], [0.06131874039216895, -0.005923320160997328, 0.04165614361282217, -0.40534805238550986, -0.030092287648631404, 0.31694653124599453, -0.09512087526791639, 0.06577442744371163], [-0.051319886012241855, -0.07106865605010024, -0.015381957940451036, 0.062422201670277656, -0.173669268087958, -0.09512087526791638, 0.08690347177495743, 0.017144045532570467], [-0.12308762071587094, -0.05945376436447059, 0.011545634493242245, -0.1231705371445516, -0.0018508826965431414, 0.06577442744371162, 0.01714404553257047, 0.22166402278644118]], [[0.02529341041542681, -0.01012272799382361, 0.008311205792719895, -0.08428190232752503, 0.025878892911461376, -0.024921824307986697, -0.01264198738048964, 0.0063551000304285345], [-0.010122727993823612, 0.0366593475085665, -0.016725531461345422, 0.05661197497984098, -0.043311860159416134, 0.0012090791004566728, -0.018933024609379775, -0.0031821321483140484], [0.008311205792719894, -0.016725531461345422, 0.021389772266339566, -0.10252862999619095, 0.03491472471118233, -0.014563068967300571, 0.01444769766091629, -0.006730904429509035], [-0.08428190232752503, 0.05661197497984098, -0.10252862999619096, 0.6665776930326601, -0.18151178407075513, 0.1394993002148712, -0.003279020740881601, 0.026447887351325375], [0.025878892911461376, -0.043311860159416134, 0.03491472471118233, -0.1815117840707551, 0.08432077347702116, -0.019000807013134852, 0.006727868471401535, -0.014193677694504673], [-0.024921824307986694, 0.0012090791004566708, -0.014563068967300571, 0.13949930021487117, -0.019000807013134852, 0.05445869973381687, 0.0020628831560390035, -0.01436957214610177], [-0.012641987380489642, -0.018933024609379775, 0.014447697660916291, -0.003279020740881601, 0.006727868471401535, 0.002062883156039008, 0.05140242683682079, 0.008025349144685855], [0.0063551000304285345, -0.003182132148314048, -0.006730904429509035, 0.026447887351325375, -0.014193677694504673, -0.014369572146101768, 0.008025349144685853, 0.025239236293340666]]]}