{"weights": [0.10056945540966719, 0.09372584556219252, 0.3404944799187824, 0.2069006302684788, 0.11058561592302596, 0.14772397291785314], "means": [[3.8589914697781236, 0.42347877874171214, -0.39770466408138255, 0.1506666606095042, -0.04024390445347482, 0.01645399606261219, 0.10749594931307177, 0.005402631225780185], [-0.7026708717474353, 1.4815405037260736, 1.020907952195893, -0.009832371018670794, 0.004579294263624615, 0.004422861385398556, -0.006011482666826982, -0.006288204354145465], [-3.8910885731570137, -0.4342626824604711, 0.09863133609164573, 0.019806332350449242, 0.022373858416638248, -0.0020549504143282287, 0.009873185092696052, 0.0034029068965729732], [1.0681522234133918, 0.5372552736675612, -0.5484524337518624, -0.00011500934098381997, 0.05180592227639641, -0.012056249600988856, -0.04272030099467876, 0.007226441072425048], [-2.6528116971891778, -0.018941347080975522, -0.21264283128633618, -0.09634127470639621, -0.10204657053549472, 0.013956526150713326, -0.009199105802343361, -0.018226001677552013], [6.8699878886374, -0.6447738909034838, 0.3087835733472017, -0.04386410712316373, -0.0017935897924829896, -0.0007915750415408302, -0.010796939034923252, -0.000599589713861248]], "cov": [[[0.17504610964902906, -0.02341141530654126, 0.027963991539513972, -0.004654018211556929, -0.007040642668374125, -0.0005060163280716869, 0.006151572873945386, 0.0037139873235327798], [-0.02341141530654126, 0.004194391490703633, -0.002127890507084712, -0.000676310353428747, 0.0011985823676684984, -0.00013827563815234579, -0.0010336991182233277, -0.0004935688035932793], [0.027963991539513972, -0.0021278905070847114, 0.007847964773533526, -0.0035293499660952396, -0.0006957314054975072, -0.00023345373252845543, -4.901279160498257e-05, 0.0009612735984452692], [-0.0046540182115569284, -0.0006763103534287475, -0.00352934996609524, 0.0031778665653604873, -0.0010108253937041276, 0.0001897935182632019, 0.0008350392786313657, -0.00018677556422862655], [-0.007040642668374125, 0.0011985823676684984, -0.0006957314054975071, -0.0010108253937041276, 0.0023183192637178276, 0.0003041176026496615, -0.00042717206735478616, -0.0005216127027734139], [-0.0005060163280716869, -0.00013827563815234576, -0.00023345373252845549, 0.0001897935182632019, 0.0003041176026496616, 0.0017813783133991793, -0.00012271695331312943, 3.897713203117727e-05], [0.006151572873945386, -0.0010336991182233277, -4.9012791604982517e-05, 0.0008350392786313657, -0.00042717206735478616, -0.00012271695331312946, 0.0008527430026804839, -0.0001289901751031215], [0.0037139873235327793, -0.0004935688035932793, 0.0009612735984452692, -0.00018677556422862652, -0.0005216127027734138, 3.897713203117737e-05, -0.00012899017510312156, 0.0009183868027245729]], [[0.28443686581005434, 0.019507161427892685, -0.05760657368349917, 0.008209255832814028, 0.04227175482034834, 0.004281427877015813, 0.012975516874229678, -0.012171196623502233], [0.019507161427892685, 0.002185127033785798, -0.0031724434496093164, 0.0003552353883376594, 0.003155351188117468, 0.00019983436432467007, 0.0011227224912328656, -0.0011484700484960877], [-0.05760657368349916, -0.003172443449609316, 0.012696365797550834, -0.0016762482267063405, -0.008574657923117263, -0.0005938354965894322, -0.0025624822170913757, 0.002278757506554456], [0.008209255832814028, 0.0003552353883376593, -0.0016762482267063405, 0.0010347338368547506, 0.0002836853420238903, 3.419301255096583e-05, 0.0002732489941494306, -0.0003299297754662552], [0.04227175482034833, 0.0031553511881174676, -0.008574657923117263, 0.00028368534202389, 0.008639167816484513, 0.0016106064793738224, 0.001961967582742931, -0.003230188738782459], [0.004281427877015813, 0.00019983436432467, -0.0005938354965894321, 3.4193012550965844e-05, 0.0016106064793738224, 0.004878876750342105, -0.0006083047787255167, 0.00029599235946317794], [0.012975516874229676, 0.0011227224912328656, -0.0025624822170913757, 0.00027324899414943055, 0.001961967582742931, -0.0006083047787255167, 0.0008451870447615533, -0.0008826976594839261], [-0.012171196623502231, -0.0011484700484960875, 0.002278757506554456, -0.0003299297754662552, -0.003230188738782459, 0.00029599235946317783, -0.0008826976594839261, 0.003522688226209222]], [[0.048979718675627566, 0.020930508609890326, -0.017527680198559888, -0.04369086018961076, -0.010299095992911742, 0.0017463958996156972, 0.0010950121659545455, -0.0002962202046118894], [0.020930508609890323, 0.011297254578907697, -0.006052942647480665, -0.02045236436585355, -0.0030639760219283, 0.0005084202156824336, 0.0017085337646844223, 0.00045863372382594787], [-0.017527680198559888, -0.006052942647480666, 0.007985645153308973, 0.018191115189789216, 0.0024441918809952104, -0.0004355033812155331, -0.00016081276981431478, 0.00041731666310624443], [-0.04369086018961076, -0.020452364365853553, 0.018191115189789216, 0.06454841908606658, -0.002664665142800371, 7.74867059384335e-05, -0.003967311460811787, 0.0003649326710521119], [-0.010299095992911742, -0.0030639760219283003, 0.0024441918809952104, -0.002664665142800371, 0.017009448451935204, -0.0004958379464861387, 0.0021328877979055584, -0.0008900289649707574], [0.0017463958996156972, 0.0005084202156824338, -0.00043550338121553305, 7.748670593843374e-05, -0.000495837946486139, 0.004968932346268081, -0.000703330444185975, -8.737482159520258e-05], [0.0010950121659545455, 0.0017085337646844223, -0.00016081276981431478, -0.003967311460811787, 0.0021328877979055584, -0.000703330444185975, 0.0011921823513135858, -8.195368433661172e-05], [-0.00029622020461188953, 0.00045863372382594787, 0.00041731666310624454, 0.0003649326710521119, -0.0008900289649707574, -8.737482159520252e-05, -8.195368433661174e-05, 0.003798077154819486]], [[0.38357995672937706, 0.00020681164786228234, 0.028426597325432616, 0.03202765563986278, -0.004793160151421531, -0.00454153022505085, -0.019246539025269824, -0.01016389816928108], [0.00020681164786228237, 0.001352491955442958, 0.00041111876693128506, 0.00023324715623981716, -0.0015214731900101862, 0.00027659990995842863, 0.000723699027646944, 0.0001635423015306793], [0.028426597325432616, 0.000411118766931285, 0.004264696669812356, 0.0024607718678474636, -0.0013796101085084146, -0.001031055843818972, -0.0026166183885889174, -0.0005424535884909856], [0.03202765563986278, 0.00023324715623981716, 0.0024607718678474636, 0.005355486895955443, -0.0019496065667790033, -0.001147103325960332, -0.0014913477379535414, -0.001654485770475207], [-0.00479316015142153, -0.0015214731900101862, -0.0013796101085084144, -0.0019496065667790033, 0.0036145185776295663, 0.0005737814929859757, -0.00032679643794379177, 0.00013393666498789578], [-0.00454153022505085, 0.00027659990995842874, -0.001031055843818972, -0.001147103325960332, 0.0005737814929859757, 0.0033402903322371975, 0.0006529201171434678, 0.00015344212332820488], [-0.01924653902526982, 0.0007236990276469439, -0.0026166183885889174, -0.0014913477379535414, -0.0003267964379437917, 0.0006529201171434676, 0.00266643102921876, 0.00032775509874353017], [-0.01016389816928108, 0.00016354230153067925, -0.0005424535884909856, -0.001654485770475207, 0.0001339366649878958, 0.00015344212332820493, 0.00032775509874353017, 0.002106336975493456]], [[0.03271318449721538, 0.00989095789925207, -0.0065972259966562054, 0.003518578790178771, -0.0017386469675377705, 0.0031231738742525804, -0.0002109337827544973, -0.00021087147357845315], [0.009890957899252071, 0.003514604467296081, -0.0015339688492165121, 0.000706987167231845, -0.0009478331662761318, 0.0005742260254546582, 0.0001681931798663672, -0.0002206218906233252], [-0.0065972259966562054, -0.0015339688492165121, 0.0023789789130755747, -0.0011210304187118689, 0.00015348664115932026, -0.0006114948032497308, -0.000338335341327147, -0.0001107680107389982], [0.003518578790178771, 0.0007069871672318451, -0.0011210304187118686, 0.001954709314920608, -0.001097944974798044, 0.00042959724277195937, 6.572801967482547e-05, -0.0005570576371327522], [-0.0017386469675377705, 