,X,Y,Z,id,nugget
0,100.0,0.0,-793.0000000000001,85733626,1e-05
1,300.0,0.0,-719.0870367551823,85733626,1e-05
2,900.0,0.0,-793.0000000000001,85733626,1e-05
3,100.0,0.0,-824.0000000000001,68975006,1e-05
4,300.0,0.0,-743.3957061686721,68975006,1e-05
5,900.0,0.0,-824.0000000000001,68975006,1e-05
6,100.0,0.0,-847.0000000000001,50364396,1e-05
7,300.0,0.0,-857.4644395379994,50364396,1e-05
8,900.0,0.0,-847.0000000000001,50364396,1e-05
