{"weights": [2.0728627200033763e-10, 0.05421351668273646, 0.7524602501032026, 0.1933262330067747], "means": [[1.6830026561762248, 3.573557599514138, -1.4486007663050742, -0.10804079296492843, -0.0005714441245779195, -0.00957770393576503, 0.009147591628377746, 0.016070458845248894], [2.1478916637695784, 3.692142828155824, 3.2673884240705355, 0.23932311545502566, -0.003301629798290508, 0.037744777961862146, 0.061857960447498556, 0.033934896860233134], [4.0121556470967095, -2.714050202137504, -0.04547596579998646, 0.06801173457960852, -0.02094962167464644, -0.005710599278932675, -0.012439322028043202, -0.009480506921050055], [-2.111194008714778, -0.5234377271832361, 0.03689517586553194, -0.02374256559209167, 0.011069680558411408, -0.0029412767294410324, -0.00645206334869829, -0.005345634959126248]], "cov": [[[0.04666107294676613, -0.02982019684445025, 0.007757782498296111, 0.006806861288210932, 0.07168878622923318, 0.0016115614672140876, 0.012688229540225908, 0.02430440504380271], [-0.02982019684445025, 0.044650105922962584, 0.029239536533376798, -0.012233824999251925, -0.061456906846302686, -0.010378182257405917, -0.016322026950595304, -0.006285244128783747], [0.007757782498296108, 0.02923953653337679, 0.11521075139493943, -0.021529884499516278, -0.03333375599386282, -0.04651723242800151, -0.056493153816348, 0.03682126215930563], [0.00680686128821093, -0.012233824999251922, -0.021529884499516275, 0.05722419969193695, -0.03331657162545532, -0.01944389401518407, -0.07041882584457682, 0.01623027142966649], [0.07168878622923316, -0.061456906846302686, -0.03333375599386282, -0.03331657162545532, 0.21777649747242758, 0.07436914316384576, 0.1511491752939436, -0.00841067669280759], [0.0016115614672140874, -0.01037818225740592, -0.04651723242800151, -0.019443894015184066, 0.07436914316384576, 0.05612758852703785, 0.09894080906960516, -0.03486354919171074], [0.012688229540225908, -0.016322026950595293, -0.056493153816348, -0.07041882584457682, 0.1511491752939436, 0.09894080906960516, 0.23391264150753335, -0.06098289582474223], [0.02430440504380271, -0.006285244128783746, 0.03682126215930563, 0.01623027142966649, -0.00841067669280759, -0.03486354919171074, -0.06098289582474223, 0.037349380564677244]], [[0.19862923850067704, -0.3046106197044227, -0.136255598179883, 0.18364693675600802, 0.3020688918903027, 0.03547258436161039, 0.031110541342919695, 0.09520570064829516], [-0.3046106197044227, 0.5147667026854299, 0.08422045250658587, -0.2801698051880526, -0.4629944670619452, -0.05070244480321071, -0.030349511352628922, -0.1317605346146855], [-0.13625559817988298, 0.08422045250658587, 0.6168795206297656, -0.10088575512989732, -0.2843089956038684, -0.04262714165836444, -0.10510330138212437, -0.12681087183433518], [0.183646936756008, -0.2801698051880526, -0.10088575512989732, 0.21410990134694927, 0.2576453513073476, 0.029949764549097042, 0.0025468723217098675, 0.08939026710899851], [0.30206889189030267, -0.46299446706194514, -0.2843089956038684, 0.2576453513073476, 0.5039839063419274, 0.0677790274574074, 0.07934450890937703, 0.14568164904264677], [0.03547258436161038, -0.05070244480321071, -0.04262714165836444, 0.029949764549097042, 0.0677790274574074, 0.021008450176834326, 0.015724585676867527, 0.008846998009435133], [0.031110541342919688, -0.030349511352628908, -0.10510330138212438, 0.0025468723217098566, 0.07934450890937701, 0.015724585676867527, 0.10785288689194153, 0.025538654349402078], [0.09520570064829516, -0.1317605346146855, -0.12681087183433518, 0.08939026710899851, 0.14568164904264677, 0.008846998009435132, 0.02553865434940208, 0.0628095635914758]], [[0.4421404288027547, 0.11916320663511351, -0.0019935785724817653, -0.2571130366638435, -0.10002890668793896, 0.06176159274891471, -0.05145295718797891, -0.12273804959351992], [0.1191632066351135, 0.17065027453341214, 0.010661045305894528, 0.10863426091603642, 0.29045045516091444, -0.005611775719457665, -0.07117655046757095, -0.05934805931532728], [-0.0019935785724817657, 0.010661045305894524, 0.010137396390970905, -0.046956662874393505, 0.024573756523133455, 0.04164579833297, -0.015377916640397116, 0.011533802418998453], [-0.25711303666384344, 0.1086342609160364, -0.046956662874393505, 1.038760893660154, 0.46658776498589155, -0.4048530098642543, 0.06257157831533973, -0.12279891693270886], [-0.10002890668793896, 0.29045045516091444, 0.02457375652313346, 0.46658776498589166, 0.8858812375690319, -0.02967987614290818, -0.1738282260231535, -0.0019727393209528644], [0.06176159274891471, -0.005611775719457668, 0.04164579833297, -0.4048530098642543, -0.029679876142908172, 0.31695790187842793, -0.09514422428519963, 0.0659593771096392], [-0.05145295718797891, -0.07117655046757093, -0.015377916640397116, 0.06257157831533972, -0.1738282260231535, -0.09514422428519963, 0.08699700042011345, 0.017053506440942195], [-0.12273804959351989, -0.05934805931532728, 0.011533802418998453, -0.12279891693270889, -0.001972739320952868, 0.06595937710963921, 0.017053506440942192, 0.2211452154939127]], [[0.025341698566622155, -0.010091087489134629, 0.008252099771804128, -0.08425599386405132, 0.025854449097604294, -0.025018044277270366, -0.012762638810479888, 0.00641676134483191], [-0.010091087489134629, 0.03699015489478837, -0.016820694021128693, 0.05652096946646538, -0.04356466825199461, 0.0009976278778209356, -0.019179755256846877, -0.003185353935373651], [0.00825209977180413, -0.016820694021128693, 0.021420358993643272, -0.10248612657607091, 0.03500815351069449, -0.014467216103759933, 0.014576509085525907, -0.006762325883046032], [-0.08425599386405132, 0.05652096946646538, -0.1024861265760709, 0.666461520910081, -0.1813817144737065, 0.13950592848908322, -0.0032143384290666947, 0.026445995038466986], [0.025854449097604294, -0.04356466825199461, 0.03500815351069449, -0.1813817144737065, 0.0845844047895623, -0.018837983453379756, 0.006983226198735148, -0.01420912187799228], [-0.025018044277270366, 0.0009976278778209338, -0.014467216103759927, 0.13950592848908322, -0.018837983453379753, 0.05460953343570365, 0.0022805588458669874, -0.014408631259912296], [-0.012762638810479888, -0.019179755256846877, 0.014576509085525907, -0.003214338429066696, 0.0069832261987351485, 0.0022805588458669826, 0.051707557531816974, 0.007929481313056753], [0.0064167613448319095, -0.0031853539353736498, -0.006762325883046031, 0.026445995038466986, -0.014209121877992278, -0.014408631259912298, 0.007929481313056755, 0.02529125329036136]]]}