,X,Y,Z,id,nugget
0,100.0,0.0,-825.0,48641302,1e-05
1,300.0,0.0,-694.9822384088968,48641302,1e-05
2,900.0,0.0,-825.0,48641302,1e-05
3,100.0,0.0,-844.9999999999999,12459194,1e-05
4,300.0,0.0,-970.8362483615841,12459194,1e-05
5,900.0,0.0,-844.9999999999999,12459194,1e-05
