{"MAP index": 663, "entropy_prior_gmm": 0.0009597588643864887, "entropy_MAP_gmm": 0.0006835602689534426, "entropy_z_nk_prior": 0.00127887914225473, "entropy_MAP_z_nk": 0.013766353178867903, "entropy_mixing_prior": 88.99072030499339, "entropy_MAP_mixing": 1.6962144634443717}