{"weights": [0.09199268564266168, 0.20901062381060637, 0.313328389379293, 0.1286821052883116, 0.10263852017842337, 0.15434767570070398], "means": [[-3.831262240792854, 0.4261485121986976, 0.40104456645294995], [-1.0410939569054138, 0.5348166484059778, 0.5520450423146416], [3.9093402567201156, -0.44395339524240746, -0.10392326635495214], [2.698069961115996, -0.033704867749953835, 0.20435689056405193], [0.6565560538263715, 1.4730868402307067, -1.0020679992398236], [-6.867056873884738, -0.6646593566564354, -0.29029444546707694]], "cov": [[[0.17612826954733635, 0.023529963506635578, 0.028201225157218384], [0.023529963506635575, 0.0040951285895724256, 0.002375859996853388], [0.028201225157218388, 0.002375859996853388, 0.0074820388834623015]], [[0.39809061052283723, -0.0001727283104677723, 0.02942405297095457], [-0.0001727283104677723, 0.0012369897857536017, -0.0005894896506285735], [0.02942405297095457, -0.0005894896506285735, 0.004535300037468823]], [[0.044121369651781456, -0.018908721166852948, -0.015867129674241212], [-0.01890872116685295, 0.010035937800023677, 0.005650374129208274], [-0.015867129674241216, 0.005650374129208274, 0.007154206539574384]], [[0.04274943949136786, -0.012907924572598732, -0.008656309562326044], [-0.012907924572598732, 0.004416900632558748, 0.002241948713206615], [-0.008656309562326044, 0.0022419487132066145, 0.0026898633197533052]], [[0.19304424855311492, -0.013265456224730882, -0.03906156496497587], [-0.013265456224730882, 0.001700858685923126, 0.0019460837201669282], [-0.03906156496497586, 0.0019460837201669278, 0.00885926298896606]], [[0.0004949775186676048, -0.0006384367789228503, 0.0009346018930445215], [-0.0006384367789228503, 0.009638809905087206, -0.007080206900440557], [0.0009346018930445215, -0.007080206900440557, 0.006074043329816576]]]}