{"weights": [0.17211383809579953, 0.000129927153437195, 0.32865822668854844, 0.25982025661536357, 0.14529295877950102, 0.09398479266735026], "means": [[3.7659968339212955, 0.45590447749667457, -0.37665498051517476, 0.13374835535214544, -0.03533268942128001, -0.082198387012617, 0.06605390289749052, -0.015449696987146867], [1.104975844392616, 0.5559218456666027, -0.5221408227048452, 0.006119029394718183, 0.04586072987129182, 0.04350806447288406, -0.02236528510500349, 0.01208656307663298], [-3.928674242809596, -0.44713365784400744, 0.09831404443767823, 0.030055800349303757, 0.0260656517265351, -0.00471499629981776, 0.007919794709608054, 0.002650276585670743], [-2.680792524519862, -0.02307267618235811, -0.2060856461731953, -0.08394036070741731, -0.10600196286812756, -0.006984093010538153, -0.020233964645621036, -0.013588976931445276], [-0.8146006206708943, 1.4352607571311202, 1.0840985209759895, -0.018225788434209106, -0.0015428831561376524, -0.0015763457745046456, -0.014654124973557288, 0.0005650433817241431], [6.852248242275151, -0.6559014424929088, 0.2895500512547311, -0.03605044703774707, -0.0016811485318715324, 0.008953114770617535, -0.009830317966517944, 0.0016643016330382225]], "cov": [[[0.16520804879490958, -0.01892580706026911, 0.03003868881929937, -0.008387097951596766, -0.00581500234357698, 0.0004597668024939897, 0.00915414732358831, 0.0005046787665082368], [-0.01892580706026911, 0.0032098552046942474, -0.0016983171422187387, -0.00042278402929230306, 0.0014983524094484316, 0.000171016315357668, -0.0012320944201288562, -0.0002172906991515338], [0.030038688819299372, -0.0016983171422187387, 0.008979470879999743, -0.004125035155059689, 5.147483877032229e-06, 0.0006825427125416434, 0.001015236573859784, -4.381956937642002e-05], [-0.008387097951596766, -0.00042278402929230285, -0.004125035155059688, 0.003204042369428334, -0.0013868809865658475, -0.0005891486584563145, 0.00010746516418358574, 0.0005616560149679759], [-0.005815002343576981, 0.0014983524094484319, 5.147483877032035e-06, -0.0013868809865658475, 0.0028185375149086403, -9.435950890745387e-05, -0.0005899896981040253, -0.0010348300391827402], [0.0004597668024939897, 0.00017101631535766795, 0.0006825427125416433, -0.0005891486584563145, -9.435950890745388e-05, 0.0009987144733966688, 0.00022009888153729813, -0.00042557446898861104], [0.00915414732358831, -0.0012320944201288562, 0.0010152365738597838, 0.00010746516418358577, -0.0005899896981040252, 0.00022009888153729816, 0.001000090020499821, -1.612702934679534e-05], [0.0005046787665082369, -0.00021729069915153384, -4.381956937642007e-05, 0.000561656014967976, -0.00103483003918274, -0.00042557446898861104, -1.612702934679533e-05, 0.0009602776752218383]], [[0.3137511392718108, 0.0035941461726004017, 0.028909549763233518, 0.028627626162386264, -0.013197330256556904, 0.02074275725327418, -0.01046647290195507, -0.0025981143904223072], [0.0035941461726004017, 0.0012570667042968125, 0.0008034315300770191, 8.941944500147343e-05, -0.00127300006169271, -0.000854139142459874, -7.687442751868823e-05, 5.647028661509644e-05], [0.028909549763233518, 0.0008034315300770192, 0.0048547851366849805, 0.003152227676974081, -0.002275838979970664, 0.0029513460835614565, -0.001588729692632921, 6.190078741754709e-05], [0.02862762616238626, 8.941944500147349e-05, 0.0031522276769740815, 0.004998171111019588, -0.002526877917208794, 0.0028351750902969952, -0.0013799700560742124, -0.0008040455247918713], [-0.013197330256556904, -0.00127300006169271, -0.002275838979970664, -0.002526877917208794, 0.004050048064140625, -0.0007055609712029925, 0.00015193664465689268, 0.0005765700548387133], [0.020742757253274176, -0.0008541391424598743, 0.002951346083561456, 0.0028351750902969952, -0.0007055609712029921, 0.005008585294528879, 0.00023145185260764315, -0.0004529092912407714], [-0.010466472901955067, -7.687442751868817e-05, -0.001588729692632921, -0.0013799700560742122, 0.00015193664465689268, 0.00023145185260764315, 0.0023322611168021556, -6.68839388463e-05], [-0.0025981143904223072, 5.647028661509645e-05, 6.190078741754713e-05, -0.0008040455247918713, 0.0005765700548387133, -0.0004529092912407714, -6.688393884630002e-05, 0.0014641187677526754]], [[0.04634642900830358, 0.019111767655568948, -0.01661000362443307, -0.04072411045518801, -0.007872906143948302, -0.0013175503102501305, 0.0003233151564167083, 0.00044186152731894593], [0.01911176765556895, 0.00969563310834109, -0.005616120785543146, -0.017205346593834006, -0.002677354993823673, -0.0008417092049756251, 0.0012909500391325877, 0.000471648787318549], [-0.01661000362443307, -0.005616120785543146, 0.007431749492463209, 0.016943601007887703, 0.0014725065845927559, 0.0004211578041960347, 0.00033973679867207486, 0.00039594212411105155], [-0.04072411045518801, -0.017205346593834003, 0.016943601007887703, 0.054864637445209426, -0.0015615388827884729, 0.0014049085583339664, -0.001819376396829923, 0.001127499371303514], [-0.007872906143948302, -0.0026773549938236725, 0.0014725065845927559, -0.0015615388827884718, 0.01370568404503671, -0.0004202858562537883, 0.0011257136977957617, -0.0014880264003951662], [-0.0013175503102501303, -0.0008417092049756251, 0.00042115780419603465, 0.0014049085583339664, -0.0004202858562537883, 0.0019381492710289988, 0.0011620161563119882, -0.00027556316522487555], [0.0003233151564167084, 0.0012909500391325877, 0.00033973679867207464, -0.001819376396829923, 0.0011257136977957617, 0.0011620161563119882, 0.0023032350792291595, 0.00037732604465701803], [0.00044186152731894593, 0.00047164878731854914, 0.00039594212411105155, 0.001127499371303514, -0.0014880264003951662, -0.0002755631652248756, 0.0003773260446570183, 0.0037178688741131135]], [[0.036012210469824814, 0.01125188558155425, -0.007435351948714153, 0.005176183508750603, -0.003116600866321411, -0.002322041115116128, -0.0014641124637646602, -0.004025752805662877], [0.01125188558155425, 0.0038960989800064126, -0.0020150636265106616, 0.0014884298177033086, -0.0016827322874103988, -0.00020958713436924266, 0.00023310211979521173, -0.0011533243530497093], [-0.007435351948714153, -0.002015063626510662, 0.002582658483319464, -0.001578924969558347, 0.0004192640432225802, 0.0010111457103480906, 0.0001372661726904585, 0.001225774346957933], [0.005176183508750603, 0.0014884298177033086, -0.0015789249695583472, 0.0015369887723723945, -0.0008802557834289973, -0.0004963518110370189, -8.538650762757708e-05, -0.0013794708253476618], [-0.003116600866321411, -0.0016827322874103988, 0.0004192640432225802, -0.0008802557834289973, 0.0032271314015688466, -0.0015399373688464106, -0.0023226108198860017, 0.0010609425898881542], [-0.002322041115116128, -0.00020958713436924274, 0.0010111457103480904, -0.0004963518110370188, -0.0015399373688464108, 0.0020414127177900356, 0.002127713962617149, 0.0002213777947930606], [-0.00146411246376466, 0.00023310211979521168, 0.00013726617269045851, -8.53865076275771e-05, -0.0023226108198860012, 0.0021277139626171486, 0.0033194150384717263, 0.0002467399701098239], [-0.004025752805662877, -0.0011533243530497093, 0.001225774346957933, -0.001379470825347662, 0.0010609425898881544, 0.0002213777947930606, 0.00024673997010982396, 0.00309473328009933]], [[0.2420658038734956, 0.015996454373506604, -0.04645267358203428, 0.012499930730986208, 0.024228976326656472, -0.010552512886679239, 0.0007981208443628872, -0.004104250519586706], [0.015996454373506604, 0.0013777206474275539, -0.0025951077351166777, 0.0009462270309676758, 0.0015650719740663691, -0.0002089943532869953, 0.00027236500815700334, -0.0010111866253766344], [-0.046452673582034275, -0.0025951077351166773, 0.009748940964275817, -0.0022129209272274486, -0.0047062245215566, 0.002443934027774164, -9.295238878475523e-05, -0.000263146949597697], [0.01249993073098621, 0.0009462270309676758, -0.002212920927227449, 0.0013542303351388235, 0.0004597897935945525, -0.00011672818486355194, 0.0002892698649067952, -0.0008988451606247829], [0.024228976326656472, 0.001565071974066369, -0.0047062245215566, 