{"MAP index": 147, "entropy_prior_gmm": 7.321111044497155e-09, "entropy_MAP_gmm": 0.018416963517665863, "entropy_z_nk_prior": 0.2076536539080485, "entropy_MAP_z_nk": 0.16402819405268915, "entropy_mixing_prior": 81.09822012551359, "entropy_MAP_mixing": 1.2025931271675034}