,X,Y,Z,id,nugget
0,100.0,0.0,-825.0,8716840,1e-05
1,300.0,0.0,-823.4334249474592,8716840,1e-05
2,900.0,0.0,-825.0,8716840,1e-05
3,100.0,0.0,-844.9999999999999,26384258,1e-05
4,300.0,0.0,-838.689805426109,26384258,1e-05
5,900.0,0.0,-844.9999999999999,26384258,1e-05
6,100.0,0.0,-855.0,18569935,1e-05
7,300.0,0.0,-846.2371590258015,18569935,1e-05
8,900.0,0.0,-855.0,18569935,1e-05
