{"weights": [0.3883465472026771, 0.29070362542252626, 0.2855694271003469, 0.03538040027444975], "means": [[-2.081169992306984, -0.5324645908818658, 0.07917037614396276, -0.33586699443194423, 0.07685027839639172, -0.07330555189939185, -0.009359636097546765, -0.020240883095802933, -0.008149678212605736, 0.004900012973631244], [1.2620470042412384, -1.7437729017030679, -0.08930811516361618, 0.3349646360926695, -0.3056345939653625, 0.02621486140573964, 0.03139221995425382, 0.007636524158035705, 0.00015565992244213106, 0.007873749300154524], [2.6372061410374426, 1.1841226421529991, 0.1260091373565407, 0.35908262389281104, 0.358853056751989, -0.0897530054085665, 0.16423812195523074, -0.04741875114433524, 0.2896216482203375, -0.005346212818636008], [2.1185970758946295, 3.381100102907159, -1.3379137947153064, -0.12718838607572344, 0.6152744020014941, -0.06939526641036461, -0.03029627341029586, 0.31265978793643573, 0.6187782194974422, 0.005923476495534324]], "cov": [[[0.01561728544470052, -0.005847817006929954, 0.0013695527681463916, -0.026249831940160964, 0.00971776465005658, -0.009640598090282877, -0.009384807207861926, 0.006462297337189748, 0.0015431310436037063, 0.0020632320647534673], [-0.005847817006929954, 0.02773668607310314, -0.010821904815788154, 0.019868257130012477, -0.024510926996244638, -0.002689458277873713, -0.018891805574279344, -0.00675191257636018, -0.0005054902614924023, 0.00032638793552352234], [0.0013695527681463916, -0.010821904815788154, 0.014445570606919646, -0.04486275082842291, 0.018597408538543712, -1.686776639881318e-05, 0.018434117088266363, -0.0060698487030784384, -0.0016533722628707312, -0.0036288856914125493], [-0.026249831940160964, 0.019868257130012477, -0.04486275082842291, 0.19843992226077922, -0.060270417648053035, 0.019796593070307, -0.029920185746135124, 0.020495348542965364, 0.0035281783683006507, 0.008446544248922182], [0.00971776465005658, -0.024510926996244638, 0.018597408538543712, -0.060270417648053035, 0.04095283045924556, 0.005203443818503921, 0.011630893275238155, -0.010449714002012018, 0.005423071136264094, -0.0017547156100308756], [-0.009640598090282877, -0.002689458277873713, -1.686776639881318e-05, 0.019796593070307, 0.005203443818503921, 0.02039914374407718, -0.003598748638759316, -0.01435402766721942, 0.006613778222152021, 0.0032580380489534606], [-0.009384807207861926, -0.018891805574279344, 0.018434117088266363, -0.029920185746135124, 0.011630893275238155, -0.003598748638759316, 0.05215153063277544, 0.006639607548280827, -0.011478953268865605, -0.01057106769724374], [0.006462297337189748, -0.00675191257636018, -0.0060698487030784384, 0.020495348542965364, -0.010449714002012018, -0.01435402766721942, 0.006639607548280827, 0.025084422763093504, -0.006381047239192974, -0.0003904441888591688], [0.0015431310436037063, -0.0005054902614924023, -0.0016533722628707312, 0.0035281783683006507, 0.005423071136264094, 0.006613778222152021, -0.011478953268865605, -0.006381047239192974, 0.005440394914175763, 0.0027500454487361554], [0.0020632320647534673, 0.00032638793552352234, -0.0036288856914125493, 0.008446544248922182, -0.0017547156100308756, 0.0032580380489534606, -0.01057106769724374, -0.0003904441888591688, 0.0027500454487361554, 0.004611538547949516]], [[10.982771024458103, -3.964923261994932, 0.05151207451076012, -1.9444451937677087, -0.07150827733510937, -0.25090091715256546, -0.021599152903992523, 0.10688162388246049, -0.06012351696783392, 0.031110944588595486], [-3.964923261994932, 1.497460361586485, -0.026225654225671344, 0.673656248928253, -0.00617097875028558, 0.10035833637541985, -0.027864434549894533, -0.06548908750537275, 0.013399490187406191, -0.01932469901429673], [0.05151207451076012, -0.026225654225671344, 0.013888595014487347, -0.07910725074285184, 0.032353405926479985, 0.018335250366951442, -0.005331115653185066, 0.0060925335371316315, -0.0005070991776510815, 1.2024773779948014e-05], [-1.9444451937677087, 0.673656248928253, -0.07910725074285184, 0.9538902155499979, -0.0955570748281195, -0.05074079494965771, 0.09909633980119033, 0.0025168653505674905, 0.017112384100515618, -0.01085215335198745], [-0.07150827733510937, -0.00617097875028558, 0.032353405926479985, -0.0955570748281195, 0.2663472650241466, 0.07291821445159644, -0.06219307377293619, 0.06637746030685084, 0.0072848280772928875, 0.011104967922162725], [-0.25090091715256546, 0.10035833637541985, 0.018335250366951442, -0.05074079494965771, 0.07291821445159644, 0.2114469552871207, -0.06501719000259623, 0.010889357913177591, 0.00959979682179064, -0.015325125968440828], [-0.021599152903992523, -0.027864434549894533, -0.005331115653185066, 0.09909633980119033, -0.06219307377293619, -0.06501719000259623, 0.07583451056889995, 0.0005644447064936951, -0.004758194440907398, -0.004522827428021512], [0.10688162388246049, -0.06548908750537275, 0.0060925335371316315, 0.0025168653505674905, 0.06637746030685084, 0.010889357913177591, 0.0005644447064936951, 0.09967129684160374, -0.011907462302080616, -3.47210411068289e-05], [-0.06012351696783392, 0.013399490187406191, -0.0005070991776510815, 0.017112384100515618, 0.0072848280772928875, 0.00959979682179064, -0.004758194440907398, -0.011907462302080616, 0.008176823044690393, 0.0036248852697340138], [0.031110944588595486, -0.01932469901429673, 1.2024773779948014e-05, -0.01085215335198745, 0.011104967922162725, -0.015325125968440828, -0.004522827428021512, -3.47210411068289e-05, 0.0036248852697340138, 0.015897471741117653]], [[1.1873193239975386, -2.8619973722021848, 0.22969118798619045, 0.29268826840728457, 0.2616552759652255, -0.09233009307492486, -0.01575373801369873, -0.07440893374916062, 0.05893082360214644, -0.03744851213467775], [-2.8619973722021848, 9.072369239839007, 0.4569072888235484, -0.842895551235947, -0.3312785086657146, 0.30370386581722186, -0.022316649292811592, 0.21378463950034632, -0.23158041841303068, -0.050610242735867846], [0.22969118798619045, 0.4569072888235484, 3.6832726899036556, 0.20387301844703368, -0.06673144210702325, 0.004213052709891347, -0.05963907598582514, 0.04037325125506687, 0.010000369669526207, 0.006004669313215638], [0.29268826840728457, -0.842895551235947, 0.20387301844703368, 0.5096009420073678, 0.3912901441952568, -0.09614615146912264, -0.052423922410913086, -0.04546053765830093, 0.027451993854876216, 0.0021475347165641552], [0.2616552759652255, -0.3312785086657146, -0.06673144210702325, 0.3912901441952568, 0.6907188077141627, -0.02608329738818914, 0.07120977346700666, -0.031800090734681964, 0.059769040858345314, -0.029816195633270787], [-0.09233009307492486, 0.30370386581722186, 0.004213052709891347, -0.09614615146912264, -0.02608329738818914, 0.09166389444992624, 0.053194921930131214, 0.004308110938948109, -0.023015619434104264, 0.010456239830079745], [-0.01575373801369873, -0.022316649292811592, -0.05963907598582514, -0.052423922410913086, 0.07120977346700666, 0.053194921930131214, 0.168852448418282, 0.002476005635732202, 0.058035858274988694, 0.014863031865930963], [-0.07440893374916062, 0.21378463950034632, 0.04037325125506687, -0.04546053765830093, -0.031800090734681964, 0.004308110938948109, 0.002476005635732202, 0.09080200601779605, 0.018478422759682863, 0.0020310923657043123], [0.05893082360214644, -0.23158041841303068, 0.010000369669526207, 0.027451993854876216, 0.059769040858345314, -0.023015619434104264, 0.058035858274988694, 0.018478422759682863, 0.22309509078413758, -0.010509940112201422], [-0.03744851213467775, -0.050610242735867846, 0.006004669313215638, 0.0021475347165641552, -0.029816195633270787, 0.010456239830079745, 0.014863031865930963, 0.0020310923657043123, -0.010509940112201422, 0.03927543098303988]], [[0.20231563824260906, -0.11211749648106628, 0.019971681501192926, 0.012213413242241416, 0.3300529471046599, 0.014277635319813405, 0.0539122733153503, 0.10744286952771806, 0.23967690514569434, -0.0034579511704919044], [-0.11211749648106628, 0.09326161386222276, 0.02459095788401946, -0.028180671927130887, -0.20471690391868028, 