{"MAP index": 0, "entropy_prior_gmm": 9.783621396463378e-08, "entropy_MAP_gmm": 7.544478819454525e-08, "entropy_z_nk_prior": 0.18270892364249625, "entropy_MAP_z_nk": 0.16154317066432666, "entropy_mixing_prior": 85.69175851611257, "entropy_MAP_mixing": 1.0048479975659113}