,X,Y,Z,id,nugget
0,100.0,0.0,-825.0,66595271,1e-05
1,300.0,0.0,-824.3249290755252,66595271,1e-05
2,900.0,0.0,-825.0,66595271,1e-05
3,100.0,0.0,-844.9999999999999,40945672,1e-05
4,300.0,0.0,-842.268761980918,40945672,1e-05
5,900.0,0.0,-844.9999999999999,40945672,1e-05
