{"weights": [0.4523924591096934, 0.40288109714245784, 0.1447264437478487], "means": [[-2.109728752946341, -0.5194915027868183, 0.041228019939392846, -0.06158984495115073, -0.01233212345443226, -0.031234257836266724, 0.021153358148209452, 0.00671875000817033], [1.9039507302018657, 3.6625766254133043, 0.10298705769743557, 0.015161697581411115, -0.0034289892622677426, 0.018192482232229083, -0.03314511733024777, 0.0074667791602399235], [3.7146972352676864, -2.5302457209130345, -0.05990870850985828, 0.4209667006730955, 0.2017466032007284, -0.060501037056102006, -0.024580285542443982, -0.029317861727270737]], "cov": [[[0.0529225721716601, -0.0011280911255514964, 0.01148513588700921, -0.09246491698578854, 0.02400646326961715, -0.023567660470127344, -0.006154722183668797, 0.0004555361293980478], [-0.0011280911255514992, 0.0362484915647152, -0.012927504025474653, 0.06407580609920052, -0.028391846186067837, 0.010451587309039306, -0.00865100975090041, -0.001318677960056114], [0.01148513588700921, -0.012927504025474653, 0.0203968540130697, -0.10468820759527273, 0.03222224110938382, -0.018148551679609347, 0.009387637522836991, -0.005329148891436441], [-0.09246491698578856, 0.06407580609920052, -0.10468820759527274, 0.6714395586771803, -0.18795345859203932, 0.1386366313838481, -0.005054345704675235, 0.024752607454113264], [0.024006463269617147, -0.02839184618606783, 0.03222224110938382, -0.1879534585920393, 0.07097261063355538, -0.02564279342892907, -0.0014275944332656186, -0.016238186946546974], [-0.023567660470127347, 0.010451587309039308, -0.01814855167960935, 0.1386366313838481, -0.025642793428929077, 0.04704028306082731, -0.006648708680417957, -0.011027177409555292], [-0.0061547221836687985, -0.00865100975090041, 0.009387637522836991, -0.005054345704675234, -0.0014275944332656164, -0.006648708680417959, 0.034261652600860136, 0.011245662815543095], [0.00045553612939804814, -0.0013186779600561143, -0.005329148891436441, 0.02475260745411326, -0.016238186946546978, -0.011027177409555293, 0.011245662815543095, 0.019690471161130443]], [[0.19162134187170943, -0.026944918371368795, 0.38954462558352965, 0.09496993888485196, 0.06522997305306914, -0.005975617393406242, -0.033976439939381965, 0.042800722861881274], [-0.026944918371368802, 0.30074303487050313, 0.14968870552698302, -0.05687447864939218, -0.1588212935062976, -0.02757102531931178, -0.03954509346982621, -0.028946577096756052], [0.38954462558352965, 0.149688705526983, 4.436672478169091, 0.2677276205674063, -0.09364081220701974, 0.0026523626937606827, -0.014173445491951684, 0.006723848855793115], [0.09496993888485197, -0.05687447864939218, 0.26772762056740634, 0.10121064775010434, 0.02544862188300452, -0.009912943901563992, -0.04309744914110948, 0.03323222363053059], [0.06522997305306913, -0.15882129350629762, -0.09364081220701975, 0.02544862188300453, 0.19209668809354827, 0.04410661907734098, 0.07763205465767023, 0.021170568272876864], [-0.00597561739340625, -0.027571025319311777, 0.002652362693760683, -0.009912943901563994, 0.044106619077340974, 0.037520200001307354, 0.05305725951369169, -0.023621196650360606], [-0.03397643993938198, -0.0395450934698262, -0.014173445491951686, -0.04309744914110948, 0.07763205465767022, 0.05305725951369168, 0.15280876841754962, -0.031668717200866885], [0.04280072286188128, -0.02894657709675606, 0.0067238488557931145, 0.03323222363053059, 0.021170568272876864, -0.023621196650360606, -0.03166871720086689, 0.04170750799016711]], [[1.0739545964374058, -0.08085687263194397, -0.0088709555348027, -0.18741491014791606, -0.00712860335921406, 0.036000599621344186, -0.07196859850757265, -0.1514690644319559], [-0.08085687263194395, 0.3584431435101337, 0.01856999932799328, 0.06993072139263988, 0.3342837352726844, 0.02445754954264831, -0.07809106699720028, 0.016950284761580635], [-0.008870955534802697, 0.018569999327993275, 0.01703902279387392, -0.04817719095863328, 0.02856767028584078, 0.04684610036910719, -0.02135146195181661, 0.008581225505225014], [-0.18741491014791606, 0.06993072139263988, -0.04817719095863328, 0.9836719194916426, 0.38026984669244673, -0.3876848602201919, 0.070531676766923, -0.13543198488205285], [-0.007128603359214079, 0.33428373527268435, 0.028567670285840785, 0.3802698466924466, 0.8798023146396527, 0.003559535504826142, -0.19435309052615557, -0.028567412200906552], [0.03600059962134419, 0.02445754954264832, 0.0468461003691072, -0.3876848602201919, 0.0035595355048261453, 0.33837779194801926, -0.11360718740297861, 0.030272052331245098], [-0.07196859850757266, -0.07809106699720028, -0.02135146195181661, 0.070531676766923, -0.19435309052615557, -0.11360718740297861, 0.10204341666644892, 0.040044173261075885], [-0.1514690644319559, 0.01695028476158063, 0.008581225505225014, -0.13543198488205285, -0.028567412200906573, 0.030272052331245084, 0.04004417326107589, 0.2560268436558732]]]}