,X,Y,Z,id,nugget
0,100.0,0.0,-825.0,13681636,1e-05
1,300.0,0.0,-824.109432961927,13681636,1e-05
2,900.0,0.0,-825.0,13681636,1e-05
3,100.0,0.0,-844.9999999999999,95865159,1e-05
4,300.0,0.0,-840.8576766914548,95865159,1e-05
5,900.0,0.0,-844.9999999999999,95865159,1e-05
