,X,Y,Z,id,nugget
0,100.0,0.0,-825.0,29204425,1e-05
1,300.0,0.0,-823.8546797036716,29204425,1e-05
2,900.0,0.0,-825.0,29204425,1e-05
3,100.0,0.0,-844.9999999999999,83146901,1e-05
4,300.0,0.0,-840.2121940913494,83146901,1e-05
5,900.0,0.0,-844.9999999999999,83146901,1e-05
