{"weights": [0.12335201516953516, 0.21554130840991548, 0.2999864161646906, 0.11106565697984855, 0.0955276008549881, 0.15452700242102207], "means": [[3.753764455905998, 0.4581333698345429, -0.37747347603731174, 0.13341859416468596, -0.034367739178367634, -0.0824270217691668, 0.06519470856449483, -0.0161437050635184], [1.013580276863507, 0.554792196952389, -0.5306935757891803, -0.000834831795344856, 0.04924909387115123, 0.03714423943088796, -0.020274335781891705, 0.012342067582750494], [-3.89070832061012, -0.43154161880754915, 0.08412048262640644, -0.006754085079336652, 0.018764076888042994, -0.0046405682001465645, 0.009296382267398791, 0.0011254600378167749], [-2.6598361782952002, -0.01724355650129229, -0.2116470221344285, -0.08040812311147065, -0.10671474737640291, -0.009300304006582358, -0.021534349637748494, -0.015470496001781579], [-0.7235456436373111, 1.444695117192377, 1.070283280181707, -0.010295976675974091, 0.0032403940153254824, 0.007100059871421462, -0.005202434692659811, -0.011322297397327357], [6.852906631424565, -0.6476238822004406, 0.2961667735906185, -0.040022731120493364, -0.0013264125229073636, 0.006662980137331731, -0.006441280814371155, 0.0014611107377363146]], "cov": [[[0.2250561635007325, -0.025686625370389973, 0.041122146186411995, -0.011580996382795394, -0.007870620981005638, 0.0006772910313452701, 0.012434541593697303, 0.0006763683516671576], [-0.025686625370389973, 0.003919070499511517, -0.003049987900860538, 4.576452877876633e-05, 0.001656607569061122, 0.0001347582729412726, -0.0015752944481512837, -0.0002074587047661249], [0.041122146186411995, -0.003049987900860538, 0.01085024413015888, -0.004531890264770063, -0.0005340599029793194, 0.0006945456111743783, 0.0016649017287557713, 4.791979235148933e-05], [-0.011580996382795394, 4.5764528778766275e-05, -0.004531890264770063, 0.0031975478218535195, -0.0011566331602696099, -0.0005636350466036484, -9.250837423874792e-05, 0.0005123001464018928], [-0.00787062098100564, 0.001656607569061122, -0.0005340599029793193, -0.0011566331602696099, 0.002845281116391188, -0.00011960602862873696, -0.000664834914146887, -0.0010497471393130476], [0.00067729103134527, 0.0001347582729412726, 0.0006945456111743783, -0.0005636350466036484, -0.00011960602862873692, 0.0009346248065957454, 0.00021563173355787824, -0.00038444998929121555], [0.012434541593697303, -0.001575294448151284, 0.0016649017287557709, -9.250837423874788e-05, -0.0006648349141468869, 0.00021563173355787827, 0.0011707817062444595, -5.732118194903013e-06], [0.0006763683516671576, -0.00020745870476612485, 4.7919792351489365e-05, 0.0005123001464018928, -0.0010497471393130476, -0.0003844499892912156, -5.732118194903032e-06, 0.0009430154088310256]], [[0.3662270060512918, 0.004201944987798535, 0.03382787183021604, 0.03351060890462066, -0.015505868332676326, 0.024301893687579814, -0.012219217261201457, -0.0030560646631888418], [0.004201944987798536, 0.0012648742985153696, 0.0008473064342364981, 0.00011683938662730794, -0.001291405213797748, -0.0008227176505022877, -8.548077795411062e-05, 5.568097131823038e-05], [0.03382787183021603, 0.0008473064342364981, 0.00530107290790462, 0.003514771638673127, -0.0023550098941256775, 0.003206406757817245, -0.0018239123046651267, 7.674391509832102e-05], [0.03351060890462066, 0.00011683938662730794, 0.0035147716386731277, 0.0053658866211360465, -0.0026005634201045724, 0.0030615181357728236, -0.0015797407897724782, -0.0008150289195909501], [-0.015505868332676326, -0.001291405213797748, -0.0023550098941256775, -0.0026005634201045724, 0.003996624278143321, -0.0007382948075270369, 0.0002012578051036268, 0.000567837211178684], [0.024301893687579817, -0.0008227176505022877, 0.003206406757817245, 0.003061518135772824, -0.0007382948075270368, 0.00516247538954561, 0.00010523147188860216, -0.0004517567987145209], [-0.012219217261201457, -8.548077795411062e-05, -0.0018239123046651267, -0.001579740789772478, 0.00020125780510362685, 0.00010523147188860219, 0.0024946136157952383, -7.548818922514598e-05], [-0.0030560646631888418, 5.568097131823036e-05, 7.674391509832091e-05, -0.0008150289195909499, 0.000567837211178684, -0.0004517567987145209, -7.548818922514593e-05, 0.0014951307347984212]], [[0.05198743164743301, 0.021477887316881293, -0.018690454168107308, -0.04644721836596706, -0.00879698801074583, -0.0014659558384662904, 0.0004454855221273627, 0.0005032949369312428], [0.021477887316881293, 0.010619388628227828, -0.006544530292378674, -0.019612989301732716, -0.0030378515097073105, -0.000912736644620042, 0.0012763492387794966, 0.00041635897874518036], [-0.018690454168107308, -0.006544530292378676, 0.008185423173295861, 0.019209740741317247, 0.0016843566022041998, 0.00047864360807550787, 0.00022846647426841098, 0.0003400817576645246], [-0.04644721836596706, -0.019612989301732716, 0.019209740741317247, 0.061489569754352325, -0.0016092737021035078, 0.0016202076441045631, -0.0019945209497946063, 0.0012625354256243083], [-0.00879698801074583, -0.0030378515097073105, 0.0016843566022041998, -0.0016092737021035078, 0.014479791741344925, -0.0004028197840494978, 0.0012086009252585286, -0.0015924765149152545], [-0.0014659558384662902, -0.000912736644620042, 0.00047864360807550787, 0.0016202076441045627, -0.00040281978404949786, 0.0019294771983629088, 0.0011277842695519345, -0.000319398644273784], [0.0004454855221273629, 0.0012763492387794966, 0.00022846647426841098, -0.001994520949794606, 0.0012086009252585286, 0.0011277842695519345, 0.002226160100851228, 0.0002514335971802744], [0.0005032949369312428, 0.00041635897874518036, 0.00034008175766452443, 0.0012625354256243081, -0.0015924765149152545, -0.00031939864427378415, 0.00025143359718027405, 0.0036361788576479304]], [[0.03324188638801115, 0.0103691351368315, -0.006856613540730003, 0.004762698664580654, -0.002809073630248285, -0.0021791959214706885, -0.0014168668296936932, -0.003696038189452714], [0.0103691351368315, 0.0036520732210748802, -0.0018241103547549803, 0.0013690010576627727, -0.0017227818289887772, -6.722907895063557e-05, 0.00038839285540766803, -0.0010782255193687881], [-0.006856613540730003, -0.0018241103547549805, 0.002456053950150713, -0.0014748192076656803, 0.000309882158172915, 0.0010055448767018016, 0.00016219231157378397, 0.0011212404681855922], [0.004762698664580654, 0.0013690010576627725, -0.0014748192076656803, 0.001465575615954519, -0.000863873362426324, -0.0004404536985770617, -3.837114523856085e-05, -0.0012861490478599537], [-0.002809073630248285, -0.0017227818289887772, 0.0003098821581729151, -0.0008638733624263241, 0.0036926130912406196, -0.0019341853807810837, -0.002853109631001223, 0.0010671690906015477], [-0.0021791959214706885, -6.722907895063558e-05, 0.0010055448767018016, -0.0004404536985770618, -0.0019341853807810833, 0.0023300945441317848, 0.0025273407341326014, 0.00013454745274406917], [-0.0014168668296936932, 0.00038839285540766803, 0.00016219231157378389, -3.8371145238560906e-05, -0.002853109631001223, 0.0025273407341326014, 0.0038748131858964874, 0.0001538642291716839], [-0.003696038189452714, -0.0010782255193687881, 0.0011212404681855922, -0.001286149047859954, 0.001067169090601548, 0.00013454745274406917, 0.0001538642291716839, 0.002959800235502895]], [[0.6219204900534105, 0.040976101747900624, -0.11954909233353458, 0.03199894988442904, 0.0625624807192785, -0.027417132189148992, 0.0017865373868365994, -0.010482790854761734], [0.04097610174790063, 0.0029857719322916023, -0.00745562209724034, 0.0022026014366300067, 0.004105280619779918, -0.001377830943605005, 0.0003095208586365519, -0.0013241856867441735], [-0.1195490923335346, -0.00745562209724034, 0.023733268059461656, -0.005989807854588898, -0.012060084674556363, 0.005596765032620748, -0.0003328411371912465, 0.0010856343008465751], [0.031998949884429036, 0.0022026014366300067, -0.005989807854588898, 0.002370652372770847, 0.002380042838985505, -0.0010555355256517934, 0.00030214670846047864, -0.0011015151267466715], [0.0625624807192785, 0.004105280619779918, -0.012060084674556363, 