{"weights": [0.09026249410163124, 0.23302997571443662, 0.29349321742434253, 0.13323694457803284, 0.10216598964379067, 0.14781137853776613], "means": [[-3.6591430050432363, 0.4641354044481297, 0.39996259114991584, -0.14677039564805539, -0.032058971071188824, 0.07556524879339913, -0.06477998331791175, 0.01713757017474956], [-1.0473861563589768, 0.5549084029763374, 0.5325338932851678, 0.00815125691860907, 0.05655482618582827, -0.03735834469898724, 0.01649862037856776, -0.016381363969502204], [3.9696940763021087, -0.4590609480942355, -0.11305911293043093, -0.050554029784705724, 0.03078394496821941, 0.002224737617374151, -0.016440595784800664, 0.0011097433038679638], [2.6369317286809064, -0.009257764817616422, 0.21893441763837795, 0.078543409049223, -0.11068283056537351, 0.01108249160936122, 0.020664549023831042, 0.02209443875584428], [0.6825975622164483, 1.446455589330556, -1.0616090724350258, 0.003369667212963561, 0.002759360489139383, -0.004927169643659771, 0.005033301926692039, 0.006455039090683635], [-6.855902103708315, -0.6713747642967137, -0.28248016830212175, 0.029162027507471364, -0.003727364126570129, -0.012822149330716303, 0.01727884627436228, -0.0020507351084876175]], "cov": [[[0.22916912088896343, 0.02611857851812583, 0.04192467304306958, -0.01187614917956483, 0.007904753251425907, 0.0007000068222569355, 0.0126508872446117, 0.0006312190845027283], [0.02611857851812583, 0.0037886767018122033, 0.003422340100613048, -0.00036744571155191, 0.0013421767997108991, -8.708757170737417e-05, 0.0015588792124521674, 0.00010680628014240959], [0.04192467304306958, 0.003422340100613048, 0.010585440299141685, -0.004029759480616624, 0.0012420325931584248, 0.000654388047254231, 0.0017982316478387164, 0.0003611259471658785], [-0.01187614917956483, -0.00036744571155191005, -0.004029759480616624, 0.0026465411037240294, 0.0007848625792589579, -0.0004415817053698311, -0.00022670879460845496, 0.0003969309820781554], [0.007904753251425907, 0.001342176799710899, 0.001242032593158425, 0.0007848625792589579, 0.0030538222277704612, 0.00021728637469375944, 0.0005445473834743038, 0.0012492873936960287], [0.0007000068222569354, -8.708757170737417e-05, 0.000654388047254231, -0.0004415817053698311, 0.00021728637469375944, 0.0007904623009510229, 0.00017446968135079462, -0.000222948924399199], [0.0126508872446117, 0.0015588792124521674, 0.0017982316478387164, -0.00022670879460845496, 0.0005445473834743038, 0.00017446968135079462, 0.001103445369217821, -4.3545797396226974e-05], [0.0006312190845027284, 0.00010680628014240953, 0.0003611259471658785, 0.00039693098207815543, 0.0012492873936960287, -0.00022294892439919897, -4.354579739622696e-05, 0.0010362589669106138]], [[0.1985502060088231, -0.002271648094114929, 0.01823754233413244, 0.018073734408620198, 0.008336427307958976, 0.013097758048965054, -0.00658267126455618, -0.001650036989904361], [-0.002271648094114929, 0.0009945673291050607, -0.0005584338734514892, -7.609606089243916e-05, -0.0007774025273018308, 0.0005621910223702007, -6.45998913038913e-05, 1.1250223259715214e-05], [0.01823754233413244, -0.0005584338734514892, 0.0034736521574647585, 0.0020332324705493983, 0.0013971340577508735, 0.0019659991884857938, -0.0013084717664857352, 0.00010796469770280423], [0.018073734408620198, -7.609606089243919e-05, 0.0020332324705493983, 0.0034981102768392443, 0.0016346561119878276, 0.0018457092182237811, -0.0009323690947394345, -0.0004585513176428622], [0.008336427307958976, -0.0007774025273018308, 0.0013971340577508735, 0.0016346561119878278, 0.00292789172999301, 0.0005243057306179454, 7.791340288827145e-05, -0.0004276417396605479], [0.013097758048965054, 0.0005621910223702008, 0.0019659991884857938, 0.0018457092182237811, 0.0005243057306179454, 0.0033492120613162714, 0.00019021291536265404, -0.00031636653800995847], [-0.00658267126455618, -6.459989130389131e-05, -0.0013084717664857352, -0.0009323690947394347, 7.791340288827145e-05, 0.00019021291536265402, 0.0020483739543430547, -0.0001480906773321663], [-0.001650036989904361, 1.1250223259715207e-05, 0.00010796469770280429, -0.0004585513176428622, -0.0004276417396605477, -0.00031636653800995847, -0.0001480906773321663, 0.0013247137668998248]], [[0.040702379197443975, -0.016698728193758512, -0.014097031301006868, -0.032584304632429034, 0.00960027200723367, -0.0010538220018931465, -3.894237962703089e-05, 0.0008452617155020409], [-0.016698728193758512, 0.0084050075966913, 0.004774957476760368, 0.013883925453449493, -0.0032712668880377086, 0.0007033032503453268, -0.0009918356838562363, -0.0005602329382642571], [-0.014097031301006868, 0.004774957476760368, 0.006333086315098357, 0.014238392511944293, -0.001402245050011809, 0.00038614907611880366, 0.00026057642527140673, 0.00031460856170058797], [-0.03258430463242904, 0.013883925453449493, 0.014238392511944293, 0.04867689215372411, 0.004952491350539423, 0.0012425033344710412, -0.0019030033899331605, 0.001529132327785769], [0.00960027200723367, -0.0032712668880377086, -0.001402245050011809, 0.004952491350539423, 0.017600064478216836, 0.0004597129743746155, -0.0015795496090909348, 0.002165765985005035], [-0.0010538220018931463, 0.0007033032503453268, 0.00038614907611880366, 0.0012425033344710412, 0.0004597129743746154, 0.0016800831374300597, 0.0009364944402288589, -0.00021762389660976182], [-3.8942379627030916e-05, -0.0009918356838562361, 0.0002605764252714068, -0.0019030033899331605, -0.0015795496090909352, 0.000936494440228859, 0.002053165940260427, 0.00021081536632916564], [0.0008452617155020409, -0.0005602329382642571, 0.00031460856170058797, 0.0015291323277857683, 0.002165765985005035, -0.0002176238966097619, 0.00021081536632916562, 0.0032920416927034162]], [[0.029596638524847237, -0.009301756681879042, -0.006007480662155962, 0.0041074944686851364, 0.002558415141813692, -0.0017958742863033955, -0.0010709492189543426, -0.0029342980097878902], [-0.009301756681879042, 0.0032086736612265214, 0.0016175461857510386, -0.0010882324347412783, -0.0011336257726792742, 0.00028677024329488445, -5.527957998072321e-05, 0.0006049613037665188], [-0.006007480662155962, 0.0016175461857510386, 0.002117999929805779, -0.00143181983951269, -0.0005149628337165876, 0.0008056434947145541, 0.00015769619701259333, 0.0014976057853845611], [0.0041074944686851364, -0.001088232434741278, -0.00143181983951269, 0.0015335901591330798, 0.0007944124331023589, -0.0005198942035215092, -0.00023607267869056345, -0.0018248206423975716], [0.002558415141813692, -0.0011336257726792742, -0.0005149628337165875, 0.0007944124331023589, 0.00192678451897731, 0.0006156098798047459, 0.0010586117979168694, -0.001065139108688428], [-0.001795874286303395, 0.00028677024329488445, 0.0008056434947145541, -0.0005198942035215092, 0.0006156098798047459, 0.0012461078737614963, 0.0011595293454737907, 0.0005434809489179303], [-0.0010709492189543426, -5.5279579980723153e-05, 0.00015769619701259333, -0.00023607267869056345, 0.0010586117979168692, 0.0011595293454737905, 0.0018418371817028882, 0.0005137279521579331], [-0.0029342980097878907, 0.0006049613037665189, 0.0014976057853845611, -0.001824820642397572, -0.001065139108688428, 0.0005434809489179303, 0.0005137279521579331, 0.00421575610045273]], [[0.22086946082626785, -0.014615389947297702, -0.04235727311243182, 0.011427315923726027, -0.022091454209922944, -0.00958913657453342, 0.0007462110879589115, -0.003822977113973293], [-0.014615389947297702, 0.0013508381463408225, 0.00224333024116652, -0.0009443607315831257, 0.00139635376525374, -3.3079088011189285e-05, -0.0003647223826876585, 0.0013070254730710921], [-0.04235727311243182, 0.0022433302411665203, 0.009056804955596303, -0.0019037365812100643, 0.004359427048807627, 0.00249248600198798, 4.415484040376188e-05, -0.0007152538161623923], [0.011427315923726027, -0.0009443607315831259, -0.0019037365812100643, 0.0014069137776016433, -0.000281943621883269, 5.773002055825399e-05, 0.00032713707001507324, -0.0012299199712993204], [-0.02209145420992294, 0.00139635376525374, 0.004359427048807627, 