,X,Y,Z,id,nugget
0,100.0,0.0,-793.0000000000001,94182397,1e-05
1,300.0,0.0,-719.0547790550281,94182397,1e-05
2,900.0,0.0,-793.0000000000001,94182397,1e-05
3,100.0,0.0,-824.0000000000001,65914217,1e-05
4,300.0,0.0,-744.8341012742768,65914217,1e-05
5,900.0,0.0,-824.0000000000001,65914217,1e-05
6,100.0,0.0,-847.0000000000001,65203932,1e-05
7,300.0,0.0,-858.3171037050831,65203932,1e-05
8,900.0,0.0,-847.0000000000001,65203932,1e-05
