{"weights": [2.599652485320963e-10, 0.057973984807863, 0.7532839620519577, 0.18874205288021395], "means": [[1.683344733096933, 3.5736288792700557, -1.4490285839212322, -0.10763661197954605, -0.0017089060853442866, -0.009576164884403934, 0.008833122344363138, 0.015640984601335065], [2.147665557163166, 3.691820288564031, 3.2673587714833556, 0.2394431503964951, -0.0031346255215943647, 0.037515203212012654, 0.0618927149090723, 0.03449445848652161], [4.011972801493923, -2.714824536764824, -0.046342122747790336, 0.0688533881189771, -0.021887368110648685, -0.006002756582699792, -0.012379095468927303, -0.010563074779660436], [-2.110286455342236, -0.5231145711986659, 0.03650750768274157, -0.024193042714219272, 0.010482269708922503, -0.0030617711544708706, -0.0073387270991243005, -0.0052200491212312525]], "cov": [[[0.04683219680012681, -0.02993723964213747, 0.007803176706694105, 0.006789216221438983, 0.07198118289375711, 0.0016154769552107237, 0.012716100395059148, 0.024397911521580117], [-0.02993723964213747, 0.04462470047831722, 0.02912762221385264, -0.012338091199124587, -0.061733293580478736, -0.010504756448848693, -0.016428413103462863, -0.006293039215665646], [0.007803176706694105, 0.029127622213852632, 0.11526160032855955, -0.021415357986410057, -0.03346617725608444, -0.046691831601263334, -0.05683644917715178, 0.036942868737273496], [0.006789216221438985, -0.012338091199124586, -0.021415357986410057, 0.05711821329376312, -0.033474828018344754, -0.019641613962672964, -0.07061691202610146, 0.016315487587813437], [0.07198118289375713, -0.061733293580478736, -0.03346617725608444, -0.033474828018344754, 0.21859055347343218, 0.07460844240751732, 0.1517488119070671, -0.00841905390088066], [0.0016154769552107233, -0.010504756448848686, -0.04669183160126333, -0.019641613962672964, 0.07460844240751731, 0.05625703164800885, 0.09935773827485427, -0.034975709408323424], [0.012716100395059151, -0.01642841310346286, -0.056836449177151784, -0.07061691202610146, 0.1517488119070671, 0.09935773827485428, 0.23473278674356535, -0.061244865622932514], [0.02439791152158012, -0.006293039215665646, 0.036942868737273496, 0.016315487587813433, -0.008419053900880656, -0.034975709408323424, -0.061244865622932514, 0.03749186576953899]], [[0.19849402101284383, -0.30450013434656936, -0.13590520700026684, 0.18356368616163599, 0.30187043407008474, 0.03542869308645537, 0.03107379291452629, 0.09511350554536113], [-0.30450013434656936, 0.5148192028285999, 0.08330848147449783, -0.2801208598694148, -0.46268223680183745, -0.05066336198547845, -0.0301151367508232, -0.131591697691916], [-0.13590520700026684, 0.08330848147449783, 0.6182085763960715, -0.10040654088560816, -0.28403437970462186, -0.042635789241224596, -0.10544916313729426, -0.1268116062613218], [0.18356368616163596, -0.2801208598694148, -0.10040654088560813, 0.2139983414513037, 0.25747481385345017, 0.0299221431465652, 0.002768382986935037, 0.08931767342708426], [0.30187043407008474, -0.4626822368018375, -0.28403437970462186, 0.2574748138534502, 0.5036233143429257, 0.06771830395487868, 0.07911153407181319, 0.1455680156861588], [0.03542869308645537, -0.05066336198547845, -0.042635789241224596, 0.0299221431465652, 0.06771830395487868, 0.020999379595504502, 0.015655026457771785, 0.008865391112393888], [0.03107379291452629, -0.030115136750823192, -0.10544916313729426, 0.00276838298693503, 0.0791115340718132, 0.015655026457771785, 0.10751723837763831, 0.02561025946538291], [0.09511350554536112, -0.131591697691916, -0.12681160626132176, 0.08931767342708426, 0.1455680156861588, 0.008865391112393891, 0.02561025946538291, 0.06279993370687954]], [[0.44303183182126754, 0.1193057544854326, -0.0020911565109769763, -0.257220500184476, -0.10063010748271514, 0.061231896888272734, -0.051284187197236625, -0.12306584422460208], [0.1193057544854326, 0.1706872631543142, 0.010609608852858766, 0.10903637970930405, 0.2903718528522791, -0.005977879422175379, -0.07101411665239367, -0.059450624936241515], [-0.0020911565109769763, 0.010609608852858762, 0.010167961660220964, -0.046964735542046186, 0.02450736524948391, 0.041669937173602116, -0.015385693460549134, 0.01153937574231235], [-0.25722050018447606, 0.10903637970930409, -0.046964735542046186, 1.0397632854075032, 0.46769360558698203, -0.4052142205278015, 0.062404718490138414, -0.12317079810134217], [-0.10063010748271514, 0.2903718528522791, 0.02450736524948391, 0.46769360558698203, 0.88616031528245, -0.030163056257199828, -0.17365104599062117, -0.001812936184334914], [0.06123189688827275, -0.005977879422175391, 0.04166993717360211, -0.40521422052780154, -0.030163056257199835, 0.3171888313493277, -0.09514899701083297, 0.06573016150607824], [-0.051284187197236625, -0.07101411665239367, -0.015385693460549136, 0.06240471849013843, -0.17365104599062117, -0.09514899701083299, 0.08692041973714715, 0.017216905768202347], [-0.12306584422460208, -0.059450624936241515, 0.01153937574231235, -0.12317079810134217, -0.0018129361843349126, 0.06573016150607824, 0.017216905768202347, 0.2220338118526276]], [[0.025279902192025003, -0.010113298063659067, 0.008322885978691527, -0.08424136510835624, 0.025860630300645445, -0.024882217848487907, -0.012602728543542998, 0.0063347292012741144], [-0.010113298063659066, 0.036579536475023336, -0.016699688710557766, 0.05659886141549405, -0.04323781008775927, 0.001244049538135019, -0.01887595491866237, -0.003173854465495864], [0.00832288597869153, -0.016699688710557766, 0.021379752808450933, -0.10247641376834914, 0.0348788876563478, -0.01457040879276337, 0.014411519887874901, -0.006722883196344647], [-0.08424136510835624, 0.05659886141549406, -0.10247641376834914, 0.6662216108312354, -0.18143278381941344, 0.13941793826050672, -0.0032871264849288076, 0.026430660247524267], [0.025860630300645445, -0.04323781008775927, 0.0348788876563478, -0.18143278381941344, 0.08421844046624209, -0.019035594331052393, 0.0066994062828927515, -0.014171372623653668], [-0.024882217848487903, 0.0012440495381350212, -0.014570408792763372, 0.1394179382605067, -0.019035594331052393, 0.0543889598257609, 0.0020488916085212587, -0.01432996624698645], [-0.012602728543542998, -0.01887595491866237, 0.014411519887874901, -0.003287126484928807, 0.006699406282892753, 0.0020488916085212618, 0.051282151794077316, 0.008011344419625484], [0.006334729201274113, -0.003173854465495863, -0.006722883196344647, 0.026430660247524263, -0.014171372623653668, -0.014329966246986448, 0.008011344419625487, 0.02518917792621919]]]}