{"entropy_prior_gmm": 4.6051701859880925e-09, "entropy_Mean_gmm": 0.009122299961745739, "entropy_z_nk_prior": 0.16198771762772968, "entropy_Mean_z_nk": 0.1459265828459299, "entropy_mixing_prior": 85.69175851611257, "entropy_Mean_mixing": 1.0215187674607922}