{"MAP index": 111, "entropy_prior_gmm": 4.6051701859880925e-09, "entropy_MAP_gmm": 0.00534186651930213, "entropy_z_nk_prior": 0.18270892364249625, "entropy_MAP_z_nk": 0.1623373409564541, "entropy_mixing_prior": 85.69175851611257, "entropy_MAP_mixing": 1.0384425107268063}