,X,Y,Z,id,nugget
0,100.0,0.0,-825.0,48928261,1e-05
1,300.0,0.0,-821.0001536982614,48928261,1e-05
2,900.0,0.0,-825.0,48928261,1e-05
3,100.0,0.0,-844.9999999999999,32591755,1e-05
4,300.0,0.0,-837.8417158675395,32591755,1e-05
5,900.0,0.0,-844.9999999999999,32591755,1e-05
