{"weights": [0.41958485248556737, 0.4017908559913673, 0.1786242915230654], "means": [[-2.0555932241858392, -0.5582192692337627, 0.08670083535845972, -0.3779821059220412, 0.11074895459964358, -0.08967861422694985, -0.015322033808066213, -0.0073404156848245455], [1.3648426943372862, -0.9901145351964478, 0.2680562646946318, 0.42000946568080944, -0.1123612905342248, 0.09691849091946111, 0.012187753948462526, 0.004392182192824754], [1.7585204263690175, 3.5383726982089168, -0.8066143301744304, -0.05688138213594178, -0.007405737838352424, -0.007351605401482585, 0.00857646622701146, 0.007362876449561517]], "cov": [[[0.016459107220278133, -0.0056523212925273765, 0.0021787364003304013, -0.030705449704964072, 0.010174940234547345, -0.010212045381200716, -0.008822769488946692, 0.0057435716001294], [-0.0056523212925273765, 0.027074557412654344, -0.01114348893422356, 0.02261867713789976, -0.024361217506291544, -0.0020740500537518914, -0.01923103017444362, -0.006205178518626177], [0.0021787364003304013, -0.01114348893422356, 0.014955565437487488, -0.049469702151884495, 0.019667078439539635, -0.0012682514935466978, 0.018138533398481323, -0.0059560829526403205], [-0.030705449704964072, 0.02261867713789976, -0.049469702151884495, 0.23057531528908712, -0.06858288155541023, 0.026499103533375225, -0.0296119787536817, 0.0214907285519091], [0.010174940234547345, -0.024361217506291544, 0.019667078439539635, -0.06858288155541023, 0.04248440585780484, 0.0035375015255343033, 0.011589307475628174, -0.011191428001036776], [-0.010212045381200716, -0.0020740500537518914, -0.0012682514935466978, 0.026499103533375225, 0.0035375015255343033, 0.021399960861635578, -0.004320522323808524, -0.013896973287551927], [-0.008822769488946692, -0.01923103017444362, 0.018138533398481323, -0.0296119787536817, 0.011589307475628174, -0.004320522323808524, 0.05194890301020459, 0.007581518923216478], [0.0057435716001294, -0.006205178518626177, -0.0059560829526403205, 0.0214907285519091, -0.011191428001036776, -0.013896973287551927, 0.007581518923216478, 0.02469881905789874]], [[8.721866677473837, -2.5293250242519356, 0.343659055824086, -1.3349053152411576, 0.3394277687608769, -0.3087433573714104, -0.05186849873339081, -0.03940188778047143], [-2.5293250242519356, 4.59376726616693, 1.5485481270699974, 0.3067350554627926, 0.04895956885938498, 0.0570545646672606, 0.010121939589889927, -0.014437511529965641], [0.343659055824086, 1.5485481270699974, 1.2507652551929789, -0.09607640993077927, 0.03842764668864562, -0.012538008876004396, -0.008788427402006568, 0.008815668293218474], [-1.3349053152411576, 0.3067350554627926, -0.09607640993077927, 0.919695741231016, 0.1594142367926652, -0.09589914057225754, 0.04798249771995061, -0.03146460027472133], [0.3394277687608769, 0.04895956885938498, 0.03842764668864562, 0.1594142367926652, 0.5450689510392013, -0.011620827083097014, -0.06710695108430764, 0.015540399317089388], [-0.3087433573714104, 0.0570545646672606, -0.012538008876004396, -0.09589914057225754, -0.011620827083097014, 0.19613107528533572, -0.03713591172601129, 0.025769753255780483], [-0.05186849873339081, 0.010121939589889927, -0.008788427402006568, 0.04798249771995061, -0.06710695108430764, -0.03713591172601129, 0.07882091112246105, 0.01290244115488168], [-0.03940188778047143, -0.014437511529965641, 0.008815668293218474, -0.03146460027472133, 0.015540399317089388, 0.025769753255780483, 0.01290244115488168, 0.12576932556714485]], [[0.13291311521942084, -0.17536364437992547, 0.23601524447943448, 0.06029550437205495, 0.1053348501211845, 0.0008319542903636414, 0.010913805692705001, 0.013262184909771029], [-0.17536364437992547, 0.504544704687881, 0.10771266039560493, -0.10203480280122851, -0.13172332360827863, 0.000807274180479445, -0.0008886254983454023, 0.021155298933920798], [0.23601524447943448, 0.10771266039560493, 2.7413430344093235, 0.11016482733594148, -0.09341494055427572, -0.01492203608010903, -0.020148999937259358, -0.0010532707663562576], [0.06029550437205495, -0.10203480280122851, 0.11016482733594148, 0.0979863797309026, 0.00658276236435236, -0.018139323069075255, -0.06300270516329085, 0.010045945722981562], [0.1053348501211845, -0.13172332360827863, -0.09341494055427572, 0.00658276236435236, 0.25128060762597, 0.06560042857038569, 0.13085468363025457, -0.005593358518756333], [0.0008319542903636414, 0.000807274180479445, -0.01492203608010903, -0.018139323069075255, 0.06560042857038569, 0.05135899899496009, 0.08785938703892551, -0.027771488160370818], [0.010913805692705001, -0.0008886254983454023, -0.020148999937259358, -0.06300270516329085, 0.13085468363025457, 0.08785938703892551, 0.21544230465982192, -0.04727885509336729], [0.013262184909771029, 0.021155298933920798, -0.0010532707663562576, 0.010045945722981562, -0.005593358518756333, -0.027771488160370818, -0.04727885509336729, 0.0406935593142927]]]}