{"weights": [0.16840891571531197, 0.007859945782266904, 0.46257753068264057, 0.12628897575095843, 0.15382424277055806, 0.081040389298264], "means": [[-6.871111868681593, -0.6425132457458655, -0.3146968330714985], [-0.989504578604521, -0.4753318556039397, 0.10216990775102489], [3.49469397285675, -0.29431400127879, 0.007749342255501123], [-0.5074805836405707, 0.5276196031390269, 0.5741991218231782], [-3.0504805354921243, 0.5524810590808579, 0.5188802127374869], [0.6803984656891765, 1.4309599627639165, -1.0929051519332527]], "cov": [[[1.0103066737002016, 0.05275769839124225, -0.9153177621258741], [0.0527576983912422, 4.7500285067669985, -3.519288900772831], [-0.915317762125874, -3.51928890077283, 9.42486316721958]], [[16863.52065578587, -16.278463334704778, 1246.5226018922306], [-16.278463334704778, 289.2607162016046, 95.18767176173701], [1246.5226018922303, 95.187671761737, 196.28243191246207]], [[337.0053968628146, -143.666400769446, -118.05015639919999], [-143.666400769446, 67.68804460075415, 54.35008246377792], [-118.0501563992, 54.35008246377792, 48.351130684003245]], [[613.9211243298155, -179.0827305012979, -120.8668542372598], [-179.08273050129793, 72.23847064160171, 45.99628360751503], [-120.86685423725983, 45.99628360751503, 32.29475890368571]], [[1039.6280693798324, -62.61048172941355, -200.24503900991726], [-62.610481729413564, 53.695187775186255, 38.10500879627633], [-200.2450390099173, 38.10500879627633, 85.60165646799528]], [[215.15641924355572, -40.25504067691486, -73.15507249581059], [-40.25504067691486, 84.24874458751879, 70.93012626929914], [-73.15507249581057, 70.93012626929915, 131.87117626403725]]]}