,X,Y,Z,id,nugget
0,100.0,0.0,-825.0,73991476,1e-05
1,300.0,0.0,-826.9089959131202,73991476,1e-05
2,900.0,0.0,-825.0,73991476,1e-05
3,100.0,0.0,-844.9999999999999,95466536,1e-05
4,300.0,0.0,-843.482914417534,95466536,1e-05
5,900.0,0.0,-844.9999999999999,95466536,1e-05
