,X,Y,Z,id,nugget
0,100.0,0.0,-825.0,1621678,1e-05
1,300.0,0.0,-824.9418720694199,1621678,1e-05
2,900.0,0.0,-825.0,1621678,1e-05
3,100.0,0.0,-844.9999999999999,41523231,1e-05
4,300.0,0.0,-839.247593990586,41523231,1e-05
5,900.0,0.0,-844.9999999999999,41523231,1e-05
