{"weights": [0.4434077552968827, 0.39763087556627824, 0.15896136913683911], "means": [[-2.1122232118690922, -0.518452183246547, 0.03733351305646773, -0.02537616384828435, 0.003122583637944507, -0.0031131049104451453, -0.006279729542441003, -0.006261022678007183], [1.8266301139318808, 3.6154831932265536, -0.03863459020830142, 0.0018335653306665216, -0.004029258961062627, 0.00031152318111926105, 0.017257134194020286, 0.02433682268156673], [3.9169910004214534, -2.6842236751922317, -0.046650922843926135, 0.08046488369227256, -0.006036759243781004, 0.020038615840513786, -0.020283631318680946, -0.006084541347343138]], "cov": [[[0.058185385311692005, 0.00015654707641030012, 0.010842304723805403, -0.0928178314286334, 0.023504375913997254, -0.024586341093797492, -0.007721041909468587, 0.0011093256574451055], [0.00015654707641030315, 0.03928147656298719, -0.013819055032668622, 0.06416176541445795, -0.030079600655813124, 0.00940990320032261, -0.010624052520948191, -0.0011671746044615754], [0.010842304723805403, -0.013819055032668622, 0.020757154740289177, -0.10546607270024394, 0.032810403101783195, -0.01806163444544706, 0.009924017067080546, -0.0053874834539700996], [-0.09281783142863341, 0.06416176541445795, -0.10546607270024394, 0.6769620930803838, -0.18916295211527334, 0.1398545318574684, -0.004932180406988351, 0.024986170246827814], [0.023504375913997254, -0.030079600655813124, 0.03281040310178319, -0.18916295211527331, 0.0728606835801909, -0.024825864833528513, -0.0010858647433361502, -0.016895090463744718], [-0.024586341093797492, 0.009409903200322608, -0.01806163444544706, 0.1398545318574684, -0.02482586483352851, 0.04855016348979855, -0.006805304341442221, -0.011786233656352799], [-0.007721041909468587, -0.010624052520948188, 0.009924017067080546, -0.0049321804069883506, -0.0010858647433361515, -0.006805304341442221, 0.03637690357285588, 0.01201349140788527], [0.001109325657445105, -0.0011671746044615767, -0.0053874834539700996, 0.024986170246827814, -0.016895090463744718, -0.011786233656352799, 0.01201349140788527, 0.020749445477360868]], [[0.19897311676986548, -0.04987978598810605, 0.46390107923748103, 0.10274996441114558, 0.07986968789084854, -0.0007033282735313991, -0.02353877198901054, 0.04320979725863673], [-0.04987978598810605, 0.3589445368403606, 0.17812286991088663, -0.07240480103539151, -0.2083311112722112, -0.03765390558569198, -0.05651902210011406, -0.03709310619390772], [0.4639010792374811, 0.17812286991088666, 5.238750167778186, 0.3181842581752369, -0.11055213029755058, 0.002103850213509202, -0.01931930254831168, 0.009359318450997646], [0.10274996441114558, -0.07240480103539151, 0.3181842581752368, 0.1081685796339223, 0.0374465532799883, -0.003700153525929014, -0.033341069732137074, 0.03188078194113167], [0.07986968789084854, -0.2083311112722112, -0.11055213029755058, 0.03744655327998829, 0.2298097295353494, 0.04922847385583715, 0.08636808724076414, 0.03045523575353879], [-0.0007033282735314008, -0.03765390558569198, 0.002103850213509202, -0.0037001535259290103, 0.04922847385583716, 0.03607439600091942, 0.05402731478368855, -0.020629239797739136], [-0.023538771989010544, -0.05651902210011406, -0.019319302548311677, -0.03334106973213707, 0.08636808724076414, 0.05402731478368855, 0.14683742645541262, -0.028868709875259958], [0.043209797258636724, -0.03709310619390772, 0.009359318450997644, 0.03188078194113167, 0.030455235753538798, -0.020629239797739136, -0.02886870987525996, 0.03984203373103779]], [[0.9846623495149234, -0.12187351289467223, -0.005034118762263266, -0.29849760477024034, -0.1252574912696475, 0.0790190293121536, -0.05709108667301506, -0.12769376626052653], [-0.12187351289467223, 0.34364426663604647, 0.015877137315979506, 0.14567750175402353, 0.3584665106199512, 0.0037025962348062815, -0.0762882910976132, -0.007481119066065935], [-0.005034118762263268, 0.01587713731597951, 0.014305566628722198, -0.04929102887579171, 0.021216846652194653, 0.043120926494909194, -0.018555500001524592, 0.010654219151287623], [-0.29849760477024023, 0.14567750175402353, -0.04929102887579171, 1.1524673660770441, 0.5432660756619333, -0.43963397934175996, 0.05986696854445167, -0.13513808633506663], [-0.12525749126964747, 0.3584665106199512, 0.021216846652194653, 0.5432660756619334, 0.9378187025297131, -0.06550456245232114, -0.17574144909364306, -0.03509290318014449], [0.07901902931215357, 0.0037025962348062776, 0.043120926494909194, -0.4396339793417599, -0.06550456245232117, 0.3245187734408464, -0.09299307975076951, 0.05644455499795648], [-0.05709108667301504, -0.0762882910976132, -0.018555500001524592, 0.059866968544451664, -0.17574144909364306, -0.09299307975076951, 0.08665499816561481, 0.02201164483077232], [-0.12769376626052653, -0.007481119066065923, 0.010654219151287623, -0.13513808633506666, -0.03509290318014448, 0.05644455499795648, 0.02201164483077232, 0.19301382840605968]]]}