{"weights": [0.5089334325187505, 0.19977386076798487, 0.29128930242597634, 3.4042872883418034e-06, 1.6818541806771286e-19, 1.9535150790186394e-41], "means": [[-2.0421586171688126, -0.5503467138042957, 0.1033450575998767, -0.49604683210977885, 0.12264373593665301, -0.10887660553729517, -0.018994333024222945, -0.019042383422930215], [4.0175045887677925, -2.7173984017599513, -0.06359155763190542, 0.051664352178986205, -0.0389709923329557, 0.003044664506879226, -0.023032371025081908, -0.012168128622079643], [-2.279655452661844, -0.469078975842681, -0.1208837428166061, 1.0360230039120184, -0.2357377028834114, 0.22871883889779723, 0.0194509030740156, 0.024859099408172335], [2.1428066082889448, 3.6912841928775877, 3.262679675194468, 0.23955698421993762, -0.006982672682987672, 0.03824638017583367, 0.0668420522101991, 0.02446919545477954], [1.7712446709089367, 3.4822113073384933, -1.616597473724764, -0.21172874665757474, 0.4278533285111296, 0.2047607521528512, 0.4893628960085066, -0.08363146970840368], [1.6272781242662706, 3.626650289028595, -1.3446910186300058, -0.03594675803622716, -0.2591499515110875, -0.15001715487918635, -0.26213893391485216, 0.058549786818358505]], "cov": [[[0.021404465650102372, -0.010711807928346318, 0.008961813614853799, -0.07280309899269943, 0.023348726452780633, -0.01831971509438099, -0.007897004400253522, 0.0036752042156986747], [-0.010711807928346318, 0.032390561595379896, -0.017898457515999108, 0.06760485535030179, -0.039022086895869564, 0.007274141566559294, -0.01940690412607468, -0.004107778213179888], [0.008961813614853799, -0.017898457515999108, 0.021752812771912853, -0.09843714823148608, 0.03584615279810422, -0.01152762267090811, 0.016217081161075907, -0.007298430340052638], [-0.07280309899269943, 0.06760485535030179, -0.09843714823148608, 0.5664011979753149, -0.1779891480258185, 0.09187188238920768, -0.02146340338621868, 0.03534300459215088], [0.023348726452780633, -0.039022086895869564, 0.03584615279810422, -0.1779891480258185, 0.07841770406903985, -0.01809655923484198, 0.010499468547255766, -0.015651105190128942], [-0.01831971509438099, 0.007274141566559294, -0.01152762267090811, 0.09187188238920768, -0.01809655923484198, 0.033558488082705965, -0.0044526857779968445, -0.011141813618408731], [-0.007897004400253522, -0.01940690412607468, 0.016217081161075907, -0.02146340338621868, 0.010499468547255766, -0.0044526857779968445, 0.05029941243008925, 0.009741505042989798], [0.0036752042156986747, -0.004107778213179888, -0.007298430340052638, 0.03534300459215088, -0.015651105190128942, -0.011141813618408731, 0.009741505042989798, 0.02497832418773581]], [[13.040486066822792, -4.435140212603516, 0.07917554912422603, -2.7541882811810225, 0.2266347066681296, -0.7834350907893751, -0.27237080216744153, -0.09591832043830446], [-4.435140212603516, 1.6388337423450565, -0.019343291471381877, 0.8979832790007023, -0.10845346650862087, 0.294426779558059, 0.052726602296353516, -0.01993454219022136], [0.07917554912422603, -0.019343291471381877, 0.021957486106890148, -0.07227235807972882, 0.025267286027903388, 0.031577068484356, -0.00909563082590963, 0.011652857814829365], [-2.7541882811810225, 0.8979832790007023, -0.07227235807972882, 1.124549738796835, 0.006231475931523474, -0.13116973341376956, 0.1412737899952039, -0.0037137650401066597], [0.2266347066681296, -0.10845346650862087, 0.025267286027903388, 0.006231475931523474, 0.4526650437565767, 0.029261658154166956, -0.10293809168326395, 0.08307011174892973], [-0.7834350907893751, 0.294426779558059, 0.031577068484356, -0.13116973341376956, 0.029261658154166956, 0.32233189684105285, -0.08081527932207665, 0.029636240278987636], [-0.27237080216744153, 0.052726602296353516, -0.00909563082590963, 0.1412737899952039, -0.10293809168326395, -0.08081527932207665, 0.08799626337962874, -0.0007092563871006003], [-0.09591832043830446, -0.01993454219022136, 0.011652857814829365, -0.0037137650401066597, 0.08307011174892973, 0.029636240278987636, -0.0007092563871006003, 0.15443875587121497]], [[21.287758115896644, 10.520899714861848, 0.6408785633640124, -3.6605007913583556, 1.7258122136771217, -1.3125731725710705, -0.05076500358523872, -0.4171246970666716], [10.520899714861848, 14.33978901187743, 0.31887807763085535, -3.252759129324073, 0.48988195728702794, -0.5463541255239407, 0.001951492959921011, 0.08175483991364815], [0.6408785633640124, 0.31887807763085535, 3.8814534589100362, 0.17480878482472206, -0.060393432977024916, -0.013205835099022765, -0.01816254649301608, -0.00030053778033146527], [-3.6605007913583556, -3.252759129324073, 0.17480878482472206, 1.181409650924495, -0.0012592537645918793, 0.1819607966400447, -0.06231552588253516, 0.019580232100581883], [1.7258122136771217, 0.48988195728702794, -0.060393432977024916, -0.0012592537645918793, 0.6470497165498926, -0.07002382654408075, 0.049151026023424166, -0.05039018707770444], [-1.3125731725710705, -0.5463541255239407, -0.013205835099022765, 0.1819607966400447, -0.07002382654408075, 0.1504803341016305, 0.06634860484322562, 0.019879063244119487], [-0.05076500358523872, 0.001951492959921011, -0.01816254649301608, -0.06231552588253516, 0.049151026023424166, 0.06634860484322562, 0.1685035539118603, -0.01387356361276867], [-0.4171246970666716, 0.08175483991364815, -0.00030053778033146527, 0.019580232100581883, -0.05039018707770444, 0.019879063244119487, -0.01387356361276867, 0.08949928897249963]], [[0.262905778624201, 0.005752857298407499, 2.0365840926060597, 0.16019908153761747, 0.10524359342616131, 0.03732890159357051, 0.07138402352005356, 0.025246382407435482], [0.005752857298407499, 0.11266469084026871, 0.7170798423892548, 0.016647671857076943, -0.09410170789556403, 0.003014073733514016, 0.016549459221170015, -0.018846995142083742], [2.0365840926060597, 0.7170798423892548, 21.75518995315848, 1.4078339247015366, -0.006889617798521229, 0.3562468128992646, 0.7130873372644091, -0.0870413641329255], [0.16019908153761747, 0.016647671857076943, 1.4078339247015366, 0.15064078267168862, -0.00018701154410482074, 0.007372985520091801, -0.008005451533578147, 0.016668516838297363], [0.10524359342616131, -0.09410170789556403, -0.006889617798521229, -0.00018701154410482074, 0.2584908582849647, 0.07110067393375495, 0.11633338570227084, 0.011241646723806193], [0.03732890159357051, 0.003014073733514016, 0.3562468128992646, 0.007372985520091801, 0.07110067393375495, 0.056656668670476557, 0.09311068169999497, -0.031226740424528075], [0.07138402352005356, 0.016549459221170015, 0.7130873372644091, -0.008005451533578147, 0.11633338570227084, 0.09311068169999497, 0.19968721157474884, -0.05389537081017582], [0.025246382407435482, -0.018846995142083742, -0.0870413641329255, 0.016668516838297363, 0.011241646723806193, -0.031226740424528075, -0.05389537081017582, 0.040414134370292204]], [[0.08549986636736473, -0.06543307176703156, -0.011409182517954688, 0.028675925570942475, 0.14184369100033717, 0.013023663041834969, 0.020685038836726857, 0.03848466749690139], [-0.06543307176703156, 0.06906055995413604, 0.0382832827622673, -0.021819415505930122, -0.13111011462744673, -0.022624805426967, -0.03144557030205616, -0.020974719937515138], [-0.011409182517954688, 0.0382832827622673, 0.1309417101899219, 0.025683753282761707, -0.13077486961188378, -0.07712210835710008, -0.14515335172042845, 0.0416824715759861], [0.028675925570942475, -0.021819415505930122, 0.025683753282761707, 0.07970529144494637, -0.054574426974242314, -0.060919362350966906, -0.15417912013016183, 0.05576921472256083], [0.14184369100033717, -0.13111011462744673, -0.13077486961188378, -0.054574426974242314, 0.4790309047839827, 0.18910366198237505, 0.3714464113641493, -0.04346611759732969], [0.013023663041834969, -0.022624805426967, -0.07712210835710008, -0.060919362350966906, 0.18910366198237505, 0.12352739176744047, 0.2475933305948728, -0.07287233865269058], [0.020685038836726857, -0.03144557030205616, -0.14515335172042845, -0.15417912013016183, 0.3714464113641493, 0.2475933305948728, 0.5534510434575339, 