{"weights": [0.1107346864860589, 0.18426505280094585, 0.35507344800397883, 0.11486451784435493, 0.07420850848596695, 0.16085378637869457], "means": [[-3.6882459751646373, 0.465248438187778, 0.3965390454258689, -0.13396595128437522, -0.03398778524811587, 0.07918591172511737, -0.0669332207200959, 0.014730169883475587], [-1.069608103605947, 0.5571272233470655, 0.5168970942317838, -0.009783996366272736, 0.030394766073318303, -0.057759967367241476, 0.00934978752499133, -0.00563222016858555], [3.9224854610370823, -0.45174410491691513, -0.09189099966881668, -0.028300219231053456, 0.019415318462581228, 0.00014104372011186433, -0.004693951162388669, 0.003880211373319925], [2.7412462050772874, -0.043691343446955105, 0.19258092343393263, 0.0946491036158638, -0.10522293303454991, -0.003236412455280748, 0.015214376134390343, 0.011184275522924473], [0.7998118291208735, 1.436566097639246, -1.0773426952281735, 0.011128829450918538, -0.01013666549008856, -0.009931364644673802, 0.003763570061476078, 0.0015306844364769596], [-6.85103473592714, -0.6559455962461483, -0.2909764599524647, 0.037474495298951, 0.0005666922360149373, -0.01095197909896769, 0.01044495286318179, 0.0007622071311784865]], "cov": [[[0.24568580109112242, 0.028350958577908356, 0.044326614928152756, -0.012099622790111222, 0.008983863273681792, 0.0006392806939001587, 0.013683192106242284, 0.0008754149459448148], [0.028350958577908356, 0.005605612329591418, 0.000996223084724103, 0.002221310556748504, 0.003402298395147227, -0.0005907612155416903, 0.0022146434257949246, 0.0007775817647135589], [0.044326614928152756, 0.000996223084724103, 0.015903153975738542, -0.00890289631239304, -0.0022556137222222348, 0.0015172113892871998, 0.0009785424172476364, -0.000938337809694233], [-0.012099622790111222, 0.002221310556748504, -0.00890289631239304, 0.007270591970583337, 0.0039051318844774896, -0.0013490979238296214, 0.0006918542563886266, 0.0014425624777786737], [0.008983863273681792, 0.003402298395147227, -0.0022556137222222348, 0.0039051318844774896, 0.004783722023318079, -0.000422150304480263, 0.0013031896805923906, 0.0016894661311007847], [0.0006392806939001587, -0.0005907612155416903, 0.0015172113892871998, -0.0013490979238296214, -0.000422150304480263, 0.0011004014589983762, 5.833015953815421e-05, -0.0005757531047609296], [0.013683192106242284, 0.0022146434257949246, 0.0009785424172476364, 0.0006918542563886266, 0.0013031896805923906, 5.833015953815424e-05, 0.0014203678805561743, 0.00020249638540379734], [0.0008754149459448147, 0.0007775817647135588, -0.0009383378096942329, 0.0014425624777786735, 0.0016894661311007847, -0.0005757531047609296, 0.00020249638540379734, 0.0011679972517173395]], [[0.5528654655000901, -0.0063247688185184125, 0.05118398945906177, 0.05068076546191693, 0.023431178040060594, 0.03678349623510742, -0.01852200676091011, -0.004606065959532412], [-0.0063247688185184125, 0.0010775566341744596, -0.0010802951790098647, -0.00034886624648508937, -0.0012140965133210452, 0.00028593875526999456, 7.765366465889088e-05, -5.417495114035117e-05], [0.05118398945906176, -0.0010802951790098647, 0.007057118530783973, 0.005374567999669895, 0.003503877587777291, 0.004671290000226669, -0.0022060641362798544, -0.00016226616171909712], [0.05068076546191693, -0.00034886624648508937, 0.005374567999669896, 0.007282117090969071, 0.0037933268069903167, 0.00451921058127203, -0.0021200333386771036, -0.0011412259984404187], [0.02343117804006059, -0.0012140965133210452, 0.003503877587777291, 0.003793326806990316, 0.004545781805608492, 0.002097217367111373, -0.0003825859114324561, -0.0007543895418759746], [0.03678349623510742, 0.00028593875526999456, 0.004671290000226669, 0.00451921058127203, 0.002097217367111373, 0.0056670949633637465, -0.00045544272530420636, -0.0006219789121205778], [-0.01852200676091011, 7.76536646588909e-05, -0.002206064136279854, -0.0021200333386771036, -0.000382585911432456, -0.00045544272530420604, 0.002443816983017915, 4.1399339419359434e-05], [-0.004606065959532412, -5.4174951140351145e-05, -0.00016226616171909717, -0.0011412259984404187, -0.0007543895418759746, -0.0006219789121205778, 4.139933941935948e-05, 0.001420270903830085]], [[0.043916013962677435, -0.018168000675632907, -0.015516038441499605, -0.03734251967573384, 0.008054393660388895, -0.0012306823539465907, 0.00028405387603687877, 0.0006046657255148608], [-0.01816800067563291, 0.00929771107540395, 0.0052119749393177844, 0.015710828514303672, -0.0026187491193385287, 0.0007842338784010308, -0.0012531261170724175, -0.00043549105225019927], [-0.015516038441499604, 0.005211974939317783, 0.006968946037441738, 0.015847053010218513, -0.0014526233631604057, 0.0003938709516313365, 0.0003394760020953828, 0.0002953269707385527], [-0.037342519675733835, 0.015710828514303672, 0.01584705301021851, 0.0521596410512683, 0.002333353449962912, 0.0013203525386539816, -0.0017264006879213225, 0.001269073417366886], [0.008054393660388893, -0.0026187491193385283, -0.0014526233631604057, 0.002333353449962911, 0.014899772548426159, 0.0004847366836500533, -0.0013062005849158087, 0.0015594738341734265], [-0.0012306823539465904, 0.0007842338784010306, 0.0003938709516313365, 0.0013203525386539816, 0.00048473668365005333, 0.0020060374998804907, 0.0012065791134438242, -0.0004821238662394654], [0.00028405387603687866, -0.0012531261170724178, 0.00033947600209538285, -0.0017264006879213222, -0.0013062005849158085, 0.0012065791134438242, 0.002290620625306659, 0.0001307354387238275], [0.0006046657255148605, -0.00043549105225019916, 0.00029532697073855285, 0.0012690734173668857, 0.0015594738341734268, -0.00048212386623946524, 0.00013073543872382752, 0.003827458306066063]], [[0.04124156592855496, -0.012904539561399423, -0.008564746147629204, 0.006036065172171332, 0.0037505991863345683, -0.0026027682116627616, -0.0015741200798893888, -0.004850761794121122], [-0.012904539561399423, 0.004330665081598632, 0.002390105646830651, -0.0017518827375438064, -0.0016040561796727502, 0.0005316379607428314, 0.00015039361110998542, 0.0014674217387951132], [-0.008564746147629204, 0.002390105646830651, 0.002907741460141544, -0.0017394635355062623, -0.0005775493694836519, 0.0010269905701000917, -4.6457522060913236e-05, 0.0011417567367144573], [0.006036065172171332, -0.0017518827375438064, -0.0017394635355062623, 0.0015609557798520587, 0.0008328916402334963, -0.0005638590038028076, -0.00011141488848389622, -0.001176319120568557], [0.0037505991863345683, -0.0016040561796727502, -0.0005775493694836519, 0.0008328916402334963, 0.0021492548141217238, 0.000683797985634109, 0.0011361021630615863, -0.000886730289256928], [-0.0026027682116627616, 0.0005316379607428313, 0.0010269905701000917, -0.0005638590038028076, 0.0006837979856341089, 0.0013942609436644305, 0.001173431047903584, 0.00024684548265668056], [-0.0015741200798893888, 0.00015039361110998536, -4.6457522060913216e-05, -0.00011141488848389622, 0.0011361021630615863, 0.0011734310479035843, 0.0020995620604779934, 0.00035895348042917763], [-0.004850761794121122, 0.0014674217387951132, 0.0011417567367144573, -0.0011763191205685572, -0.000886730289256928, 0.00024684548265668067, 0.0003589534804291777, 0.0024973287479560856]], [[0.3670891958264528, -0.02425353465176555, -0.07047185526789722, 0.01896319770770804, -0.03685481982796806, -0.015995086069544914, 0.001168404098903623, -0.00645666626077651], [-0.02425353465176555, 0.002129193276543622, 0.003969805176097358, -0.0016316101525114758, 0.002268231512254897, -2.7298657583756323e-05, -0.000605644189475572, 0.0022586221266749163], [-0.07047185526789722, 0.003969805176097358, 0.014577145314431307, -0.0031181398271679403, 0.007291493430911228, 0.0042885776592892465, 0.00028297143583509666, -0.0012170727169641187], [0.01896319770770804, -0.0016316101525114758, -0.0031181398271679403, 0.001851331781562129, -0.0011070825584167739, 0.00021518333538623848, 0.0006149681465448372, -0.0021074321295315624], [-0.03685481982796806, 0.002268231512254897, 0.007291493430911228, -0.0011070825584167739, 