{"MAP index": 95, "entropy_prior_gmm": 4.6051701859880925e-09, "entropy_MAP_gmm": 4.605170023097571e-09, "entropy_z_nk_prior": 0.0633111788877876, "entropy_MAP_z_nk": 0.03832415293574715, "entropy_mixing_prior": 85.69175851611257, "entropy_MAP_mixing": 0.9797465042340129}