{"weights": [0.5707782310675021, 0.2010166323794175, 0.2282051365530803], "means": [[-2.1163121514886067, -0.5184641764669794, 0.031616234721473624, 0.013093081978453545, 0.006312898270917698, 0.011855664038673637, -0.012625723787386347, -0.013304410423972693], [3.8915210312043795, -2.775587325619366, -0.04639656235684925, 0.11645298576408955, -0.09006572596178411, -0.04101682236397673, 0.040849273513267496, 0.05083568187577844], [1.8151999809614434, 3.6624750091405893, 0.2749382390058804, -0.032631400090867145, -0.04801766597511756, -0.0019065292489148919, 0.071226536389684, 0.006137279455367381]], "cov": [[[0.024790808788009572, -0.010525261205546059, 0.010584074912338755, -0.09441790698810654, 0.028374913974143122, -0.025948973054564155, -0.010713339647695953, 0.004536652590528982], [-0.010525261205546057, 0.03382356562192272, -0.017167072264144823, 0.0651554482868664, -0.04213775203716748, 0.003967285052135048, -0.016984991669397372, -0.002142570830174896], [0.010584074912338754, -0.017167072264144826, 0.022575716542684164, -0.11427228109809262, 0.03765975223427654, -0.01782203495730993, 0.012992961164807158, -0.006672318457465183], [-0.09441790698810654, 0.06515544828686641, -0.11427228109809263, 0.740788263510524, -0.20376367753583768, 0.1545929679112378, -0.004232600489851868, 0.02870931829637286], [0.02837491397414312, -0.04213775203716748, 0.03765975223427655, -0.20376367753583768, 0.08718449854275749, -0.025635128790085917, 0.006220510579628265, -0.014665700493397132], [-0.025948973054564155, 0.003967285052135051, -0.01782203495730993, 0.1545929679112378, -0.025635128790085913, 0.05504250183097194, 0.0009218928681913616, -0.011750826070886239], [-0.010713339647695953, -0.016984991669397376, 0.012992961164807158, -0.004232600489851867, 0.006220510579628263, 0.0009218928681913602, 0.04598046468935839, 0.007722413552566226], [0.004536652590528984, -0.0021425708301748966, -0.006672318457465184, 0.02870931829637286, -0.014665700493397136, -0.011750826070886239, 0.007722413552566225, 0.022706567626896983]], [[0.4541648023690947, 0.11065362072026987, -0.006339297804415314, -0.2411624169487693, -0.13588289190069633, 0.047041530478022245, -0.03851046304651118, -0.12618223835067563], [0.11065362072026987, 0.16128695093220705, 0.00772188406788316, 0.1298119938640038, 0.2647611732503983, -0.025744437023640484, -0.056345521026877884, -0.062390465377943134], [-0.006339297804415316, 0.00772188406788316, 0.010047610939093695, -0.04415590547027957, 0.017975845376599988, 0.03952870020858518, -0.01250097557483416, 0.011779796822799223], [-0.2411624169487693, 0.1298119938640038, -0.04415590547027957, 1.0535439776816387, 0.510450099771592, -0.38564134812378814, 0.04797361515976814, -0.12198765462441545], [-0.1358828919006963, 0.2647611732503983, 0.017975845376599985, 0.510450099771592, 0.8466604268347487, -0.07084422562354252, -0.14937021071912251, -0.003182244150238045], [0.047041530478022245, -0.02574443702364049, 0.03952870020858518, -0.3856413481237882, -0.07084422562354255, 0.3203390013727978, -0.08161676103846856, 0.07162983615864019], [-0.03851046304651118, -0.05634552102687787, -0.012500975574834157, 0.04797361515976814, -0.14937021071912251, -0.08161676103846856, 0.07647279682071453, 0.020440488153661406], [-0.12618223835067566, -0.062390465377943134, 0.011779796822799223, -0.12198765462441545, -0.0031822441502380367, 0.07162983615864019, 0.020440488153661406, 0.24251842536905327]], [[0.14122849244801777, -0.1036952899256625, 0.42663535955863924, 0.09503205427033651, 0.1408956289926564, 0.011006637643948292, 0.014060286467185127, 0.05306936209511837], [-0.1036952899256625, 0.19459418271318155, 0.16191916243620938, -0.09647667061659644, -0.17637525147052213, -0.01707529003816764, -0.008327787875643235, -0.0475741283733561], [0.42663535955863924, 0.16191916243620938, 4.926330054940346, 0.29783479900862736, -0.1092702226657376, 0.0010623264751186815, -0.01957708856460315, 0.007472777186164843], [0.09503205427033651, -0.09647667061659644, 0.29783479900862736, 0.15045248144474893, 0.04461480117354575, -0.0034557632319947478, -0.06287938104605949, 0.040028057889015554], [0.14089562899265642, -0.17637525147052213, -0.1092702226657376, 0.044614801173545764, 0.30981806578197335, 0.07371312832551094, 0.13423663659139123, 0.037898473033385394], [0.011006637643948292, -0.01707529003816763, 0.0010623264751186815, -0.0034557632319947495, 0.07371312832551093, 0.05525439917941227, 0.087832546620908, -0.031060199409886798], [0.014060286467185138, -0.008327787875643236, -0.01957708856460315, -0.06287938104605947, 0.13423663659139123, 0.087832546620908, 0.23334273981172524, -0.049599695169537356], [0.05306936209511837, -0.0475741283733561, 0.007472777186164843, 0.040028057889015554, 0.037898473033385394, -0.031060199409886798, -0.04959969516953736, 0.05486684259741042]]]}