{"MAP index": 91, "entropy_prior_gmm": 1.1512992384279826e-08, "entropy_MAP_gmm": 1.165101348732378e-08, "entropy_z_nk_prior": 0.0010043481942180821, "entropy_MAP_z_nk": 0.005426954294852202, "entropy_mixing_prior": 53.75278407684164, "entropy_MAP_mixing": 1.6894679508974564}