{"weights": [0.12753081478444497, 0.19431493816244566, 0.317033526304017, 0.10047036711927985, 0.08284216429446381, 0.17780818933534875], "means": [[3.6935860892898766, 0.45893226875093474, -0.39889863540491793, 0.14591195133215948, -0.0411383356671602, -0.07936732476178504, 0.06476967584516335, -0.01888755675645473], [1.1210024314290188, 0.5491711211855944, -0.5133659455229482, 0.01804285546423668, 0.043338195218275005, 0.06542739958536915, -0.019895892902188135, 0.0077636885323006935], [-3.918441316137516, -0.4488106204864719, 0.08581366510886575, 0.0033815623446753628, 0.025186483791186393, -0.008580746785060147, 0.005798215318540523, 0.008209622360829151], [-2.668732503179001, -0.019574490875978894, -0.21092662673203966, -0.08694996695960017, -0.10466004765139521, -0.01294953972492437, -0.02229477422725914, -0.010443469931349893], [-0.7325567061690695, 1.438754618605391, 1.0636573634498976, -0.01786274338277635, 0.011920344399611043, -0.005580684061262988, -0.0130476919414402, 0.01408436924356043], [6.85269873661037, -0.6404412441450699, 0.3006779023639783, -0.0417458603469073, -0.0016925425739767674, 0.006206529074721284, -0.0024541372103918735, -0.0012258786418721237]], "cov": [[[0.18886979426371284, -0.02168179650850603, 0.0342543617161965, -0.009514627525279467, -0.0066890785661518895, 0.0005207805986183198, 0.010486860629415807, 0.0005845298538613461], [-0.021681796508506032, 0.003870503001158422, -0.001601373709099558, -0.0007693736564393142, 0.0019221587815443095, 0.0002915021901268854, -0.0014346689036263027, -0.0003084188728561666], [0.0342543617161965, -0.0016013737090995578, 0.010871323234801849, -0.005235799766214095, 0.00031955149619265267, 0.0009165185954390117, 0.0010539100180329223, -0.00017444441870748546], [-0.009514627525279467, -0.0007693736564393146, -0.005235799766214095, 0.004216790150492155, -0.0019471870396372461, -0.0007571546409716697, 0.0002585963073577019, 0.0007334645306408158], [-0.00668907856615189, 0.0019221587815443095, 0.0003195514961926526, -0.0019471870396372461, 0.003529944594114888, 3.014744121320274e-05, -0.0006928580846466494, -0.00137653606236266], [0.0005207805986183198, 0.0002915021901268854, 0.0009165185954390116, -0.0007571546409716696, 3.014744121320271e-05, 0.0008162066944333075, 9.680474617110062e-05, -0.0003235949854618519], [0.010486860629415808, -0.0014346689036263027, 0.0010539100180329225, 0.0002585963073577018, -0.0006928580846466494, 9.680474617110059e-05, 0.0011658410260100892, 9.552438964245069e-05], [0.0005845298538613461, -0.0003084188728561665, -0.00017444441870748543, 0.0007334645306408157, -0.00137653606236266, -0.00032359498546185195, 9.552438964245069e-05, 0.0010558541497370335]], [[0.2673266141774609, 0.0030469827021678596, 0.02451698590381861, 0.02424989477136203, -0.011074503833889733, 0.017538975472938912, -0.008935172905715527, -0.0021712060925039205], [0.00304698270216786, 0.001234370205258225, 0.0007675813310711757, 0.00012926515131647938, -0.0012836188161077244, -0.0008586740054872362, -8.879312279491374e-05, 7.370592741621067e-05], [0.02451698590381861, 0.0007675813310711757, 0.004490762146402912, 0.00304687963475716, -0.002461033191768443, 0.002865834466119777, -0.0012667474018886564, -3.802746065255227e-06], [0.024249894771362034, 0.00012926515131647936, 0.00304687963475716, 0.004790152417569341, -0.0027259223673012562, 0.0028412439045076617, -0.0011520319174488703, -0.0009214073612931003], [-0.011074503833889734, -0.0012836188161077244, -0.002461033191768443, -0.0027259223673012562, 0.0043964216185080505, -0.0009214246891864036, 0.00014151894356577367, 0.0006679087385062234], [0.017538975472938912, -0.0008586740054872362, 0.002865834466119777, 0.0028412439045076617, -0.0009214246891864037, 0.0050349838721608225, 0.00035485141387908817, -0.0005052414396786915], [-0.008935172905715529, -8.879312279491374e-05, -0.0012667474018886566, -0.0011520319174488703, 0.00014151894356577365, 0.00035485141387908817, 0.002030629693159091, -6.47908108843008e-05], [-0.002171206092503921, 7.370592741621064e-05, -3.80274606525526e-06, -0.0009214073612931001, 0.0006679087385062234, -0.0005052414396786915, -6.479081088430078e-05, 0.0012339088255796504]], [[0.04648736545343606, 0.01912370887058703, -0.01626762022951868, -0.03826895776838477, -0.009911644862645081, -0.001287774428676671, 5.6562338895834435e-05, 0.0007686855954683392], [0.01912370887058703, 0.009652435343291632, -0.005509289412205398, -0.016241697115556727, -0.003336076833924774, -0.0007736555043157367, 0.0012437318297355258, 0.0006914340866588836], [-0.01626762022951868, -0.005509289412205398, 0.007267190443629184, 0.016479930511843186, 0.0015644569425307265, 0.0004697049781495942, 0.0003941093276161501, 0.0004622530545805652], [-0.03826895776838477, -0.016241697115556727, 0.016479930511843186, 0.05542296896837367, -0.00427197987394628, 0.0013789189810759614, -0.002081213810845507, 0.001533220853651523], [-0.009911644862645081, -0.0033360768339247737, 0.0015644569425307265, -0.0042719798739462795, 0.018147779555561638, -0.0005259135244805018, 0.0015906078123904337, -0.0021790090085228885], [-0.001287774428676671, -0.0007736555043157367, 0.0004697049781495943, 0.0013789189810759614, -0.0005259135244805018, 0.0018267096018315676, 0.0010896218160807982, -0.00021996183644045468], [5.656233889583478e-05, 0.0012437318297355258, 0.00039410932761615005, -0.0020812138108455063, 0.0015906078123904337, 0.0010896218160807985, 0.0023580244894785165, 0.0004031507171168958], [0.0007686855954683392, 0.0006914340866588834, 0.0004622530545805653, 0.0015332208536515226, -0.002179009008522889, -0.00021996183644045479, 0.0004031507171168958, 0.00374707654341178]], [[0.022904456322957165, 0.007129968321585876, -0.0046896201145196995, 0.00327028958186573, -0.0019222305490055826, -0.0014837786063480703, -0.001018318850219982, -0.002559553080645192], [0.007129968321585877, 0.002599044175994167, -0.0011710858284887649, 0.0008986563614150905, -0.0012392373509019555, -3.141736328396252e-05, 0.00028893324073724606, -0.0007933481688085081], [-0.0046896201145197, -0.0011710858284887649, 0.002004003086252225, -0.0010977774698291763, 0.00014647268454495347, 0.000815213565574309, -5.038291547691613e-05, 0.0006482639235090861], [0.00327028958186573, 0.0008986563614150905, -0.0010977774698291759, 0.0011413558542363554, -0.0005761839426879455, -0.0002961618477114764, 3.0804379490710244e-05, -0.0008090150723344925], [-0.0019222305490055826, -0.0012392373509019555, 0.00014647268454495339, -0.0005761839426879455, 0.0027728716869620477, -0.001455927433169849, -0.0021013110845863182, 0.0007630395749430073], [-0.0014837786063480703, -3.1417363283962524e-05, 0.0008152135655743089, -0.00029616184771147635, -0.001455927433169849, 0.0018109539105905115, 0.001815265893604863, 3.462547954295295e-05], [-0.001018318850219982, 0.000288933240737246, -5.038291547691609e-05, 3.080437949071025e-05, -0.0021013110845863182, 0.0018152658936048628, 0.0029893388661608677, 0.00014163225606060427], [-0.002559553080645192, -0.0007933481688085081, 0.0006482639235090862, -0.0008090150723344925, 0.0007630395749430075, 3.462547954295294e-05, 0.00014163225606060432, 0.0021003304873560553]], [[0.23993069353904062, 0.015845930152846403, -0.04604967698553028, 0.012381943285235264, 0.024076114945965323, -0.01053496567888483, 0.0007112516057556352, -0.004101689264587511], [0.015845930152846403, 0.0013220655283303284, -0.0026316056335623484, 0.0008930299092407066, 0.0015807410220051931, -0.0002780827863483116, 0.00024076874006941158, -0.0008710656087151374], [-0.04604967698553028, -0.002631605633562348, 0.00956554336111395, -0.002196929625753372, -0.004740758580750662, 0.0023874507234258697, -6.206076526662418e-05, -3.429966266497499e-05], [0.012381943285235265, 0.0008930299092407066, -0.002196929625753372, 0.001373105685495494, 0.0004326201453106614, -0.00038456302580907345, 6.092509914127099e-05, -0.0008867337920439401], [0.024076114945965326, 0.001580741022005193, -0.004740758580750662, 