{"weights": [0.13228714129595967, 0.039954742612681164, 0.32572492923668256, 0.26867157237677947, 0.15546431775546843, 0.07789729672242868], "means": [[3.7119961829599912, 0.46349038123961, -0.3746989224507499, 0.13335024125446882, -0.05858304262866766, -0.06757885851554608, 0.05956464184947836, -0.01907915277614008], [1.0156262045765594, 0.5621419361491259, -0.5287173427746654, 0.0008148564585889403, 0.041578493815337715, 0.02710745733665577, -0.02094695118804256, 0.012852425304428238], [-3.913096070482405, -0.4375770651561312, 0.09746244639068187, 0.03396338529701027, 0.006645027415210764, -0.0064828630857326, 0.005873281564053882, -0.00463703584668561], [-2.694230054991395, -0.03112228321831637, -0.21276271023989296, -0.07529606540299048, -0.10371638528071192, -0.006538653978541373, -0.013759777731174287, -0.011360645077460162], [-0.7062482758217131, 1.4444759165848766, 1.0603225262868674, -0.014916961769593609, 0.014351471130756866, 0.021061059110391932, 0.006943233565909009, -0.02407017456675386], [6.8551481663859235, -0.6627687971362617, 0.2915830613998111, -0.03619097061436555, 0.0006767605570442507, 0.011837541630393907, -0.014251549803805032, 0.005542820038690869]], "cov": [[[0.20402762875177138, -0.023305216091138444, 0.03724069866450082, -0.010446220312049562, -0.007191901646436589, 0.0005990333071978691, 0.011286611851806235, 0.0006447534932272582], [-0.02330521609113844, 0.0038155763900750107, -0.0025226677085074473, -6.215853557416254e-05, 0.0017346050284027257, 0.00011700894753129881, -0.0013018347378427192, -0.00022825222704500218], [0.03724069866450082, -0.0025226677085074473, 0.010199638126327125, -0.004395353347777575, -7.48313076581059e-05, 0.0006618080645661703, 0.001470646155854688, -0.00011802487650594834], [-0.010446220312049562, -6.21585355741627e-05, -0.004395353347777574, 0.003426909335899305, -0.0012355666774789796, -0.0006070427423285268, 0.00010638308240085892, 0.0005481912038105301], [-0.007191901646436589, 0.0017346050284027259, -7.483130765810569e-05, -0.0012355666774789796, 0.0026154668830713776, -8.661647132700172e-05, -0.0006302159077258667, -0.0008378742569505268], [0.000599033307197869, 0.00011700894753129884, 0.0006618080645661703, -0.0006070427423285269, -8.66164713270017e-05, 0.0011049518121910714, 0.0002619227903219682, -0.0004997504716027742], [0.011286611851806235, -0.0013018347378427194, 0.001470646155854688, 0.00010638308240085882, -0.0006302159077258666, 0.00026192279032196823, 0.0013529718821134193, 3.778927291499895e-05], [0.0006447534932272582, -0.00022825222704500223, -0.00011802487650594845, 0.0005481912038105301, -0.0008378742569505268, -0.0004997504716027742, 3.7789272914998984e-05, 0.0009397489158113417]], [[0.2780307663195403, 0.003169467376132567, 0.025574056555616433, 0.025309600449248945, -0.011609011113176627, 0.01833685337921343, -0.009287730353422709, -0.0022802196396876128], [0.0031694673761325665, 0.0009697102643980144, 0.0007467760346112153, 8.681327178874167e-05, -0.0009224026461159465, -0.00039986456791785385, 9.818275630626247e-06, -7.389559298000756e-06], [0.02557405655561643, 0.0007467760346112151, 0.0044366869789445335, 0.0028953250593752936, -0.002226736617582238, 0.002808988910815342, -0.0013111187218363802, -0.0001092455192387313], [0.02530960044924894, 8.68132717887416e-05, 0.0028953250593752936, 0.004723171546428604, -0.002518923267695816, 0.002674642093937194, -0.0011622064857637353, -0.0006557461684169402], [-0.011609011113176625, -0.0009224026461159465, -0.002226736617582238, -0.002518923267695816, 0.003647139564435662, -0.0012581093732940388, 3.344650042053203e-05, 0.0005451135196398824], [0.018336853379213428, -0.0003998645679178539, 0.0028089889108153425, 0.0026746420939371945, -0.0012581093732940388, 0.004040319855253445, 5.570872786994999e-05, -0.00045936707256744166], [-0.009287730353422709, 9.818275630626228e-06, -0.0013111187218363802, -0.0011622064857637355, 3.3446500420532e-05, 5.5708727869949964e-05, 0.0019363055475782988, 3.9500441322545285e-05], [-0.0022802196396876123, -7.38955929800076e-06, -0.00010924551923873139, -0.0006557461684169404, 0.0005451135196398824, -0.00045936707256744166, 3.9500441322545346e-05, 0.0015952514781710332]], [[0.035536341918864484, 0.014636283815854289, -0.012654876188237575, -0.03054247814743687, -0.006200856038599693, -0.0010147032656401553, 0.00017781549300819143, 0.0003523608422853684], [0.014636283815854289, 0.007590008299514263, -0.0041525825301076385, -0.012902796393718264, -0.00207029356056289, -0.0006164390322946723, 0.001124694652425236, 0.00041862784370626206], [-0.012654876188237574, -0.0041525825301076385, 0.00577953190384867, 0.012829352765711025, 0.0011209185614025929, 0.0003662434783280741, 0.0003679688311948368, 0.00035855947299785333], [-0.030542478147436866, -0.012902796393718266, 0.012829352765711025, 0.04213183769413557, -0.0014815703535405315, 0.0010497120606344874, -0.001430610235717469, 0.0008831844178210066], [-0.006200856038599693, -0.0020702935605628903, 0.001120918561402593, -0.0014815703535405317, 0.01140871438962155, -0.00038909593854247567, 0.0009222626666198051, -0.00122292084037974], [-0.0010147032656401553, -0.0006164390322946723, 0.0003662434783280741, 0.0010497120606344874, -0.00038909593854247567, 0.001704574494609163, 0.0010489651227442625, -0.0003306037685922733], [0.0001778154930081913, 0.0011246946524252363, 0.00036796883119483674, -0.001430610235717469, 0.0009222626666198051, 0.0010489651227442625, 0.0020611961506636018, 0.00029026198412556115], [0.0003523608422853685, 0.00041862784370626195, 0.00035855947299785333, 0.0008831844178210068, -0.00122292084037974, -0.00033060376859227317, 0.0002902619841255611, 0.0033397282134980007]], [[0.03323272160502241, 0.010347262883806402, -0.006865217660043226, 0.004795327780618123, -0.00278137015368298, -0.0022021488038597194, -0.0014630029535308172, -0.003750240250393724], [0.010347262883806402, 0.0036785640085685114, -0.0018318398148113924, 0.0013433992803941423, -0.0018398269105961425, -3.0992131634417915e-05, 0.00047342552682102124, -0.0011517573694069803], [-0.006865217660043226, -0.001831839814811392, 0.0024836465171328205, -0.0014530203228722883, 0.00025195437914905805, 0.0010453537565837492, 0.00015914941641840034, 0.0010341249350078717], [0.004795327780618123, 0.001343399280394142, -0.0014530203228722883, 0.0014786773873739904, -0.0008628010672444365, -0.0003664608342555773, -1.4794016225725054e-05, -0.001153607600046772], [-0.00278137015368298, -0.0018398269105961425, 0.000251954379149058, -0.0008628010672444365, 0.004051767855412723, -0.002209380215398415, -0.0032469741918546556, 0.0010686208864117116], [-0.0022021488038597194, -3.099213163441794e-05, 0.0010453537565837492, -0.0003664608342555774, -0.0022093802153984148, 0.0025931688877366636, 0.002804376185389994, 6.202969953451992e-05], [-0.0014630029535308172, 0.0004734255268210213, 0.00015914941641840047, -1.4794016225725034e-05, -0.0032469741918546556, 0.002804376185389994, 0.004304056120279044, 7.21645483779843e-05], [-0.003750240250393724, -0.00115175736940698, 0.0010341249350078719, -0.001153607600046772, 0.0010686208864117116, 6.202969953451994e-05, 7.216454837798431e-05, 0.0027079760927692298]], [[0.5631401371128688, 0.03714793565731049, -0.10816377840310969, 0.028988189761935436, 0.056618057904578245, -0.024803442783098924, 0.0016203590176950841, -0.009541719804915189], [0.03714793565731049, 0.0028770710980613678, -0.006469012556396977, 0.00203169753289611, 0.0037102047340653987, -0.0010525753593154932, 0.0003613296655945163, -0.0014567688607602179], [-0.10816377840310969, -0.006469012556396977, 0.021972075875366565, -0.005362515532094713, -0.011003823316184741, 0.005262852762985061, -0.00024812540745014895, 0.0006924612620316486], [0.028988189761935436, 0.00203169753289611, -0.005362515532094713, 0.002482895335797033, 0.00189838424685787, -0.0008970451418285864, 0.00023617117183590274, -0.0013672359321914896], [0.05661805790457824, 0.0037102047340653987, -0.011003823316184741, 