{"weights": [0.17216520851144174, 5.7014241272584804e-05, 0.32886111721749145, 0.2655713235150022, 0.15526134023600785, 0.07808399627878422], "means": [[3.7636284687988115, 0.4589520044686105, -0.3677431207796085, 0.12850947588458353, -0.03451396606866107, -0.08932761494661713, 0.05777159499844264, -0.008726664907777378], [1.1994082298708832, 0.5565692963795805, -0.5125985133160266, 0.02431893192232603, 0.045926339203315736, 0.04104831559140061, -0.043791982178298564, 0.012130512623039434], [-3.926053010112284, -0.44682097661756054, 0.09379991031318005, 0.015287762217052862, 0.05313415095542084, 0.0038098099756031113, 0.016531262498836984, 0.0017903430728824167], [-2.709518725835545, -0.03128591776903532, -0.2052657835576728, -0.08470517657929133, -0.1033851732811908, -0.019186233936009885, -0.02540051786088426, -0.011798145514420698], [-0.6205778987742057, 1.4473726442131165, 1.05120126700586, -0.017793121990776196, 0.00533430050447471, -0.013929813321275552, -0.007802439317470792, 0.030027658318432564], [6.85453365517368, -0.651633217405484, 0.2960009826694702, -0.040279435280443594, -0.0019303021839752624, 0.00533644785945658, -0.009206217664399914, 0.006245354300533628]], "cov": [[[0.20937749411559758, -0.0238777418131062, 0.03831026237187617, -0.01079058022406269, -0.007350442155743931, 0.0006336197119414252, 0.011554015631419117, 0.0006535814314840351], [-0.0238777418131062, 0.0035756565596241495, -0.0029616243643925374, 0.00013110046239039346, 0.00155670396634707, 8.20580473996208e-05, -0.0014658478380880104, -0.00020331105070534435], [0.03831026237187617, -0.0029616243643925374, 0.009774881401412498, -0.004113568569020423, -0.00037426113669878193, 0.0005605056499978732, 0.0016190392191970553, -8.85885099809997e-06], [-0.01079058022406269, 0.0001311004623903936, -0.004113568569020423, 0.0027725461249697193, -0.0009758602044057161, -0.0005141795080568299, -9.250822721401315e-05, 0.0004970895649189416], [-0.007350442155743931, 0.00155670396634707, -0.0003742611366987818, -0.0009758602044057164, 0.002242633615760356, -0.00015029095236413097, -0.0006636587070108875, -0.0007109627531679981], [0.0006336197119414251, 8.205804739962081e-05, 0.0005605056499978732, -0.0005141795080568299, -0.00015029095236413094, 0.001123497072471247, 0.00031532767937430894, -0.0005432835823566237], [0.011554015631419116, -0.0014658478380880104, 0.0016190392191970549, -9.250822721401306e-05, -0.0006636587070108874, 0.000315327679374309, 0.0010833535442836824, -8.454309160935485e-05], [0.0006535814314840351, -0.0002033110507053444, -8.85885099810001e-06, 0.0004970895649189416, -0.000710962753167998, -0.0005432835823566237, -8.454309160935485e-05, 0.0007836843726803058]], [[0.512384403749948, 0.005855254717640752, 0.04731929197269012, 0.04685715290234063, -0.021600323145702975, 0.03398702938420697, -0.017137967157069327, -0.004252950165535343], [0.005855254717640751, 0.0010512377050060425, 0.000977833024192219, 0.00039924206987389325, -0.0013139113054116197, -0.0003832658166742537, -7.488113308607316e-05, 1.7539922187341246e-05], [0.047319291972690115, 0.000977833024192219, 0.006934839489486321, 0.005404538013752959, -0.003517787480442647, 0.004572794236445177, -0.0023467419249047464, -0.00012644057232232426], [0.04685715290234063, 0.00039924206987389325, 0.005404538013752959, 0.007013143186257756, -0.003957375410711216, 0.004554773465472604, -0.0019703735148821145, -0.0011482700816800482], [-0.021600323145702975, -0.00131391130541162, -0.003517787480442648, -0.003957375410711216, 0.004978498810576955, -0.0021863282271139075, 0.00017985047480967355, 0.0009235682287035373], [0.03398702938420697, -0.0003832658166742538, 0.0045727942364451775, 0.004554773465472604, -0.002186328227113907, 0.005813646987491481, -0.0003123860472629727, -0.0006924317443387113], [-0.017137967157069327, -7.488113308607321e-05, -0.002346741924904747, -0.001970373514882114, 0.00017985047480967347, -0.0003123860472629728, 0.002706192066385724, -0.00019471588369274158], [-0.0042529501655353425, 1.7539922187341267e-05, -0.00012644057232232423, -0.0011482700816800482, 0.0009235682287035371, -0.0006924317443387113, -0.00019471588369274158, 0.0012433796479111698]], [[0.05089654546251107, 0.021124998971340216, -0.01815828794745865, -0.04497291202757044, -0.00881078991601437, -0.0014390748646009484, 0.0004726533195836755, 0.0005904472968201274], [0.021124998971340216, 0.010399647922671068, -0.006433562772609458, -0.018897145706255065, -0.002935001200916025, -0.0008033906184609649, 0.0012872454038636604, 0.0003391696651820144], [-0.018158287947458645, -0.006433562772609458, 0.007899621908802381, 0.018771173528373167, 0.0017088445919143445, 0.0005408787903498641, 0.00021768207071633805, 0.00024338561134384712], [-0.04497291202757044, -0.018897145706255065, 0.018771173528373167, 0.06028409484983885, -0.001864909214254693, 0.0015827386596648152, -0.0018984275965479016, 0.0013299482914945454], [-0.008810789916014368, -0.002935001200916025, 0.001708844591914344, -0.0018649092142546935, 0.014954751024841777, -0.000464788255946248, 0.0012956498387912143, -0.0015588165400580605], [-0.0014390748646009482, -0.000803390618460965, 0.000540878790349864, 0.0015827386596648152, -0.000464788255946248, 0.0019991803739137703, 0.0011975564234215483, -0.0006616291494583105], [0.00047265331958367535, 0.0012872454038636604, 0.00021768207071633803, -0.0018984275965479012, 0.0012956498387912143, 0.0011975564234215483, 0.002227220544632001, -9.912823260309972e-05], [0.0005904472968201274, 0.00033916966518201435, 0.00024338561134384706, 0.0013299482914945456, -0.0015588165400580605, -0.0006616291494583105, -9.912823260309965e-05, 0.003805000847842698]], [[0.0316162314366353, 0.009780345491114105, -0.006575520676450142, 0.004593915781193403, -0.002508854622926634, -0.0021999732189325882, -0.0015451388801091385, -0.0036050157887227634], [0.009780345491114105, 0.0036216001175488205, -0.0017513998709963825, 0.001294008332724888, -0.0021421033298130734, 0.0001981702835472015, 0.0008895560528382962, -0.001197321330095548], [-0.006575520676450142, -0.0017513998709963825, 0.002244143539358767, -0.0012749535977353288, 9.842788080513683e-05, 0.0010667550340134832, 0.00036670010276480033, 0.0009482252030206446], [0.004593915781193403, 0.001294008332724888, -0.0012749535977353288, 0.0014459494278643106, -0.0008918993842435694, -0.00019227981500427086, 4.547549897264865e-05, -0.000977766991680692], [-0.0025088546229266335, -0.002142103329813074, 9.842788080513678e-05, -0.0008918993842435694, 0.005446168153571141, -0.003289380136951471, -0.004772434224284092, 0.001140025206440277], [-0.0021999732189325882, 0.0001981702835472015, 0.0010667550340134832, -0.00019227981500427086, -0.0032893801369514707, 0.00346758823901896, 0.003983766261905263, -0.00011169913585126308], [-0.0015451388801091385, 0.0008895560528382964, 0.00036670010276480044, 4.547549897264862e-05, -0.004772434224284092, 0.003983766261905264, 0.005857171313642896, -0.00022382362340863014], [-0.0036050157887227634, -0.001197321330095548, 0.0009482252030206446, -0.000977766991680692, 0.001140025206440277, -0.00011169913585126313, -0.0002238236234086302, 0.0023023709147102288]], [[0.2543995659764252, 0.01683032476544355, -0.04877538133913938, 0.01310966272793395, 0.02556053977874251, -0.011154882856035794, 0.0007492230946898545, -0.004420294159829361], [0.01683032476544355, 0.0015187631084206618, -0.0026137142821682515, 0.0010333708676860038, 0.0016239429784984036, -0.0001476682127964781, 0.0003078831341286996, -0.001181054842620285], [-0.04877538133913939, -0.0026137142821682515, 0.010418578008798111, -0.002293083198652718, -0.005075709350079464, 0.002767031867204572, 6.190637036465642e-05, -0.0002991667705744589], [0.01310966272793395, 0.0010333708676860038, -0.0022930831986527176, 0.0013889214493228792, 0.0007717675555307108, -0.00011117322075468301, 0.00020829939931693965, -0.001214631389224035], [0.025560539778742515, 0.0016239429784984038, -0.005075709350079464, 