{"MAP index": 1064, "entropy_prior_gmm": 4.6051701859880925e-09, "entropy_MAP_gmm": 0.00910084880888462, "entropy_z_nk_prior": 0.16198771762772968, "entropy_MAP_z_nk": 0.1459252818818861, "entropy_mixing_prior": 85.69175851611257, "entropy_MAP_mixing": 1.0214135148845986}