,X,Y,Z,id,nugget
0,100.0,0.0,-824.9999999999999,1994389,1e-05
1,300.0,0.0,-824.8496856840069,1994389,1e-05
2,900.0,0.0,-824.9999999999999,1994389,1e-05
3,100.0,0.0,-844.9999999999999,35422078,1e-05
4,300.0,0.0,-841.3228930418513,35422078,1e-05
5,900.0,0.0,-844.9999999999999,35422078,1e-05
