{"weights": [0.4712134813129114, 0.3616144731318135, 0.16717204555527504], "means": [[2.07199726029718, -0.5405900460079338, 0.07000268678118217, 0.28300393753662517, 0.07320582475260246, 0.07083964348675119, 0.018430057556205234, 0.005955541248853755], [-1.902155103815539, -0.9477910967414477, 0.3691194640838408, -0.4033039757187356, -0.0893369068460481, -0.09619731208842061, -0.02209516414154889, -0.0028236394127239225], [-1.7258042494838557, 3.573972512241205, -0.9957714503873341, 0.07468523830123922, -0.013100593621514832, 0.008408973524993228, -0.00415476427139855, -0.010679192448108128]], "cov": [[[0.023783992417755452, 0.009414979022899944, -0.004605599074364874, -0.04605685493312094, -0.015282909584378494, -0.01284260982346825, -0.008627565049213104, 0.005312173860128775], [0.009414979022899944, 0.029964630636490696, -0.01374913970820618, -0.03967381925144976, -0.030404723299462606, -0.0013878218540663725, 0.019463797853321488, 0.00551521236597879], [-0.004605599074364874, -0.01374913970820618, 0.016991229641066002, 0.06515707598806937, 0.025353038398582828, 0.004792747631232333, -0.017074317871112497, 0.006100263399606565], [-0.04605685493312094, -0.03967381925144976, 0.06515707598806937, 0.34177754443673086, 0.10698623637642417, 0.048629858261072634, -0.024834690129021387, 0.025385849834876302], [-0.015282909584378494, -0.030404723299462606, 0.025353038398582828, 0.10698623637642417, 0.05632247966432408, 0.004171380095443457, -0.011034409589196718, 0.012480092658251635], [-0.01284260982346825, -0.0013878218540663725, 0.004792747631232333, 0.048629858261072634, 0.004171380095443457, 0.025579850821744035, -0.004332525978396445, -0.01307677025347824], [-0.008627565049213104, 0.019463797853321488, -0.017074317871112497, -0.024834690129021387, -0.011034409589196718, -0.004332525978396445, 0.051291237045248024, 0.008826826370430722], [0.005312173860128775, 0.00551521236597879, 0.006100263399606565, 0.025385849834876302, 0.012480092658251635, -0.01307677025347824, 0.008826826370430722, 0.02474588718441683]], [[7.61450243163373, 2.4576228117684775, -0.19603027961957675, -1.4273406290633734, -0.31865545309126664, -0.35193505556273585, -0.08995446077229327, -0.04600948502059031], [2.4576228117684775, 5.689589558068123, 2.0082673353454963, -0.27679287216151965, 0.07188596464885581, -0.05552124844908216, -0.02865475663879808, 0.014261193077366027], [-0.19603027961957675, 2.0082673353454963, 1.5873789813309, 0.10220078246444471, 0.025302599028188214, 0.017638478289996613, 0.0174621363822097, -0.009036075515898908], [-1.4273406290633734, -0.27679287216151965, 0.10220078246444471, 0.9514720413118706, -0.20839448864293209, -0.12005314056083569, 0.04643402724473251, -0.04280519095439301], [-0.31865545309126664, 0.07188596464885581, 0.025302599028188214, -0.20839448864293209, 0.6119989375001943, 0.01111303507984117, 0.07426641586197154, -0.019313387734171295], [-0.35193505556273585, -0.05552124844908216, 0.017638478289996613, -0.12005314056083569, 0.01111303507984117, 0.21478583555822878, -0.04016453486950165, 0.030049864687109927], [-0.08995446077229327, -0.02865475663879808, 0.0174621363822097, 0.04643402724473251, 0.07426641586197154, -0.04016453486950165, 0.08516689876981254, 0.011872111125231182], [-0.04600948502059031, 0.014261193077366027, -0.009036075515898908, -0.04280519095439301, -0.019313387734171295, 0.030049864687109927, 0.011872111125231182, 0.13862404016250687]], [[0.08832901216418, 0.0827681951083447, -0.17154988563961446, 0.033939202764292645, -0.085376132011401, 0.002446255697241843, 0.01317955683913192, 0.01971963687988069], [0.0827681951083447, 0.23209993658042857, 0.1169112031731227, 0.048029786693332036, -0.09458292222279557, 0.004678928456602827, 0.004753634555741776, -0.004941630873770232], [-0.17154988563961446, 0.1169112031731227, 2.077907120885231, -0.0641873173958471, -0.08235502984839992, 0.019540639475636314, 0.020223270007999703, -0.007203467384157572], [0.033939202764292645, 0.048029786693332036, -0.0641873173958471, 0.07519478227523513, 0.01386203251350279, -0.018444406967347365, -0.06410771827499324, 0.014620570606905537], [-0.085376132011401, -0.09458292222279557, -0.08235502984839992, 0.01386203251350279, 0.2312318621634846, -0.06889421470206358, -0.13767193233149902, 0.004684788574552481], [0.002446255697241843, 0.004678928456602827, 0.019540639475636314, -0.018444406967347365, -0.06889421470206358, 0.051855667599836716, 0.0908503934826924, -0.02982871270116266], [0.01317955683913192, 0.004753634555741776, 0.020223270007999703, -0.06410771827499324, -0.13767193233149902, 0.0908503934826924, 0.22022140328763448, -0.05105007623171165], [0.01971963687988069, -0.004941630873770232, -0.007203467384157572, 0.014620570606905537, 0.004684788574552481, -0.02982871270116266, -0.05105007623171165, 0.038148720805542255]]]}