{"weights": [0.17199283015419914, 0.0002531808123244287, 0.32931636704375966, 0.2508874241324355, 0.1366584603831562, 0.11089173747412513], "means": [[3.804961284433668, 0.45062759464788615, -0.37114377436502544, 0.1338967642730244, -0.0382581076187262, -0.08214533340828484, 0.06904509536832408, -0.015132347424862313], [1.054076804571541, 0.5565529259923477, -0.5243558786396098, 0.0030087056891870694, 0.046068274751532495, 0.039737884758054405, -0.022161179800441792, 0.01328273306456219], [-3.9293868476256875, -0.4467577479964723, 0.09864088236752613, 0.028647285071018307, 0.031009689597700417, -0.00378064236119079, 0.009859053912526079, 0.0020849440297993098], [-2.685431676116046, -0.02368032394559074, -0.20401824450325776, -0.08576505591773409, -0.10613853747353465, -0.005288707786337467, -0.018511363561501668, -0.010958560484642629], [-0.6513858286034245, 1.4460173094857764, 1.051931230024941, -0.009877203667467643, 0.013474213730262944, -0.005449590670546776, -0.010639685193047846, 0.0006866007187441583], [6.852160708873956, -0.6578871368879042, 0.288308338650527, -0.03532478077847166, -0.0018688093547865117, 0.009718579969265655, -0.010463070487311744, 0.0020405587782159882]], "cov": [[[0.22533572181927408, -0.025719529529610936, 0.041169390087737394, -0.011591455221317909, -0.007882866659350068, 0.0006736618293837196, 0.012450590041296191, 0.0006803450999761682], [-0.025719529529610936, 0.003951577677393105, -0.0030330211029467673, 4.0970606187509717e-05, 0.0016762395861468799, 0.00012480856085387432, -0.0015635227681832446, -0.00020654694268980433], [0.041169390087737394, -0.0030330211029467673, 0.010899879613305099, -0.004552589382155258, -0.0005062348837717738, 0.0006916865354685639, 0.0016596524257726567, 4.1997457334396175e-05], [-0.011591455221317909, 4.097060618750977e-05, -0.004552589382155259, 0.003252473189378869, -0.0011675864234573234, -0.0005782013606327936, -7.91551744971036e-05, 0.0005207721125824333], [-0.00788286665935007, 0.00167623958614688, -0.0005062348837717738, -0.0011675864234573236, 0.002871475776497094, -0.00014294858768447048, -0.0006743585812746778, -0.0010314457544862777], [0.0006736618293837196, 0.00012480856085387426, 0.0006916865354685639, -0.0005782013606327936, -0.00014294858768447053, 0.0010518760961660864, 0.00025674635648596957, -0.0004445886305624174], [0.012450590041296193, -0.0015635227681832448, 0.0016596524257726567, -7.915517449710375e-05, -0.0006743585812746778, 0.0002567463564859696, 0.0012191217793018128, -1.9111307628760008e-05], [0.0006803450999761681, -0.00020654694268980433, 4.199745733439622e-05, 0.0005207721125824333, -0.0010314457544862777, -0.0004445886305624174, -1.9111307628759977e-05, 0.0009902452726599806]], [[0.2991139479931131, 0.0034303449169211667, 0.027566850770704594, 0.027303427813348838, -0.012602536796759748, 0.019784834154930202, -0.009969809202549364, -0.0024830725543498722], [0.0034303449169211667, 0.0012495857718768121, 0.0007739002329358856, 5.831206860497206e-05, -0.0012558349096998718, -0.0008820769180724105, -7.595770928946262e-05, 5.7365633882839316e-05], [0.027566850770704598, 0.0007739002329358856, 0.004662936313680544, 0.0029450579127464982, -0.0021065191494531506, 0.002781283754792276, -0.0015661628928530368, 9.53158989976259e-05], [0.02730342781334884, 5.831206860497209e-05, 0.0029450579127464982, 0.00476745394931318, -0.0023430383834425967, 0.002652356628813379, -0.0013456640918510948, -0.0007507556710974699], [-0.012602536796759748, -0.0012558349096998716, -0.0021065191494531506, -0.0023430383834425962, 0.0038624904748134964, -0.0005390928912578471, 0.00013924951729944103, 0.0005338075640482176], [0.019784834154930205, -0.0008820769180724105, 0.002781283754792276, 0.0026523566288133796, -0.000539092891257847, 0.0048634430070687565, 0.00025549103589480606, -0.00041888395222218423], [-0.009969809202549364, -7.595770928946262e-05, -0.0015661628928530368, -0.0013456640918510945, 0.00013924951729944117, 0.00025549103589480606, 0.0023279754697864896, -7.253773917731503e-05], [-0.0024830725543498727, 5.73656338828393e-05, 9.531589899762595e-05, -0.0007507556710974699, 0.0005338075640482176, -0.00041888395222218423, -7.253773917731503e-05, 0.001466101324959379]], [[0.04682456678923892, 0.019347925618928223, -0.016806408286847502, -0.041438053780532315, -0.007640308752052993, -0.0013554907783970241, 0.00036999237463892414, 0.0004034087168277682], [0.019347925618928223, 0.009798655619168125, -0.005714464270210903, -0.01746596143764304, -0.002564829177365564, -0.000823015075735462, 0.0013373990880164502, 0.00047266419706840535], [-0.016806408286847502, -0.005714464270210903, 0.007499416271375145, 0.017193981725069224, 0.0014921761451172021, 0.000459174097413973, 0.00035115815034705855, 0.00041063997523506146], [-0.04143805378053232, -0.01746596143764304, 0.017193981725069224, 0.0553859702753289, -0.0011666879543558114, 0.0014063440975117096, -0.0017909486535025248, 0.0010884551914384572], [-0.007640308752052993, -0.002564829177365564, 0.0014921761451172023, -0.0011666879543558114, 0.013302215872092462, -0.000432668202512308, 0.0010851070888698768, -0.0013996897916149758], [-0.0013554907783970246, -0.000823015075735462, 0.00045917409741397296, 0.0014063440975117098, -0.00043266820251230807, 0.0019421939212919002, 0.0011758381713169318, -0.0003356066046815141], [0.00036999237463892414, 0.0013373990880164502, 0.00035115815034705855, -0.0017909486535025246, 0.0010851070888698768, 0.0011758381713169316, 0.002327003953623734, 0.0003538002192860322], [0.0004034087168277685, 0.00047266419706840535, 0.00041063997523506146, 0.0010884551914384574, -0.001399689791614976, -0.0003356066046815141, 0.0003538002192860319, 0.0037624769964304037]], [[0.03633742790578015, 0.011354258481434402, -0.007502109969240875, 0.005229427944090892, -0.0031506613192929358, -0.00234398245935567, -0.0014800962279262544, -0.004074726213401911], [0.011354258481434402, 0.003928030874792346, -0.002031916808983273, 0.0014987966342451542, -0.001697099778827612, -0.00021365057505314338, 0.00022566832253609437, -0.0011773126009229087], [-0.007502109969240876, -0.0020319168089832735, 0.0026263343930441898, -0.0015991393523152688, 0.00041956788810355373, 0.0010282469598753064, 0.00012027171949012877, 0.0012110388861110001], [0.005229427944090892, 0.0014987966342451542, -0.001599139352315269, 0.0015414663009952446, -0.0008757706211531734, -0.0004943012638673469, -7.694972026597868e-05, -0.001368619549923714], [-0.003150661319292936, -0.001697099778827612, 0.00041956788810355373, -0.0008757706211531733, 0.0032255743350037627, -0.0015507305063812244, -0.0023301291846936504, 0.001067223679156337], [-0.00234398245935567, -0.00021365057505314344, 0.0010282469598753062, -0.0004943012638673469, -0.0015507305063812244, 0.0020469445351999622, 0.0021221765797406656, 0.000217459994645454], [-0.0014800962279262544, 0.0002256683225360944, 0.00012027171949012877, -7.694972026597865e-05, -0.0023301291846936504, 0.0021221765797406656, 0.0033344344315843727, 0.00025265006606206927], [-0.004074726213401911, -0.0011773126009229087, 0.0012110388861110001, -0.0013686195499237137, 0.001067223679156337, 0.00021745999464545398, 0.0002526500660620693, 0.0030679400305749895]], [[0.4486727290928679, 0.0295914460578925, -0.08619792552177008, 0.023115048896675462, 0.045075887850835605, -0.019711564746586297, 0.001339217655760044, -0.007614528247063785], [0.0295914460578925, 0.002296202489815105, -0.005185091915687313, 0.0016671476849041706, 0.0029327644320238924, -0.0007403168809174903, 0.0003462420220822827, -0.0013601356476576475], [-0.08619792552177007, -0.005185091915687312, 0.017424263354389874, -0.004211188385912391, -0.008742544058914028, 0.004284952532385789, -0.0001569187821395475, 0.00025370965417774574], [0.023115048896675462, 0.0016671476849041706, -0.00421118838591239, 0.001992221980043077, 0.0014451650833837424, -0.0005608474405271695, 0.000313126709797028, -0.0012061850563009578], [0.0450758878508356, 0.002932764432023892, 