,X,Y,Z,id,nugget
0,100.0,0.0,-824.9999999999999,38543420,1e-05
1,300.0,0.0,-826.4804000826701,38543420,1e-05
2,900.0,0.0,-824.9999999999999,38543420,1e-05
3,100.0,0.0,-844.9999999999999,66924391,1e-05
4,300.0,0.0,-842.1766577678916,66924391,1e-05
5,900.0,0.0,-844.9999999999999,66924391,1e-05
