{"weights": [0.4975917786246954, 0.33025071583611676, 0.1721575055391878], "means": [[2.1077734888640483, -0.5217082930554313, 0.036454703019744905, 0.02404165617301412, 0.00845097508102135, -0.0014386611701641477, 0.012145984827212885, 0.007339455224333951], [-1.81837997121676, 3.6106699415172114, -0.05721982132411089, 0.004449614633207161, -0.0033329894986624162, 0.0006536824462708352, -0.02777209471693309, -0.020673720464256518], [-4.0101833787525765, -2.7141165834957737, -0.04376374108172872, -0.0770344671626569, -0.019517163137773373, 0.005310731199851612, 0.011825038873678837, 0.017095106543748968]], "cov": [[[0.027012995052884056, 0.009450842370833452, -0.010325678666547648, -0.1016256138193, -0.028678149593763247, -0.02963052891610219, -0.013859079985729715, 0.005448190142321209], [0.009450842370833452, 0.04385461755859742, -0.021481801666291767, -0.06784759769888342, -0.05221286702203962, 0.0013071024811704746, 0.02584952241275008, 0.001105434458319012], [-0.010325678666547648, -0.021481801666291763, 0.025511511803725958, 0.12168602995467487, 0.043214948638936504, 0.01681406596502961, -0.017057248465552132, 0.007783418108945533], [-0.1016256138193, -0.06784759769888342, 0.12168602995467488, 0.7943705225227815, 0.21659457809744564, 0.16705818627913044, -0.002628245960596457, 0.030521752903824032], [-0.02867814959376325, -0.05221286702203962, 0.04321494863893651, 0.21659457809744564, 0.09961332043265157, 0.02257799734586422, -0.014094277469153602, 0.016475501275901677], [-0.029630528916102194, 0.0013071024811704738, 0.016814065965029615, 0.16705818627913044, 0.02257799734586423, 0.06265739409278138, 0.007229824285534192, -0.013211330174696048], [-0.013859079985729715, 0.02584952241275008, -0.017057248465552132, -0.0026282459605964557, -0.014094277469153598, 0.00722982428553419, 0.056627287968044504, 0.0062807926795660635], [0.005448190142321209, 0.001105434458319013, 0.007783418108945533, 0.030521752903824032, 0.01647550127590167, -0.013211330174696051, 0.006280792679566059, 0.02425148869194071]], [[0.14546344909082756, 0.10519927489138435, -0.4587972250803649, 0.09896837095879206, -0.1463766621187375, 0.016687900113298067, 0.022867575688406746, 0.049682072413509804], [0.10519927489138434, 0.19540465293091075, 0.17279359246448892, 0.08836382437676311, -0.1896914173570782, 0.021967838625326135, 0.018334179254114586, 0.04612497574166822], [-0.45879722508036497, 0.17279359246448892, 5.291743294206713, -0.3216098830887765, -0.11776676565005391, -0.0005779626368311581, 0.022941628000136802, -0.008652330904383887], [0.09896837095879205, 0.08836382437676311, -0.32160988308877647, 0.13563792825938728, -0.055285051331269, -0.002682653000003743, -0.049788766599738694, 0.042066466582990375], [-0.1463766621187375, -0.1896914173570782, -0.11776676565005388, -0.055285051331269, 0.3170148375343451, -0.0754471691543689, -0.13725109232636915, -0.039303714556664926], [0.016687900113298067, 0.021967838625326135, -0.0005779626368311586, -0.002682653000003737, -0.0754471691543689, 0.04827319822790917, 0.08033637428000868, -0.02256230892277816], [0.022867575688406735, 0.018334179254114583, 0.022941628000136795, -0.049788766599738694, -0.13725109232636915, 0.0803363742800087, 0.20869706459246518, -0.038914463950350094], [0.0496820724135098, 0.04612497574166822, -0.008652330904383887, 0.042066466582990375, -0.039303714556664926, -0.02256230892277816, -0.038914463950350094, 0.04719211881673237]], [[0.6459127374396607, -0.18422147091206256, 0.016591038534909133, -0.2142921691971141, 0.14946879838099972, -0.0036921114602828545, -0.04748081844165508, -0.24704066642053127], [-0.18422147091206253, 0.1915099551611724, 0.005743286641620803, -0.12010390965252554, 0.2795521152464007, 0.02677283863510439, 0.07235824820759096, 0.09867585512901743], [0.01659103853490913, 0.005743286641620799, 0.01131050584328165, 0.05051647860719482, 0.02934326397648825, -0.04810002609815311, 0.016588750312218133, -0.02101368208368607], [-0.21429216919711414, -0.12010390965252557, 0.05051647860719482, 1.0601202582584823, -0.45018031558437044, -0.4149052329574052, 0.06555358774926491, -0.1480813216070464], [0.14946879838099972, 0.2795521152464008, 0.029343263976488253, -0.45018031558437044, 0.910897514200846, 0.01152306542439735, 0.1784053918796935, -0.03120331586415622], [-0.003692111460282844, 0.02677283863510439, -0.04810002609815311, -0.4149052329574052, 0.01152306542439734, 0.3591186001507526, -0.10017503918354942, 0.11269562592707708], [-0.04748081844165508, 0.07235824820759096, 0.016588750312218133, 0.06555358774926492, 0.17840539187969348, -0.10017503918354942, 0.08931994584968121, 0.01740260461416715], [-0.2470406664205312, 0.09867585512901744, -0.02101368208368607, -0.14808132160704643, -0.031203315864156218, 0.11269562592707708, 0.017402604614167146, 0.32156426552978923]]]}