{"weights": [0.1062808582445066, 0.2125119834396967, 0.30868600804376545, 0.11433441060952579, 0.1024580774354121, 0.1557286622270933], "means": [[3.71483375903897, 0.46018564736757855, -0.3781973005144094, 0.1355976661652416, -0.03851702872448711, -0.0793810387955391, 0.05610617333595882, -0.01846684102224874], [1.1239617067999745, 0.5574934996153343, -0.5129040766407807, 0.011216670084582528, 0.037501272976443414, 0.0461842595625566, -0.025211249343189017, 0.014545246577913234], [-3.9675485280706235, -0.46509152710224766, 0.10681227042177871, 0.03963029482278006, 0.05384904176554942, 0.002410241048985702, 0.014215537884163656, -0.00699600674600139], [-2.7284567686340786, -0.04025791736563875, -0.1979654984157452, -0.09049946551160024, -0.0947190981546995, -0.009133799998234118, -0.026656145539638743, -0.024109367873557837], [-0.9043627153801601, 1.4297970956094181, 1.101648415571707, -0.015002116978007896, -0.01895285572448073, 0.012995673203397564, -0.006552415955618082, -0.004597892607818673], [6.851572073830437, -0.6332315463266727, 0.30633672444435456, -0.046891096357793205, -0.00021814059309538823, 0.00836628490679612, 0.0030794570242370293, 7.225908328758339e-05]], "cov": [[[0.1825471903314481, -0.020912852687956122, 0.03319071791940546, -0.009273469695548658, -0.006417789972857712, 0.0005139341082102532, 0.010113164725931795, 0.0005480269579652427], [-0.020912852687956122, 0.0034783187410056334, -0.001913985986557552, -0.0005034428674501728, 0.0016017937060093434, 0.00020736440019285284, -0.0014327394725515037, -0.0002538511968605625], [0.03319071791940546, -0.0019139859865575524, 0.009891327414614182, -0.004558489070775157, -6.550446061890668e-05, 0.0007720929193887172, 0.0011107896897276986, -2.444625312923213e-05], [-0.009273469695548656, -0.0005034428674501728, -0.004558489070775157, 0.00343898361840004, -0.001537388612378061, -0.00062361262758701, 5.526717598155521e-05, 0.0006069236352549408], [-0.006417789972857713, 0.0016017937060093434, -6.550446061890683e-05, -0.0015373886123780612, 0.0031297015493494027, -6.162885301042275e-05, -0.0006545378427073221, -0.0012040134389833378], [0.0005139341082102532, 0.00020736440019285284, 0.0007720929193887172, -0.00062361262758701, -6.16288530104227e-05, 0.0009086663286218102, 0.00017255825053433604, -0.0003536609057439681], [0.010113164725931796, -0.0014327394725515037, 0.0011107896897276986, 5.5267175981555294e-05, -0.000654537842707322, 0.00017255825053433604, 0.0009676926249972842, -7.631349551813144e-06], [0.0005480269579652428, -0.0002538511968605626, -2.4446253129232164e-05, 0.0006069236352549409, -0.0012040134389833376, -0.000353660905743968, -7.631349551813115e-06, 0.0010059881223504362]], [[0.304393182763595, 0.0034849962578557816, 0.028067879220815037, 0.027808326753131933, -0.01283516140679159, 0.020161202504768057, -0.010147429364389886, -0.002533747905003426], [0.003484996257855782, 0.0009634130936677687, 0.000612914274395842, 0.0002136674012836583, -0.0010163507636949014, -0.0005748502372469559, -8.464620335618056e-05, -4.3196846569791995e-05], [0.028067879220815037, 0.000612914274395842, 0.004470046677637674, 0.003222122586353681, -0.0020408174279945845, 0.0027306298763785934, -0.001675697435647392, -6.009317912388597e-05], [0.027808326753131933, 0.0002136674012836583, 0.0032221225863536805, 0.004420082532720438, -0.002371471079162518, 0.0027356148426052624, -0.0012062390693561144, -0.0005587616934590076], [-0.01283516140679159, -0.0010163507636949012, -0.0020408174279945845, -0.0023714710791625177, 0.0034975532061602872, -0.0009174916624989163, 6.729744926935699e-05, 0.0005728935787397162], [0.02016120250476806, -0.0005748502372469558, 0.0027306298763785934, 0.0027356148426052624, -0.0009174916624989167, 0.004216924341959594, 5.850934335179035e-06, -0.0004554450254661272], [-0.010147429364389886, -8.464620335618056e-05, -0.001675697435647392, -0.0012062390693561142, 6.7297449269357e-05, 5.8509343351790525e-06, 0.0021638021585325337, -0.0002011935920598017], [-0.002533747905003426, -4.3196846569792e-05, -6.009317912388592e-05, -0.0005587616934590076, 0.0005728935787397163, -0.00045544502546612716, -0.0002011935920598017, 0.0011850597354630741]], [[0.050577251053723696, 0.020851758937419952, -0.017988858068458836, -0.04398007929544913, -0.009648220599682065, -0.0013433043148308684, 0.00033233503925069087, 0.0007369856703908134], [0.020851758937419952, 0.01028809833004148, -0.006300590865878623, -0.018623680449126507, -0.003335744244998093, -0.0010151791299055598, 0.0010632566257155935, 0.0004379357109842295], [-0.01798885806845884, -0.006300590865878623, 0.007925410615302922, 0.01844109345856049, 0.0016901406330926314, 0.00037272758462122437, 6.898457231703554e-05, 0.00026267531923435735], [-0.04398007929544913, -0.01862368044912651, 0.018441093458560494, 0.06001052293363211, -0.003011104368760048, 0.0015927181988254237, -0.0020392625433985163, 0.0015101156202228139], [-0.009648220599682065, -0.003335744244998093, 0.0016901406330926318, -0.0030111043687600487, 0.01625608688436825, -0.00036757805246178494, 0.0014504762070203416, -0.001883922649452795], [-0.0013433043148308686, -0.0010151791299055598, 0.00037272758462122437, 0.0015927181988254237, -0.00036757805246178494, 0.001796991346211887, 0.0009026211652899337, -5.5666888589893024e-05], [0.00033233503925069103, 0.0010632566257155935, 6.898457231703544e-05, -0.0020392625433985163, 0.0014504762070203416, 0.0009026211652899336, 0.0020038656395718587, 0.00030218278933992455], [0.0007369856703908132, 0.0004379357109842295, 0.0002626753192343575, 0.0015101156202228139, -0.001883922649452795, -5.566688858989308e-05, 0.0003021827893399246, 0.0031615334594599816]], [[0.029644367156654042, 0.009279309704200236, -0.0060822989792506405, 0.004206470693152058, -0.0025665514643594145, -0.0018729544913352676, -0.001173198361656896, -0.0032340599089729525], [0.009279309704200236, 0.0032140449206965642, -0.0016072692320061146, 0.0012080589618289012, -0.0013142065443077081, -0.0001900682395879905, 0.0001222941517887315, -0.0008691008799959462], [-0.0060822989792506405, -0.0016072692320061146, 0.0022590516116113325, -0.0013766595701580453, 0.00036047105648349926, 0.0008563170782748121, 4.0813164828135655e-05, 0.0010790369987973291], [0.004206470693152058, 0.0012080589618289012, -0.0013766595701580455, 0.0013458234336536264, -0.0007579069446654462, -0.0004977564374053615, -8.732680696234777e-05, -0.0012793192567447857], [-0.0025665514643594145, -0.0013142065443077081, 0.00036047105648349937, -0.0007579069446654462, 0.002481198423696354, -0.0010538160162844473, -0.001612220049168322, 0.0008988458914092054], [-0.0018729544913352676, -0.0001900682395879905, 0.0008563170782748121, -0.0004977564374053614, -0.0010538160162844475, 0.001563874439658362, 0.0015589600298139062, 0.0002336613333134376], [-0.001173198361656896, 0.0001222941517887314, 4.081316482813562e-05, -8.732680696234778e-05, -0.0016122200491683221, 0.0015589600298139062, 0.0025138014256990294, 0.0003093405389615786], [-0.0032340599089729534, -0.0008691008799959464, 0.0010790369987973291, -0.0012793192567447857, 0.0008988458914092052, 0.0002336613333134376, 0.0003093405389615786, 0.002993302146176818]], [[0.18912878680219605, 0.01255279485206811, -0.036178976641291, 0.009739107952207142, 0.018899820673314683, -0.00822928839900223, 0.000633852531509873, -0.0032159766158957924], [0.012552794852068111, 0.0012845374210221213, -0.001675110490858085, 0.0007801313923042644, 0.001218633848132619, -4.6614092903596686e-05, 0.00022189510514654902, -0.0008774886544726916], [-0.036178976641291, -0.001675110490858085, 0.008263689714849672, -0.0017645715559547813, -0.0037161565834672437, 0.002013611815674762, -8.466070000645068e-05, -0.0002747839085136358], [0.009739107952207142, 0.0007801313923042644, -0.0017645715559547813, 0.001343145313612935, 0.0004413074465191555, 0.00010934077450479121, 0.000248860551275149, -0.0008453289842151207], [0.018899820673314683, 0.001218633848132619, 