{"weights": [0.17222196935805423, 0.16667287329633246, 0.29998446667852796, 0.1000253956496491, 0.10557112480101456, 0.15552417021642168], "means": [[3.720951127637718, 0.46205704541389525, -0.3832393195107431, 0.13408348011196694, -0.0311250817922253, -0.0817002365194891, 0.06341740729068554, -0.017459311994068638], [1.0515853387190999, 0.5556196746494134, -0.5259513249347912, 0.001931135061686871, 0.047095144785316366, 0.04054022509022236, -0.020675493958323646, 0.012327211060556752], [-3.9207996224875052, -0.44316113126846035, 0.09568556370237045, 0.021395335464190434, 0.025870035191394695, -0.00400538608208252, 0.009652192936382269, 0.002200527624911942], [-2.6888891324393756, -0.02525887425053971, -0.2038994949807901, -0.08562131496545597, -0.10651388507650145, -0.004800252711824515, -0.018325839692020437, -0.012754445520120682], [-0.7306209807660743, 1.4418990913772414, 1.0683095274271535, -0.012587472156015151, 0.003611980426229532, 0.001427098062878739, -0.00851293714912626, -0.0011890435562621597], [6.852315259367286, -0.6534752085264381, 0.2911102069497755, -0.037149531326411536, -0.0015041447096691626, 0.00790630591479804, -0.008918899509932495, 0.0017551727104413188]], "cov": [[[0.1978571363951906, -0.02260309272895094, 0.036115285696181644, -0.01014094047662484, -0.006958900436394479, 0.0005861551702262764, 0.010939093356733874, 0.0006135153476887866], [-0.02260309272895094, 0.0035537786899049683, -0.0025133909823635532, -0.00013036919273043962, 0.0015956126541255737, 0.00013895858997919593, -0.0014133685723519453, -0.00022798948257413538], [0.036115285696181644, -0.0025133909823635524, 0.009829702322355055, -0.004266178531897027, -0.00019807037898022901, 0.0006513461397429884, 0.001393409597637206, -7.050603635870118e-05], [-0.010140940476624841, -0.00013036919273043938, -0.004266178531897028, 0.003128604079912957, -0.0012119451339155062, -0.0005599010013471315, -3.179063846779834e-05, 0.0005055667599431869], [-0.006958900436394479, 0.0015956126541255737, -0.00019807037898022907, -0.0012119451339155062, 0.002559402335789255, -7.529183319136555e-05, -0.0006439500290478901, -0.0008974915626401965], [0.0005861551702262764, 0.00013895858997919593, 0.0006513461397429884, -0.0005599010013471315, -7.529183319136556e-05, 0.0009311333513587302, 0.0002171550569318783, -0.0004100730066958638], [0.010939093356733874, -0.0014133685723519453, 0.0013934095976372057, -3.179063846779837e-05, -0.0006439500290478901, 0.00021715505693187828, 0.0010767291062521568, 7.865878507054144e-06], [0.0006135153476887866, -0.00022798948257413538, -7.050603635870123e-05, 0.0005055667599431869, -0.0008974915626401965, -0.00041007300669586375, 7.865878507054166e-06, 0.0008623758860907372]], [[0.3541363212706037, 0.004065427830216539, 0.0327099950116013, 0.03240454369903808, -0.014998630523549345, 0.02349864069459241, -0.011812167346851248, -0.002956531266264602], [0.004065427830216539, 0.0012697234600921353, 0.0008354999087774877, 8.700559186272628e-05, -0.0013008670056862631, -0.0008579441057984085, -8.842232402129061e-05, 6.500420195924917e-05], [0.03270999501160131, 0.0008354999087774877, 0.005170150428905054, 0.003364573880354755, -0.0022694816328326776, 0.003100118183732809, -0.0017797587682619805, 0.00010264243307675811], [0.03240454369903807, 8.700559186272614e-05, 0.003364573880354755, 0.005229072746921396, -0.002502084867229333, 0.002945642568617767, -0.0015544508906938407, -0.0008036462683796742], [-0.014998630523549345, -0.0013008670056862633, -0.002269481632832677, -0.0025020848672293334, 0.003920571314973078, -0.0006267200462531413, 0.0001977918742840275, 0.0005450142873792118], [0.02349864069459241, -0.0008579441057984085, 0.003100118183732809, 0.002945642568617767, -0.0006267200462531413, 0.005114671543293835, 0.00014248593586645774, -0.0004315741557675595], [-0.011812167346851246, -8.842232402129066e-05, -0.00177975876826198, -0.0015544508906938407, 0.0001977918742840275, 0.00014248593586645774, 0.0024766718377811784, -6.970101280033412e-05], [-0.002956531266264602, 6.500420195924917e-05, 0.0001026424330767582, -0.0008036462683796739, 0.0005450142873792118, -0.0004315741557675594, -6.970101280033423e-05, 0.0014935556486432926]], [[0.0402576048542831, 0.016625611233068226, -0.014282117042554573, -0.03443024298215322, -0.007126217969095588, -0.0011190570538682448, 0.00026538619469662714, 0.0005107911149320789], [0.016625611233068226, 0.008606255874206105, -0.004710043337261459, -0.014502204832335322, -0.0023307555486313017, -0.0007903301761244334, 0.0011701634524211026, 0.0004025531083843574], [-0.014282117042554575, -0.00471004333726146, 0.006494449668350317, 0.014536500414705254, 0.0013011292760242178, 0.0003188074004073518, 0.0003103061945177196, 0.0002908804296289871], [-0.03443024298215322, -0.014502204832335322, 0.014536500414705252, 0.04776524066495518, -0.0018148247033975362, 0.001207871843852781, -0.0015693403318064283, 0.0011126857826460814], [-0.007126217969095587, -0.0023307555486313017, 0.0013011292760242178, -0.0018148247033975362, 0.013232932990325859, -0.00042209418498128466, 0.0011435050087093214, -0.0013669334533009659], [-0.0011190570538682448, -0.0007903301761244334, 0.0003188074004073518, 0.001207871843852781, -0.00042209418498128466, 0.0019066332228388017, 0.001117816824194604, -0.0003317043559791685], [0.00026538619469662725, 0.0011701634524211029, 0.00031030619451771974, -0.0015693403318064283, 0.0011435050087093214, 0.0011178168241946043, 0.0021587444683672215, 0.00024399557974769348], [0.0005107911149320789, 0.0004025531083843573, 0.00029088042962898704, 0.0011126857826460814, -0.001366933453300966, -0.00033170435597916855, 0.00024399557974769345, 0.00354519348783922]], [[0.040640233912764126, 0.012705451156739815, -0.008399811315996616, 0.005859632997788956, -0.0035486310210600916, -0.0026188577593811175, -0.0016341502740317472, -0.004566837981001912], [0.012705451156739815, 0.0043637348424749225, -0.0022978267076616886, 0.0016871521737995543, -0.0018430890631985686, -0.0002730244603073822, 0.00020407433901033814, -0.0013130501648104395], [-0.008399811315996618, -0.0022978267076616886, 0.0028646085347957023, -0.0017694976916968247, 0.0005029097139170654, 0.0011124389785515452, 0.00015229169887562475, 0.0013656681967382004], [0.0058596329977889565, 0.0016871521737995543, -0.0017694976916968247, 0.0016770313943281813, -0.0009557061016960013, -0.0005499145350325751, -9.829053925741869e-05, -0.0015315017317087463], [-0.0035486310210600925, -0.0018430890631985686, 0.0005029097139170655, -0.0009557061016960015, 0.00336505798277137, -0.0015939388041675063, -0.002407505556733985, 0.0011693881520430903], [-0.0026188577593811175, -0.00027302446030738224, 0.0011124389785515452, -0.0005499145350325751, -0.0015939388041675063, 0.0021289002321933357, 0.0022078750867812586, 0.0002716351008046441], [-0.0016341502740317474, 0.00020407433901033814, 0.00015229169887562478, -9.829053925741866e-05, -0.002407505556733985, 0.0022078750867812586, 0.0034606954868676167, 0.00029565647059690356], [-0.004566837981001912, -0.0013130501648104395, 0.0013656681967382004, -0.0015315017317087461, 0.00116938815204309, 0.0002716351008046441, 0.00029565647059690367, 0.003352316500474093]], [[0.39125679741859376, 0.0258010006462658, -0.0751725756103105, 0.020149184041145907, 0.039312755889607746, -0.01719470433289566, 0.0011668307836211137, -0.006625162294056292], [0.0258010006462658, 0.001986059589374776, -0.004544531084666852, 0.001444589098765525, 0.002559442501277451, -0.0006889988410931515, 0.0002770927121949134, -0.0011148032029333096], [-0.0751725756103105, -0.004544531084666852, 0.015165068031542125, -0.0036985830955593027, -0.007606068983277524, 0.0036904052457746163, -0.00015828955305133424, 0.00030985171957633665], [0.02014918404114591, 0.0014445890987655249, -0.0036985830955593023, 0.001680034784849127, 0.0013390158591314579, -0.00048709370835577206, 0.0002826195708522425, -0.0009635299257800564], [0.039312755889607746, 0.0025594425012774504, 