{"weights": [0.09028692194649435, 0.08072495985651913, 0.3423786572730685, 0.20867994546433122, 0.10631843020288902, 0.17161108525669788], "means": [[3.772532196409929, 0.4429418308544502, -0.3927289075593488, 0.13678366760622832, -0.03319263146160612, 0.018558088782903846, 0.09734203523364711, 0.00731635852768262], [-0.7427285165433178, 1.4756971785731374, 1.025799221707613, -0.008519261585330779, -0.007776936950277034, -0.005330186151961972, -0.00742132503081653, -0.0022683843787141282], [-3.8973632635253184, -0.4391999607285577, 0.10081415824239819, 0.036938439574023846, 0.017327680348438665, -0.0028640072409862843, 0.007577089319364494, 0.005118058232848652], [1.0659480181556809, 0.5384264228838618, -0.5494950486322516, 0.0006305879400666792, 0.04991360470071079, -0.010529347462864977, -0.04061541223692854, 0.00571122915793208], [-2.688613322266915, -0.029617618897279242, -0.20619637234445296, -0.09700401680844331, -0.10463359684434025, 0.005963152372949873, -0.0071539784128641475, -0.019789817143648688], [6.870081602405315, -0.6497101463639164, 0.30598967446509684, -0.04212387233614157, -0.0016640739662058452, -0.0004855188680411359, -0.01328598159078454, -0.0008835052522528338]], "cov": [[[0.18266163309422134, -0.024474375513679134, 0.0290921735701593, -0.004768909467802295, -0.00738072361738072, -0.000524127829599, 0.006446365170614902, 0.0038727647841739453], [-0.024474375513679134, 0.004584001174200862, -0.001776118259629078, -0.0011542136011292673, 0.0014150011835216854, -0.0001671768807455843, -0.0012436365510547556, -0.0004752647293761098], [0.0290921735701593, -0.001776118259629077, 0.009074444557289379, -0.004568687191766965, -0.0004030479806911563, -0.00029083890124917996, -0.0003485380354258056, 0.0010560969160140028], [-0.004768909467802296, -0.0011542136011292675, -0.004568687191766965, 0.004165145082956851, -0.0013422183811697584, 0.00024369380988342566, 0.0011589300766855462, -0.00024886438816613786], [-0.007380723617380721, 0.0014150011835216854, -0.0004030479806911562, -0.0013422183811697584, 0.0024582373564884267, 0.00028757201134013813, -0.0005481007465826733, -0.0005144555346759659], [-0.0005241278295990001, -0.0001671768807455843, -0.00029083890124917996, 0.00024369380988342566, 0.0002875720113401382, 0.0018012194686335943, -0.00011096492236004667, 4.2503823036971586e-05], [0.006446365170614903, -0.0012436365510547556, -0.0003485380354258057, 0.0011589300766855462, -0.0005481007465826733, -0.00011096492236004666, 0.0009713778821460767, -0.00013861073702355056], [0.003872764784173946, -0.0004752647293761098, 0.0010560969160140028, -0.00024886438816613786, -0.0005144555346759659, 4.2503823036971607e-05, -0.00013861073702355056, 0.0009197153431682975]], [[0.2851201537424342, 0.019549029290823937, -0.05774824169894263, 0.00823799825940333, 0.042348591868235086, 0.004279957664676325, 0.013005802939737101, -0.01217990880965399], [0.019549029290823937, 0.002204305927836106, -0.0031718273817139776, 0.0003296382047351862, 0.0031989891569568236, 0.0001873208653268853, 0.0011325234295235817, -0.0011657884012126552], [-0.05774824169894263, -0.0031718273817139776, 0.012733327477177665, -0.0016920348309756182, -0.008567194106211028, -0.0005707606086923105, -0.0025689167667913974, 0.0022693399593829047], [0.00823799825940333, 0.00032963820473518615, -0.0016920348309756182, 0.0011000112832042902, 0.00020694242117651375, 2.2320405658301868e-05, 0.0002671814466723438, -0.00034443267643692415], [0.042348591868235086, 0.0031989891569568236, -0.008567194106211028, 0.00020694242117651386, 0.008821593129904649, 0.0017202702050579423, 0.001966766547569094, -0.0033204016880001136], [0.004279957664676325, 0.0001873208653268853, -0.0005707606086923105, 2.2320405658301854e-05, 0.0017202702050579423, 0.005339925570535758, -0.000686546500896192, 0.0003281073930511078], [0.013005802939737101, 0.0011325234295235817, -0.0025689167667913974, 0.00026718144667234393, 0.0019667665475690934, -0.0006865465008961922, 0.0008621876739263803, -0.0009035533553913208], [-0.01217990880965399, -0.0011657884012126552, 0.0022693399593829047, -0.0003444326764369242, -0.0033204016880001136, 0.0003281073930511079, -0.0009035533553913208, 0.0037415544432067432]], [[0.04473078485369549, 0.01894689682974773, -0.01583023121717136, -0.03800767496917482, -0.01050226703043265, 0.0017033439182047385, 0.0007414557424873957, -0.00024202849267036222], [0.01894689682974773, 0.010394774834935502, -0.005272661021771707, -0.017988602341236812, -0.0030367424804213523, 0.000492349268700049, 0.001571218312767423, 0.00047217274218715655], [-0.01583023121717136, -0.0052726610217717065, 0.0073320163574415766, 0.016106553278119863, 0.002364377780553227, -0.0003984929284965471, -4.7941559859338394e-05, 0.000398520451946252], [-0.03800767496917482, -0.017988602341236812, 0.016106553278119863, 0.05891293179692121, -0.003903503021862821, 0.0002271603089662366, -0.003798512300671679, 0.00037113317745934567], [-0.01050226703043265, -0.003036742480421352, 0.002364377780553227, -0.003903503021862821, 0.018135935364390166, -0.0005981912027019903, 0.0023407333740802653, -0.0009425754783249345], [0.0017033439182047381, 0.0004923492687000488, -0.00039849292849654725, 0.00022716030896623662, -0.0005981912027019902, 0.004972157317399382, -0.0007191420641069154, -6.612655498526092e-05], [0.0007414557424873957, 0.001571218312767423, -4.794155985933849e-05, -0.003798512300671679, 0.0023407333740802653, -0.0007191420641069153, 0.0012088255369565755, -9.509365349971482e-05], [-0.00024202849267036217, 0.0004721727421871566, 0.0003985204519462521, 0.0003711331774593458, -0.0009425754783249345, -6.612655498526067e-05, -9.50936534997148e-05, 0.003830185336157716]], [[0.4939992776456464, 0.0002622115441337431, 0.03667137024165751, 0.04130669055964456, -0.0062115581011545915, -0.005892100897653083, -0.02483587065127093, -0.013111047553468874], [0.0002622115441337432, 0.0014058072516130145, 0.0005014619101262234, 0.0002651049836544005, -0.0016384013526456187, 0.00023760081465917608, 0.000700472879948043, 0.00019424522360410768], [0.03667137024165751, 0.0005014619101262234, 0.004978222020285749, 0.00315434165853101, -0.0016291845445773698, -0.0011117795312649236, -0.003040726791721168, -0.0007063935354399912], [0.04130669055964456, 0.00026510498365440066, 0.0031543416585310094, 0.006321513613670343, -0.0022102506043578675, -0.0013838068495161773, -0.0019219430716582342, -0.0019956740253512482], [-0.0062115581011545915, -0.0016384013526456185, -0.0016291845445773698, -0.002210250604357867, 0.003908073628212925, 0.0007029832529529426, -0.000252045149967967, 0.00016430142850526876], [-0.005892100897653083, 0.00023760081465917592, -0.0011117795312649236, -0.0013838068495161773, 0.0007029832529529428, 0.003407360471812798, 0.0006657382136289568, 0.00024422336949544646], [-0.024835870651270932, 0.000700472879948043, -0.0030407267917211683, -0.0019219430716582342, -0.000252045149967967, 0.0006657382136289567, 0.002944276026705773, 0.0004534744361790379], [-0.013111047553468874, 0.00019424522360410768, -0.0007063935354399912, -0.0019956740253512487, 0.00016430142850526886, 0.0002442233694954465, 0.0004534744361790379, 0.002255556647178264]], [[0.02664192628136783, 0.00805149498365479, -0.005361170724700492, 0.0028356408398702644, -0.0013854222666160705, 0.002526202416075739, -0.0001863143375830642, -0.00015482388634847002], [0.00805149498365479, 0.002967495294147304, -0.0011308713490804441, 0.0005172732614624775, -0.0008780257290511371, 0.0004006364133048346, 0.00016057624357880475, -0.00019513124416404957], [-0.0053611707247004925, -0.001130871349080444, 0.002178813972103662, -0.0009743669306278102, 1.9112357325841793e-05, -0.000454302068994031, -0.0003657462411729925, -9.535946827212262e-05], [0.002835640839870264, 0.0005172732614624773, -0.0009743669306278101, 0.0018324169715496573, -0.0010400036137702465, 0.0003221092166700535, 8.525055365680978e-05, -0.0005513491884284287], [-0.0013854222666160705, -0.0008780257290511372, 