{"accuracy_init": 0.7751677632331848, "accuracy_final_MAP": 0.5503355860710144, "accuracy_final_mean": 0.7416107654571533}