{"weights": [0.04232009626369903, 0.13368692427232792, 0.30710726236580704, 0.281981949976048, 0.15436314229209652, 0.08054062483002151], "means": [[3.796551431736628, 0.43149021353797407, -0.40419325935105327, 0.14416664098644658, -0.03664841960147609, 0.014940090323778158, 0.09998679858420301, 0.005278177668774043], [-0.6809136664856984, 1.476320782831244, 1.0145958241833954, -0.008605697989308232, 0.011794819117144278, 0.024399619185248626, -0.010622433776629314, -0.007303278305900804], [-3.9507684613523093, -0.4532336165609564, 0.1207308308515381, 0.05483402303836934, 0.0453779357279426, 0.008164644566007642, 0.011337850906562613, 0.002388694069738599], [1.045657647220722, 0.5385910423297501, -0.549418047090208, -0.0015555701602497957, 0.051102700625623866, -0.0036056363814757244, -0.041434323832366476, 0.007507252825947533], [-2.717436398664617, -0.031088302913872358, -0.19868398550611707, -0.10233558344286704, -0.10428069638155943, -0.001984168772957435, 0.00019827618974149256, -0.012039959157948938], [6.871438399818224, -0.6412054381809694, 0.3134813091348058, -0.04349846302753174, -0.004988357201122366, -0.003208962190835988, -0.009870753714041733, 0.0015642787167458798]], "cov": [[[0.22248613411431592, -0.02971164645197996, 0.035648989559562895, -0.00599823356401887, -0.00891072461410419, -0.0005930661384772482, 0.00778217349115375, 0.004751626217892222], [-0.02971164645197996, 0.005139770890556063, -0.0031533520231512824, -0.00031543480095378834, 0.0013786186072252146, -0.0001492196387072596, -0.00110559587768915, -0.0004696414276253218], [0.035648989559562895, -0.0031533520231512824, 0.008960798251206173, -0.003578660705534274, -0.0012075394765567174, -0.0004879793719731921, 0.00032106087751325647, 0.0011549519272455826], [-0.005998233564018869, -0.00031543480095378834, -0.003578660705534274, 0.003100096900637478, -0.0009337600006290665, 6.873310409947567e-05, 0.0008440109201867821, -0.00010265984138417813], [-0.00891072461410419, 0.0013786186072252146, -0.0012075394765567174, -0.0009337600006290665, 0.0029666545072189877, 0.0009011150155741348, -0.0004178441225914958, -0.0005489440858421937], [-0.0005930661384772482, -0.00014921963870725966, -0.0004879793719731921, 6.87331040994757e-05, 0.0009011150155741348, 0.0014718492820114777, 7.229516359120004e-06, -0.0003067509896869163], [0.00778217349115375, -0.00110559587768915, 0.0003210608775132562, 0.0008440109201867822, -0.0004178441225914958, 7.2295163591200065e-06, 0.0009910394942697221, 7.848205014015287e-05], [0.004751626217892221, -0.00046964142762532173, 0.0011549519272455828, -0.00010265984138417812, -0.0005489440858421937, -0.0003067509896869163, 7.848205014015289e-05, 0.0011638672320659824]], [[0.20300260242167625, 0.013910533785433268, -0.04107498905987908, 0.005934778901307532, 0.029938172235771793, 0.003101549309983274, 0.009224629910802407, -0.008428407617865955], [0.013910533785433268, 0.0019110240169267648, -0.0019533169113218588, 0.00012921811669205344, 0.0024718010088179694, 6.084135310644253e-05, 0.0009196492858620419, -0.0011277539895425044], [-0.04107498905987908, -0.0019533169113218588, 0.009433349434474287, -0.0012222028482854145, -0.006019592712699683, -0.00042922837239434765, -0.001774074692526528, 0.001408614128935149], [0.005934778901307531, 0.00012921811669205338, -0.0012222028482854145, 0.0010612512197041139, -0.00027180422290990424, 0.00014582779668617662, 0.00010796139953284144, -7.388501541063169e-06], [0.029938172235771793, 0.0024718010088179694, -0.006019592712699682, -0.0002718042229099042, 0.007384000811867063, 0.0009369457767606581, 0.0015709018062477172, -0.003550397592689432], [0.003101549309983274, 6.0841353106442505e-05, -0.00042922837239434765, 0.00014582779668617657, 0.0009369457767606581, 0.004139349034993001, -0.0005799717652396478, 0.0006037594550481064], [0.009224629910802407, 0.0009196492858620419, -0.001774074692526528, 0.00010796139953284152, 0.0015709018062477174, -0.0005799717652396478, 0.0006946353644610911, -0.0008922818040040846], [-0.008428407617865955, -0.0011277539895425041, 0.0014086141289351493, -7.388501541063218e-06, -0.003550397592689432, 0.0006037594550481064, -0.0008922818040040846, 0.004626490774675649]], [[0.05105234837607738, 0.02206887789815512, -0.018747990049541738, -0.04988398205848366, -0.008328856405145215, 0.0018112145646449202, 0.0016216655040341959, -0.00039831808689389864], [0.02206887789815512, 0.011107206711452721, -0.007179325355330931, -0.02308792328691218, -0.002855786451257467, 0.000897535452761313, 0.0015330335901124516, 3.28406556213722e-05], [-0.018747990049541738, -0.007179325355330929, 0.008106328189031647, 0.019988411690964405, 0.002143840889465573, -0.00026669740228112647, -0.0005621059143402942, 0.0001652039188998353], [-0.04988398205848367, -0.023087923286912185, 0.019988411690964405, 0.06732329669079087, 0.0004413025123490229, 1.8295029093091736e-05, -0.003851502970085581, 0.0002251749687181418], [-0.008328856405145217, -0.002855786451257468, 0.002143840889465573, 0.000441302512349023, 0.01186473864547853, 8.637706005524758e-05, 0.0012286912855543654, -0.0007097713053957653], [0.0018112145646449202, 0.000897535452761313, -0.00026669740228112647, 1.8295029093091895e-05, 8.63770600552478e-05, 0.003759178460328484, -0.00033921965631793666, -7.856297794266492e-05], [0.0016216655040341959, 0.0015330335901124514, -0.0005621059143402942, -0.00385150297008558, 0.0012286912855543654, -0.0003392196563179367, 0.0009218278457330524, -0.00016800617198337058], [-0.0003983180868938986, 3.284065562137228e-05, 0.00016520391889983532, 0.00022517496871814178, -0.0007097713053957652, -7.856297794266489e-05, -0.00016800617198337058, 0.002880932720918111]], [[0.5534995415660533, 0.0002944298841536082, 0.041139603965288374, 0.046336463486413855, -0.00700052484543039, -0.00665197159149282, -0.027862592559966738, -0.014709742092566064], [0.00029442988415360826, 0.001242655727646866, 0.00043920333152940835, 0.00029650089857893435, -0.0014849741318030062, 0.00010050661119139454, 0.0006271301736040794, 9.209110959715364e-05], [0.041139603965288374, 0.00043920333152940846, 0.004998424689801388, 0.0036442993912976195, -0.0015912430362034359, -0.0011178816978689374, -0.0030640913249581525, -0.001003617123716653], [0.046336463486413855, 0.0002965008985789344, 0.0036442993912976195, 0.006463483693181378, -0.002235079702108416, -0.001304075923406086, -0.0022639388949395223, -0.001899439507024374], [-0.00700052484543039, -0.0014849741318030062, -0.0015912430362034359, -0.002235079702108416, 0.0036102970100110377, 0.0007688126697415646, -0.00015924696548064908, 0.00023829475382930766], [-0.0066519715914928204, 0.00010050661119139448, -0.0011178816978689374, -0.001304075923406086, 0.0007688126697415645, 0.0030139414603797916, 0.0005894718970315285, 0.00020703954648576558], [-0.02786259255996674, 0.0006271301736040793, -0.0030640913249581525, -0.0022639388949395227, -0.0001592469654806491, 0.0005894718970315285, 0.002892858409481973, 0.000595656290351827], [-0.014709742092566064, 9.209110959715364e-05, -0.0010036171237166526, -0.001899439507024374, 0.00023829475382930763, 0.0002070395464857656, 0.000595656290351827, 0.002111816057698391]], [[0.037510234397066425, 0.011311218389032937, -0.007601051439318287, 0.00409971949153269, -0.0020128965326404492, 0.0036806382171700987, -0.0002593605035684061, -0.0002266677061142942], [0.011311218389032937, 0.00394983657754276, -0.001926396042639924, 0.0011191518370635854, -0.0013343158379161512, 0.0004161432868025857, 0.00031757127271382917, -0.0002830434931422411], [-0.007601051439318287, -0.001926396042639924, 0.002427618267599713, -0.0010587020546425035, 0.00017401435651955002, -0.0007212206660090132, -0.0003033201168609324, -1.1987979714419755e-06], [0.00409971949153269, 0.0011191518370635854, -0.0010587020546425038, 0.001806391236097013, -0.0012912622812187651, -0.00015170151333740223, 0.0002974699007357094, -0.0008608539218828401], [-0.0020128965326404492, -0.0013343158379161514, 