,X,Y,Z,id,nugget
0,100.0,0.0,-825.0,22797953,1e-05
1,300.0,0.0,-783.9882842320865,22797953,1e-05
2,900.0,0.0,-825.0,22797953,1e-05
3,100.0,0.0,-844.9999999999999,77818154,1e-05
4,300.0,0.0,-807.3538200772164,77818154,1e-05
5,900.0,0.0,-844.9999999999999,77818154,1e-05
