{"weights": [0.23210563043618784, 0.19280400671554077, 0.5750903628482715], "means": [[1.8174308099880092, 3.6087879437633985, -0.05382680766026026, -0.004274332565859211, 5.248223886299562e-05, 0.004850471151832192, 0.02568135679231256, 0.019258841835268103], [4.012011041551792, -2.714322052957067, -0.046572322666484534, 0.06819444319062057, -0.023304257224509715, -0.00326594559397112, -0.010189745137931007, -0.007294639558247061], [-2.110172026256011, -0.5235727431979318, 0.03661609662684342, -0.02092669407985831, 0.00843314392037436, 0.001386334944315022, -0.006776814996694876, -0.006147930737343333]], "cov": [[[0.13774605023529396, -0.10045755820110577, 0.425437152323052, 0.09333849590397948, 0.14043530037306676, 0.016146601666924474, 0.023105360255354094, 0.047434914260999404], [-0.10045755820110579, 0.18700704855880793, 0.16032904529795344, -0.08348708161786698, -0.18114331448721796, -0.021134251862226627, -0.019506763671564727, -0.04342290740564681], [0.42543715232305207, 0.16032904529795344, 4.908679968910665, 0.2981413868360586, -0.10940966242556226, 0.0004917092951605783, -0.021376670105380132, 0.007934632584309655], [0.0933384959039795, -0.08348708161786698, 0.2981413868360586, 0.12823138399994152, 0.05343511125310226, -0.0014468100661913716, -0.04501155332164566, 0.03933857893600897], [0.14043530037306676, -0.18114331448721793, -0.10940966242556226, 0.05343511125310225, 0.3035217282224783, 0.07243580244882991, 0.12973281313868265, 0.03765230699078061], [0.01614660166692447, -0.021134251862226623, 0.0004917092951605786, -0.0014468100661913787, 0.07243580244882991, 0.04614431072289457, 0.07472645596147534, -0.021624639375400143], [0.023105360255354094, -0.019506763671564727, -0.021376670105380132, -0.04501155332164566, 0.12973281313868265, 0.07472645596147533, 0.19655659207871778, -0.0352238173017019], [0.047434914260999404, -0.04342290740564681, 0.007934632584309655, 0.03933857893600897, 0.03765230699078061, -0.02162463937540014, -0.0352238173017019, 0.04493508569717897]], [[0.4427263539777817, 0.11923378810378532, -0.002124343915661993, -0.25546642446214746, -0.10086327064618777, 0.06136888014132937, -0.05120887728346603, -0.12387048882202394], [0.11923378810378532, 0.1700068174180287, 0.010515960515109946, 0.10876142249230324, 0.28915159441146515, -0.005930134900113206, -0.07084655475066869, -0.05978509380463137], [-0.002124343915661992, 0.010515960515109947, 0.010176187718047786, -0.04680495518509718, 0.02444862156026179, 0.0414754954992659, -0.015357103660182805, 0.011692457255505759], [-0.25546642446214746, 0.10876142249230324, -0.046804955185097176, 1.0363901864973273, 0.4655880782342292, -0.40320476509310826, 0.06229053422821735, -0.12221993141011542], [-0.10086327064618776, 0.28915159441146515, 0.024448621560261792, 0.4655880782342293, 0.8829469196103343, -0.03009568042009009, -0.17308219195897317, -0.0019420337311915853], [0.06136888014132937, -0.005930134900113193, 0.0414754954992659, -0.4032047650931083, -0.03009568042009011, 0.31640802975520216, -0.0944811426284635, 0.06736411592312785], [-0.051208877283466014, -0.07084655475066869, -0.015357103660182805, 0.06229053422821735, -0.17308219195897315, -0.0944811426284635, 0.08638037282511218, 0.01675467222372084], [-0.12387048882202391, -0.05978509380463137, 0.011692457255505759, -0.12221993141011542, -0.0019420337311915911, 0.06736411592312785, 0.01675467222372084, 0.22071706422632476]], [[0.025067936889746206, -0.0095823429888631, 0.008351437387078022, -0.08382180284761938, 0.02534339596685644, -0.02461363546228295, -0.012413382264907095, 0.006024986228217844], [-0.0095823429888631, 0.0367259499048702, -0.016852529876627727, 0.056211320323880924, -0.04319812584145825, 0.0007545528248125493, -0.019404205403917442, -0.002895578834413998], [0.008351437387078022, -0.016852529876627727, 0.021304527022304877, -0.10170421970047218, 0.03487032316189093, -0.014334932834321842, 0.014515824455994837, -0.006620921258823402], [-0.08382180284761939, 0.056211320323880924, -0.10170421970047219, 0.6617496288681547, -0.18012884974251275, 0.1385904785372578, -0.0030491017659242314, 0.026114034285131378], [0.02534339596685644, -0.04319812584145825, 0.03487032316189093, -0.18012884974251275, 0.08413445486363391, -0.01848930898346285, 0.007139940719790586, -0.01446666774740153], [-0.02461363546228295, 0.0007545528248125524, -0.014334932834321846, 0.1385904785372578, -0.018489308983462852, 0.054495089160199565, 0.002176192837494915, -0.014329178424553566], [-0.012413382264907093, -0.01940420540391744, 0.014515824455994837, -0.003049101765924232, 0.0071399407197905865, 0.0021761928374949145, 0.05164638306457138, 0.008234697463022357], [0.0060249862282178435, -0.0028955788344139986, -0.006620921258823402, 0.026114034285131375, -0.01446666774740153, -0.014329178424553566, 0.008234697463022356, 0.024977526945605146]]]}