,X,Y,Z,id,nugget
0,100.0,0.0,-825.0,31860077,1e-05
1,300.0,0.0,-830.2374492239129,31860077,1e-05
2,900.0,0.0,-825.0,31860077,1e-05
3,100.0,0.0,-844.9999999999999,8542404,1e-05
4,300.0,0.0,-845.3549690849022,8542404,1e-05
5,900.0,0.0,-844.9999999999999,8542404,1e-05
