{"weights": [0.607443061285617, 0.1703237349842175, 0.22223320373016547], "means": [[-2.100631168723682, -0.5268979344142058, 0.039939195127585855, -0.06294575140481132, 0.009739207929673649, -0.019313319611570623, -0.005344111902510451, 0.004704690518111647], [4.039243498482555, -2.711624212626467, -0.047078653067414454, 0.0588553645994309, -0.0432331004453269, 0.005241534177449833, -0.001005122665171502, -0.014973347173760792], [1.802013510423348, 3.632800000586592, -0.05127318991585975, -0.017952107028286583, -0.03558303767847124, -0.00853183649504114, 0.02923281573586084, 0.02163956701643098]], "cov": [[[0.024337248782722212, -0.008493638804157728, 0.010777256712858342, -0.09492377237685015, 0.026649966376298274, -0.025514257164992362, -0.010654473591600594, 0.0033662077167222193], [-0.008493638804157726, 0.035724624047561326, -0.018595948525424996, 0.06465779860709736, -0.043961516612872543, 0.001799670347582504, -0.02079187741073176, -0.0009016844796463443], [0.010777256712858342, -0.018595948525425, 0.02301143601567352, -0.11356785574100847, 0.03865713708469678, -0.017209144081511807, 0.014282534491922395, -0.006265639732367896], [-0.09492377237685015, 0.06465779860709736, -0.11356785574100847, 0.739054623071782, -0.20295204986352217, 0.15497376584299816, -0.0032196261050134382, 0.02806548607106456], [0.026649966376298274, -0.043961516612872543, 0.038657137084696785, -0.2029520498635222, 0.08992939040846792, -0.02191081022288554, 0.0072516221689543975, -0.017460892881899663], [-0.025514257164992362, 0.0017996703475825048, -0.017209144081511807, 0.15497376584299816, -0.021910810222885532, 0.05846565041653337, 4.7859977406128056e-05, -0.013999150142972346], [-0.010654473591600594, -0.02079187741073176, 0.014282534491922395, -0.0032196261050134382, 0.0072516221689543975, 4.785997740612706e-05, 0.052420709075195006, 0.011219851747560653], [0.0033662077167222197, -0.0009016844796463443, -0.006265639732367896, 0.028065486071064565, -0.017460892881899663, -0.013999150142972346, 0.011219851747560653, 0.024308793290552154]], [[0.4653555347237439, 0.10373980421624934, -0.0027910541819784244, -0.2940823179690905, -0.16427447816869198, 0.07741110722775595, -0.04426998000386446, -0.1314876616986148], [0.10373980421624936, 0.1714475745466926, 0.0073277389133746896, 0.16303566929372865, 0.30484147787532967, -0.029725197527407356, -0.06577754209285507, -0.06978773663116315], [-0.0027910541819784252, 0.007327738913374686, 0.009605966981695744, -0.05030360969685459, 0.017422741630455426, 0.04109730469822857, -0.013312931345025324, 0.01404498121742074], [-0.2940823179690905, 0.16303566929372865, -0.05030360969685458, 1.2431601470471303, 0.6383773018537127, -0.4577657382090085, 0.05011512457928756, -0.13439849646790297], [-0.16427447816869195, 0.30484147787532967, 0.017422741630455423, 0.6383773018537127, 0.9738800383025714, -0.10389620145757449, -0.16324536516175292, -0.019047530268691916], [0.07741110722775593, -0.029725197527407356, 0.04109730469822857, -0.4577657382090085, -0.10389620145757446, 0.3369759496034677, -0.08078595031943797, 0.09457378670791289], [-0.044269980003864465, -0.06577754209285507, -0.013312931345025324, 0.05011512457928755, -0.16324536516175292, -0.08078595031943796, 0.07842767136169956, 0.013225909503537685], [-0.1314876616986148, -0.06978773663116315, 0.014044981217420737, -0.13439849646790297, -0.019047530268691912, 0.09457378670791289, 0.013225909503537685, 0.2178365881580314]], [[0.1255671572710448, -0.09359501989197296, 0.38205440697806087, 0.08441924433314527, 0.1273352407398876, 0.012769120005509359, 0.0185681629722624, 0.04449257297992312], [-0.09359501989197297, 0.17170445690084518, 0.1446062596899688, -0.08100095645770027, -0.16141072257878866, -0.016118404369098557, -0.017149320037105672, -0.042908111321890596], [0.38205440697806087, 0.1446062596899688, 4.409115646942703, 0.2674639058242895, -0.09815936398727781, 0.0006392389645991702, -0.01851577011469179, 0.007038121695079101], [0.08441924433314527, -0.08100095645770027, 0.2674639058242896, 0.12158926782530692, 0.0463152875450217, -0.0019282780304294175, -0.046943482245996815, 0.03528424718082727], [0.1273352407398876, -0.16141072257878866, -0.09815936398727781, 0.04631528754502169, 0.27969644748072653, 0.06847055718890627, 0.11673265185529133, 0.03283656178453578], [0.012769120005509362, -0.016118404369098553, 0.0006392389645991702, -0.0019282780304294173, 0.06847055718890627, 0.04689581221695108, 0.06907997213697706, -0.023813246290650635], [0.01856816297226241, -0.017149320037105672, -0.01851577011469179, -0.04694348224599682, 0.11673265185529133, 0.06907997213697706, 0.19226541652081297, -0.03491791432012779], [0.04449257297992312, -0.042908111321890596, 0.0070381216950791, 0.03528424718082727, 0.03283656178453578, -0.02381324629065064, -0.03491791432012779, 0.044049998734722935]]]}