,X,Y,Z,id,nugget
0,100.0,0.0,-825.0,15610813,1e-05
1,300.0,0.0,-828.1052696668959,15610813,1e-05
2,900.0,0.0,-825.0,15610813,1e-05
3,100.0,0.0,-844.9999999999999,32111010,1e-05
4,300.0,0.0,-842.3759581857277,32111010,1e-05
5,900.0,0.0,-844.9999999999999,32111010,1e-05
