{"weights": [0.10406397802802134, 0.09312708017727507, 0.3394478265280099, 0.20505683457110346, 0.11062884793812743, 0.14767543275746273], "means": [[3.7892831970618914, 0.43132669665044293, -0.4084841214091618, 0.14679430969596433, -0.03767448892012736, 0.016280434737598878, 0.10187714945971652, 0.003942661938564866], [-0.7358407170363856, 1.4766049641473524, 1.0286226484681447, -0.002527191170670491, -0.022889982808518995, -0.004812030525755027, -0.006656955084962774, 0.0071758847668247725], [-3.870259698553115, -0.42936559443732697, 0.08486184309661857, -0.0064790867832531405, 0.01962270340115006, 0.00475433175108852, 0.008735573072827638, 0.0106641557465674], [0.9354933441950176, 0.5467704372674906, -0.5514529143769541, -0.013652255330487958, 0.034272893258986054, -0.01823145674323251, -0.029904581304901066, 0.013656192299190288], [-2.630929751742945, -0.015444033220439494, -0.21869333485826217, -0.08709049874295723, -0.11275753643856133, 0.026694249321529407, -0.011182707751556265, -0.01837697505852946], [6.864537413257639, -0.6759320372879739, 0.28638192942175705, -0.030026573880871765, -0.00396105636953246, -0.0048982395934989206, -0.02568605929451313, -0.004192939175627413]], "cov": [[[0.1951913231296722, -0.026040404881223767, 0.03131462354059812, -0.0053092687497262436, -0.007823575074386326, -0.0006000444986199156, 0.006819528387250764, 0.0041583010552231495], [-0.026040404881223767, 0.004328575215373023, -0.0030423057847627807, -0.00013368255626344363, 0.0012202116177966308, -0.00011959544862984808, -0.0009472145443630056, -0.0005245647332873647], [0.03131462354059812, -0.0030423057847627807, 0.007448337191112087, -0.0027137476336734066, -0.001117004127418622, -7.910896534543192e-05, 0.0003552865035582066, 0.0010089888691851565], [-0.0053092687497262436, -0.00013368255626344369, -0.0027137476336734066, 0.002319028429763333, -0.0006573164785224787, 0.00019934512441111953, 0.0005273295588145893, -9.329810287581583e-05], [-0.007823575074386328, 0.001220211617796631, -0.001117004127418622, -0.0006573164785224787, 0.002165381263885536, 7.564456808138354e-05, -0.0002892206204629799, -0.0005419533915561643], [-0.0006000444986199156, -0.00011959544862984808, -7.910896534543196e-05, 0.0001993451244111195, 7.564456808138363e-05, 0.002099800123819807, -0.00024016476537354998, 0.00022552996884464896], [0.006819528387250764, -0.0009472145443630058, 0.0003552865035582068, 0.0005273295588145893, -0.0002892206204629799, -0.00024016476537354998, 0.0008190387858619332, -5.570208445462796e-05], [0.0041583010552231495, -0.0005245647332873648, 0.0010089888691851565, -9.329810287581586e-05, -0.0005419533915561642, 0.00022552996884464896, -5.570208445462796e-05, 0.0009955454251400716]], [[0.23196524447107786, 0.01590871189714531, -0.04696035247343899, 0.006723754008905398, 0.03435754365363628, 0.0035351914639760503, 0.010564243026622063, -0.009771994387574182], [0.015908711897145312, 0.0019330427169716486, -0.00241199512029996, 0.0003115675436785057, 0.0026416665985748104, 0.0001399178379957123, 0.0009527965379824822, -0.001186977030016065], [-0.046960352473439, -0.0024119951202999598, 0.010537145045666458, -0.0013609929292302354, -0.006973830949477903, -0.0005074860063807681, -0.0020385509953883916, 0.001710827873131425], [0.006723754008905398, 0.00031156754367850565, -0.0013609929292302354, 0.0007724327082403252, 0.00014747189377555393, 6.134690124949129e-05, 0.0002101526917243047, 7.901541439407467e-05], [0.03435754365363629, 0.0026416665985748104, -0.006973830949477903, 0.00014747189377555393, 0.00754039176668123, 0.0010919585215677634, 0.0017084721898310243, -0.003494869538269543], [0.0035351914639760503, 0.0001399178379957123, -0.0005074860063807681, 6.13469012494913e-05, 0.0010919585215677634, 0.0038264405607744086, -0.0004961553513503042, 0.0005263533869162459], [0.010564243026622063, 0.0009527965379824821, -0.0020385509953883916, 0.0002101526917243047, 0.001708472189831024, -0.0004961553513503042, 0.0007053280644181459, -0.0008923693533953986], [-0.009771994387574182, -0.0011869770300160648, 0.0017108278731314246, 7.901541439407467e-05, -0.0034948695382695425, 0.0005263533869162459, -0.0008923693533953986, 0.0038486457408917884]], [[0.045473465427979205, 0.0193943803177832, -0.016087740007294887, -0.03913174281580672, -0.009886752663056483, 0.0017677703040936393, 0.0009169555839123978, -0.0004836207691067201], [0.0193943803177832, 0.0107384080591126, -0.005350686056227293, -0.018353048709958637, -0.002757615978684956, 0.0004587146657051843, 0.0016625226933282245, 0.0007512507513868103], [-0.016087740007294887, -0.005350686056227293, 0.007448317102813026, 0.016569539836227942, 0.002379894554047724, -0.0004544620339849544, -5.735262569541319e-05, 0.0007452678382427169], [-0.03913174281580672, -0.018353048709958634, 0.016569539836227942, 0.05986407530716996, -0.003022565743237428, 0.00023671030206775704, -0.003710827783054814, 0.00018580079224360868], [-0.009886752663056482, -0.002757615978684956, 0.002379894554047724, -0.003022565743237426, 0.01748034742371505, -0.00034286643306582695, 0.002247340016634345, -0.00110499747589439], [0.0017677703040936395, 0.0004587146657051841, -0.00045446203398495465, 0.00023671030206775674, -0.0003428664330658274, 0.00567199312196861, -0.0008200036767339371, 5.3075925496128434e-05], [0.0009169555839123979, 0.0016625226933282245, -5.7352625695413174e-05, -0.003710827783054815, 0.0022473400166343454, -0.0008200036767339371, 0.0011963922782999173, 3.24138968444446e-05], [-0.0004836207691067201, 0.0007512507513868102, 0.0007452678382427169, 0.00018580079224360852, -0.00110499747589439, 5.307592549612867e-05, 3.241389684444458e-05, 0.00405378706137976]], [[0.5561584516234813, 0.00032082234938468293, 0.04131311294091743, 0.04655893588243231, -0.007057454307942247, -0.006655972639893376, -0.027958563067896843, -0.014773421882533859], [0.0003208223493846829, 0.001368832892899408, 0.00036641287698601076, 0.00021267509494191106, -0.001599273325103586, 0.0003733397239945961, 0.0007866755758138939, 0.00018254946279039843], [0.041313112940917426, 0.00036641287698601076, 0.005329371133302791, 0.003515089919135746, -0.0015347737810791956, -0.001260267501768068, -0.003405360984409712, -0.000855760555618553], [0.04655893588243231, 0.00021267509494191095, 0.003515089919135747, 0.006603104499896201, -0.0021465092412400653, -0.001317635641954204, -0.002220993314260414, -0.0021178040527890006], [-0.0070574543079422476, -0.001599273325103586, -0.0015347737810791956, -0.0021465092412400653, 0.0036534881368398384, 0.0005208029751041193, -0.0002763468752628211, 0.00017901272091170697], [-0.006655972639893375, 0.0003733397239945961, -0.0012602675017680685, -0.0013176356419542037, 0.0005208029751041192, 0.003614931075048194, 0.0008735744221020163, 0.00017280061764041944], [-0.027958563067896847, 0.0007866755758138938, -0.003405360984409712, -0.0022209933142604142, -0.00027634687526282106, 0.0008735744221020162, 0.003241926865648917, 0.0005612095660026749], [-0.014773421882533859, 0.00018254946279039832, -0.0008557605556185529, -0.0021178040527890006, 0.00017901272091170697, 0.00017280061764041939, 0.0005612095660026748, 0.002265398331596563]], [[0.027316053567208506, 0.008258675186469696, -0.0054681132843228866, 0.00289287948145971, -0.001386576530088979, 0.0025931769639092996, -0.00020602810248935923, -0.0002026381184306758], [0.008258675186469697, 0.003078489529069737, -0.0011730435635168783, 0.00043976659472288863, -0.0008744343525535783, 0.0003234472602426185, 0.0002442358054213623, -0.00034364077339282774], [-0.0054681132843228866, -0.001173043563516878, 0.00221197198368517, -0.0010881602892935248, 0.00017391729725978633, -0.0005614857603299673, -0.000355228301362653, -0.00022764915758090654], [0.00289287948145971, 0.0004397665947228884, -0.0010881602892935248, 0.0020884697401854536, -0.0012713786036025075, 0.00022266531663223642, 5.5557545508298964e-05, -0.0003148350528326141], [-0.001386576530088979, -0.0008744343525535783, 