,X,Y,Z,id,nugget
0,100.0,0.0,-825.0,72981754,1e-05
1,300.0,0.0,-796.2711540014651,72981754,1e-05
2,900.0,0.0,-825.0,72981754,1e-05
3,100.0,0.0,-844.9999999999999,10039935,1e-05
4,300.0,0.0,-799.8363385133451,10039935,1e-05
5,900.0,0.0,-844.9999999999999,10039935,1e-05
