{"entropy_prior_gmm": 4.6051701859880925e-09, "entropy_Mean_gmm": 0.0008358245249837637, "entropy_z_nk_prior": 0.133683021582775, "entropy_Mean_z_nk": 0.09666266181217578, "entropy_mixing_prior": 85.69175851611257, "entropy_Mean_mixing": 1.0344511437333659}