,X,Y,Z,id,nugget
0,100.0,0.0,-825.0,96278717,1e-05
1,300.0,0.0,-808.966132118821,96278717,1e-05
2,900.0,0.0,-825.0,96278717,1e-05
3,100.0,0.0,-845.0,36625852,1e-05
4,300.0,0.0,-855.5777680052984,36625852,1e-05
5,900.0,0.0,-845.0,36625852,1e-05
