{"weights": [0.49103723862329307, 0.3079573216717902, 0.20100543970491672], "means": [[-2.1098655871998213, -0.5226709935284432, 0.036658941698368135, -0.02116519685331541, 0.007735217555604706, -9.19496561248416e-05, -0.00719529359904729, -0.005810332413941347], [4.011759502686611, -2.7142205583549632, -0.04619030107159349, 0.0680797970586177, -0.02245064890190249, -0.004302789597396073, -0.00999761731913067, -0.007677957678678134], [1.8181652543669478, 3.6091121152479113, -0.05162312864053668, -0.0054716484243352926, -7.149920382747519e-05, 0.0038947953686399553, 0.026371899440232337, 0.020957621903542868]], "cov": [[[0.02278451837211904, -0.009696149806483216, 0.006427451414002644, -0.05877051664083727, 0.018708280769291288, -0.016068495595417936, -0.008729889088017537, 0.004846855580793664], [-0.009696149806483216, 0.030762847918822108, -0.01518111086347341, 0.04971551782850973, -0.03356341512371566, 0.003741786380677629, -0.019395058412696675, -0.005083389447072802], [0.006427451414002644, -0.01518111086347341, 0.018600448277821233, -0.07814668376311654, 0.029247891123553, -0.007989398716081331, 0.016270412587395474, -0.006258098226877625], [-0.05877051664083727, 0.04971551782850973, -0.07814668376311654, 0.44214499585810924, -0.13602011620425278, 0.07236243144324425, -0.019856648677187887, 0.027618501518863504], [0.018708280769291288, -0.03356341512371566, 0.029247891123553, -0.13602011620425278, 0.06500652970673389, -0.010845713180193447, 0.01013942309822935, -0.013292593413504588], [-0.016068495595417936, 0.003741786380677629, -0.007989398716081331, 0.07236243144324425, -0.010845713180193447, 0.03120020909597187, -0.0035119274352386804, -0.012624980976005711], [-0.008729889088017537, -0.019395058412696675, 0.016270412587395474, -0.019856648677187887, 0.01013942309822935, -0.0035119274352386804, 0.051097845545862934, 0.009343111301071502], [0.004846855580793664, -0.005083389447072802, -0.006258098226877625, 0.027618501518863504, -0.013292593413504588, -0.012624980976005711, 0.009343111301071502, 0.02473805835543016]], [[11.195981357997212, -4.86777386758703, -0.4800449310714139, -2.27950187612779, 0.40707083160640306, -0.6076720434022331, -0.17527171968150387, -0.07104398356495767], [-4.86777386758703, 5.464485342038779, 2.0340502016209987, 0.9709084705764695, 0.013481123016514907, 0.23145943420777237, 0.023201814097679605, 0.0011566855060930958], [-0.4800449310714139, 2.0340502016209987, 1.1830642721027134, 0.027637791435975424, 0.03500917695113419, 0.028148601179142595, 0.005580727100389162, 0.02338258164071931], [-2.27950187612779, 0.9709084705764695, 0.027637791435975424, 1.1604861165830869, 0.2347745349794681, -0.11297607183089595, 0.0709158612092619, -0.050032768019130106], [0.40707083160640306, 0.013481123016514907, 0.03500917695113419, 0.2347745349794681, 0.6857956266500891, -0.021243830594635946, -0.09984195973044242, 0.02444316204962346], [-0.6076720434022331, 0.23145943420777237, 0.028148601179142595, -0.11297607183089595, -0.021243830594635946, 0.25698622971485097, -0.049900612358410944, 0.03825161876563266], [-0.17527171968150387, 0.023201814097679605, 0.005580727100389162, 0.0709158612092619, -0.09984195973044242, -0.049900612358410944, 0.07801034490012129, 0.014371508995783952], [-0.07104398356495767, 0.0011566855060930958, 0.02338258164071931, -0.050032768019130106, 0.02444316204962346, 0.03825161876563266, 0.014371508995783952, 0.15663629332073056]], [[0.1175727730087207, -0.12181363318651625, 0.30748708307224526, 0.05747942519693689, 0.09457376655235172, 0.003200051465859557, 0.012161347378301175, 0.014238971166382541], [-0.12181363318651625, 0.36432019322304876, 0.19128584119970485, -0.07898907634808587, -0.12495363519717968, -0.0026174696464956364, 0.0002992082466822851, 0.015928656022616425], [0.30748708307224526, 0.19128584119970485, 3.824541110575389, 0.16406218157471633, -0.12664014571179727, -0.006741869685486857, -0.02560042625863849, -0.0048819462084629525], [0.05747942519693689, -0.07898907634808587, 0.16406218157471633, 0.0960096179916422, 0.0006625203924774594, -0.015190006998173442, -0.06001862682535353, 0.010604552296256505], [0.09457376655235172, -0.12495363519717968, -0.12664014571179727, 0.0006625203924774594, 0.2359455818505493, 0.06343297861665889, 0.12944324543716634, -0.004492366316367053], [0.003200051465859557, -0.0026174696464956364, -0.006741869685486857, -0.015190006998173442, 0.06343297861665889, 0.04941088387822872, 0.0857361354133778, -0.02727798193090451], [0.012161347378301175, 0.0002992082466822851, -0.02560042625863849, -0.06001862682535353, 0.12944324543716634, 0.0857361354133778, 0.21361826815062973, -0.04477874841798338], [0.014238971166382541, 0.015928656022616425, -0.0048819462084629525, 0.010604552296256505, -0.004492366316367053, -0.02727798193090451, -0.04477874841798338, 0.03923472207800629]]]}