{"entropy_prior_gmm": 0.009748144157807774, "entropy_Mean_gmm": NaN, "entropy_z_nk_prior": 0.12996118058402142, "entropy_Mean_z_nk": 0.12996117226272194, "entropy_mixing_prior": 69.87861929989414, "entropy_Mean_mixing": 1.0982755290291621}