{"MAP index": 40, "entropy_prior_gmm": 4.6051701859880925e-09, "entropy_MAP_gmm": 0.07132066786289215, "entropy_z_nk_prior": 0.7030029971200167, "entropy_MAP_z_nk": 0.6045085238524311, "entropy_mixing_prior": 85.69175851611257, "entropy_MAP_mixing": 1.0406351252699655}