,X,Y,Z,id,nugget
0,100.0,0.0,-824.9999999999999,59314226,1e-05
1,300.0,0.0,-821.3885737520234,59314226,1e-05
2,900.0,0.0,-824.9999999999999,59314226,1e-05
3,100.0,0.0,-844.9999999999999,81443048,1e-05
4,300.0,0.0,-842.6412982030461,81443048,1e-05
5,900.0,0.0,-844.9999999999999,81443048,1e-05
