{"weights": [0.4222210204296398, 0.39622141622184137, 0.18155756334851886], "means": [[1.8099605858681367, -0.617952160552969, 0.06250706775454662, 0.20858332507819222, 0.052986364085234, 0.037699109638105854, 0.014403395944484462, -0.0003096247108086687], [-0.9563505334802219, -0.42672840804669776, 0.08764571808432793, -0.1896489270445985, -0.061438479812111244, -0.05042669976317015, -0.012442865593655247, -0.005262958619938406], [-2.122064405452759, 2.3683470853721245, -0.3366365319588361, -0.07119118400893455, 0.01085762957153048, 0.022377375967907003, -0.006341166320602467, 0.012205643975309766]], "cov": [[[1.6017420344584752, 0.5044821253537958, -0.001047421802693718, -0.0971631781371652, 0.01097616758159862, 0.03947004163326209, -0.023927961246030065, 0.034293734700295155], [0.5044821253537958, 0.2776577401782488, 0.011117870046668669, -0.06057009684569997, -0.023359096735906065, 0.015604048540934367, 0.014533743385217927, 0.018271715495778905], [-0.001047421802693718, 0.011117870046668669, 0.04079740291602112, 0.07845877704618054, 0.03021828930514632, 0.006987469354337033, -0.014634979034801137, 0.005791997483086713], [-0.0971631781371652, -0.06057009684569997, 0.07845877704618054, 0.5068424476395806, 0.12841565768534496, 0.06531636770393938, -0.00825481238606917, 0.027031616118643426], [0.01097616758159862, -0.023359096735906065, 0.03021828930514632, 0.12841565768534496, 0.09887810379868761, 0.008365436998922384, -0.0025745901045447694, 0.004247344758763256], [0.03947004163326209, 0.015604048540934367, 0.006987469354337033, 0.06531636770393938, 0.008365436998922384, 0.054164798693016124, -0.007583140755220977, -0.009595489933509152], [-0.023927961246030065, 0.014533743385217927, -0.014634979034801137, -0.00825481238606917, -0.0025745901045447694, -0.007583140755220977, 0.05409849576788326, 0.006676369757098249], [0.034293734700295155, 0.018271715495778905, 0.005791997483086713, 0.027031616118643426, 0.004247344758763256, -0.009595489933509152, 0.006676369757098249, 0.03583408186802192]], [[7.954458057397888, 1.6914767375490622, -0.19220113130018013, -0.5958735265482368, -0.08780658011646073, -0.11895317053432074, -0.018490783933414193, -0.012217057092983784], [1.6914767375490622, 5.564227641687889, 0.5311673584984403, -0.022132891973327767, 0.07946778450741641, -0.0006160131729622797, -0.01717019172169848, 0.022052716268274663], [-0.19220113130018013, 0.5311673584984403, 1.2945038062796923, -0.00025890828785288093, 0.00396599380320682, -0.0018479648550135904, 0.011962897907202716, -0.007207492584360378], [-0.5958735265482368, -0.022132891973327767, -0.00025890828785288093, 0.7747850623135057, -0.08285854684254645, -0.05967992231800427, 0.025205405268421053, -0.01836993548082974], [-0.08780658011646073, 0.07946778450741641, 0.00396599380320682, -0.08285854684254645, 0.42168184923699165, 0.0007711286147841538, 0.030884188096168472, -0.010833992068593421], [-0.11895317053432074, -0.0006160131729622797, -0.0018479648550135904, -0.05967992231800427, 0.0007711286147841538, 0.16183472651190545, -0.019641610100020787, 0.013422862358595175], [-0.018490783933414193, -0.01717019172169848, 0.011962897907202716, 0.025205405268421053, 0.030884188096168472, -0.019641610100020787, 0.09477758244880534, 0.003936216549432392], [-0.012217057092983784, 0.022052716268274663, -0.007207492584360378, -0.01836993548082974, -0.010833992068593421, 0.013422862358595175, 0.003936216549432392, 0.09979990349396237]], [[1.1986416921839746, 1.8716347128343014, -0.37265666235393236, 0.10151475068829464, -0.1621158558339538, -0.0486325472808105, -0.004052864758024478, -0.0368697533711795], [1.8716347128343014, 6.249208436408201, -0.2163246677455283, 0.480902143015218, -0.1258883203430146, -0.08072527944101335, 0.027801597315381968, -0.12487181371141037], [-0.37265666235393236, -0.2163246677455283, 3.256982851645216, -0.19990583923401042, -0.07122494075616129, -0.0005185468466457296, 0.006078774689797328, 0.007420205153218731], [0.10151475068829464, 0.480902143015218, -0.19990583923401042, 0.3340584044222239, -0.16816819601819766, -0.059218424149266355, -0.04839789253682334, -0.023932901703107776], [-0.1621158558339538, -0.1258883203430146, -0.07122494075616129, -0.16816819601819766, 0.4429058893007816, -0.032786656016335444, -0.06478695823039211, 0.01296608104420739], [-0.0486325472808105, -0.08072527944101335, -0.0005185468466457296, -0.059218424149266355, -0.032786656016335444, 0.08495641662518423, 0.05800957236049408, -0.007803712826084029], [-0.004052864758024478, 0.027801597315381968, 0.006078774689797328, -0.04839789253682334, -0.06478695823039211, 0.05800957236049408, 0.1738863377904492, -0.024171556300003172], [-0.0368697533711795, -0.12487181371141037, 0.007420205153218731, -0.023932901703107776, 0.01296608104420739, -0.007803712826084029, -0.024171556300003172, 0.07432513850423556]]]}