{"accuracy_init": 0.692307710647583, "accuracy_final_MAP": 0.39743590354919434, "accuracy_final_mean": 0.39743590354919434}