,X,Y,Z,id,nugget
0,100.0,0.0,-825.0,49951333,1e-05
1,300.0,0.0,-807.6549817437042,49951333,1e-05
2,900.0,0.0,-825.0,49951333,1e-05
3,100.0,0.0,-845.0,43142834,1e-05
4,300.0,0.0,-856.178396519724,43142834,1e-05
5,900.0,0.0,-845.0,43142834,1e-05
