{"weights": [0.4816094548731635, 0.32079225672776035, 0.19759828839907623], "means": [[-2.1052046558394713, -0.5219062362810395, 0.04103974203685943, -0.0203067558796179, 0.005741854773580716, 0.00015715623865406955, 0.0028939225221181726, -0.004968411447862273], [4.008938539737494, -2.708687856453106, -0.04311887990535117, 0.061562310705791504, -0.024666338337485015, -0.0009305156239495093, -0.014011947282179993, -0.004318059160132151], [1.8205621629907376, 3.6132576131145995, -0.05625603611512756, -0.007970995066694233, -0.0025168698044200147, -0.0008263339234978514, 0.026703502221666658, 0.022670708944938424]], "cov": [[[0.021454000962871724, -0.008950980324265995, 0.005746611441037442, -0.055029981976096945, 0.01754321678941523, -0.015365526323144908, -0.0090672709417293, 0.004950411614778347], [-0.008950980324265995, 0.030086425600069817, -0.014520197246848726, 0.0456676808024392, -0.0321083212618868, 0.002989554449276966, -0.01925119440735709, -0.005295509257171765], [0.005746611441037442, -0.014520197246848726, 0.01789331059225691, -0.07347300421054478, 0.02770186514743718, -0.006962295425730404, 0.016289333020927173, -0.006159386680940143], [-0.055029981976096945, 0.0456676808024392, -0.07347300421054478, 0.41639487572096967, -0.12719049091287568, 0.06773239669708636, -0.018360226379647113, 0.026425040758476404], [0.01754321678941523, -0.0321083212618868, 0.02770186514743718, -0.12719049091287568, 0.06184361298461865, -0.009262126233100566, 0.009645410290239798, -0.01288851032984851], [-0.015365526323144908, 0.002989554449276966, -0.006962295425730404, 0.06773239669708636, -0.009262126233100566, 0.030420861495579692, -0.0028242616904469845, -0.012833195818282869], [-0.0090672709417293, -0.01925119440735709, 0.016289333020927173, -0.018360226379647113, 0.009645410290239798, -0.0028242616904469845, 0.05168434613673188, 0.009134369902804664], [0.004950411614778347, -0.005295509257171765, -0.006159386680940143, 0.026425040758476404, -0.01288851032984851, -0.012833195818282869, 0.009134369902804664, 0.024686533086419955]], [[11.926138627295103, -5.2342625397278635, -0.49227859306998323, -2.379914038617059, 0.46315737715962685, -0.6128268786361865, -0.17046422504731915, -0.06840479039767636], [-5.2342625397278635, 5.838000696437841, 2.128104914566022, 1.0108799378718796, -0.019097270088004607, 0.23266478345516456, 0.027469342498600533, -0.0012962239069927374], [-0.49227859306998323, 2.128104914566022, 1.2462871884966464, 0.02596830769830028, 0.031278151750446126, 0.02547808976532233, 0.006287006434988895, 0.01984082685536519], [-2.379914038617059, 1.0108799378718796, 0.02596830769830028, 1.1680957054458838, 0.2112152148391757, -0.10007250422744524, 0.07058096656899256, -0.04646297185896352], [0.46315737715962685, -0.019097270088004607, 0.031278151750446126, 0.2112152148391757, 0.667881410045385, -0.022478193710948353, -0.09556685091286263, 0.022763583860202448], [-0.6128268786361865, 0.23266478345516456, 0.02547808976532233, -0.10007250422744524, -0.022478193710948353, 0.24842164592138416, -0.04732897989954001, 0.03631429015403221], [-0.17046422504731915, 0.027469342498600533, 0.006287006434988895, 0.07058096656899256, -0.09556685091286263, -0.04732897989954001, 0.07752152094602661, 0.014413921966509854], [-0.06840479039767636, -0.0012962239069927374, 0.01984082685536519, -0.04646297185896352, 0.022763583860202448, 0.03631429015403221, 0.014413921966509854, 0.15158188559706254]], [[0.11487376908821907, -0.11636395892674489, 0.30179160823439105, 0.05465485365422841, 0.09244105117061005, 0.0028609912296572748, 0.012609571252547842, 0.015017814492847451], [-0.11636395892674489, 0.35171873072540777, 0.1884624937962589, -0.07423802819530585, -0.11949179701525817, -0.002772348965518472, -0.00016069608330484834, 0.015162571645741064], [0.30179160823439105, 0.1884624937962589, 3.703028850846773, 0.15628015975503803, -0.12107867475579198, -0.01035476209185766, -0.023681567658832378, -0.000755795753887995], [0.05465485365422841, -0.07423802819530585, 0.15628015975503803, 0.09355539478390534, -0.001876641076716914, -0.015835837287300803, -0.06045807542378398, 0.011127625630126902], [0.09244105117061005, -0.11949179701525817, -0.12107867475579198, -0.001876641076716914, 0.23416739624995808, 0.06406497605806381, 0.13086618234514613, -0.004790911322539747], [0.0028609912296572748, -0.002772348965518472, -0.01035476209185766, -0.015835837287300803, 0.06406497605806381, 0.04982078546321876, 0.08669020056196225, -0.02772016033444571], [0.012609571252547842, -0.00016069608330484834, -0.023681567658832378, -0.06045807542378398, 0.13086618234514613, 0.08669020056196225, 0.2152715758624626, -0.04563249045452897], [0.015017814492847451, 0.015162571645741064, -0.000755795753887995, 0.011127625630126902, -0.004790911322539747, -0.02772016033444571, -0.04563249045452897, 0.0391580809727193]]]}