{"weights": [0.4669705379810649, 0.33624915046983156, 0.1967803115491035], "means": [[-2.1389131884418973, -0.5024144714268978, 0.0022935775436712983, 0.2384235902878468, -0.05642165510704727, 0.06275443402458047, -0.010363152608351401, -0.0024460722161699843], [3.4819458890268087, -2.329941677855321, 0.07444206940541395, 0.12410638326141535, -0.14909079081431967, 0.05362580211481313, 0.013953410510284647, 0.007626041411325038], [1.788578853784113, 3.658647232176941, 0.23228186452983932, -0.024822901866721772, -0.10266727656507778, -0.00705047186925633, 0.00572713144998743, -0.019643155285192605]], "cov": [[[0.02359292942290351, -0.010121906526625328, 0.008907374032496975, -0.07882454293240376, 0.023087177266183114, -0.021704243346423645, -0.009045094614781353, 0.00493225215156292], [-0.010121906526625328, 0.03040196466229725, -0.015933246065033196, 0.056732794781426364, -0.03416212712594295, 0.006110072225506539, -0.01926305191862237, -0.005472775943030721], [0.008907374032496975, -0.015933246065033196, 0.0213076857882689, -0.09835893864467915, 0.03328276083524805, -0.013445343396775451, 0.01671304829101734, -0.0062411974916343], [-0.07882454293240376, 0.056732794781426364, -0.09835893864467915, 0.598181307614047, -0.16881244765126743, 0.11567952767997186, -0.02157890279529432, 0.02625404698595496], [0.023087177266183114, -0.03416212712594295, 0.03328276083524805, -0.16881244765126743, 0.07069898316641972, -0.020514351396474673, 0.01017625204391668, -0.012701543192641043], [-0.021704243346423645, 0.006110072225506539, -0.013445343396775451, 0.11567952767997186, -0.020514351396474673, 0.04291420076664407, -0.0033429987290789632, -0.01275106511301608], [-0.009045094614781353, -0.01926305191862237, 0.01671304829101734, -0.02157890279529432, 0.01017625204391668, -0.0033429987290789632, 0.05154902394047943, 0.00876451951109845], [0.00493225215156292, -0.005472775943030721, -0.0062411974916343, 0.02625404698595496, -0.012701543192641043, -0.01275106511301608, 0.00876451951109845, 0.02462812625005647]], [[11.075017836358537, -4.338905760201525, -0.10575083800491925, -2.16433632056862, 0.2883711857548208, -0.4775202965337243, -0.09194729521229096, -0.04761779054343159], [-4.338905760201525, 5.054314143336, 1.8238335237045569, 0.82879523080081, 0.09721288118097945, 0.14269451293604712, -0.014011045061110826, -0.014360398658472728], [-0.10575083800491925, 1.8238335237045569, 1.1563122323751143, -0.0395124765570691, 0.06319088578942557, 0.0005551359962049978, -0.002763095050908247, 0.014451435895728426], [-2.16433632056862, 0.82879523080081, -0.0395124765570691, 1.1240808810457643, 0.22711738361438508, -0.1100984391561652, 0.05843764816460368, -0.044895362110167085], [0.2883711857548208, 0.09721288118097945, 0.06319088578942557, 0.22711738361438508, 0.6384027123131103, -0.013378141074513872, -0.08848849233360744, 0.021159109788528616], [-0.4775202965337243, 0.14269451293604712, 0.0005551359962049978, -0.1100984391561652, -0.013378141074513872, 0.23084557339142753, -0.04789083016333676, 0.033281087924297376], [-0.09194729521229096, -0.014011045061110826, -0.002763095050908247, 0.05843764816460368, -0.08848849233360744, -0.04789083016333676, 0.07558942582448581, 0.014266944195297261], [-0.04761779054343159, -0.014360398658472728, 0.014451435895728426, -0.044895362110167085, 0.021159109788528616, 0.033281087924297376, 0.014266944195297261, 0.14552288261696852]], [[0.11837516131035133, -0.13058209442430638, 0.28917434007278164, 0.055886989013442565, 0.09357099023097493, 0.0023285574780193994, 0.011595619252472676, 0.012937635639418956], [-0.13058209442430638, 0.3980038065106641, 0.2361714338963555, -0.08114970613134836, -0.1328517400467595, -0.0023935306939586775, -0.0012161422539390284, 0.014646390753280959], [0.28917434007278164, 0.2361714338963555, 4.0865030269897185, 0.15675196576711234, -0.20181690566654978, -0.015383145242817975, -0.039255992060131584, -0.030869178960154987], [0.055886989013442565, -0.08114970613134836, 0.15675196576711234, 0.09491407932093647, -0.002449297483383095, -0.016321508048656688, -0.06156805621033402, 0.009033474049709972], [0.09357099023097493, -0.1328517400467595, -0.20181690566654978, -0.002449297483383095, 0.2467176529234166, 0.06446819036315912, 0.13188188007250748, -0.002800994736359114], [0.0023285574780193994, -0.0023935306939586775, -0.015383145242817975, -0.016321508048656688, 0.06446819036315912, 0.05002742280871774, 0.0867810983474744, -0.027487457605568137], [0.011595619252472676, -0.0012161422539390284, -0.039255992060131584, -0.06156805621033402, 0.13188188007250748, 0.0867810983474744, 0.2155086364457202, -0.04524347663803296], [0.012937635639418956, 0.014646390753280959, -0.030869178960154987, 0.009033474049709972, -0.002800994736359114, -0.027487457605568137, -0.04524347663803296, 0.04001594223883532]]]}