{"weights": [0.17222195835827547, 0.16667297301543504, 0.2999860803826649, 0.1277868482101581, 0.1555508316851224, 0.07778130834834399], "means": [[-6.852056989502954, -0.6535944627305701, -0.29128666384139323, 0.0371418873046537, -0.0016507543193306016, -0.008086609496206187, 0.00887721999250815, -0.0017630813334713648, 0.0023164022429309344, 0.0010506055455233839], [4.115111805511452, -0.5195675852039452, -0.17420974242500287, -0.2228562578470902, 0.04234821830798661, -0.0005227943287268792, -0.007820409820637595, -0.008811493957582009, 0.0010286176512872606, -0.006578753168557368], [3.2423023928211543, -0.20715107846736724, 0.08655708200397952, 0.1403271278443068, -0.04463176486110231, 0.006980776920971529, 0.0022615555758386725, 0.00871663342611513, -0.0004343962768752817, 0.0037120776592625493], [-0.6909046350122872, 0.5551516717679968, 0.56814051058975, 0.0384901064593509, 0.06463586369609081, -0.005459828898724124, 0.004630607040749209, -0.015160081446740147, 0.006439098281543195, 0.00898465244015321], [-2.8731853218306083, 0.5029056517896171, 0.40963211362672475, -0.11084759159484608, -0.01225023339483989, 0.0010139531660461052, -0.01397143971927472, 0.006667454008668791, -0.008221271450811527, -0.012058107330000989], [0.7298162204403403, 1.4416723002059708, -1.0681667264755825, 0.012537550733373287, 0.0033532681689891933, -0.0009556978495252498, 0.008712915144776758, 0.0007397860825366495, 0.00020478288525603808, 0.00680779990888917]], "cov": [[[0.005824479975519202, -0.00029828270483542454, 0.0009684210794042179, -0.00044785009944678145, 9.10393272634925e-05, -7.11171887799928e-05, 4.393130237191535e-05, -0.00010558932273582337, 4.866930318538092e-05, 0.0004083426316658885], [-0.00029828270483542454, 0.008260355954083917, -0.006192072908443058, 0.0038263445127514483, 0.00030851404810626585, 0.0019619132149349574, -0.0037223693896951435, 0.00022088817285389475, -2.1157064108431697e-06, -0.0035588222791842535], [0.0009684210794042179, -0.006192072908443058, 0.005659742264259406, -0.003195184314046211, -0.0002049990418661675, -0.0012618287376235148, 0.002655056738745597, -0.0003103203826691028, 3.338509661435723e-05, 0.003107193240813922], [-0.00044785009944678145, 0.0038263445127514483, -0.003195184314046211, 0.0019532375169746493, 0.00022725470565385878, 0.0008731228137346797, -0.0016358969186838757, 0.00012057206592789163, 3.545803015316828e-05, -0.0018144370704459773], [9.10393272634925e-05, 0.00030851404810626585, -0.0002049990418661675, 0.00022725470565385878, 0.0001703644118236603, 0.000136004670604337, -4.909283598365146e-05, -2.968284824585914e-07, 7.522598763170415e-05, -0.00016206580764922113], [-7.11171887799928e-05, 0.0019619132149349574, -0.0012618287376235148, 0.0008731228137346797, 0.000136004670604337, 0.000812381239966657, -0.0007484125429510646, -5.455590714955885e-05, 6.123853028756847e-05, -0.0007976513919356788], [4.393130237191535e-05, -0.0037223693896951435, 0.002655056738745597, -0.0016358969186838757, -4.909283598365146e-05, -0.0007484125429510646, 0.0018209582556064994, -9.788503417343142e-05, 5.3955434166004385e-05, 0.0015088804080506785], [-0.00010558932273582337, 0.00022088817285389475, -0.0003103203826691028, 0.00012057206592789163, -2.968284824585914e-07, -5.455590714955885e-05, -9.788503417343142e-05, 0.00017695126013776523, -1.1682326920735987e-05, -0.00012967419985463502], [4.866930318538092e-05, -2.1157064108431697e-06, 3.338509661435723e-05, 3.545803015316828e-05, 7.522598763170415e-05, 6.123853028756847e-05, 5.3955434166004385e-05, -1.1682326920735987e-05, 0.0002280695659704093, 5.3047522877343306e-05], [0.0004083426316658885, -0.0035588222791842535, 0.003107193240813922, -0.0018144370704459773, -0.00016206580764922113, -0.0007976513919356788, 0.0015088804080506785, -0.00012967419985463502, 5.3047522877343306e-05, 0.001816667059848376]], [[0.007283756340109646, -0.0008891350312702502, 0.00043682830631143314, 0.0006146898910999878, 0.0017997987518952301, -5.841129830310531e-05, -0.0005520418134053929, 0.00027261732228575647, 0.0002756833201188226, -3.8380804742075293e-05], [-0.0008891350312702502, 0.0025998317439839677, -0.0011585395591035808, 0.0023878246693946714, 0.0030079698634383318, 0.0003179581257231025, -0.0013010679734608026, 0.0001754805611938842, -0.00034472015323673224, 7.729769608307389e-05], [0.00043682830631143314, -0.0011585395591035808, 0.0006819425501419915, -0.0004756236559308986, -0.0011865326044230217, -0.00010913670158548477, 0.00044656355731795754, -0.0003863424359429931, 5.4601522115839835e-05, 0.00010419509859099637], [0.0006146898910999878, 0.0023878246693946714, -0.0004756236559308986, 0.016312195811273487, 0.005943532163713547, 0.0010997870246709487, -0.002278340078958043, -0.0009521457087615985, -0.0013027748391447804, -0.0009907233292943019], [0.0017997987518952301, 0.0030079698634383318, -0.0011865326044230217, 0.005943532163713547, 0.01438551658714685, 0.0012348783353577897, -0.0036144749054226924, 0.0002737536651787443, -0.000154687973971815, 0.001613908189064062], [-5.841129830310531e-05, 0.0003179581257231025, -0.00010913670158548477, 0.0010997870246709487, 0.0012348783353577897, 0.0011568533814590462, 0.0005637015343995024, -0.0006701738152803531, 0.0003582521194578212, 7.567293010967797e-05], [-0.0005520418134053929, -0.0013010679734608026, 0.00044656355731795754, -0.002278340078958043, -0.0036144749054226924, 0.0005637015343995024, 0.0023651792939186895, -0.00019197311080512358, 0.0001854175552755503, -0.0001979235461528991], [0.00027261732228575647, 0.0001754805611938842, -0.0003863424359429931, -0.0009521457087615985, 0.0002737536651787443, -0.0006701738152803531, -0.00019197311080512358, 0.0030602641988021493, -0.0001385765778758419, -2.6558919254444363e-05], [0.0002756833201188226, -0.00034472015323673224, 5.4601522115839835e-05, -0.0013027748391447804, -0.000154687973971815, 0.0003582521194578212, 0.0001854175552755503, -0.0001385765778758419, 0.0015306081364834107, -0.00012334283073189045], [-3.8380804742075293e-05, 7.729769608307389e-05, 0.00010419509859099637, -0.0009907233292943019, 0.001613908189064062, 7.567293010967797e-05, -0.0001979235461528991, -2.6558919254444363e-05, -0.00012334283073189045, 0.0010222911997914478]], [[0.28327056521306077, -0.09393156968006014, -0.0592007453335773, 0.029970482461411343, 0.03454609637595068, -0.0002011546016496111, -0.007953515056560244, -0.001951424301489186, -0.005665567437747534, -0.0016111018097728683], [-0.09393156968006014, 0.03212187199675884, 0.018954137640662592, -0.01011806418188978, -0.013467407812611848, 2.877335292796008e-05, 0.0019692108811732723, 1.063346175578239e-05, 0.0018087679941071464, 0.00019233547720934801], [-0.0592007453335773, 0.018954137640662592, 0.013265500624916876, -0.006218216325573195, -0.005899812657098384, 0.00027890490455943046, 0.0019159988634309788, 0.0009545811300332286, 0.001066813259366727, 0.000521209463417941], [0.029970482461411343, -0.01011806418188978, -0.006218216325573195, 0.005038168116216251, 0.005329162101549192, -0.00030054044853822123, -0.0009822644415994693, -0.0005921673153292179, -0.0004103755091488516, -0.00018388282681798882], [0.03454609637595068, -0.013467407812611848, -0.005899812657098384, 0.005329162101549192, 0.010516565890380213, 0.0005688935420663002, 0.0008691885175350349, 0.0008326005690474018, -0.00021826037744577398, 0.0003089690186833422], [-0.0002011546016496111, 2.877335292796008e-05, 0.00027890490455943046, -0.00030054044853822123, 0.0005688935420663002, 0.0021386544821239022, 0.0017020943685168146, 0.00010684256487782987, -0.0001295783933048396, -0.0005027683649941823], [-0.007953515056560244, 0.0019692108811732723, 0.0019159988634309788, -0.0009822644415994693, 0.0008691885175350349, 0.0017020943685168146, 0.0025759526377752092, 0.0006312120901810006, -0.0001178575923745543, -1.9946912414225935e-05], [-0.001951424301489186, 1.063346175578239e-05, 0.0009545811300332286, -0.0005921673153292179, 0.0008326005690474018, 0.00010684256487782987, 