{"weights": [0.09745724722932211, 0.20527985416777556, 0.33483451463100133, 0.10507922050008243, 0.09289593592194381, 0.1644532275498747], "means": [[-3.8073830551414516, 0.43232467135664726, 0.4018675668834404], [-1.1032907590343553, 0.5383025509478369, 0.5449120932517465], [3.9145498279218, -0.44335014705822423, -0.10488689196380727], [2.700826391936174, -0.03323304288753583, 0.20181315089238178], [0.6818503343427894, 1.480785014569297, -1.0147937115887267], [-6.870011079375805, -0.6481182116925873, -0.306645661566151]], "cov": [[[0.1949504185656592, 0.026065244910648242, 0.031188011897253055], [0.026065244910648242, 0.004599641097957165, 0.0024452570739811014], [0.031188011897253055, 0.002445257073981102, 0.008598582569259206]], [[0.4534836421700826, -0.00021433872888234907, 0.03355590650394834], [-0.0002143387288823491, 0.0013623918390082467, -0.0004354906065899705], [0.03355590650394834, -0.0004354906065899705, 0.004665320407618448]], [[0.0449069808763197, -0.019253033795487387, -0.016162558351487884], [-0.01925303379548739, 0.010227693136522479, 0.005723625772070976], [-0.016162558351487884, 0.005723625772070976, 0.007286847754210325]], [[0.04803444236260457, -0.014527688436666183, -0.009742446887905628], [-0.014527688436666181, 0.004893071230492529, 0.002521218668452003], [-0.009742446887905628, 0.002521218668452003, 0.002951528171391683]], [[0.30442702230244484, -0.020871209124461436, -0.061666876952519836], [-0.020871209124461436, 0.002285011976170461, 0.003443093295552582], [-0.06166687695251983, 0.003443093295552581, 0.01352290889666656]], [[0.0005578730893979858, -0.00048293166447125154, 0.0009434113923962031], [-0.00048293166447125154, 0.00874097658850812, -0.006281818866991883], [0.0009434113923962031, -0.006281818866991883, 0.005556863761199515]]]}