,X,Y,Z,id,nugget
0,100.0,0.0,-825.0,44806914,1e-05
1,300.0,0.0,-806.9535146621571,44806914,1e-05
2,900.0,0.0,-825.0,44806914,1e-05
3,100.0,0.0,-845.0,53955964,1e-05
4,300.0,0.0,-856.0332353274745,53955964,1e-05
5,900.0,0.0,-845.0,53955964,1e-05
