{"MAP index": 12, "entropy_prior_gmm": 1.1512925464970228e-08, "entropy_MAP_gmm": 1.1512924835699323e-08, "entropy_z_nk_prior": 0.0012788791422551772, "entropy_MAP_z_nk": 0.0011852663605449367, "entropy_mixing_prior": 88.99072030499339, "entropy_MAP_mixing": 1.7135142381811193}