{"weights": [0.44402982926783763, 0.4016012620442884, 0.15436890868787403], "means": [[-2.1114970881217574, -0.5204187594967394, 0.03422593789448402, -0.007992017272193196, 0.0027847131059705694, 0.0017894013131318158, -0.007847155299979116, -0.004959183824012688], [1.8137027976169706, 3.608042624055182, -0.06609366210400722, -0.009092580244785972, -0.0020051651967196225, 0.004507888621629841, 0.025592590273014117, 0.017647589805368704], [4.012687540517069, -2.71750715188797, -0.0472195213129295, 0.06792373489247377, -0.021426001161414056, -0.0032089139134425754, -0.011399134580778639, -0.004145616872476046]], "cov": [[[0.02567156466987748, -0.009853771761582168, 0.008525026630174045, -0.08617443405085128, 0.026032173872824107, -0.02541390511686696, -0.012856233041397528, 0.006232304034622463], [-0.009853771761582166, 0.037916700099027936, -0.01740623339979745, 0.05772121698344807, -0.04461684314643192, 0.000630600561497052, -0.02014453261211432, -0.0029241962464049845], [0.008525026630174045, -0.01740623339979745, 0.02191293740162607, -0.10453292304052444, 0.035937517718140743, -0.014675877623441398, 0.01497690832071786, -0.006834218230992588], [-0.08617443405085128, 0.05772121698344806, -0.10453292304052443, 0.680275335085939, -0.18513877345108556, 0.14251536394866363, -0.003089314934836848, 0.026848366475143146], [0.02603217387282411, -0.04461684314643192, 0.035937517718140743, -0.1851387734510856, 0.08654337409924427, -0.018926826821939826, 0.007642120973218076, -0.014775605862718534], [-0.02541390511686696, 0.0006306005614970507, -0.014675877623441394, 0.14251536394866363, -0.018926826821939816, 0.05594439337724784, 0.0025510524480602645, -0.014620856549391414], [-0.012856233041397526, -0.020144532612114317, 0.014976908320717864, -0.0030893149348368482, 0.007642120973218074, 0.00255105244806026, 0.05303164441897309, 0.008228086224277982], [0.006232304034622464, -0.0029241962464049854, -0.006834218230992588, 0.026848366475143146, -0.014775605862718534, -0.014620856549391414, 0.00822808622427798, 0.02552567031897303]], [[0.14639568296555291, -0.10560766121266034, 0.45634710467548306, 0.09894639106250504, 0.14863140609355463, 0.017098420827957518, 0.024885817423977632, 0.050372920541262634], [-0.10560766121266034, 0.19850540774186123, 0.1717476946713116, -0.08750826436270397, -0.19167052280386934, -0.022613683019113894, -0.021248719661005024, -0.04525908214831082], [0.4563471046754831, 0.17174769467131162, 5.264364815741695, 0.3198509057385268, -0.1172862551385787, 0.00046515106866361567, -0.023122305352911626, 0.008578837957282367], [0.09894639106250505, -0.08750826436270397, 0.3198509057385268, 0.13632864590737265, 0.056362236349933516, -0.000841306021308747, -0.046340143524695315, 0.04114266867817578], [0.14863140609355463, -0.19167052280386934, -0.1172862551385787, 0.056362236349933516, 0.32141246798378986, 0.07649791819926616, 0.13673504324325178, 0.04007822050710937], [0.017098420827957515, -0.022613683019113904, 0.0004651510686636156, -0.000841306021308739, 0.07649791819926616, 0.048910383409979115, 0.07843125253147927, -0.022951884716026265], [0.02488581742397764, -0.021248719661005024, -0.023122305352911626, -0.04634014352469531, 0.13673504324325178, 0.07843125253147928, 0.20671493822326809, -0.036560886859864805], [0.050372920541262634, -0.045259082148310814, 0.008578837957282367, 0.04114266867817577, 0.04007822050710937, -0.022951884716026265, -0.036560886859864805, 0.04782622935143271]], [[0.47889647081071873, 0.12882198248759485, -0.003275633041000154, -0.267215471304633, -0.11089525718393603, 0.06008736886563259, -0.05297133639123875, -0.13664142737570772], [0.12882198248759485, 0.18039117607026509, 0.010696243918556394, 0.11665640469188772, 0.3035553338457849, -0.008678904039947246, -0.07399441110232076, -0.06497189103094743], [-0.0032756330410001542, 0.01069624391855639, 0.010875868729870631, -0.04946880448919056, 0.025689047485641953, 0.04411810610829849, -0.016108478706508098, 0.0127003890290883], [-0.26721547130463297, 0.1166564046918877, -0.04946880448919056, 1.0969692088408591, 0.49377648322607737, -0.4256197694356237, 0.06503134625466783, -0.13082977025441359], [-0.11089525718393603, 0.30355533384578487, 0.025689047485641957, 0.49377648322607737, 0.9321278394415288, -0.033264388617729165, -0.18162934659314858, -0.00017976492022637254], [0.060087368865632616, -0.00867890403994724, 0.0441181061082985, -0.4256197694356237, -0.03326438861772918, 0.33710067607676364, -0.09965593435776317, 0.07240980098704636], [-0.052971336391238744, -0.07399441110232075, -0.016108478706508098, 0.06503134625466782, -0.18162934659314858, -0.09965593435776317, 0.09113431579477434, 0.018380119588963028], [-0.13664142737570772, -0.06497189103094743, 0.0127003890290883, -0.13082977025441359, -0.0001797649202263575, 0.07240980098704636, 0.018380119588963025, 0.24105965997075177]]]}